y_true,anom_score,y_pred
1,-0.088667981920804,0
0,-0.0983930912794374,0
0,-0.03964805898152185,0
0,-0.07852749390655983,0
0,-0.07092431261135618,0
0,-0.0785959238171936,0
0,-0.09313528661968151,0
0,-0.053150048739528666,0
0,-0.05018166076896885,0
0,-0.07942020405391709,0
1,-0.03961451325966725,0
0,0.0588091508691474,1
0,-0.07685367667508702,0
0,-0.05963429576214008,0
0,-0.010181410936024538,0
1,-0.027974735343929802,0
0,-0.047698981703499066,0
0,-0.058026525158225484,0
0,-0.08164925001433349,0
0,-0.0449067412693917,0
0,-0.058522975481910766,0
0,-0.07490956892131256,0
0,-0.07202509104596128,0
0,-0.0572643127534484,0
0,-0.048309127657208406,0
0,-0.08993221694571657,0
0,-0.05617976909431449,0
0,-0.0418574482381347,0
0,-0.07519891775809312,0
0,0.026470276048069175,1
0,0.2410561483423288,1
0,-0.04150363532684742,0
1,-0.01942256552532734,0
0,-0.040750482090252504,0
0,-0.05008556075821702,0
0,0.035289161509704514,1
0,0.006778481640609013,1
1,-0.013414130836250093,0
0,-0.07494424296027347,0
0,-0.05714373865083949,0
0,-0.058936082692430725,0
1,-0.017623788684232145,0
1,-0.04951025850751589,0
0,-0.059354899092797064,0
0,-0.06509913711958037,0
1,-0.015343559786735572,0
0,-0.07926987156915727,0
1,-0.04075907997272693,0
0,-0.0602488604724572,0
0,-0.09141691483718123,0
0,-0.08281415632739358,0
0,-0.04469800462249718,0
0,-0.07502198078455902,0
0,-0.013959839970274224,0
1,-0.016764872256409713,0
0,-0.08454100844928047,0
0,-0.05243331084391284,0
0,-0.05365078059883416,0
0,-0.04540294193832256,0
1,0.0033207373210263347,1
0,-0.08709849460688529,0
0,-0.05847153663686511,0
0,-0.05611681238081506,0
1,-0.015359966390029234,0
0,-0.06698986751123365,0
0,-0.05368713961451288,0
0,-0.08163717871849624,0
0,-0.06557846986696897,0
0,-0.051173918158360976,0
0,0.013552771301790667,1
0,-0.0838698120822915,0
0,-0.05655087590026131,0
0,-0.09262783677304331,0
0,-0.06200292088287629,0
1,0.02055163449270736,1
1,-0.01876606469855946,0
0,-0.06374370653971517,0
0,-0.0504019087860082,0
1,-0.043055576904920456,0
0,-0.05993559735290915,0
0,-0.08306915444259233,0
0,-0.10099480063951621,0
0,-0.06383366320845107,0
1,-0.0701123875717013,0
0,-0.09111494550604238,0
0,-0.06736475150772137,0
0,-0.052816668551944,0
0,-0.0038426346023416325,0
1,0.01941722699598747,1
0,-0.035121968259493874,0
0,-0.07487464949173728,0
0,0.1454821840900058,1
1,-0.026371674952589186,0
0,-0.06742253770059126,0
0,-0.04043477014300917,0
0,-0.0613109978670775,0
0,-0.05197935877867471,0
0,-0.04760397345971756,0
0,-0.06854466522977049,0
0,0.08010650095373595,1
0,-0.011428194725291385,0
0,-0.04793947974120144,0
0,-0.04804572463475226,0
0,-0.04071577492189671,0
1,-0.015359966390029234,0
1,-0.019202241582551238,0
1,-0.01684766364317286,0
0,0.09721126296171889,1
0,-0.02757513996501565,0
0,-0.03784725562546226,0
1,-0.07418680623215529,0
1,-0.019505963821408123,0
0,-0.04802504629713905,0
1,-0.01876606469855946,0
0,-0.04390361647209434,0
1,-0.012906365148818988,0
0,-0.05622148319701159,0
0,-0.07254315005825457,0
0,-0.07771237986765905,0
0,-0.05696837676253069,0
0,0.026470276048069175,1
0,-0.000765380173184782,0
0,0.0588091508691474,1
0,0.035289161509704514,1
0,-0.040379185551629615,0
0,-0.06942956389959609,0
0,-0.04289289224678544,0
0,-0.06567877234034764,0
1,-0.048834421724633315,0
0,-0.09376639064662617,0
0,-0.04261032855843472,0
0,-0.004286986303411844,0
0,-0.08820692526309382,0
0,-0.09468016680594993,0
0,-0.06861706495760034,0
0,-0.02040353614353163,0
0,-0.05819465962712517,0
1,-0.01636851034352016,0
0,-0.05515977538724054,0
0,-0.053590350860968916,0
0,-0.0669183099372766,0
0,-0.005124128285677099,0
0,-0.046533135988734486,0
0,-0.03668655647521335,0
0,-0.02608609413775065,0
0,-0.010659119937340311,0
0,-0.07375596442701154,0
0,-0.06262136162693216,0
0,-0.08758804269647752,0
0,0.12594821929593436,1
0,-0.01669107360549643,0
0,-0.09174679573951477,0
0,-0.09365362769438312,0
0,-0.0005095592104388258,0
0,-0.07129753525709603,0
0,-0.04029329306304508,0
0,-0.08174479593067163,0
0,-0.08171991296326814,0
0,-0.0038426346023416325,0
0,-0.07337683599260653,0
0,-0.04598560982349964,0
0,-0.08925878421288158,0
0,-0.01032211939736849,0
0,-0.02702056582903517,0
1,0.016809017563393258,1
0,-0.0827949940710257,0
1,-0.01670935978797633,0
1,-0.06349632494084934,0
1,-0.016761639868348055,0
0,-0.04286332125092107,0
0,-0.055408319113755156,0
0,-0.05669137040806882,0
0,-0.011219064593628814,0
0,-0.08185431240243207,0
1,-0.01670935978797633,0
0,-0.07764744509642335,0
0,-0.05396636126532817,0
1,-0.015183828558617052,0
1,-0.016673377391415112,0
0,0.026470276048069175,1
0,-0.07199335676590196,0
0,-0.08327406848329288,0
0,-0.05503384313624615,0
0,-0.012028890773707224,0
0,0.09943438793460357,1
0,0.0588091508691474,1
0,-0.021696891834287024,0
0,0.031598794038452116,1
0,-0.012499670217659575,0
1,-0.01876606469855946,0
0,0.035289161509704514,1
1,-0.01876606469855946,0
0,-0.03096944585707967,0
0,-0.05185878524031651,0
0,-0.09227971295587672,0
0,-0.06489405335776499,0
1,-0.06934936469850717,0
0,-0.08576646984995634,0
0,-0.05564928897445903,0
0,-0.07926987156915727,0
0,-0.03753344240140677,0
1,-0.018518095911605192,0
0,-0.07713536730866166,0
0,-0.07888952997986065,0
1,-0.022698706073546182,0
0,-0.07264770237824686,0
0,-0.07513613143635905,0
0,-0.02263214475195313,0
0,-0.039593586696368754,0
0,0.12594821929593436,1
0,-0.05182660539884998,0
0,-0.05438938423635692,0
0,-0.08079703191600973,0
1,-0.08078883615307719,0
0,-0.02159442040850068,0
0,-0.048237075343366353,0
0,-0.0907106839976195,0
0,-0.03117227749503715,0
0,0.0006474998530754394,1
1,-0.02330646071227571,0
0,-0.07833451390831064,0
0,-0.05541802563186449,0
0,-0.05262419098259852,0
0,0.004673942966389344,1
0,-0.06581064355295924,0
0,0.09943438793460357,1
0,0.0588091508691474,1
0,-0.05357341875554722,0
1,-0.013414130836250093,0
0,-0.0038426346023416325,0
0,-0.08827877393173039,0
0,-0.07424479666538575,0
1,-0.012138363772458194,0
0,-0.05976088723658479,0
0,-0.07893202910565839,0
1,-0.01876606469855946,0
1,-0.016764872256409713,0
0,-0.09917326370085489,0
0,-0.08487591909371306,0
0,-0.03617630449443193,0
0,-0.07965673089907627,0
0,-0.07542741814434789,0
0,-0.061711088390223545,0
0,-0.0038426346023416325,0
0,0.08048423498041257,1
0,-0.07061106612667406,0
0,-0.043553557263714904,0
1,-0.06397976645142434,0
0,-0.04783593783216955,0
1,-0.013073654363975729,0
0,-0.055290788365681465,0
0,-0.08108175683631302,0
0,-0.08234239880788402,0
0,-0.06540515103533168,0
0,0.0588091508691474,1
0,-0.033721383272396654,0
1,-0.01636851034352016,0
0,-0.08219842545250683,0
1,-0.012906365148818988,0
1,-0.01670935978797633,0
0,-0.013474209730378384,0
1,-0.012906365148818988,0
1,-0.05000343481717967,0
0,0.09721126296171889,1
0,-0.06520120877263785,0
1,-0.019505963821408123,0
1,-0.017623788684232145,0
0,-0.060980629326287006,0
0,-0.015722856850483413,0
0,-0.0582601713434312,0
0,-0.007131183938555052,0
0,-0.049631942225456194,0
0,-0.08489177507653045,0
0,0.09721126296171889,1
0,-0.03061208041238256,0
0,-0.04405922547539437,0
0,-0.044009523160332575,0
0,-0.07826785002160641,0
0,-0.059613698080160316,0
0,-0.0450574004666392,0
0,-0.07382700870970638,0
0,-0.08439459380647846,0
0,-0.04425391845629628,0
1,-0.021618555311833765,0
0,0.1454821840900058,1
0,-0.049619489877996026,0
0,-0.07963806194120476,0
0,-0.07448419429381697,0
0,-0.07203960622380035,0
0,-0.03939101365848663,0
1,-0.02006253071359887,0
0,-0.03892928356239189,0
0,-0.05488551029303901,0
0,-0.07686264271689347,0
0,0.026470276048069175,1
0,-0.024308359481327646,0
1,-0.018518095911605192,0
1,-0.012906365148818988,0
0,-0.08235007999907379,0
0,-0.08726931091719126,0
0,-0.0808526130151111,0
0,-0.053590350860968916,0
1,-0.018518095911605192,0
1,-0.051282754000487374,0
0,-0.07061672950577758,0
0,-0.07577610768918419,0
0,-0.08357948947523391,0
0,-0.08340959438594664,0
0,0.1454821840900058,1
0,-0.10628345429920405,0
0,-0.08714114696172715,0
0,-0.059613698080160316,0
0,0.035289161509704514,1
1,-0.009740847023124277,0
0,-0.061954395533007134,0
0,-0.07506009663128693,0
0,0.05180506892135106,1
0,0.0588091508691474,1
0,-0.04350521150897424,0
0,-0.08329780509530299,0
0,-0.07899786424088667,0
0,-0.05993559735290915,0
0,-0.06859159680442684,0
1,-0.06690262532552405,0
0,-0.050200744137448794,0
0,-0.0697013301667645,0
1,-0.015487024097411095,0
0,0.02196104593235093,1
0,-0.06087061602009247,0
0,-0.0705433948253597,0
0,-0.05448508495230597,0
0,-0.06618245030269004,0
0,-0.08107864728077424,0
1,-0.015183828558617052,0
0,-0.06708348832802752,0
1,-0.03796422740327454,0
0,0.08430184642781025,1
0,-0.07700897189444489,0
0,-0.014889235172373672,0
0,-0.09489385441995535,0
0,-0.04778768558481927,0
1,0.002537729394204935,1
0,-0.024463570468375717,0
0,-0.053515322278099964,0
0,-0.07065324533440048,0
0,-0.01785160254774648,0
0,-0.05655087590026131,0
0,-0.03900766942119249,0
0,-0.006259229515827913,0
1,-0.0340579849572642,0
0,-0.059354899092797064,0
0,-0.027300969504155836,0
0,0.035289161509704514,1
0,0.09721126296171889,1
0,-0.038091993652325074,0
0,-0.07206761169302373,0
0,-0.06608274756908511,0
0,-0.05202484226214216,0
0,-0.055249381939437514,0
0,-0.02238676477258461,0
0,-0.06984945155437722,0
0,-0.09378337834782641,0
0,-0.08599555721504953,0
0,-0.06006450495078586,0
0,0.006778481640609013,1
0,-0.0724072368652171,0
0,-0.0038426346023416325,0
0,-0.09271438735569354,0
0,-0.011475539215162034,0
0,-0.08220812153508816,0
0,-0.07773987878245442,0
0,-0.05864044148995334,0
0,0.08784726964251421,1
0,0.1454821840900058,1
0,-0.07539106443902116,0
0,-0.0871507957767399,0
0,-0.07390068400705091,0
0,-0.0774698559896847,0
1,-0.012906365148818988,0
0,-0.054433016202592,0
0,-0.0038426346023416325,0
0,-0.06358299840414694,0
0,-0.06546068527902643,0
0,-0.05734032300245989,0
0,-0.07803937346810397,0
0,-0.050088359243608827,0
0,-0.02471661204792086,0
0,-0.07777314036011046,0
0,-0.07630564498384262,0
0,-0.0527340507556564,0
0,-0.06227922951346021,0
0,-0.0572643127534484,0
0,0.02196104593235093,1
0,-0.04779568735120959,0
0,-0.07542496662261583,0
0,-0.018515959521454795,0
0,-0.0038426346023416325,0
0,0.1387590907459595,1
0,-0.07147878590636292,0
0,-0.07945325802682823,0
1,-0.02359104965103398,0
0,-0.06879767302346029,0
0,-0.06753023278790732,0
0,-0.07577186242504946,0
0,-0.009533590756854171,0
0,-0.039697409881241874,0
0,-0.07288062401435669,0
0,-0.03167403146214831,0
0,0.1454821840900058,1
0,-0.08487922977736573,0
0,-0.05865520730701318,0
0,-0.00865920734931347,0
0,-0.05735371730895039,0
0,-0.07140346220713589,0
0,-0.007946389477522964,0
1,-0.007425683277582196,0
0,-0.05694393993655322,0
0,-0.01714621240072356,0
0,-0.0038426346023416325,0
0,-0.07273909234900228,0
0,-0.07111224521942028,0
1,-0.012533536587400418,0
0,-0.047459705702175836,0
0,-0.06641909393790824,0
0,-0.030413142586597552,0
1,-0.02549533640885271,0
0,-0.08083710767198271,0
0,-0.00577377533023582,0
0,0.006778481640609013,1
0,-0.04258086284756318,0
0,-0.007208542711771182,0
1,-0.012906365148818988,0
1,-0.015359966390029234,0
0,-0.059865343442581154,0
0,-0.01898356463671591,0
0,-0.049631942225456194,0
0,-0.0644523515710273,0
1,-0.013964592081457727,0
0,-0.05968150408641015,0
0,-0.0038426346023416325,0
0,0.1387590907459595,1
0,0.11823539363750624,1
0,-0.062190759047678346,0
0,0.05484886726349225,1
1,-0.026832886084204755,0
1,-0.01670935978797633,0
0,-0.07353817113922867,0
0,-0.023602589913032546,0
1,-0.03553062356180542,0
0,0.09721126296171889,1
0,-0.07551720964847958,0
0,-0.05891766414518995,0
0,-0.07713423878572573,0
0,-0.0038426346023416325,0
0,-0.08313127617423166,0
0,-0.061650144985209154,0
0,-0.061143083134429566,0
0,-0.07623115457222873,0
0,-0.08079703191600973,0
0,-0.06589403155787626,0
1,-0.015359966390029234,0
0,-0.0647547775204585,0
1,-0.02843828875898996,0
0,-0.037320258297469155,0
0,-0.06956411089148379,0
0,0.026470276048069175,1
0,-0.01566580080121638,0
0,-0.0032705229774217526,0
0,-0.02270442036833359,0
0,0.11116238115833188,1
0,-0.051001601021547494,0
0,-0.05761382270392279,0
0,-0.08038013235026648,0
0,0.031598794038452116,1
0,-0.023450205187945328,0
1,-0.01876606469855946,0
0,0.026470276048069175,1
0,-0.06773932194770665,0
1,-0.015183828558617052,0
0,-0.008423665085771748,0
0,-0.0823679755837709,0
0,0.07991125970306778,1
0,-0.09831883921383722,0
0,-0.03738769772739542,0
0,-0.08883106733725832,0
0,-0.06931755862901806,0
0,-0.062415357647963965,0
0,-0.07044108125047288,0
0,-0.05714373865083949,0
0,-0.03443070556678496,0
0,-0.06589403155787626,0
1,-0.015666438022868323,0
1,-0.015359966390029234,0
1,-0.01876606469855946,0
0,-0.07776609482095859,0
0,-0.05685510782588615,0
0,-0.04335305497779268,0
0,-0.02487519362214846,0
0,-0.011602070069223203,0
0,-0.07716354723362429,0
0,-0.05783264443122155,0
0,-0.09158588107244814,0
0,0.006778481640609013,1
0,-0.003601347594496651,0
0,-0.04410598861959669,0
1,-0.015359966390029234,0
0,-0.033208542860217016,0
1,-0.019202241582551238,0
0,0.026470276048069175,1
0,-0.041696706139503936,0
0,-0.0624482954712664,0
0,-0.06262136162693216,0
0,-0.05309698797390344,0
0,-0.08401139235616001,0
1,-0.02458446892847338,0
0,0.05887865415255633,1
0,-0.010233403426159138,0
1,-0.017623788684232145,0
1,-0.015666438022868323,0
0,-0.06988562000343967,0
1,-0.0722423898110005,0
0,-0.028349395140940092,0
0,-0.05901980643232024,0
0,-0.04224982516645498,0
0,-0.057785123368023605,0
0,0.23335521629939082,1
1,-0.015359966390029234,0
1,-0.012138363772458194,0
0,-0.06681536101169766,0
0,-0.06581064355295924,0
0,-0.062233334403103746,0
0,-0.07972854582211086,0
1,-0.017768194614598942,0
0,-0.07767862991601854,0
0,0.0588091508691474,1
0,0.006778481640609013,1
0,-0.06781854545356142,0
0,-0.06303497915453077,0
0,-0.015300203742394214,0
0,0.09721126296171889,1
0,-0.07350330645652764,0
0,-0.05544220379636561,0
0,0.035289161509704514,1
0,-0.07965852055360367,0
0,-0.0034707109848012285,0
0,-0.02364245507629431,0
0,-0.05371189242544161,0
0,-0.05325810168701689,0
0,-0.03147162586561397,0
0,-0.08918967935176758,0
0,-0.06994772019123152,0
0,-0.05904423881618931,0
0,0.09943438793460357,1
1,-0.012906365148818988,0
0,-0.0626114082339217,0
0,0.013552771301790667,1
1,-0.015343559786735572,0
1,-0.015183828558617052,0
0,0.02596860622355701,1
0,-0.06013642411990677,0
0,0.1387590907459595,1
0,-0.04010639301997593,0
1,-0.016764872256409713,0
0,-0.020060245586435987,0
0,0.13818311637003922,1
1,-0.008270197070587515,0
1,-0.019202241582551238,0
0,0.16608148388901844,1
0,0.0451528107280158,1
0,-0.06262136162693216,0
1,-0.012906365148818988,0
0,-0.06164869906373649,0
0,-0.07268999701709544,0
1,-0.0039855397880645405,0
1,-0.01684766364317286,0
0,-0.06930010314012236,0
0,-0.042031991251143985,0
0,-0.062352472073341825,0
1,-0.02006253071359887,0
0,-0.011549903343376633,0
0,-0.0707508117807551,0
0,-0.06589403155787626,0
0,-0.05887486751880322,0
1,-0.07774331120753053,0
0,-0.07711644771289006,0
0,-0.05957025316973469,0
0,0.03385459715180639,1
1,-0.01876606469855946,0
0,-0.08107864728077424,0
1,-0.012906365148818988,0
1,-0.015183828558617052,0
0,-0.06925325523471582,0
0,-0.0703190646466128,0
0,-0.05564928897445903,0
1,-0.01670935978797633,0
0,-0.0341219417254256,0
0,-0.06107009515265904,0
0,-0.013249518856906228,0
0,-0.06453960699661432,0
0,0.09721126296171889,1
0,-0.05541802563186449,0
0,-0.05264824390769496,0
0,-0.05650450287084591,0
1,-0.015359966390029234,0
0,-0.08044340135285444,0
1,-0.012906365148818988,0
0,-0.05563036410097505,0
1,-0.018518095911605192,0
0,-0.08207536864614245,0
0,-0.06796396357138268,0
0,-0.027297525054667315,0
0,-0.04996140777676311,0
0,-0.056768905894167665,0
0,-0.06222552011444232,0
1,0.006294721465470499,1
1,-0.01876606469855946,0
1,-0.01876606469855946,0
0,-0.0775504730494504,0
0,0.08098675649455678,1
0,-0.07970852936496364,0
0,-0.07522101746054272,0
0,-0.07882762300493867,0
0,-0.06365148137535848,0
0,-0.08409776767481236,0
0,-0.010097710289630635,0
0,-0.07461552965491747,0
0,-0.01788923297812761,0
0,-0.0002494439292827222,0
1,-0.018518095911605192,0
0,0.2290927744294824,1
0,-0.07678513274622817,0
0,-0.05617976909431449,0
1,-0.015359966390029234,0
0,-0.07511646431713381,0
0,-0.0510679664424748,0
0,-0.08018730182130701,0
0,-0.04329925964653236,0
0,-0.0563006056517521,0
0,-0.07048255849744461,0
0,-0.0722751650055718,0
0,-0.05419074468351642,0
0,-0.07999369988963972,0
0,-0.07842166300510217,0
1,0.013425223301595901,1
0,-0.07727321763178907,0
0,-0.059354899092797064,0
0,-0.0523977719386966,0
0,-0.07416542708108415,0
0,-0.07520619077914475,0
0,-0.06988515165767595,0
0,-0.035847400673693464,0
0,-0.003926788816849658,0
0,-0.08828534273992311,0
0,-0.08002944995860534,0
0,-0.013089613358431285,0
1,-0.07279433341417729,0
1,-0.04214530059808219,0
0,-0.09659196096054096,0
0,-0.054706985272230946,0
0,-0.07376975092404264,0
1,-0.03037626466709481,0
0,-0.022785698275359534,0
0,-0.07932733457707475,0
0,-0.07089893894183108,0
1,0.032680129093428434,1
1,-0.06496113103128232,0
0,-0.09375123886806791,0
0,-0.06072192318542341,0
0,-0.06111821781978166,0
0,-0.10048392221466351,0
0,0.035289161509704514,1
0,-0.04570811287976401,0
0,-0.03462175740024109,0
0,-0.07311470317250235,0
1,-0.015666438022868323,0
0,-0.09207648217698472,0
0,-0.09340834911526197,0
1,-0.017768194614598942,0
0,0.026470276048069175,1
0,0.026470276048069175,1
1,-0.015359966390029234,0
0,-0.007608648750382918,0
0,-0.08188144859116986,0
0,-0.03741707923244825,0
1,-0.057132602376527786,0
0,-0.043961105981074444,0
0,0.111414400531199,1
0,-0.04025752805207994,0
0,-0.07537551953871785,0
0,-0.08748345025935039,0
0,-0.06898547937410227,0
0,-0.09699704195156567,0
0,-0.03539464637631251,0
0,-0.08017483505721629,0
0,-0.07045623821870106,0
0,-0.07033737401486678,0
0,-0.06200752837493961,0
0,-0.03363486912975916,0
0,-0.05046997374470291,0
0,-0.09947970174460197,0
0,-0.079332466437609,0
0,-0.03384262436559188,0
0,-0.08140724846183967,0
0,-0.09343323672690895,0
0,-0.08054248660138508,0
0,-0.05578521531796904,0
0,-0.04422897224393546,0
1,-0.015359966390029234,0
0,-0.07670264898656282,0
0,-0.05359165007794359,0
0,-0.071695290611133,0
0,-0.08153978245654869,0
0,-0.06231813671869901,0
0,-0.06952100980507303,0
0,-0.05909030372462126,0
1,-0.06036920733064094,0
0,-0.08167631130857178,0
0,-0.06608274756908511,0
0,-0.05968150408641015,0
0,-0.012121795641574729,0
0,-0.07504971697645024,0
0,-0.0486323441669525,0
0,-0.08277820923163859,0
1,-0.015359966390029234,0
0,-0.07095940309229859,0
0,-0.06564737668361736,0
0,-0.08956672246734598,0
0,-0.013324668555815433,0
0,-0.05960191057647668,0
0,-0.05233379525942922,0
0,-0.05614509836379522,0
0,-0.018340377788695128,0
0,-0.047891197656542595,0
0,0.09943438793460357,1
0,0.11116238115833188,1
0,-0.06313338836291371,0
0,-0.07458607245410803,0
0,-0.08377940438357895,0
0,0.031598794038452116,1
0,-0.062035831907198635,0
0,-0.06655671983073108,0
0,-0.06608274756908511,0
0,-0.042502850312347684,0
0,-0.04297865069248524,0
0,-0.07783628443832952,0
0,-0.05455581232694384,0
0,-0.05735371730895039,0
0,-0.07998061219776786,0
0,0.11116238115833188,1
0,-0.06896477103525978,0
0,-0.060980629326287006,0
0,-0.055009228954919054,0
0,-0.028267799368022206,0
0,-0.07250851621950183,0
0,-0.07631905514058529,0
0,-0.08136611964392199,0
0,-0.055463688619176776,0
0,0.1262938038417123,1
0,0.09721126296171889,1
0,-0.10193557348691534,0
0,0.0588091508691474,1
0,-0.045963571159036154,0
1,-0.015359966390029234,0
0,-0.0588164591122628,0
0,0.008387539358294616,1
0,-0.037033224563814304,0
1,-0.015359966390029234,0
0,-0.02774689277236775,0
0,0.111414400531199,1
0,-0.036675735655211095,0
1,-0.018518095911605192,0
0,-0.0444034748176767,0
1,-0.01636851034352016,0
0,-0.0806310996535271,0
0,0.12594821929593436,1
0,-0.053590350860968916,0
0,-0.05024699544118488,0
1,-0.01670935978797633,0
0,-0.05280956902086714,0
0,-0.07480848550599101,0
0,-0.05735371730895039,0
0,-0.05791039938066994,0
0,-0.08792169206333067,0
1,-0.06560239611615326,0
0,-0.0765051891779544,0
0,-0.06589403155787626,0
0,-0.04373362594806024,0
0,-0.07221291742662911,0
0,0.13381750445632845,1
0,-0.03591202215985201,0
0,-0.06823832950658232,0
0,0.026470276048069175,1
0,-0.072845866410988,0
0,-0.05090320567742351,0
0,-0.03258976028225352,0
0,-0.06731194101370613,0
1,-0.06780424255534506,0
1,-0.015359966390029234,0
0,-0.07932122918612111,0
0,-0.055506237504121536,0
1,0.029345175941429713,1
0,-0.07901953905796782,0
0,-0.07557271506287744,0
0,0.041451446717275076,1
1,-0.01670935978797633,0
0,-0.05836004703655473,0
0,-0.06868041840003197,0
0,-0.04459259400105303,0
0,-0.0805160616321644,0
0,-0.0038426346023416325,0
0,-0.010576752232565045,0
0,-0.05964817705281983,0
0,-0.043329210093869086,0
0,-0.0732294311714573,0
1,-0.024578882389007628,0
0,-0.04327248054477195,0
0,-0.0679616915061863,0
0,-0.0723458751441825,0
0,-0.06174047799903237,0
0,-0.1010511178123753,0
0,-0.07772649068489484,0
0,-0.06789071163739152,0
0,-0.07843291125086782,0
0,-0.07331389774648239,0
0,-0.008417756090579043,0
0,-0.0740290250642276,0
0,-0.08164726066689826,0
1,-0.01684766364317286,0
0,0.0588091508691474,1
0,-0.05335259299343881,0
1,-0.00938976112135892,0
0,-0.054247512779926954,0
1,-0.003606199564593071,0
0,-0.057585372514651734,0
0,-0.061663641410605485,0
0,-0.08077164299083822,0
0,-0.04386322348040561,0
0,-0.060980629326287006,0
0,-0.0817150426516085,0
0,-0.09842334013562104,0
0,-0.10114916491037701,0
1,-0.01876606469855946,0
0,-0.030830930413901392,0
1,-0.06807879130715094,0
0,-0.05318953115172437,0
0,-0.063441029899303,0
0,-0.05307119988093112,0
0,-0.058522975481910766,0
0,-0.07330879194184281,0
0,-0.0038426346023416325,0
0,-0.08345343511119058,0
1,-0.01876606469855946,0
1,-0.015359966390029234,0
0,-0.0771217812622847,0
1,-0.019505963821408123,0
0,-0.07964304218212359,0
1,-0.015666438022868323,0
0,0.026470276048069175,1
0,0.09721126296171889,1
1,-0.015359966390029234,0
0,-0.047175350053534015,0
0,-0.0771672612364312,0
0,-0.05363479312580072,0
0,-0.05963429576214008,0
0,-0.014512468400050105,0
1,-0.006270324465430688,0
0,0.11116238115833188,1
0,-0.06897434295034077,0
1,-0.08959165853776951,0
0,-0.016940909794909975,0
0,-0.04337098679810847,0
0,-0.057457622103046,0
0,0.10308688881055217,1
0,-0.03652489054466623,0
0,-0.06313351622706376,0
0,-0.07624702277634027,0
0,0.022734924462170403,1
1,-0.031157530929912636,0
0,-0.06921934609911878,0
0,-0.05335259299343881,0
0,-0.06953609193982024,0
0,-0.07644641139552072,0
0,0.0588091508691474,1
0,-0.07800011923017164,0
0,-0.08390684787425845,0
1,-0.01684766364317286,0
0,-0.07798167960675673,0
0,-0.0827419807248641,0
0,-0.007456876447821281,0
0,-0.06670821732994514,0
0,0.05917051287817998,1
0,-0.09647420566743342,0
0,0.09721126296171889,1
1,-0.015183828558617052,0
0,-0.054167502736082174,0
0,-0.0804918408748902,0
0,-0.06731621995826809,0
0,-0.019849700423382133,0
1,-0.009834764484795644,0
0,-0.05469502976112983,0
0,-0.03277205399761035,0
0,-0.06280910427032887,0
0,-0.059354899092797064,0
0,-0.06404892875336071,0
1,-0.012906365148818988,0
0,-0.03662370667564813,0
0,-0.06410116848711772,0
0,-0.09106565904464975,0
1,-0.07890502350940864,0
1,-0.06432258939881152,0
0,-0.06463780477054043,0
1,-0.020120122682346975,0
0,-0.03980510458468828,0
1,-0.01636851034352016,0
0,-0.05905616880312614,0
0,-0.08303982710458324,0
0,-0.0428975228908971,0
0,-0.0810147918495902,0
1,-0.01684766364317286,0
0,-0.04522342079505487,0
0,0.035289161509704514,1
1,-0.015359966390029234,0
0,-0.014310545887038228,0
0,0.015396339211776633,1
0,-0.06527377600709017,0
0,-0.044225886156602,0
0,-0.05518378877078084,0
0,-0.049643938319358316,0
0,-0.07878347699780963,0
0,-0.06564737668361736,0
0,-0.061663641410605485,0
1,-0.01670935978797633,0
0,-0.07352853024100592,0
0,-0.06659307523570324,0
0,-0.05925550973727961,0
0,-0.08740215425112174,0
0,-0.08190342908764764,0
0,-0.0805801122609055,0
0,-0.051337730917769775,0
0,-0.06589403155787626,0
1,-0.01670935978797633,0
1,-0.0568298130264272,0
0,-0.07267049452061031,0
0,-0.0038426346023416325,0
0,-0.08197967320368665,0
0,-0.0904428758078733,0
0,-0.07284329249068677,0
0,-0.02157059513390358,0
0,-0.0704622534897959,0
0,-0.0750590057388974,0
0,-0.07583113922409312,0
1,0.021104750662370164,1
0,-0.06844234503540442,0
1,-0.05006596681917869,0
0,-0.06501799847727868,0
0,-0.03754170397150042,0
0,-0.06078628634256844,0
0,-0.04137940500217052,0
1,-0.01684766364317286,0
0,-0.07157605429606129,0
0,-0.07607288995644873,0
0,-0.01858682492456809,0
0,-0.05718367308917177,0
0,-0.08115499149573091,0
0,0.006778481640609013,1
1,-0.013414130836250093,0
0,0.031598794038452116,1
0,-0.08295754297948826,0
1,-0.015359966390029234,0
0,-0.03972978702017449,0
0,-0.011823450365797461,0
0,-0.07254797206621766,0
0,-0.04010639301997593,0
0,-0.04524358376506732,0
1,-0.01876606469855946,0
0,-0.010497867704039987,0
1,-0.015183828558617052,0
0,0.09721126296171889,1
0,-0.08242246959143268,0
0,-0.07510002311012592,0
0,-0.06822078866343817,0
0,-0.032247587732309235,0
0,-0.037241377986053814,0
0,-0.050347915199874804,0
0,0.0588091508691474,1
0,0.111414400531199,1
0,-0.0781687729097808,0
0,-0.07625021216153371,0
0,-0.09056480810354056,0
1,-0.015359966390029234,0
1,-0.01636851034352016,0
0,-0.06416774625414906,0
0,-0.05919384408640965,0
1,-0.01876606469855946,0
0,-0.05993559735290915,0
0,-0.08061348964659798,0
0,-0.05908460131329413,0
0,-0.07019447210984325,0
0,-0.048294898799840114,0
1,-0.01684766364317286,0
0,-0.09063869450515721,0
0,-0.07020989578821996,0
0,-0.0037121915668995586,0
0,-0.07164828752646357,0
0,-0.05009018069022836,0
0,-0.07999303823932308,0
0,-0.0882147665045856,0
0,-0.08585681012920554,0
0,-0.07504916025465513,0
0,-0.024603682294425777,0
0,-0.08057770351609977,0
0,-0.055290788365681465,0
0,0.02196104593235093,1
0,-0.09379876237816065,0
1,-0.015359966390029234,0
1,-0.04971278738016527,0
0,-0.0572643127534484,0
0,-0.0002386363366433386,0
1,-0.06477221862718147,0
0,0.01659674225822294,1
0,-0.0698427525259202,0
0,-0.05919434522028699,0
0,-0.07220410818564837,0
1,-0.012906365148818988,0
0,-0.05432140075087716,0
0,-0.042995521856183105,0
0,-0.0018164148920563061,0
0,-0.02304520229868401,0
0,-0.005498840705320751,0
0,-0.05564928897445903,0
0,-0.07879909331792467,0
0,-0.07212058554561768,0
0,-0.06435651332771591,0
0,-0.08295091596256116,0
0,-0.07391212620599136,0
0,-0.0709005960372579,0
0,-0.05516298292062005,0
0,-0.03881252319316453,0
0,-0.03801537148924117,0
1,-0.003603365466322672,0
0,-0.06671887780123525,0
0,-0.04784971586814796,0
0,0.05394513562092351,1
0,-0.0831395024071423,0
0,0.0588091508691474,1
0,-0.07698406829750987,0
0,0.026470276048069175,1
0,-0.08138465256960536,0
0,-0.06397111648611181,0
0,0.0693462871742836,1
0,-0.08571885063188778,0
0,-0.07332305458136235,0
0,-0.011108817998218501,0
0,-0.04525120829331508,0
0,-0.07797356544353701,0
0,-0.0577711589324128,0
0,-0.070513506939342,0
1,-0.070338039704686,0
1,-0.012138363772458194,0
1,-0.01182983143167321,0
0,-0.05100313222215208,0
1,-0.015183828558617052,0
0,-0.05121684128131776,0
0,0.031598794038452116,1
1,-0.04182034303398641,0
0,0.12594821929593436,1
0,-0.07766180300449649,0
0,-0.06802311832527647,0
0,-0.05336308726580974,0
0,-0.03846934382351541,0
0,-0.04289289224678544,0
0,-0.061309680918430476,0
1,-0.012906365148818988,0
0,-0.023136177937784275,0
0,-0.051814701947044184,0
1,-0.013414130836250093,0
0,0.13818311637003922,1
0,-0.0828807913843923,0
0,-0.022677147878246484,0
0,-0.0038426346023416325,0
0,0.026470276048069175,1
0,-0.04071661276403421,0
0,-0.053152304100368475,0
0,-0.05541802563186449,0
0,0.12594821929593436,1
0,-0.06581064355295924,0
1,-0.018112772524855603,0
0,0.0588091508691474,1
0,-0.0800248142344327,0
0,-0.06455472891332664,0
0,-0.0710543258768252,0
0,-0.05819465962712517,0
0,-0.07494212700529784,0
0,-0.05602126839861399,0
1,-0.01738808843901385,0
0,-0.05622148319701159,0
0,-0.02273541145416047,0
0,-0.08653126825301044,0
0,-0.06531187001819921,0
0,-0.01653265422947542,0
0,-0.06666326887231694,0
0,-0.07081159151505989,0
0,-0.05614509836379522,0
1,0.00034727729939088015,1
0,-0.06698986751123365,0
0,-0.0038426346023416325,0
0,-0.0019776531790750562,0
0,-0.0476753561768164,0
0,-0.06107962966157182,0
0,-0.007506283096686939,0
0,-0.06107009515265904,0
0,0.1262938038417123,1
0,-0.08308414820760451,0
1,-0.05058288112477133,0
1,-0.009899503751456318,0
0,-0.07348575129218571,0
0,-0.07253748108338559,0
0,-0.05555971322304254,0
0,-0.07914439719497557,0
0,-0.03430570817709805,0
0,-0.07609329140293486,0
1,-0.0681478412475881,0
0,-0.0693649189271246,0
0,-0.06942170313028823,0
0,-0.026655608094737326,0
0,-0.053915529426433295,0
1,-0.015343559786735572,0
0,-0.06078232327769195,0
0,-0.04805392230786487,0
1,-0.07232528394756432,0
0,-0.08816553996017973,0
0,-0.05043120966948822,0
0,-0.03572442237370316,0
1,-0.009524489609970266,0
0,-0.09552266698721812,0
0,-0.08107864728077424,0
0,-0.024301888213536738,0
0,-0.0895062257406189,0
0,-0.045641592965319944,0
0,-0.05622148319701159,0
0,0.006778481640609013,1
0,-0.03802295503607356,0
0,-0.05993559735290915,0
0,-0.05735371730895039,0
0,-0.06546068527902643,0
0,-0.09550178642732338,0
0,0.07753846637343131,1
0,-0.06792511246327543,0
0,-0.06737610362716384,0
0,0.09721126296171889,1
0,-0.07964304218212359,0
0,-0.058790145399009286,0
1,-0.015359966390029234,0
0,0.13789532397168736,1
0,-0.052431334339855806,0
0,0.0588091508691474,1
0,-0.09905437452451515,0
0,-0.04873585492653981,0
0,-0.06204266657784574,0
0,-0.0357053743268968,0
0,0.044670631045626186,1
0,-0.019485760161353005,0
0,-0.057186934717368076,0
0,-0.0032523658583265558,0
0,-0.06673045664855709,0
1,-0.019202241582551238,0
1,0.016737057238232933,1
0,-0.06963697457761264,0
0,-0.05121684128131776,0
0,-0.036798266450616235,0
0,-0.07179724662707476,0
0,-0.09544848926718086,0
0,-0.0431947772290881,0
0,0.027017840346064137,1
0,-0.05783264443122155,0
0,-0.01722114307209649,0
0,0.09721126296171889,1
0,-0.037054878376310385,0
0,0.1454821840900058,1
0,-0.034452590776663294,0
0,-0.09127853570708516,0
0,-0.08334317228083127,0
0,-0.07353319065336661,0
0,-0.08025630347704721,0
0,-0.08695158158476146,0
0,-0.06064738519884899,0
0,-0.05837270157532842,0
0,-0.0639487931765953,0
0,-0.07819769385963488,0
0,-0.0711035244866785,0
0,-0.047467819392375155,0
0,-0.03997794692061368,0
0,-0.060980629326287006,0
0,-0.07010707932706522,0
1,-0.014619827387775786,0
0,-0.08205809447878637,0
0,0.09721126296171889,1
0,-0.07946954033041759,0
0,-0.07092469840772031,0
0,-0.07697961212619064,0
0,-0.04010639301997593,0
1,-0.047321114333006786,0
0,-0.04322620607680644,0
1,-0.01636851034352016,0
0,-0.03833686430499589,0
0,-0.07099332400909114,0
0,-0.06078591452371934,0
0,0.035289161509704514,1
0,-0.04352651875496877,0
1,-0.012930606878096385,0
0,-0.049631942225456194,0
1,-0.019202241582551238,0
0,-0.039627662274733466,0
0,-0.07600733148996164,0
0,-0.03615217378458946,0
0,-0.06531908863127872,0
0,-0.05433278731517999,0
0,-0.06275820786881647,0
0,-0.06262136162693216,0
1,-0.04149671361246099,0
0,-0.07848361445225022,0
0,-0.020464819094462516,0
0,0.1262938038417123,1
0,-0.04348846812850443,0
1,-0.012533536587400418,0
0,-0.0662289895542511,0
0,-0.031009071178821235,0
0,-0.012806816354794859,0
1,-0.01670935978797633,0
0,-0.005385552423161466,0
0,-0.0754030710591736,0
0,-0.07750513073895243,0
0,-0.07871865947466261,0
1,-0.015487024097411095,0
0,-0.0767804960507959,0
0,-0.07282522249924184,0
0,-0.05346877619601331,0
0,-0.04715876597933161,0
1,-0.011411153613012315,0
0,-0.06506105882325591,0
0,-0.07237811924904436,0
0,-0.07847474910264879,0
0,-0.06899851711496263,0
0,-0.08773906170439283,0
1,-0.0315090386965608,0
0,-0.05715098288849241,0
0,-0.07026810158698144,0
0,-0.07415653194190652,0
0,-0.06016371187517899,0
0,-0.03226779841943722,0
1,-0.056689793037489,0
0,0.09943438793460357,1
0,-0.028159202819983187,0
0,0.006778481640609013,1
0,-0.06682546968843278,0
0,-0.08166081761961219,0
0,-0.006962674149281645,0
0,-0.09015869892027989,0
0,-0.06843259526924261,0
0,-0.05462938840809317,0
0,0.006778481640609013,1
0,-0.06667813134204253,0
1,-0.052669803622881706,0
1,-0.012906365148818988,0
0,-0.07277943183235708,0
0,-0.059354899092797064,0
0,-0.07422982936963896,0
1,-0.08042355926973405,0
0,-0.05092760671596108,0
1,-0.018518095911605192,0
0,-0.07486252956292916,0
0,0.026470276048069175,1
0,-0.09351768893272233,0
0,-0.04522019626846191,0
1,-0.012906365148818988,0
0,-0.02411078696590363,0
0,0.0588091508691474,1
0,-0.07065200876887112,0
1,-0.01876606469855946,0
1,-0.018518095911605192,0
0,-0.09350453614743803,0
0,-0.07510243848589376,0
0,-0.05359169009617876,0
0,-0.07704095529587607,0
1,0.013425223301595901,1
1,-0.07921880486966904,0
1,-0.029375329059763866,0
0,-0.07946665600254987,0
0,-0.0518929527070216,0
1,-0.014568757388112474,0
0,-0.09383542894714908,0
0,-0.047609386174305324,0
0,-0.06985546516366714,0
0,-0.10081040041084666,0
0,-0.06926475302628926,0
1,-0.021689693451502234,0
0,-0.08878629235389829,0
0,0.0588091508691474,1
1,-0.01684766364317286,0
0,-0.0544965518722782,0
0,-0.05845361044353775,0
0,-0.07124126850796803,0
0,-0.07355433240256914,0
0,-0.06262136162693216,0
0,-0.07999254615441848,0
0,-0.026665384532642555,0
1,-0.03460573269377082,0
0,-0.07897125267014327,0
0,-0.09084527032833845,0
0,0.11823539363750624,1
0,-0.03424002608540888,0
0,0.1454821840900058,1
0,-0.0741049126032578,0
0,-0.0714991418972788,0
0,-0.07796955081819001,0
0,-0.07086452715435393,0
0,-0.08465339738381605,0
0,0.041451446717275076,1
1,-0.014926835742351319,0
1,-0.01670935978797633,0
0,-0.07891875330994813,0
0,-0.05655087590026131,0
0,-0.04348846812850443,0
0,-0.07101755932175502,0
1,-0.015359966390029234,0
0,-0.100983042507098,0
0,-0.03981780259324458,0
0,0.02408381406993354,1
0,-0.018960296177921776,0
0,-0.05005508680558024,0
1,-0.018518095911605192,0
0,-0.053615585805651456,0
0,-0.07669387368556213,0
0,-0.07698235205073722,0
0,-0.0648768423629128,0
1,-0.018518095911605192,0
0,-0.044112350536775036,0
0,-0.013832162852951746,0
0,-0.0675661853429308,0
0,-0.07570951664017994,0
1,-0.01876606469855946,0
0,-0.07575516963017415,0
0,0.1387590907459595,1
0,-0.05433278731517999,0
1,-0.01684766364317286,0
0,-0.07024085106253153,0
0,-0.05828091366042404,0
0,-0.08255347935141105,0
0,-0.05958254287546172,0
1,-0.015666438022868323,0
0,-0.06078232327769195,0
1,-0.009834764484795644,0
0,-0.014909857435989604,0
0,-0.02977385389994669,0
1,-0.01876606469855946,0
1,-0.01876606469855946,0
1,-0.01684766364317286,0
0,-0.04386322348040561,0
0,-0.07662561406981666,0
0,-0.0038426346023416325,0
0,0.0588091508691474,1
0,0.031598794038452116,1
0,-0.05962715681218045,0
0,0.01764485689384898,1
0,0.026470276048069175,1
0,-0.07750320588007797,0
0,-0.03486927305207599,0
0,0.006778481640609013,1
0,-0.05783264443122155,0
0,-0.02233533349743072,0
0,0.02196104593235093,1
1,-0.07365140217087063,0
0,-0.07097017556582252,0
0,-0.04866796683590063,0
0,-0.08074703313949261,0
0,-0.0819038984281577,0
0,0.09281044077880496,1
0,-0.07918492806657668,0
0,-0.03964805898152185,0
0,-0.0759435278882103,0
0,-0.08070247892371935,0
0,-0.07156804975035369,0
0,-0.057777623477549334,0
1,-0.015359966390029234,0
0,-0.05541802563186449,0
0,-0.04247213566872221,0
0,-0.07263278362522996,0
0,-0.01053185013442548,0
0,0.09943438793460357,1
0,-0.06382777996537342,0
0,-0.04266377720616338,0
0,-0.03515060291245725,0
0,-0.08386415142348397,0
0,-0.05755783320230118,0
0,-0.07592319933430236,0
0,0.13818311637003922,1
0,-0.03845486522209046,0
0,-0.04630734423185856,0
0,0.026470276048069175,1
0,-0.03921304343649179,0
0,-0.06433295054615501,0
0,-0.07735965848911758,0
0,0.006778481640609013,1
1,-0.012906365148818988,0
1,-0.014568757388112474,0
1,-0.01684766364317286,0
0,-0.05894477938994003,0
1,-0.015359966390029234,0
0,-0.03590822390364257,0
0,-0.025681385942872725,0
0,-0.07271395848351048,0
0,-0.043062833569908365,0
0,-0.051613122883973295,0
1,-0.012906365148818988,0
0,-0.04673876646148761,0
0,-0.012265881018347802,0
0,0.13818311637003922,1
0,-0.0038426346023416325,0
0,0.02196104593235093,1
0,-0.042059890754289786,0
0,0.057154535592476186,1
0,-0.0856314224291016,0
0,-0.05666893325700961,0
0,-0.01703429869095302,0
0,-0.07710608111381922,0
0,-0.06951552472145828,0
0,-0.012109750135133657,0
0,-0.04976428066540617,0
0,-0.06486622724847518,0
1,-0.015183828558617052,0
0,0.09411411844385587,1
1,-0.018518095911605192,0
0,-0.07541858840706706,0
0,-0.08038405821033173,0
0,-0.07258062829559708,0
0,-0.04638332198664741,0
0,-0.030830361034439813,0
1,-0.015359966390029234,0
0,-0.06204266657784574,0
0,-0.057271190070874056,0
0,-0.07708964382903388,0
0,-0.0431947772290881,0
0,-0.07686120228204674,0
0,0.026470276048069175,1
1,-0.01670935978797633,0
0,-0.003118877839938805,0
1,-0.012906365148818988,0
0,-0.055009228954919054,0
0,-0.05993559735290915,0
0,-0.05078589005418516,0
0,-0.042368938334918727,0
0,-0.054528857000056774,0
0,-0.07361848717814234,0
0,0.12594821929593436,1
0,-0.0034949676807437546,0
0,-0.057024531904957876,0
1,-0.015359966390029234,0
1,-0.012906365148818988,0
0,-0.08168644549299048,0
1,-0.01670935978797633,0
0,-0.07624476626306187,0
0,-0.03467940752913112,0
0,-0.08234758722967161,0
0,-0.009861533415096546,0
0,-0.031699957829105396,0
0,0.002292821229347375,1
0,-0.018806723755481702,0
0,-0.022160467488466007,0
1,-0.01670935978797633,0
0,-0.08328346362405797,0
0,-0.060085544179626915,0
1,-0.0378629951267595,0
0,-0.06959441737960137,0
0,-0.06579611713118477,0
0,-0.06273846436608865,0
1,-0.018518095911605192,0
0,-0.0969889075582937,0
0,0.13847103860860366,1
1,-0.05202749494742914,0
0,-0.07328082933801544,0
0,-0.05387682913575764,0
0,0.1454821840900058,1
0,-0.08121902491224575,0
0,-0.02692388467894191,0
0,-0.08289256506263515,0
0,-0.03156171754056808,0
0,-0.05335259299343881,0
0,0.026470276048069175,1
0,-0.027819321017740706,0
0,-0.0768001663921184,0
0,-0.06015462030613555,0
0,-0.06948477672733427,0
1,-0.01670935978797633,0
0,-0.03696560301409291,0
0,-0.07790130050765692,0
0,-0.0527429729868682,0
0,-0.09886159897034041,0
0,-0.07003293572787628,0
0,-0.05570385791531446,0
1,-0.01636851034352016,0
0,0.0804446006605064,1
1,-0.015666438022868323,0
0,-0.06470630362974145,0
0,0.01411243208762114,1
0,-0.09033244378117233,0
0,-0.0724223053856009,0
0,-0.013899063718145255,0
0,-0.10278868077514475,0
0,-0.07494346882702113,0
0,-0.047175350053534015,0
0,-0.010896278703611983,0
0,-0.04255792623389376,0
0,-0.08299796344625499,0
0,-0.062207730736085154,0
1,-0.015183828558617052,0
1,-0.020120122682346975,0
0,-0.08851965658634764,0
1,0.0009670018451091167,1
1,-0.06421913912329791,0
0,0.11116238115833188,1
0,-0.06856557076500219,0
0,-0.03973939101437579,0
0,-0.003782025459430849,0
0,-0.05107963207925398,0
0,-0.04325376768850492,0
0,-0.04213257902566431,0
0,-0.06204266657784574,0
0,0.05917051287817998,1
0,-0.053724855181287,0
1,-0.012906365148818988,0
1,-0.012906365148818988,0
0,-0.024461445879360888,0
0,-0.06046705177513667,0
0,-0.0628167002660523,0
0,0.006778481640609013,1
0,-0.05958254287546172,0
0,-0.027228474370411815,0
0,-0.07474138299518873,0
0,-0.09157128325407976,0
0,-0.08263240121356968,0
0,-0.01767771110488975,0
0,-0.06252911498618513,0
0,-0.07156398673551145,0
1,-0.0544335290112935,0
0,-0.04996140777676311,0
0,-0.040420350701354524,0
0,-0.0620652679062097,0
0,-0.07493622315080989,0
0,-0.0808856502682796,0
1,-0.015666438022868323,0
0,-0.043638644620520695,0
1,-0.015359966390029234,0
0,-0.06496295651606127,0
0,-0.06434198417044268,0
1,-0.014568757388112474,0
0,-0.043917732332768855,0
0,-0.08064304107282849,0
0,-0.07311018912495304,0
0,-0.058522975481910766,0
0,-0.0038426346023416325,0
0,-0.04297865069248524,0
1,-0.012906365148818988,0
0,-0.07949290167274403,0
0,-0.09143102832848898,0
0,-0.07222821744076979,0
0,0.0073623812936195465,1
1,-0.062050768320964456,0
0,-0.010749367325884884,0
0,-0.0796586231902206,0
0,0.03836073572368459,1
1,-0.013414130836250093,0
0,0.06957977497422008,1
0,-0.07715962790199221,0
0,0.11116238115833188,1
0,0.09721126296171889,1
0,-0.05534193191597031,0
1,-0.015183828558617052,0
0,-0.06217307360663549,0
0,-0.014559751035181812,0
0,-0.08304965212992288,0
0,-0.02038580007253804,0
0,-0.038092532803770174,0
0,-0.06415838055270151,0
0,-0.08341668146645587,0
0,-0.024750448953191395,0
0,-0.013412769665750557,0
0,-0.054396806876812365,0
1,-0.01636851034352016,0
0,-0.05580741969376224,0
0,-0.04801044147050948,0
0,-0.07146447617587776,0
0,-0.08048792343641686,0
0,-0.060889498353928206,0
1,-0.015183828558617052,0
1,-0.05517937116174454,0
0,-0.08193727679671625,0
0,-0.06995732992658688,0
0,0.09943438793460357,1
0,-0.03816444684614301,0
1,-0.024721469487478775,0
0,-0.08176668767935535,0
0,-0.0635530611320429,0
0,-0.04976428066540617,0
0,0.12594821929593436,1
0,-0.05564928897445903,0
0,-0.0985131024545845,0
0,-0.0704208969862633,0
0,-0.0038426346023416325,0
0,-0.047812405048627826,0
0,-0.07189786988046049,0
0,0.0588091508691474,1
1,-0.017043261177559443,0
1,-0.015359966390029234,0
0,-0.009426766262065345,0
0,0.08422804416484742,1
0,-0.04392479240187891,0
0,0.0588091508691474,1
0,-0.009343285258526624,0
0,-0.04222781193722036,0
0,-0.07341650001931882,0
0,-0.0807567608077634,0
0,-0.06587245790390123,0
0,-0.05694393993655322,0
0,-0.004681572757456787,0
0,-0.06303019269378757,0
0,-0.08079703191600973,0
0,-0.02253944789444773,0
0,-0.05365116508036383,0
1,-0.017768194614598942,0
0,-0.014629151828343623,0
0,-0.011947528706207522,0
0,-0.07717028852325647,0
0,-0.07704095529587607,0
1,-0.015359966390029234,0
0,-0.07942856876968474,0
0,-0.013362165572490592,0
1,-0.07299618507177963,0
0,-0.052950452596435216,0
0,-0.09796178365469621,0
0,-0.022630131781119833,0
1,-0.05660705446976738,0
1,-0.015359966390029234,0
0,-0.044947953034601584,0
0,-0.07465933781056844,0
0,-0.008446540595780982,0
0,-0.06313351622706376,0
0,-0.06520120877263785,0
0,-0.07668736269942322,0
1,-0.01684766364317286,0
1,-0.00907413325161277,0
0,0.09685430012432605,1
1,-0.01670935978797633,0
0,-0.07299621980242094,0
0,-0.021932067586282578,0
0,-0.06252398547994031,0
0,-0.04341578346726538,0
0,-0.02702346744556483,0
0,-0.07349448132419961,0
0,0.035289161509704514,1
0,0.031598794038452116,1
1,-0.02745989890572409,0
1,-0.022868805547420656,0
1,-0.019505963821408123,0
0,-0.05117109140802323,0
1,-0.015183828558617052,0
1,-0.01876606469855946,0
0,-0.04708835239178466,0
1,-0.024006676107275027,0
0,0.23361189749160793,1
0,-0.09325629410096736,0
0,-0.04714445367208603,0
0,-0.05324879917288555,0
0,-0.03360091003388571,0
0,-0.04203191735331757,0
0,0.07566181476971323,1
0,0.06372632565888536,1
0,-0.018377805389726165,0
0,-0.0013689421548674918,0
0,-0.062270908134710534,0
0,-0.07700760053575206,0
1,-0.01670935978797633,0
0,-0.056399341515596835,0
0,-0.04941323044780921,0
0,-0.058936082692430725,0
0,-0.01979838352363078,0
1,-0.02494421314974593,0
0,-0.014352703592445892,0
1,-0.04367526055459947,0
0,-0.05465868035005672,0
0,-0.027096017637729897,0
0,0.003313374445921058,1
0,-0.06551788305867706,0
0,-0.07561912379323565,0
0,-0.05049939419611155,0
1,-0.01684699577220483,0
1,0.013935926387100617,1
0,-0.07371425563799733,0
0,-0.04297865069248524,0
1,-0.03451602507947121,0
0,0.111414400531199,1
1,-0.01684766364317286,0
0,-0.08664001340278332,0
0,-0.07529871606995414,0
0,-0.017843194496620196,0
0,-0.06522017866914953,0
0,-0.06635973216242658,0
0,-0.08222035052336524,0
1,-0.017768194614598942,0
0,-0.015629077282852066,0
0,0.0032030192322931583,1
0,-0.06621037605266505,0
0,-0.0712822050572508,0
1,-0.015343559786735572,0
0,-0.0890652560950928,0
0,-0.06252398547994031,0
0,-0.05951064556345664,0
0,-0.0743102474368651,0
0,-0.06579611713118477,0
0,0.042257105828549246,1
0,0.057800960200625306,1
1,-0.0297148613504572,0
0,-0.06818501194335941,0
0,-0.03846934382351541,0
1,-0.07319417947920542,0
0,-0.07024236226463071,0
0,-0.08470005394407482,0
0,0.035289161509704514,1
0,-0.025008479707645137,0
0,-0.056957574512702946,0
0,-0.01571969481323554,0
0,-0.07880564751202446,0
0,-0.07240021001081076,0
0,-0.026036283449386133,0
0,-0.06056616792387565,0
0,-0.07567024816445356,0
0,-0.0038426346023416325,0
0,-0.03226099261269111,0
0,-0.03159417337363751,0
0,-0.059354899092797064,0
0,-0.06698986751123365,0
0,-0.07066246427581291,0
0,-0.08856920147800496,0
0,0.013552771301790667,1
0,-0.07718166603521054,0
0,-0.020493531460087422,0
0,-0.07640230020034877,0
0,-0.08079703191600973,0
0,-0.04260975400441952,0
1,-0.017043261177559443,0
1,-0.017623788684232145,0
0,-0.03272581242760697,0
0,0.22039986166027337,1
0,-0.08378376245896468,0
0,-0.08640495357656297,0
0,-0.006207016149836542,0
0,-0.018320007599418098,0
1,0.01751662624563277,1
0,-0.06006450495078586,0
0,-0.08049911448620528,0
0,0.11823539363750624,1
0,-0.08029039564446888,0
0,-0.045641592965319944,0
0,0.026470276048069175,1
0,0.0588091508691474,1
0,-0.01969544140898377,0
0,-0.08977527849932265,0
1,-0.013414130836250093,0
0,-0.0681695401784847,0
1,-0.010453506804032286,0
0,-0.05526244091004401,0
0,-0.08806010714513074,0
0,-0.07694761090539776,0
0,-0.09516764511929848,0
0,-0.019483316735837253,0
0,-0.07735035638745091,0
0,0.1262938038417123,1
0,-0.067194243903477,0
1,-0.015359966390029234,0
0,-0.06676104467670874,0
1,-0.012138363772458194,0
0,-0.08039034516576898,0
0,0.0588091508691474,1
1,-0.01175686289169997,0
0,-0.04266377720616338,0
1,-0.028947516401480022,0
0,-0.02237141167683626,0
0,-0.081327447413728,0
0,-0.04847809181784779,0
0,-0.06804934728510503,0
0,-0.0714377505738546,0
0,-0.0038426346023416325,0
0,-0.05859848772799314,0
0,-0.07535895189754771,0
0,-0.05627977764586101,0
0,-0.07891855474722842,0
1,0.003770408215586607,1
0,-0.10378088859277229,0
0,-0.06321468537885994,0
0,-0.0753458716131083,0
0,-0.04961233036589108,0
0,-0.034387048673710674,0
0,-0.015096278422276954,0
0,-0.022845348179871938,0
0,-0.06016371187517899,0
0,-0.09464873725443806,0
1,-0.01670935978797633,0
0,-0.05806188001856344,0
1,-0.012906365148818988,0
0,-0.06584980184482575,0
0,0.035289161509704514,1
0,-0.045197458532713564,0
1,-0.015359966390029234,0
0,0.026470276048069175,1
0,-0.04598560982349964,0
0,-0.039697409881241874,0
0,-0.10218939316508824,0
0,-0.07520911885611592,0
0,-0.05848528813261228,0
1,-0.019202241582551238,0
0,-0.07088382601961207,0
0,-0.05655087590026131,0
0,0.11116238115833188,1
0,-0.07628048940539706,0
0,-0.08303393753210148,0
0,-0.08136097484424154,0
0,-0.02009340543510091,0
0,-0.07890365020777762,0
0,-0.10219150656983433,0
1,-0.00298632394990872,0
0,-0.07602065966880556,0
0,-0.07403120344115538,0
0,-0.0038426346023416325,0
0,-0.06079356415715742,0
0,0.0588091508691474,1
0,-0.04417740770962664,0
0,0.007919528500133999,1
0,-0.026204548973242425,0
0,-0.013124662802800224,0
0,-0.0525862708214726,0
1,-0.03248691188172892,0
0,0.111414400531199,1
0,-0.08146696400170478,0
0,-0.05583680750326658,0
0,0.0783053243645806,1
0,-0.07154061965903868,0
1,-0.04798499058030875,0
1,-0.027974735343929802,0
0,0.12594821929593436,1
0,-0.07617815972479164,0
0,-0.07167298724300286,0
0,-0.05594143879964114,0
1,-0.017768194614598942,0
0,-0.037159274048393975,0
0,-0.09762493953053059,0
0,-0.07570062424377327,0
0,-0.08252421058936737,0
1,-0.018112772524855603,0
0,-0.02571443718374694,0
0,-0.0578488188127832,0
0,0.035289161509704514,1
0,-0.005968999387530927,0
0,-0.05530803959052716,0
0,-0.033417730582277594,0
0,-0.051940733527203686,0
0,-0.055290788365681465,0
0,-0.04984240295625536,0
0,-0.044938051402225065,0
0,-0.06632031645783226,0
0,-0.07841037887711994,0
0,-0.08059635335925303,0
0,-0.05534193191597031,0
0,-0.06313351622706376,0
0,-0.09960152688723334,0
0,-0.03260620172870965,0
0,-0.03985557383949634,0
0,-0.07234894675273768,0
0,-0.018151506105586024,0
1,-0.015359966390029234,0
0,-0.06664170061174407,0
0,-0.03974895223746272,0
0,-0.05255009532590188,0
0,-0.0038426346023416325,0
0,-0.02971341684981471,0
0,-0.03845067382174738,0
0,-0.0271977016516044,0
0,-0.06404712418101233,0
0,0.026470276048069175,1
0,-0.08501351909758109,0
0,-0.06367376415948117,0
0,-0.04475380646101712,0
0,-0.025719150807719804,0
1,-0.017768194614598942,0
0,-0.02906805892751918,0
0,-0.08143457748155564,0
0,0.09721126296171889,1
0,-0.07479608728011433,0
0,-0.0738399101293738,0
0,-0.061802782303106374,0
0,-0.010746312910105027,0
0,-0.06318646892377705,0
0,-0.05409283587370328,0
0,-0.04230254947912687,0
0,-0.06490360546760354,0
0,-0.0769760656187386,0
1,-0.020019208450528847,0
0,-0.0884493226951113,0
0,0.09943438793460357,1
0,-0.07291266176440314,0
0,-0.07807861782494346,0
1,-0.01670935978797633,0
0,-0.02705937879382392,0
0,-0.04903041595866253,0
0,0.02196104593235093,1
0,-0.04152820634354831,0
0,-0.0016732486648372014,0
0,0.02196104593235093,1
0,0.013552771301790667,1
0,-0.010677115420566818,0
0,-0.056739549260355515,0
0,0.0032628851666239855,1
0,-0.014797142283294096,0
0,-0.009722191421942195,0
0,-0.05948320486595671,0
0,-0.08146511744962748,0
0,-0.02412605331093509,0
0,-0.052173315621051986,0
0,-0.053573969840390145,0
1,-0.01636851034352016,0
0,-0.08139303614148513,0
0,-0.0510237197336465,0
0,-0.03660281307955454,0
0,-0.08025796660912987,0
0,-0.05333281505000015,0
0,0.10308688881055217,1
0,-0.05870754941087414,0
0,-0.0831091984068053,0
0,-0.07810970436063924,0
0,-0.0038426346023416325,0
0,-0.08326714548869152,0
0,-0.08389986045431519,0
0,0.041451446717275076,1
0,-0.05690482375414241,0
1,-0.04780124273261743,0
1,-0.006270324465430688,0
0,-0.0038426346023416325,0
0,0.11116238115833188,1
0,-0.018027416119103135,0
0,-0.042874419131517405,0
0,0.05150979526299959,1
0,-0.01174514761992429,0
0,0.035289161509704514,1
0,-0.05010048737606404,0
0,-0.021863195609525377,0
0,-0.06437761119001939,0
0,-0.05263316803995438,0
0,0.035289161509704514,1
0,-0.037627291350205094,0
1,-0.017623788684232145,0
0,-0.04427194745497087,0
0,-0.053590350860968916,0
1,-0.06752691512340764,0
0,-0.00777173866018388,0
0,-0.053827232432672456,0
0,-0.05993559735290915,0
0,-0.06581064355295924,0
0,-0.08244234679440793,0
0,-0.05086661095824241,0
0,-0.030920261916919767,0
0,-0.05800420681212948,0
0,-0.059672119919099764,0
0,-0.06252398547994031,0
0,-0.056400661348016135,0
0,-0.05365764927583749,0
0,0.111414400531199,1
0,0.000787576833052972,1
0,-0.020736781696059192,0
0,-0.07344167359745407,0
0,-0.0911400863103845,0
0,0.031598794038452116,1
1,-0.08197808225940434,0
0,0.006778481640609013,1
0,-0.042599364432799935,0
0,-0.05043120966948822,0
0,-0.04386322348040561,0
0,-0.05933891628542809,0
0,-0.06998220432713198,0
0,-0.06944163936140652,0
0,-0.03950868139017505,0
1,-0.05696512091971301,0
0,-0.054395929051952396,0
0,0.006778481640609013,1
0,-0.008549679010699973,0
1,-0.020120122682346975,0
1,-0.012533536587400418,0
0,-0.03968526410711243,0
0,-0.077196957044806,0
0,-0.02989425068848872,0
1,-0.022868805547420656,0
0,-0.014845145055567555,0
0,-0.07928723386893766,0
0,-0.05203091465264226,0
0,-0.04337098679810847,0
1,-0.015359966390029234,0
0,-0.06796675848755729,0
0,-0.01111014192822346,0
0,-0.07529729539218233,0
0,-0.021610641747669246,0
0,-0.04289289224678544,0
0,-0.0739691067930392,0
0,-0.05501583568681562,0
0,0.08776004314327412,1
0,-0.009228695382507646,0
0,-0.06439820635020943,0
0,-0.06618161144549711,0
1,-0.007425683277582196,0
0,-0.04398553244876863,0
0,0.12594821929593436,1
0,0.11823539363750624,1
0,-0.03509107400668582,0
0,-0.040475242274138734,0
0,-0.06506105882325591,0
0,-0.08951985430678067,0
1,-0.046090978721317344,0
0,-0.05363479312580072,0
0,0.035289161509704514,1
0,-0.0038426346023416325,0
0,-0.05626813021884086,0
0,-0.08048608698462323,0
0,-0.06606995094636853,0
0,-0.04866796683590063,0
0,-0.03959695328104007,0
0,-0.07642169021712536,0
0,-0.03984481660692518,0
0,-0.04747373196266763,0
1,-0.019202241582551238,0
0,-0.06709662274514777,0
0,-0.07617815972479164,0
0,-0.03384482539928385,0
0,-0.05046997374470291,0
1,-0.04278196636699133,0
0,0.026470276048069175,1
0,-0.058425191190749626,0
0,-0.0418470559361237,0
0,-0.0724576339153688,0
0,-0.06904882852478955,0
0,-0.034061751666553675,0
0,-0.0038426346023416325,0
0,-0.0853986712350755,0
0,-0.03265173162286572,0
0,-0.07670888369487455,0
0,-0.07281429377444354,0
0,-0.01726630824733205,0
0,-0.0586245405259444,0
0,-0.06888064135757649,0
0,-0.024484064994278576,0
0,-0.047983764537702533,0
0,-0.06981524354762664,0
1,-0.0035699441230174767,0
0,0.09721126296171889,1
1,-0.012906365148818988,0
1,-0.013373746914196794,0
0,-0.06946934822763418,0
1,-0.018112772524855603,0
0,-0.07584583836698722,0
1,-0.03580078519132335,0
1,-0.015359966390029234,0
1,-0.028596504157367475,0
0,0.10308688881055217,1
0,0.1262938038417123,1
1,-0.01876606469855946,0
0,-0.08772433116532918,0
0,-0.07459049073898855,0
0,-0.08148228485190967,0
1,-0.01615735505894006,0
1,-0.01876606469855946,0
0,-0.06745617057104225,0
1,-0.01670935978797633,0
1,-0.019202241582551238,0
1,-0.015359966390029234,0
0,-0.06805606236409872,0
0,-0.03436854803221745,0
0,-0.07261698658838855,0
0,-0.0678858639993562,0
0,-0.05905666376812707,0
0,-0.017661708249398167,0
0,-0.03274663208185391,0
0,-0.03275358973595499,0
1,-0.03324311056079421,0
0,-0.03776098313477627,0
0,-0.08281355993720302,0
1,-0.067788751023793,0
0,-0.06308322343139605,0
0,-0.012322041628514468,0
0,-0.011522068533272312,0
0,-0.001932238074538517,0
0,-0.07574914197899252,0
0,-0.08012849003606626,0
0,-0.10043130666604688,0
0,-0.05467789646223631,0
0,-0.012902680689324597,0
0,-0.07987267808099824,0
1,-0.01670935978797633,0
1,-0.08215961974979435,0
1,-0.001690845218968673,0
0,-0.0766319249138484,0
0,0.0588091508691474,1
0,-0.019406099165871493,0
1,-0.01670935978797633,0
1,-0.015359966390029234,0
0,-0.08079703191600973,0
0,-0.0345877802335009,0
1,-0.015359966390029234,0
0,-0.058936082692430725,0
0,-0.06990206503398,0
0,-0.0205909243461333,0
0,-0.039962694730474535,0
0,-0.07583444079601825,0
0,0.014454235673644233,1
1,-0.01738808843901385,0
0,-0.021790016907683674,0
1,-0.07758357531583848,0
0,-0.05655412080667027,0
0,-0.0775050966555802,0
0,-0.044396454243840255,0
1,-0.015962008411279427,0
0,-0.06915704500229392,0
0,-0.07683532991607289,0
0,-0.05998767548330397,0
0,-0.1010294805295775,0
0,-0.018377884172192327,0
1,-0.01684766364317286,0
0,-0.0038426346023416325,0
0,0.026470276048069175,1
0,0.05208571305608345,1
0,-0.04712565177927491,0
0,-0.0005853232257507779,0
0,-0.07165780187482873,0
0,-0.055190765973858025,0
0,-0.06100116307436382,0
0,-0.05636986664162663,0
0,-0.07134158559111897,0
0,-0.08075659010284647,0
0,-0.07095680486924621,0
0,-0.015461534653080478,0
1,-0.01684766364317286,0
0,-0.05714373865083949,0
0,-0.08249097418613321,0
0,-0.08966480049252351,0
0,-0.0591545559185212,0
0,-0.0554250449000413,0
0,-0.06574142702202024,0
0,-0.027712778803145766,0
0,-0.0038426346023416325,0
0,-0.034597532958085986,0
1,-0.01636851034352016,0
0,-0.024826781859954072,0
0,-0.03120246354661743,0
0,-0.07405543418207117,0
0,-0.06372571958412915,0
0,-0.06888542678862725,0
0,-0.06472390169513453,0
0,-0.025826206023713494,0
0,-0.017989071120955158,0
0,-0.10063510903488743,0
0,-0.07432102660949802,0
0,-0.016636561083699986,0
0,-0.05373584660925135,0
0,-0.08473406524612959,0
0,-0.07292896390887371,0
0,0.09754178878930886,1
0,-0.05530803959052716,0
0,-0.049605733539689056,0
0,0.09721126296171889,1
0,-0.090648133272277,0
0,0.09943438793460357,1
0,-0.06621060229088371,0
0,-0.008653407548638026,0
0,-0.06125838183517224,0
0,-0.04021354613739181,0
0,-0.05746976415516719,0
0,-0.05735371730895039,0
0,-0.04994902380808197,0
0,0.111414400531199,1
0,-0.033091454539382004,0
0,-0.045894203681745016,0
0,0.22056235087850784,1
0,-0.07108462715505387,0
0,-0.08464702360794313,0
0,-0.07323788445980939,0
0,0.06451999601455494,1
0,-0.012200453704798886,0
0,-0.05524163741883081,0
0,0.035289161509704514,1
1,-0.012906365148818988,0
0,-0.04410019598196291,0
1,-0.033567851210745125,0
0,-0.04361857176433076,0
0,-0.057862495532280234,0
0,-0.08045217938640792,0
0,-0.08848385706649481,0
0,-0.0637148781948148,0
0,-0.052865701512709695,0
0,-0.0714170420271878,0
0,-0.05075982228977721,0
0,-0.08393350160710028,0
0,-0.0038426346023416325,0
0,-0.021327146898009686,0
0,-0.05454036429242709,0
0,-0.05894477938994003,0
0,0.0712796205997096,1
0,-0.09080215588041701,0
0,-0.020857685452786046,0
0,-0.07766436876453259,0
0,0.1454821840900058,1
0,-0.09276881681206134,0
0,-0.027432635905317193,0
0,-0.04017595607595087,0
0,-0.05919384408640965,0
0,-0.07998619243016741,0
1,-0.01636851034352016,0
0,-0.0021256908760757254,0
0,-0.04987375072361888,0
0,-0.09084967890399587,0
0,0.09943438793460357,1
0,-0.09136837130697112,0
0,-0.0006945371479846196,0
0,-0.05700828052613632,0
0,-0.0038426346023416325,0
0,-0.03683950078537751,0
0,0.22811042282964678,1
0,-0.0683147747413832,0
0,0.006778481640609013,1
0,-0.06078232327769195,0
1,0.07115484859577081,1
0,-0.07368569569342631,0
0,-0.047065840824692506,0
0,0.026470276048069175,1
0,-0.06585559563875543,0
0,-0.06139262700511716,0
0,-0.05476229525993809,0
0,-0.01647532188344325,0
0,0.0588091508691474,1
0,-0.06984417204594873,0
0,-0.06759858126295326,0
0,-0.001932238074538517,0
0,-0.0889740164162589,0
0,-0.0762417935652579,0
0,0.12594821929593436,1
0,-0.08619965547307368,0
0,0.006778481640609013,1
0,-0.07716260976605621,0
0,-0.07472381818108192,0
0,-0.0533297263183522,0
0,-0.05886725168962931,0
0,0.08595720389924288,1
0,-0.07324657063653567,0
0,-0.06262136162693216,0
1,-0.01670935978797633,0
0,0.05566712760561365,1
0,0.06395449502098549,1
0,-0.07129849072593514,0
0,-0.07812224888212271,0
1,-0.04406928456332576,0
0,-0.05905666376812707,0
0,-0.04857639067698272,0
0,-0.05760544434326442,0
0,-0.05245771305935981,0
0,-0.004755211261875225,0
0,-0.06036381151808967,0
1,-0.015359966390029234,0
0,-0.06977411480971157,0
0,-0.061309680918430476,0
0,-0.0038426346023416325,0
0,-0.03884311647120753,0
1,-0.020667895725730856,0
0,-0.06908195348739987,0
0,-0.057862495532280234,0
0,-0.05286161977075249,0
1,-0.010210335891335354,0
0,-0.06156477280162659,0
0,-0.017157024349842898,0
0,-0.05263316803995438,0
0,-0.05615390109390889,0
0,0.0588091508691474,1
0,-0.08643423277017054,0
0,-0.050471888126631725,0
0,-0.04374155563131338,0
0,-0.022326136081143977,0
1,-0.015666438022868323,0
0,-0.015832849119028436,0
0,-0.05233379525942922,0
0,-0.01446106199730629,0
0,-0.01591236692980219,0
1,-0.01636851034352016,0
1,-0.015183828558617052,0
0,-0.055253191880730634,0
0,-0.05544220379636561,0
0,0.006778481640609013,1
0,-0.05346877619601331,0
1,-0.015359966390029234,0
0,-0.056474147939488795,0
0,-0.04211221622823336,0
0,-0.07948763515638801,0
0,0.12594821929593436,1
1,-0.013414130836250093,0
1,-0.09484753760304682,0
1,-0.013414130836250093,0
0,-0.021866828212045664,0
1,-0.012906365148818988,0
0,-0.04322620607680644,0
1,-0.08051470441288139,0
0,-0.0078045303130726,0
0,-0.01554643988950416,0
0,-0.024092256442575843,0
0,-0.10018327893599599,0
0,0.05080611904682231,1
0,-0.08107864728077424,0
0,-0.0038426346023416325,0
0,-0.023814908238294852,0
0,-0.02178820616719901,0
0,-0.07740633161885252,0
0,0.026470276048069175,1
1,-0.01684766364317286,0
1,-0.01684766364317286,0
1,-0.01636851034352016,0
0,-0.04798879932333322,0
0,-0.03429595979805522,0
1,-0.01684766364317286,0
0,-0.05446597582986051,0
0,-0.03246826655990859,0
1,-0.015359966390029234,0
0,0.09721126296171889,1
0,-0.08873396560322916,0
1,-0.015359966390029234,0
1,-0.01670935978797633,0
1,-0.01738808843901385,0
0,-0.042373569652677134,0
0,-0.016431771132862205,0
0,-0.06343419969957587,0
0,-0.04801632168182901,0
0,-0.04673876646148761,0
0,-0.0581887464642315,0
0,-0.08163294637607904,0
0,0.111414400531199,1
0,-0.07661055493308239,0
0,-0.03675207285212079,0
0,-0.03960221561299315,0
0,-0.05335259299343881,0
0,-0.07816926275848585,0
0,-0.05570385791531446,0
0,-0.005305450474743012,0
0,-0.05655412080667027,0
0,-0.08600781716779965,0
0,-0.04903954423639373,0
0,-0.046065957891124554,0
0,-0.07838519127022503,0
0,0.035289161509704514,1
0,-0.017968878049098247,0
0,-0.0511920298712768,0
0,-0.04800731118991197,0
1,-0.07523327627992393,0
0,0.0867833081862327,1
0,-0.013423893454109603,0
0,-0.0783073190181463,0
0,-0.06530839858143994,0
0,-0.00799506409447931,0
0,0.11116238115833188,1
0,-0.0038426346023416325,0
0,-0.042368938334918727,0
0,-0.05034946418329955,0
1,-0.06732359489361495,0
0,-0.053515322278099964,0
0,-0.07827507266098693,0
0,-0.03230218048924516,0
1,-0.012906365148818988,0
1,-0.009296145471574091,0
0,-0.012289983904071655,0
0,-0.0806550744554757,0
0,-0.06339530198427484,0
0,-0.017731281013495137,0
0,-0.026539630033140083,0
0,-0.013879303220814598,0
0,-0.06111486110368797,0
0,-0.05615390109390889,0
0,-0.05859848772799314,0
0,-0.00913579886351984,0
0,-0.051093239579097005,0
0,-0.007019424091779913,0
1,-0.013379769724126078,0
0,-0.05018701796787517,0
0,-0.0409626946238314,0
0,-0.0038426346023416325,0
0,-0.08228641837436979,0
0,0.01673824591562012,1
0,-0.06943199663938021,0
0,-0.09922299228676268,0
1,-0.012906365148818988,0
0,-0.03862311796205886,0
0,-0.041245031107375985,0
0,0.0588091508691474,1
0,-0.03475047739614523,0
0,-0.09410415349165985,0
0,-0.004113954296406763,0
1,-0.0864117782071076,0
0,-0.022230797693959192,0
0,-0.08247357645735376,0
0,-0.07664610112317627,0
0,0.026470276048069175,1
0,-0.012104203260928426,0
0,-0.027645677673967084,0
0,-0.05948320486595671,0
0,-0.08374270883360652,0
0,-0.052419766084513764,0
0,-0.0038426346023416325,0
0,0.09721126296171889,1
0,0.031598794038452116,1
0,-0.03548305834424026,0
0,-0.0681249258809023,0
0,-0.03728287092954763,0
1,-0.012533536587400418,0
1,-0.012533536587400418,0
1,-0.02028202111280958,0
0,0.006942764735344387,1
0,-0.08421404643971414,0
0,-0.06440423264567874,0
0,-0.010440017007142588,0
0,-0.008352539545182114,0
0,-0.0038426346023416325,0
0,-0.012776010954606953,0
0,-0.07865363547068216,0
0,-0.01964829174297994,0
0,0.02196104593235093,1
0,-0.06410007251108013,0
0,-0.04993369783696955,0
1,-0.06070693571193436,0
0,-0.08555873204640563,0
0,-0.01638779944358043,0
0,0.07165512954594044,1
1,-0.01698515089003466,0
0,-0.028644824745826136,0
0,-0.07831934593001993,0
0,-0.05237620534128756,0
0,-0.05491950297699549,0
0,-0.08133371294641412,0
0,0.006778481640609013,1
0,-0.049937299619336184,0
0,-0.07610744332708441,0
0,-0.06343419969957587,0
0,-0.05993559735290915,0
0,-0.07379402382148809,0
0,-0.016259051674494984,0
0,-0.0768430885612506,0
0,-0.07071901024667332,0
0,0.1454821840900058,1
0,-0.04801485369733638,0
0,0.003427007557066819,1
0,-0.05413524575143669,0
0,-0.08386818941519036,0
1,0.013421516385380694,1
0,-0.04318439743644081,0
0,-0.019569520156975606,0
1,-0.015183828558617052,0
0,-0.0527340507556564,0
0,-0.08394286928924544,0
0,-0.06084869034468682,0
0,-0.0689090032344652,0
0,-0.03854197584676761,0
0,-0.0750067082602569,0
0,-0.08126866953956607,0
0,-0.0871692970751276,0
0,-0.06943824703667678,0
1,-0.0006260791636492069,0
0,-0.0755415485508969,0
0,0.026470276048069175,1
0,-0.04719859396678616,0
0,-0.031192823548826076,0
0,-0.0856649521992936,0
0,0.0588091508691474,1
0,0.11116238115833188,1
0,-0.06644976599000418,0
0,-0.06570051912736169,0
1,-0.01876606469855946,0
0,-0.05655087590026131,0
0,-0.044112350536775036,0
1,-0.015359966390029234,0
0,-0.06496295651606127,0
0,0.23352062765234427,1
0,0.2410561483423288,1
1,-0.01876606469855946,0
0,-0.0038426346023416325,0
0,-0.05417916392400346,0
0,-0.054706985272230946,0
0,-0.06581808864785343,0
0,-0.01638348289978292,0
0,0.006778481640609013,1
0,-0.01099669672397352,0
0,-0.05327274502993218,0
0,0.035289161509704514,1
0,-0.057341458656241795,0
0,-0.025299293722120864,0
0,0.035289161509704514,1
0,-0.013516304250805744,0
1,-0.012533536587400418,0
0,-0.08938901195894777,0
0,-0.03699669939869277,0
1,-0.015666438022868323,0
1,-0.018518095911605192,0
0,0.07964195029942245,1
0,-0.07594167816930142,0
0,-0.05063341887894618,0
0,-0.09030717162038843,0
0,0.026470276048069175,1
0,-0.03832188831106281,0
0,-0.07394355567635152,0
0,-0.05649937494659346,0
0,0.006778481640609013,1
0,-0.04761540558812355,0
0,-0.05612138708636211,0
1,0.0011843155894576407,1
0,-0.07908846909075873,0
0,-0.03944276600456981,0
0,-0.042829243403270656,0
0,-0.050263148355603915,0
1,-0.012906365148818988,0
1,-0.015487024097411095,0
0,-0.06905150838626689,0
0,-0.06016848720429202,0
1,-0.018112772524855603,0
0,-0.06657510484616141,0
0,-0.0879022561760634,0
0,-0.023217630799841515,0
0,-0.05926107396259939,0
0,0.09721126296171889,1
0,-0.05141922266414428,0
0,-0.07214133992519972,0
0,-0.06406906102361887,0
0,-0.08209432831415586,0
0,-0.019077632420005652,0
0,-0.05556401660019317,0
0,-0.05143845112705531,0
1,-0.01670935978797633,0
0,-0.04292627567817059,0
0,-0.07018807666962257,0
0,-0.07972997765864659,0
0,-0.07419228401055866,0
0,-0.039620350800103954,0
0,-0.07262226640512537,0
1,-0.012906365148818988,0
1,-0.015183828558617052,0
0,-0.05570385791531446,0
0,-0.07767233452616196,0
1,-0.05037010170984246,0
0,-0.07885323505027231,0
0,-0.0571359948448808,0
0,-0.0233954423657724,0
1,-0.03985520799913955,0
0,-0.07672868180339992,0
0,-0.04324028650860562,0
1,-0.017043261177559443,0
0,-0.0705965530576313,0
0,-0.07563345489195922,0
0,-0.07957189285777938,0
0,-0.0833987440953094,0
0,0.012031271983813596,1
0,0.2290927744294824,1
0,-0.06546068527902643,0
0,0.111414400531199,1
0,-0.07909822625445168,0
1,-0.017623788684232145,0
0,-0.06512704405058384,0
0,-0.06056616792387565,0
0,-0.06311273788189592,0
0,-0.06995866487493879,0
0,-0.005822279217198467,0
1,-0.018518095911605192,0
0,-0.07502809875807226,0
1,-0.01670935978797633,0
0,-0.08083710767198271,0
1,-0.015359966390029234,0
0,-0.06025064147351816,0
0,0.0033838592383589328,1
0,-0.08813815111611362,0
0,-0.03373058177896393,0
0,-0.049627452225347646,0
0,0.111414400531199,1
0,-0.0835873030836054,0
0,-0.05446597582986051,0
0,-0.01564389056535681,0
0,-0.06589403155787626,0
0,-0.07762860019811052,0
0,-0.03457912300012256,0
0,0.09721126296171889,1
0,0.16608148388901844,1
1,-0.013414130836250093,0
0,-0.054419048352982446,0
0,-0.03954055874336965,0
1,-0.018518095911605192,0
1,-0.01670935978797633,0
0,-0.0038426346023416325,0
1,-0.01738808843901385,0
0,-0.04976428066540617,0
0,-0.0011273920398363613,0
0,-0.08405734773822154,0
0,-0.10098575908661478,0
0,-0.06485520121399474,0
0,0.07960992103937847,1
1,0.00671444547820732,1
0,-0.06969107558822041,0
0,-0.040951236278309044,0
0,-0.052938562821519264,0
0,-0.07119368926306352,0
0,-0.07801166559107892,0
1,-0.01670935978797633,0
1,-0.04937318836671073,0
1,-0.019202241582551238,0
0,-0.05834124295371734,0
0,-0.029115579659684587,0
0,-0.02260067493714424,0
0,-0.10072409825875123,0
0,-0.05327274502993218,0
0,-0.07130682987486159,0
0,-0.06383366320845107,0
0,-0.07692202424722427,0
0,-0.07781214304181433,0
0,-0.01049378535956702,0
0,-0.08531365106020011,0
0,-0.02008916926547849,0
0,-0.0038426346023416325,0
1,-0.01684766364317286,0
1,-0.006270324465430688,0
0,-0.048444510622887516,0
0,-0.057024531904957876,0
0,-0.08277916342613612,0
0,-0.07312238736103877,0
0,-0.054396806876812365,0
0,-0.05850098763087003,0
0,-0.07692106083989314,0
1,-0.018518095911605192,0
0,0.035289161509704514,1
1,-0.015359966390029234,0
0,-0.05387348170476258,0
0,0.11116238115833188,1
1,-0.019963689339438206,0
0,-0.05614162853892973,0
1,-0.042826455952546305,0
0,-0.05359169009617876,0
1,-0.024089075032645013,0
0,-0.06046705177513667,0
0,-0.08301206834781527,0
0,-0.06751948445932543,0
1,-0.012906365148818988,0
0,-0.060490615703158335,0
1,-0.06954776492221937,0
0,-0.07808575361336395,0
0,-0.016389997588818095,0
0,-0.09215908142545814,0
0,-0.023054798396060172,0
1,-0.06123925227559779,0
0,-0.08079703191600973,0
0,-0.07214675128607723,0
0,-0.06811447556156186,0
1,-0.0713041846924859,0
0,-0.07798082896895542,0
0,-0.013251246413529427,0
0,-0.06505203819102673,0
0,0.006778481640609013,1
0,0.12594821929593436,1
0,-0.08177539599607858,0
0,-0.03210861277297189,0
1,-0.016764872256409713,0
0,-0.08651863462263704,0
0,-0.076162998195489,0
0,-0.0593120732038927,0
1,-0.08463576318468652,0
0,0.035289161509704514,1
0,-0.058246394463957574,0
0,-0.043824120364104824,0
0,-0.051854209826829145,0
0,-0.06838095701771035,0
0,0.1262938038417123,1
0,-0.08020686924228759,0
1,-0.01876606469855946,0
0,0.13789532397168736,1
0,-0.078972021087713,0
1,-0.012906365148818988,0
0,-0.08061784135554168,0
0,-0.05506868384568908,0
0,-0.08454688017246631,0
0,0.035289161509704514,1
0,-0.07850310667591975,0
0,-0.09920157465052093,0
0,-0.006827606713104284,0
0,-0.05668910542049588,0
0,-0.03849548172247569,0
0,-0.06318830607186982,0
0,-0.08673209764789469,0
0,-0.03832188831106281,0
1,-0.01876606469855946,0
0,0.031598794038452116,1
0,-0.03449678815071616,0
1,-0.019957369014583004,0
0,-0.054353631995124996,0
0,-0.05347925414767718,0
0,0.013552771301790667,1
0,-0.07187737610920258,0
0,-0.0536078292633127,0
0,-0.060347349902606706,0
0,-0.038416950979735576,0
0,-0.0038426346023416325,0
0,-0.01710649446863327,0
0,-0.06438890508040346,0
1,-0.015359966390029234,0
0,-0.04191110097366685,0
0,-0.08174130828210935,0
0,-0.08300728068804564,0
1,-0.01876606469855946,0
0,-0.061461527579678044,0
0,0.026470276048069175,1
0,-0.0548228745450301,0
0,-0.06463780477054043,0
0,-0.07916710191176013,0
1,-0.009710269592752008,0
1,-0.018518095911605192,0
0,-0.037902143579689296,0
0,-0.03946005113875328,0
0,0.035289161509704514,1
0,0.04816168083805317,1
0,-0.058110057157938544,0
0,-0.051928024913762305,0
0,-0.03090195301148363,0
0,-0.05541802563186449,0
0,-0.07317586757990835,0
0,0.0824332734488551,1
0,-0.031066098593291847,0
0,0.0012577173800405461,1
0,-0.05622148319701159,0
0,-0.09901308587042296,0
1,-0.006270324465430688,0
1,-0.01876606469855946,0
0,-0.046912195463998885,0
0,0.05917051287817998,1
1,-0.015359966390029234,0
1,-0.016764872256409713,0
1,-0.007054779850267978,0
0,-0.06120437442387139,0
0,-0.04835751546486006,0
0,0.01239078443815711,1
0,0.08403629293074577,1
0,-0.06682546968843278,0
0,-0.08701483934358806,0
0,0.1454821840900058,1
0,-0.06198948898565115,0
0,-0.07093242328939642,0
1,-0.05681138054187723,0
0,-0.04643142660001659,0
0,0.0869754149134232,1
0,0.006778481640609013,1
0,-0.032725382825045224,0
0,-0.08380674754594647,0
0,-0.06589403155787626,0
1,-0.01684766364317286,0
0,-0.07073801679565783,0
0,-0.0704719794126828,0
0,-0.0534741992909728,0
0,-0.025824941541593927,0
0,-0.09477805019832203,0
0,-0.07148929845743274,0
0,-0.020076911569454403,0
0,-0.075692869956411,0
0,-0.08366405917280928,0
0,-0.08144838339522836,0
0,-0.06886751784405198,0
1,-0.015359966390029234,0
0,-0.014641587447279836,0
0,-0.07719560490909694,0
1,-0.013414130836250093,0
0,-0.04643469890823626,0
0,-0.07020741006221892,0
1,-0.015359966390029234,0
0,-0.06581064355295924,0
0,-0.052751830226038965,0
0,-0.07986514467893702,0
0,-0.07129175874603233,0
0,-0.08684906607879056,0
0,-0.05714373865083949,0
0,-0.055463688619176776,0
0,-0.08456880438179637,0
1,-0.01684766364317286,0
0,0.06464549158745125,1
0,-0.07745821425150456,0
0,-0.07613541261931672,0
0,-0.07836943150205317,0
0,-0.0038426346023416325,0
0,-0.07994325997080065,0
0,-0.09862440180602011,0
0,-0.09200308679109159,0
0,0.111414400531199,1
0,-0.07187892073934282,0
0,-0.08326645915668329,0
1,-0.006270324465430688,0
0,-0.011413386254740865,0
1,-0.020120122682346975,0
0,0.026470276048069175,1
0,0.111414400531199,1
0,0.0031860008551275465,1
0,-0.08081697435259261,0
0,-0.08629536757935968,0
0,-0.05564928897445903,0
0,-0.06673045664855709,0
1,-0.04882242122590502,0
0,-0.08063690607022567,0
0,-0.024233506084426926,0
0,-0.07066056025452339,0
0,-0.058936577792229716,0
0,0.02196104593235093,1
0,-0.0808422001983164,0
0,-0.09048967561846744,0
0,-0.026011618874064613,0
0,-0.05110209987678693,0
0,-0.06107009515265904,0
0,-0.06184377143403891,0
0,-0.023443612260880597,0
0,-0.05650450287084591,0
0,-0.007753968217494522,0
1,-0.012906365148818988,0
0,-0.07330518776807571,0
1,-0.01876606469855946,0
0,-0.07079067275395085,0
0,-0.07621783552962424,0
0,0.11823539363750624,1
0,-0.07985433896786098,0
1,-0.023180045325606857,0
1,-0.007425683277582196,0
0,0.006778481640609013,1
0,0.026470276048069175,1
1,-0.015962008411279427,0
0,-0.08866965251011433,0
0,-0.060980629326287006,0
0,0.006778481640609013,1
0,-0.04172047802240403,0
0,-0.0825595362038613,0
0,-0.0799903441049149,0
0,-0.042199313894445256,0
0,-0.05124610661193241,0
0,0.09721126296171889,1
0,0.08279632856394303,1
1,-0.01876606469855946,0
0,-0.009065053430391323,0
0,0.035289161509704514,1
0,0.0735820416126719,1
0,-0.04418567758677694,0
0,-0.08653285855521486,0
0,-0.08647697370069762,0
0,0.031598794038452116,1
0,-0.01678370100386478,0
0,-0.05433278731517999,0
0,0.1262938038417123,1
0,-0.06491644990457668,0
0,-0.04066554398780903,0
0,0.0181322387191295,1
0,0.16608148388901844,1
0,-0.08190196432527413,0
0,-0.06424371967293624,0
0,-0.08132217381639317,0
0,-0.0534741992909728,0
0,-0.07868985341757417,0
0,-0.0735207663547095,0
0,-0.06874140283643243,0
0,-0.08106095108854555,0
0,-0.04266377720616338,0
0,-0.08079703191600973,0
0,-0.09735471241489613,0
1,-0.01876606469855946,0
1,-0.01738808843901385,0
0,-0.06422358808378387,0
0,0.11116238115833188,1
0,-0.06077302069884111,0
1,-0.03469850798540425,0
0,-0.07267080033698714,0
0,0.12594821929593436,1
0,-0.06571004684870546,0
0,-0.0398467680606191,0
0,-0.023912925751411185,0
0,-0.09301560920050855,0
0,-0.07500573990997095,0
0,-0.07630682039925735,0
1,-0.020120122682346975,0
0,-0.054160947810490134,0
0,-0.02320719323552739,0
1,-0.01134951473587914,0
0,0.09721126296171889,1
0,-0.060774113879345004,0
1,-0.03179158639504509,0
1,-0.015183828558617052,0
0,-0.08923255547227976,0
0,-0.06243044158841066,0
0,-0.05202484226214216,0
0,-0.05602126839861399,0
0,-0.07391530151702258,0
0,-0.08009261130182971,0
0,-0.05253766882141736,0
0,0.026470276048069175,1
1,-0.012533536587400418,0
0,-0.0684617784007851,0
0,-0.07273697510537014,0
0,-0.08358238529975048,0
0,-0.0575352176805598,0
0,-0.07805112305299361,0
0,-0.015981606240444757,0
0,-0.060101131603746916,0
1,-0.020120122682346975,0
0,0.12594821929593436,1
1,-0.019202241582551238,0
0,-0.05643335329124394,0
1,-0.015359966390029234,0
0,-0.04113630301215632,0
0,0.02196104593235093,1
0,-0.0828086246166364,0
0,-0.04230254947912687,0
0,-0.05624721967704582,0
0,-0.0944201582630596,0
0,-0.05309698797390344,0
0,-0.05631445025968118,0
1,-0.009286668510726237,0
0,-0.058936082692430725,0
0,-0.07663435003265928,0
0,-0.07993395144994153,0
0,-0.08309207031942467,0
0,-0.01212347293530791,0
0,-0.058894633868473434,0
0,-0.08754274203040152,0
0,-0.07978629097266698,0
0,-0.05551828035287254,0
1,0.00846574301719738,1
0,-0.032063747471057225,0
0,-0.04852022549265672,0
0,-0.06814306998802033,0
0,0.04685886311531684,1
0,-0.04216895808384802,0
0,-0.08346734588624721,0
0,-0.08289256506263515,0
0,-0.05968150408641015,0
1,-0.0616720944617028,0
0,-0.007754859261087654,0
1,-0.013414130836250093,0
0,-0.07708708182811713,0
0,-0.05338125732924526,0
1,-0.018518095911605192,0
0,-0.04216417251072396,0
0,-0.05433278731517999,0
0,-0.041247623150126256,0
1,-0.02330646071227571,0
0,-0.10356704068391759,0
0,-0.059647556209703245,0
1,-0.024721469487478775,0
0,-0.014448185084700138,0
0,-0.052865701512709695,0
1,-0.014592810365958164,0
0,0.08496723790131788,1
0,-0.04303503160959943,0
0,-0.0804215202181886,0
0,-0.06834548432594234,0
0,-0.026977325842802824,0
0,-0.05783264443122155,0
1,-0.025946931195581335,0
0,-0.07585219882891309,0
0,-0.05891766414518995,0
0,-0.06581064355295924,0
0,-0.0472993616391601,0
0,-0.05575503240604712,0
1,-0.019202241582551238,0
0,0.0683003264995069,1
0,-0.0028907197839534438,0
0,-0.03467332749127083,0
0,-0.06426116058244874,0
0,0.006778481640609013,1
0,-0.02100173699315716,0
0,-0.028075031427631125,0
1,-0.015359966390029234,0
0,-0.06404712418101233,0
0,-0.047336148266280575,0
0,-0.0876475783786308,0
0,-0.09505747756073346,0
0,-0.05921267418881587,0
0,0.02196104593235093,1
0,-0.04348846812850443,0
0,-0.06591698746305619,0
0,-0.04038952538520957,0
0,-0.007647152414915259,0
0,-0.07485117922145285,0
1,-0.01684766364317286,0
0,-0.05121684128131776,0
0,-0.05477375217157904,0
1,-0.018518095911605192,0
0,-0.030099964279588054,0
0,-0.07942706124836957,0
0,-0.03599664593340551,0
0,-0.06594503233163762,0
0,-0.0073658577288773786,0
0,-0.026360642977339643,0
0,-0.01961342119092352,0
0,0.006778481640609013,1
0,0.0011965468760869458,1
0,-0.032268602367749255,0
0,-0.05115841195828408,0
0,-0.05327274502993218,0
0,-0.06213462766896222,0
0,-0.07217972895083619,0
0,-0.06999682206416791,0
0,-0.03835489872420872,0
0,-0.024883706708018594,0
0,-0.04212024380669099,0
1,-0.01670935978797633,0
0,-0.060347349902606706,0
0,-0.08314474822012197,0
0,-0.07389677995789401,0
0,-0.06323723898519945,0
0,0.026470276048069175,1
1,-0.04627362598453311,0
0,0.09721126296171889,1
0,-0.029642767265248227,0
0,-0.019992732393422752,0
1,-0.06802530440120985,0
0,0.13818311637003922,1
0,-0.06527895165993602,0
1,-0.007425683277582196,0
0,0.026470276048069175,1
0,0.026470276048069175,1
0,-0.053618244554898775,0
0,-0.06653984752916653,0
0,-0.0932875288422303,0
0,0.06731605964032117,1
0,-0.08396420542452132,0
0,-0.0038426346023416325,0
0,-0.0640939492791684,0
0,-0.06652116758024934,0
0,-0.0038426346023416325,0
0,-0.04762905326916711,0
0,-0.08207699465256424,0
0,-0.02508500236982808,0
0,-0.011125146867699554,0
0,-0.031640480843645624,0
0,-0.08121479346737492,0
0,-0.060252046234872514,0
0,-0.016235375829053933,0
1,-0.017623788684232145,0
0,-0.07494891094979717,0
0,-0.047132749772562765,0
0,-0.06339530198427484,0
0,-0.06506202017592072,0
0,-0.05655412080667038,0
1,-0.01684766364317286,0
0,-0.00928795812274591,0
0,-0.07191242714384283,0
0,-0.053615585805651456,0
0,-0.08035428119144788,0
0,0.1262938038417123,1
0,0.11116238115833188,1
0,-0.03618934956249287,0
0,-0.042678460527545814,0
1,-0.04258844320427957,0
0,-0.04487871964921941,0
0,-0.02574613675795112,0
0,0.13381750445632845,1
1,-0.019505963821408123,0
0,-0.0525322625697317,0
0,-0.0715081051255711,0
0,-0.026731749474464495,0
0,-0.08079703191600973,0
0,-0.04855594150678644,0
0,-0.04089415777358507,0
0,-0.06077302069884111,0
0,-0.06546068527902643,0
1,0.00034727729939088015,1
0,-0.05514223981210514,0
0,-0.046971922772701624,0
0,-0.03334355562774044,0
0,-0.08357321852536531,0
0,-0.08244530987307669,0
0,-0.038072748207773566,0
0,-0.028843204307135717,0
0,-0.05249528076657339,0
0,-0.05141922266414428,0
0,-0.07137218362295711,0
0,-0.07603751733788039,0
0,-0.0625848899282766,0
1,-0.017768194614598942,0
0,0.021005497458168154,1
0,0.1387590907459595,1
0,-0.09586405826955707,0
0,-0.0761298034280522,0
0,-0.054353631995124996,0
0,-0.05563549375825638,0
0,-0.07909720756736133,0
1,-0.09413996981558015,0
0,-0.06395513278087694,0
0,-0.05666426807483277,0
0,-0.07106335007819437,0
0,-0.010327918184917684,0
0,-0.08847287424398204,0
0,-0.08923176435505348,0
0,-0.040776995245593695,0
1,-0.007425683277582196,0
0,-0.0584524148136748,0
0,-0.07764709491171795,0
1,-0.01876606469855946,0
0,-0.023113705210526136,0
1,-0.05672499599047642,0
0,-0.06262136162693216,0
0,0.09721126296171889,1
0,-0.07134062024533983,0
0,0.024979432794092205,1
0,0.0667227158214837,1
0,0.09721126296171889,1
1,-0.01738808843901385,0
0,-0.014774963219047255,0
0,-0.07260930306545532,0
1,0.00034727729939088015,1
0,-0.024768027224067513,0
0,-0.043638644620520695,0
1,-0.06699446269718701,0
0,-0.07398582648657975,0
0,-0.05767787836088406,0
1,-0.01876606469855946,0
1,-0.040840554365408954,0
0,-0.08875698216276307,0
0,-0.049631942225456194,0
0,-0.042199313894445256,0
0,-0.03556081640851089,0
0,0.035289161509704514,1
0,0.111414400531199,1
1,-0.02006253071359887,0
0,-0.005094244069452802,0
0,-0.009768712752608322,0
0,-0.04873412908180852,0
0,-0.053590350860968916,0
0,-0.007268956978898011,0
0,-0.067194243903477,0
0,-0.07704095529587607,0
0,-0.05919384408640965,0
0,-0.037070018818069095,0
0,-0.05746396699374445,0
0,-0.014338390906727616,0
0,-0.02179492799113092,0
0,-0.05730938217403392,0
0,-0.047878299441940164,0
1,-0.01636851034352016,0
0,0.035289161509704514,1
0,-0.05302547002157115,0
0,-0.09380908178811048,0
0,-0.066027401999393,0
0,-0.04403790209389696,0
0,-0.05943331998812018,0
1,-0.020120122682346975,0
0,-0.04802279308402985,0
0,-0.0758231807114379,0
0,0.035289161509704514,1
0,0.026470276048069175,1
0,-0.09060773657461896,0
0,-0.05859848772799314,0
1,-0.01684766364317286,0
0,0.0027795311443006288,1
0,-0.04847139208241397,0
0,-0.044112350536775036,0
0,-0.04476404414539081,0
0,-0.015041743511990002,0
0,-0.09132532052123299,0
1,-0.019505963821408123,0
0,-0.05077868843509925,0
0,-0.07109217863444944,0
1,-0.01670935978797633,0
0,-0.0694184105929283,0
0,-0.07719944722779315,0
0,-0.023723413926524717,0
0,-0.06653703469753014,0
0,-0.07202869259818862,0
0,-0.08605880830699758,0
1,-0.01684766364317286,0
0,-0.05263316803995438,0
1,-0.017768194614598942,0
0,0.031598794038452116,1
1,-0.09048631251600492,0
1,-0.01670935978797633,0
0,-0.0796455984078831,0
0,0.02196104593235093,1
1,-0.015343559786735572,0
0,-0.0896574784164278,0
1,-0.07886277209417625,0
1,-0.05653017736820776,0
0,-0.05273572604185006,0
0,-0.023311684993359505,0
0,-0.07790824913856098,0
0,-0.08126293309193933,0
0,-0.06006450495078586,0
0,-0.012710999352762486,0
0,-0.07482563722537988,0
0,0.006778481640609013,1
0,-0.05233379525942922,0
1,-0.00938976112135892,0
0,0.001024966146185191,1
0,-0.011988098307536388,0
1,-0.017043261177559443,0
0,-0.07572348180860261,0
1,-0.01684766364317286,0
0,-0.08101829823195711,0
1,-0.015183828558617052,0
0,-0.06803844382589808,0
0,-0.06458210879444548,0
0,-0.025130308688092462,0
0,-0.07898116524327409,0
0,-0.05521758559829176,0
0,-0.05757480948699245,0
0,-0.025865676353941935,0
0,0.013552771301790667,1
0,-0.04835717038012555,0
0,-0.08578684412287318,0
0,-0.05233379525942922,0
0,-0.04023800571372327,0
0,-0.0779990133487602,0
0,-0.07908571586695323,0
1,0.01749291302135625,1
0,-0.061353793683035285,0
0,-0.05534193191597031,0
0,0.031598794038452116,1
0,-0.08107864728077424,0
0,0.035289161509704514,1
0,0.11116238115833188,1
0,-0.05391700275667394,0
1,0.02782179236835891,1
0,0.11116238115833188,1
0,-0.0550087424494794,0
0,-0.05010048737606404,0
0,-0.02401827746920865,0
0,0.1262938038417123,1
0,-0.04969084137291102,0
1,-0.015343559786735572,0
0,-0.05426850860369348,0
0,-0.018222522861265966,0
0,-0.06434201052310418,0
1,-0.06484179687045694,0
0,-0.06536809772967139,0
0,-0.07228126237622995,0
0,-0.01667561365351178,0
0,-0.07328524881464948,0
0,0.11116238115833188,1
0,-0.0795466086789226,0
0,-0.06252398547994031,0
0,-0.07514550180483154,0
0,-0.020589797802854304,0
0,-0.07851744049402509,0
0,-0.06546068527902643,0
0,-0.05465626147993369,0
1,-0.01148937182736015,0
0,-0.07502400951845739,0
1,-0.03845400284031503,0
1,-0.05101190661852989,0
0,-0.07228401610353707,0
0,-0.05787728737575659,0
0,0.06924907984804418,1
0,-0.06661163779886786,0
1,-0.05412298255252668,0
0,-0.04289289224678544,0
0,-0.03675932340743615,0
1,-0.018518095911605192,0
0,-0.07151501521986958,0
0,-0.01731274137617833,0
0,-0.05622148319701159,0
1,-0.034069338040792874,0
0,-0.016543440166769452,0
0,-0.057666841071482455,0
0,-0.06673045664855709,0
1,-0.009834764484795644,0
1,-0.05309701874712125,0
0,-0.04873412908180852,0
1,-0.012533536587400418,0
0,-0.05806188001856344,0
0,-0.10317820128606964,0
0,-0.05649937494659346,0
0,-0.03809543379564467,0
0,-0.07317661087537464,0
0,-0.07698760493772527,0
0,-0.0622903201940852,0
1,0.0012759091413324652,1
0,0.10308688881055217,1
0,0.02065598875990937,1
0,-0.060896893732835966,0
0,-0.02650145339153348,0
0,-0.07238611382545629,0
1,-0.019202241582551238,0
0,-0.012289983904071655,0
1,-0.05179494063641882,0
0,-0.06430523880491423,0
0,-0.07572985344243416,0
0,-0.04266377720616338,0
0,-0.055930435989838656,0
0,-0.0019431864216649108,0
0,-0.05655412080667027,0
0,-0.008314864501712427,0
0,-0.023664950881741975,0
0,0.07062097061829609,1
0,-0.0829723846591014,0
0,-0.012723255299484926,0
0,-0.04504483611871274,0
0,-0.06300820588294759,0
0,-0.0593892485405344,0
1,-0.01670935978797633,0
0,-0.0584573005941863,0
0,-0.06050961171271141,0
0,-0.02960248990308334,0
0,-0.07244796175051527,0
0,-0.07685367667508702,0
0,-0.04721262832030587,0
0,-0.02605459366882773,0
1,-0.02006253071359887,0
0,-0.06078232327769195,0
1,-0.01670935978797633,0
0,-0.056468173664214694,0
1,-0.02405563945820388,0
0,0.006778481640609013,1
0,-0.043712644613212115,0
0,0.006778481640609013,1
1,-0.0016902777551601744,0
0,-0.0142022773476701,0
0,-0.008385331264097184,0
0,-0.04818912579002205,0
0,-0.054353631995124996,0
0,-0.04327248054477195,0
0,-0.07610334006828345,0
0,-0.03368313224915914,0
0,-0.06721057805884778,0
0,-0.05629127456610783,0
0,-0.05141480268366139,0
0,-0.025086818708435266,0
0,-0.0013245842600370095,0
0,-0.07440986008011513,0
1,-0.07173640598495012,0
0,-0.07774526151166167,0
0,-0.07840031405088577,0
0,-0.08447849042216404,0
1,-0.01636851034352016,0
0,-0.08876066672268818,0
0,-0.07425167733666715,0
0,-0.042773036154080124,0
1,-0.051282754000487374,0
0,-0.05116614104754086,0
0,0.16608148388901844,1
0,-0.10067543896158443,0
0,-0.05233379525942922,0
0,0.0588091508691474,1
0,0.0286691546298119,1
0,-0.033721383272396654,0
0,-0.079595424722124,0
0,-0.049288712503845256,0
0,0.005100678801811642,1
0,-0.05385919714037812,0
0,0.111414400531199,1
0,-0.08199835571404046,0
0,0.08142577120382888,1
1,-0.07720834842262692,0
0,0.026470276048069175,1
1,-0.02996839396947476,0
0,-0.05958254287546172,0
0,-0.08242296921627207,0
0,-0.08086262007568351,0
0,-0.06081617647408377,0
0,-0.051259965828947485,0
0,-0.01838681606421949,0
0,-0.0038426346023416325,0
0,-0.07338038975923133,0
1,-0.013603213204861575,0
0,-0.08309211167361313,0
0,-0.03621067151769569,0
0,-0.054423121357559834,0
0,-0.08051889525557687,0
0,-0.07888309411188316,0
0,-0.035044260351256296,0
0,-0.06058794056623962,0
1,-0.015359966390029234,0
0,-0.08106095108854555,0
0,-0.059330692572804156,0
0,-0.08510700338564553,0
0,-0.0019184407752220745,0
0,-0.06383366320845107,0
0,-0.038391387437652025,0
0,-0.07661750614916218,0
1,-0.004078572357001875,0
0,-0.07460957269625784,0
0,-0.07903463890902906,0
0,-0.034946989114161886,0
0,-0.05725084682184761,0
0,-0.055685020805264884,0
0,-0.08197775659258999,0
0,-0.08121594675757715,0
0,-0.06101276861991278,0
0,-0.0638729171205129,0
1,-0.014926835742351319,0
0,-0.023112746856275068,0
0,0.004201023659992864,1
0,-0.006271851048355925,0
1,-0.006270324465430688,0
0,-0.011022633862019238,0
1,-0.04797745372591583,0
0,-0.04216895808384802,0
0,0.09721126296171889,1
0,-0.013233862983889122,0
0,-0.05603485596837987,0
0,-0.06382777996537342,0
1,-0.07816722468643167,0
0,0.08308540103845918,1
0,-0.07964304218212359,0
0,0.11116238115833188,1
0,-0.07302170790560358,0
0,-0.02608779119474436,0
0,-0.05141922266414428,0
1,-0.018518095911605192,0
0,-0.065487918986249,0
1,-0.0574256438355481,0
0,-0.07957685486137278,0
0,0.0588091508691474,1
0,-0.03324387942559909,0
0,-0.04595840213228758,0
1,-0.015359966390029234,0
0,0.16608148388901844,1
1,-0.0615971921488393,0
0,-0.06185795538366501,0
0,0.1262938038417123,1
1,-0.07734571981835497,0
0,-0.06446139099401177,0
0,-0.05576306632576494,0
0,-0.04842802242054656,0
0,-0.09257161210364484,0
0,-0.07981414713226459,0
0,-0.0640939492791684,0
1,0.00691523120852322,1
0,-0.0928671191617172,0
0,0.006778481640609013,1
0,0.0588091508691474,1
0,-0.056432902229193616,0
0,-0.07331438152996606,0
0,-0.06448295926899161,0
1,-0.012906365148818988,0
0,-0.06684385340804028,0
0,-0.05859848772799314,0
0,-0.05812619165387278,0
0,0.006778481640609013,1
0,0.14867795784492166,1
0,-0.04494231293051726,0
0,-0.082073493555893,0
0,0.05917051287817998,1
0,-0.04017664856906128,0
0,-0.06961185084445198,0
1,-0.01876606469855946,0
0,-0.07376235565539846,0
0,-0.045668619281010736,0
0,-0.08598392889332712,0
0,0.008119700210616365,1
0,0.09943438793460357,1
1,-0.01670935978797633,0
0,-0.04281919855767852,0
0,-0.08083062823756348,0
0,-0.07329399036295192,0
1,-0.06841368760142724,0
0,-0.07493444778379793,0
0,-0.007277328191899635,0
1,-0.015359966390029234,0
0,-0.024814829672204775,0
0,-0.05017671860245937,0
0,-0.08027322792732394,0
0,-0.0678678801073162,0
0,-0.05894477938994003,0
0,-0.05147717418633635,0
0,-0.06735581437371368,0
1,-0.007425683277582196,0
0,-0.09314791579722087,0
0,-0.07495055446287868,0
0,-0.049212933588486496,0
0,0.21835872012308,1
0,-0.07515401956555151,0
0,-0.04764864783637479,0
0,-0.0837016310755308,0
0,-0.1021057396246815,0
0,-0.0492283330944136,0
0,-0.07196157408536502,0
0,-0.0940014898080318,0
0,-0.087425658805722,0
0,-0.05622148319701159,0
1,-0.015343559786735572,0
0,-0.08093033595465593,0
0,-0.05522659847560363,0
0,-0.08915857568902513,0
1,-0.01670935978797633,0
1,0.01135047710115511,1
0,-0.053794043320215645,0
0,-0.014769931003952463,0
0,-0.03843896608105701,0
0,-0.08492726936232992,0
0,-0.08768718912259393,0
0,0.031598794038452116,1
0,-0.04318439743644081,0
0,-0.06579611713118477,0
0,-0.07486449706382875,0
0,-0.056323746909060945,0
0,0.2290927744294824,1
0,-0.10515816649578336,0
0,-0.05310384147091196,0
0,-0.006308518761362847,0
0,-0.05806188001856344,0
0,-0.07937808640674388,0
1,-0.018112772524855603,0
0,-0.08526076673452943,0
0,-0.05617976909431449,0
0,-0.05534272821836589,0
1,-0.018112772524855603,0
1,-0.018518095911605192,0
0,-0.07912168013049492,0
0,-0.0038426346023416325,0
0,-0.031935721049097254,0
0,-0.043961105981074444,0
0,-0.0706153385978926,0
1,-0.012755913413436404,0
0,-0.08453142957022847,0
0,-0.053556500665532414,0
1,0.002475620462117245,1
0,-0.07196853267291453,0
0,-0.05646892032986123,0
1,-0.012533536587400418,0
0,-0.07815650360887944,0
1,-0.015359966390029234,0
0,-0.07903834551741007,0
0,-0.06246277089584129,0
0,-0.06006450495078586,0
0,-0.0038426346023416325,0
1,-0.017043261177559443,0
1,-0.019505963821408123,0
0,-0.08519642569961156,0
1,-0.015343559786735572,0
1,-0.012906365148818988,0
0,-0.06847867107683603,0
0,-0.07773587689376288,0
0,-0.04374155563131338,0
0,0.1454821840900058,1
0,-0.07576776533028023,0
1,-0.05300440341156193,0
0,-0.05541802563186449,0
0,-0.07898442307668957,0
0,-0.1017604375052556,0
0,-0.05344233126052228,0
0,-0.04175231632585724,0
0,-0.1005691105896448,0
0,-0.026250038075185278,0
0,-0.05771828911154858,0
0,-0.07492924085976804,0
0,-0.04010639301997593,0
0,-0.042575309731181954,0
1,-0.01670935978797633,0
0,-0.07911076353533048,0
0,-0.08379920300350963,0
0,-0.07398569829645296,0
0,0.033309276566605095,1
0,-0.06526027048641048,0
0,-0.0699066223012566,0
0,0.031598794038452116,1
0,-0.03890044630308204,0
0,-0.03155916552952903,0
0,-0.02658939236447616,0
0,-0.030887176379408132,0
0,0.05546493755419368,1
0,-0.07970164124960771,0
1,-0.05243591386923585,0
0,-0.027137678537303755,0
0,-0.05672037481167175,0
0,0.09721126296171889,1
0,0.026470276048069175,1
1,-0.017768194614598942,0
0,-0.10137089719435727,0
1,0.09523815871883212,1
0,-0.06899317029353658,0
0,-0.04982460391653626,0
0,-0.03215389220671849,0
0,0.05917051287817998,1
0,-0.07333705572937321,0
0,-0.03690737419963508,0
0,-0.055009228954919054,0
0,-0.05046997374470291,0
0,-0.09222395362824226,0
0,-0.033721383272396654,0
0,0.1262938038417123,1
1,-0.012906365148818988,0
0,-0.06254444704239487,0
0,-0.04322620607680644,0
0,-0.06956668010972067,0
0,-0.08113209639806257,0
0,-0.06383366320845107,0
1,-0.01636851034352016,0
0,-0.057467538726357736,0
0,-0.0032808282895737118,0
0,-0.07612949236669059,0
0,0.1454821840900058,1
1,0.015830020202551087,1
0,0.1262938038417123,1
0,-0.024953964975100495,0
0,-0.07747010203019739,0
1,-0.012906365148818988,0
1,-0.059341079608864866,0
0,-0.040944340826964465,0
0,-0.0831453942309538,0
0,-0.05879230159674226,0
0,-0.0840402489040013,0
0,0.09715961197946377,1
0,-0.035041335028250686,0
0,-0.05642395977832115,0
1,-0.009834764484795644,0
0,-0.07624476626306187,0
0,0.09943438793460357,1
0,-0.053597024330275966,0
0,-0.015797824498334778,0
0,-0.0849988354431005,0
1,-0.017623788684232145,0
0,-0.07202437405660417,0
0,-0.05238868445812228,0
1,-0.07723540737225659,0
0,-0.031319215895692976,0
0,-0.037987808359070396,0
1,-0.06869040058006931,0
0,-0.050930693559258555,0
1,-0.019202241582551238,0
0,-0.06503221892737876,0
0,0.07622835275249151,1
0,-0.07728479023924006,0
0,-0.06820563206432079,0
0,-0.07885889273578439,0
0,0.13789532397168736,1
0,-0.03662148709454249,0
0,-0.03225083388081407,0
1,0.00868210125054425,1
0,-0.053590350860968916,0
1,-0.016764872256409713,0
0,-0.002160604811952904,0
0,-0.04261032855843472,0
0,-0.04845877924430114,0
0,-0.058936082692430725,0
0,-0.08106095108854555,0
0,-0.04570940942642571,0
1,-0.012533536587400418,0
0,-0.04759206094540547,0
0,-0.020893596691678396,0
0,-0.043047149660408845,0
0,-0.011623456410233823,0
1,-0.012906365148818988,0
0,-0.07559668023726362,0
0,-0.0534741992909728,0
0,-0.07955443553949254,0
1,-0.01738808843901385,0
0,-0.05270741571167542,0
0,-0.07590490623213147,0
1,-0.015359966390029234,0
0,-0.045840670850970155,0
0,-0.024045692611644853,0
0,0.026470276048069175,1
0,-0.035363601144015766,0
0,-0.05746013915398207,0
1,-0.015359966390029234,0
0,-0.05533306820575884,0
0,-0.0891777129784097,0
1,-0.01876606469855946,0
0,-0.07601004885714047,0
0,-0.05655412080667027,0
0,-0.05714026165588382,0
0,0.09721126296171889,1
0,-0.05438938423635692,0
1,-0.01876606469855946,0
0,0.035289161509704514,1
0,-0.07935533768241204,0
0,-0.06682129086845034,0
0,-0.05874946141328036,0
0,-0.08212586814896128,0
0,-0.044801000183205264,0
0,-0.05263316803995438,0
0,-0.057024531904957876,0
0,0.006778481640609013,1
0,-0.04331279897719115,0
0,-0.06474122978095836,0
0,-0.05068706721629207,0
0,-0.06281622191498587,0
0,-0.06948121974914118,0
0,-0.04584648853889067,0
0,-0.03986497292374097,0
0,-0.04999418316465959,0
0,0.05803571174326194,1
0,-0.084528505862483,0
0,-0.04077099158480724,0
0,-0.08710422934014111,0
0,-0.04242652821883902,0
0,-0.04687765667571869,0
0,0.04483180558630362,1
0,-0.03902068234416772,0
0,-0.02630279970988597,0
0,-0.032198361260092456,0
1,-0.07127138925071214,0
0,-0.08948709552289941,0
0,-0.06580919958691545,0
0,-0.08426107432003999,0
1,-0.012906365148818988,0
1,-0.018112772524855603,0
0,-0.0026539742902947916,0
0,-0.015817895456125886,0
0,0.04908518767790793,1
1,-0.012906365148818988,0
0,-0.03667635345056047,0
0,-0.0718803940348321,0
0,-0.07764744509642335,0
0,-0.03556972710436196,0
0,-0.0750307478365369,0
0,-0.057024531904957876,0
0,-0.003198837694573131,0
0,-0.07919242642676683,0
0,-0.08605337894525528,0
0,0.035289161509704514,1
0,-0.05991417713862729,0
0,-0.04909694090008204,0
1,-0.04645399100425379,0
0,-0.0778743544667364,0
0,-0.049124640705147604,0
0,0.13789532397168736,1
0,0.09721126296171889,1
0,-0.07285391832898908,0
0,-0.000947684680361105,0
1,-0.01636851034352016,0
0,-0.0757308060346164,0
0,-0.08822344866921905,0
0,-0.02596286254836816,0
0,-0.009008989672598111,0
0,-0.0637148781948148,0
0,-0.06567212703620412,0
0,0.16608148388901844,1
0,-0.06548155008386297,0
0,-0.044460569350383394,0
1,-0.028947516401480022,0
0,0.08516639620262945,1
0,-0.07236810800651239,0
0,-0.05874110637733715,0
0,-0.024087009730719533,0
1,-0.016764872256409713,0
0,0.09721126296171889,1
1,-0.08441311599248574,0
0,-0.06416774625414906,0
0,-0.0878620043895395,0
1,-0.048225163184517195,0
1,-0.01670935978797633,0
0,-0.09069150822327204,0
0,-0.05117109140802323,0
0,-0.08353775448280115,0
0,-0.07880361059265645,0
0,-0.05666893325700961,0
0,-0.023786192519641813,0
0,-0.0433576939337838,0
0,0.006778481640609013,1
0,-0.024834892617237203,0
0,-0.0600136237319388,0
0,-0.06042118790858736,0
0,-0.087204547888668,0
0,-0.046971593413850043,0
1,-0.014926835742351319,0
0,-0.0731486695943972,0
0,-0.04255945732747973,0
0,0.0006810584703936806,1
0,-0.0087775850748959,0
0,-0.05380201858181555,0
0,-0.06579611713118477,0
0,-0.04987711914855297,0
1,0.00034727729939088015,1
0,-0.06674991785050438,0
0,-0.04778768558481927,0
0,-0.06078591452371934,0
0,-0.05231974260294858,0
0,-0.04801591052593135,0
0,-0.07745817488435652,0
0,-0.06942427257802414,0
0,-0.05485282502593758,0
0,-0.05622635262435538,0
0,0.012611011129853078,1
0,-0.09945839340946111,0
0,0.05680307548830754,1
1,-0.027302494795124532,0
0,0.0588091508691474,1
0,-0.013728470013702698,0
0,-0.04867190523528553,0
0,-0.08263190213423327,0
0,-0.04698431274554454,0
0,-0.06352542654072152,0
1,-0.05496214068728872,0
1,-0.015359966390029234,0
0,-0.06450010470362538,0
0,-0.039551357685804645,0
0,-0.0764453117839538,0
0,-0.045244659212192895,0
0,-0.04630734423185856,0
0,-0.010551921138876541,0
0,-0.04747655354827751,0
0,-0.013754463877203915,0
1,-0.012906365148818988,0
0,-0.05812619165387278,0
0,-0.029711663987485648,0
0,0.043020793491900355,1
0,-0.07531400677848366,0
0,-0.04357931039631657,0
0,-0.02744068557438306,0
1,0.00034727729939088015,1
0,-0.03407499421135618,0
0,-0.04348846812850443,0
0,-0.08079703191600973,0
1,-0.027546437047203998,0
0,-0.08637025568969314,0
0,-0.05767616196452818,0
0,-0.0697633121829806,0
0,-0.011184327213284162,0
0,-0.008298632493926816,0
1,-0.01876606469855946,0
0,-0.014926163607841825,0
0,-0.08339285884671283,0
0,0.026470276048069175,1
0,-0.07807321968131337,0
0,-0.07415738522950766,0
0,-0.06256836286498685,0
1,-0.027455745903905537,0
0,-0.08930296785024144,0
0,-0.08671419202159769,0
0,-0.08400967516983504,0
1,-0.027974735343929802,0
1,-0.03007846528958158,0
0,-0.018273112930205726,0
0,-0.059354899092797064,0
0,-0.07540415708055381,0
0,-0.05141922266414428,0
0,-0.00898138639683893,0
0,-0.07076706975464869,0
0,0.06945353404841603,1
1,-0.01876606469855946,0
1,-0.018518095911605192,0
0,-0.0784084925667961,0
1,-0.011874413339566237,0
0,-0.045685172653144535,0
0,0.11823539363750624,1
0,-0.07346232507951717,0
0,0.06308062553177762,1
0,0.0608254288926372,1
0,-0.004969390021780762,0
1,-0.012906365148818988,0
1,-0.01636851034352016,0
0,0.031598794038452116,1
1,-0.01684766364317286,0
0,-0.02081428805769403,0
1,-0.017966795436318628,0
0,-0.05337348351888549,0
1,-0.01670935978797633,0
0,-0.04947689100118596,0
1,-0.01670935978797633,0
1,-0.01636851034352016,0
0,-0.06737937454547116,0
1,-0.047064459748956955,0
0,0.031598794038452116,1
0,-0.018303520336908297,0
0,-0.055685020805264884,0
0,-0.07517253934680923,0
0,-0.0845833208600254,0
0,-0.06290307331244188,0
1,-0.019202241582551238,0
0,-0.05394007468873513,0
0,-0.07779745212511396,0
0,-0.10071524925067449,0
1,-0.01742649311894734,0
0,-0.09778192070867775,0
1,-0.015183828558617052,0
0,-0.10205690624480923,0
1,-0.026261153788447955,0
1,-0.015183828558617052,0
0,-0.0991898056884214,0
1,-0.0357591613277623,0
0,-0.05859848772799314,0
0,-0.06824757092978045,0
0,-0.056908157865319664,0
1,-0.019505963821408123,0
0,-0.06367852691090636,0
0,-0.05931247267647499,0
0,-0.0038426346023416325,0
0,0.035289161509704514,1
0,-0.0794054572204917,0
0,-0.04605414557887888,0
0,-0.05716445185739072,0
0,-0.07621420179504901,0
0,0.0863932850922402,1
0,-0.07643669552136101,0
0,0.035289161509704514,1
0,-0.04708377128232305,0
1,-0.016764872256409713,0
0,-0.07740088228165154,0
0,-0.07259060063096812,0
0,-0.08253220380156312,0
0,-0.0757627066371499,0
0,-0.08260533514518037,0
0,-0.07575846818450699,0
0,-0.05521898594028868,0
0,-0.07950251551531218,0
0,-0.06271818299458487,0
0,-0.03405854826654575,0
1,-0.019202241582551238,0
0,-0.08241578228001278,0
1,-0.01670935978797633,0
0,-0.060347349902606706,0
0,-0.04222312566784897,0
0,-0.06513131906380981,0
0,-0.07683270661687713,0
0,-0.09128537490754118,0
0,-0.07617815972479164,0
0,-0.07168798365746959,0
0,0.026470276048069175,1
0,-0.0812728101271073,0
0,-0.038163017017100176,0
0,-0.0022355263256713664,0
0,-0.08668079441061649,0
0,-0.08095843162564648,0
0,-0.006086520381688776,0
1,-0.02578292850292907,0
0,-0.07106857385150916,0
1,-0.01670935978797633,0
0,-0.08280052163303886,0
0,0.12594821929593436,1
0,-0.06820662774622493,0
0,-0.05655087590026131,0
0,-0.07206120918752529,0
0,-0.01612006156044693,0
0,-0.08203459567639854,0
1,-0.009834764484795644,0
0,-0.02228471948438021,0
0,-0.05038518647726675,0
1,-0.018518095911605192,0
0,-0.05414126618012355,0
1,-0.016764872256409713,0
0,-0.030662666333717947,0
0,-0.04299552185618316,0
0,-0.06597316604472453,0
0,-0.07845874630452032,0
0,0.07783194178031416,1
1,-0.017768194614598942,0
0,-0.05010048737606404,0
0,-0.06209475314767188,0
0,-0.0038426346023416325,0
0,-0.05263896523563644,0
1,-0.01670935978797633,0
0,-0.05518378877078084,0
0,-0.09746942915481538,0
0,-0.07805623220802704,0
0,-0.039886374092181265,0
0,-0.06546068527902643,0
0,-0.08140081516996872,0
0,-0.052286810823325314,0
0,0.013552771301790667,1
0,-0.08275348804688537,0
0,-0.028644824745826136,0
0,-0.004037472527429087,0
0,0.026470276048069175,1
1,-0.01358177589765397,0
0,-0.07938797145765375,0
0,-0.04778768558481927,0
0,-0.0038426346023416325,0
1,-0.012906365148818988,0
0,-0.0545462972208684,0
0,-0.06840910372767056,0
0,-0.0706116051614295,0
0,-0.015743514989122853,0
0,-0.08089173895401142,0
1,-0.0003135856288598027,0
0,-0.04017664856906128,0
0,-0.07658013544829767,0
0,-0.07854505385234378,0
0,-0.0799789023699573,0
1,-0.016673377391415112,0
0,-0.08079703191600973,0
0,0.0877726593123388,1
0,-0.07699956250984319,0
0,-0.027021618836158334,0
1,-0.0900141815958902,0
0,-0.06532631721768734,0
0,-0.006987805778810419,0
0,-0.08783196597496273,0
0,-0.08475583319873653,0
0,-0.05612434923850573,0
0,-0.03797039756593745,0
1,-0.008844257914785048,0
0,-0.06663654866765983,0
1,0.003770408215586607,1
1,-0.025946931195581335,0
0,0.11823539363750624,1
1,-0.015819445092726203,0
0,0.07765514713652855,1
0,-0.07556541100245046,0
0,-0.08412940248170792,0
0,-0.06188120674362735,0
0,-0.05568853088202014,0
0,-0.0639487931765953,0
0,0.018961472557766035,1
1,-0.03147156595231593,0
0,-0.023443612260880597,0
0,-0.058687875012003565,0
0,-0.04357931039631657,0
0,-0.08946567401680955,0
0,-0.029357302367818083,0
0,-0.07654291433144877,0
0,-0.05889441004963131,0
0,-0.09059767963227527,0
0,0.1454821840900058,1
1,-0.013532045090530076,0
1,-0.0739290952043753,0
1,-0.015359966390029234,0
0,-0.04374155563131338,0
0,-0.05365116508036383,0
0,-0.05182968003667621,0
0,-0.047125230528387574,0
0,-0.08128894267677322,0
0,-0.045376853180826904,0
0,0.006778481640609013,1
0,-0.07247167405962862,0
0,-0.04247213566872221,0
0,-0.03361621216959143,0
0,-0.09303886111999693,0
1,-0.015359966390029234,0
0,-0.08195596365712376,0
0,-0.05121684128131776,0
0,-0.08079703191600973,0
0,-0.02240204107389515,0
0,0.035289161509704514,1
0,-0.0038426346023416325,0
0,-0.08122290282453193,0
0,0.0588091508691474,1
0,0.006778481640609013,1
0,-0.05988094012989886,0
0,-0.044155154026783605,0
0,-0.07621035687790073,0
0,0.08857235320643408,1
0,-0.08236007523583666,0
0,-0.029836486208377422,0
0,-0.054419048352982446,0
0,-0.053991993198321375,0
0,0.0588091508691474,1
0,0.0588091508691474,1
0,0.08382578931377227,1
0,-0.06583244159339197,0
1,-0.018127084783843006,0
0,-0.05335798314599682,0
1,-0.015359966390029234,0
0,-0.07572763996203391,0
0,-0.04220836567869335,0
1,-0.01636851034352016,0
0,-0.08278903616733119,0
0,-0.0564252591471921,0
0,-0.06568263727599849,0
0,-0.06954122323575407,0
0,-0.06541630169224733,0
0,-0.0709683512343191,0
0,-0.06093605508492994,0
0,-0.045370320295517574,0
1,-0.007425683277582196,0
0,-0.08198501272525122,0
1,-0.015359966390029234,0
0,-0.06844772013469075,0
0,-0.0351623132503206,0
1,-0.019202241582551238,0
0,-0.07055168880594925,0
0,-0.03382844227296494,0
0,-0.05594235122824348,0
0,-0.05912453788341793,0
0,-0.08769149342490062,0
0,-0.0548084672367643,0
1,-0.015343559786735572,0
0,-0.06409609576304914,0
0,0.09721126296171889,1
1,-0.05584801451854138,0
0,-0.05419518286907016,0
0,-0.07464054594012676,0
0,-0.05564928897445903,0
0,-0.059347120904658934,0
0,-0.037159274048393975,0
0,-0.053308115085700714,0
0,-0.06921031710419684,0
1,-0.02783589002602771,0
0,-0.05125582881975538,0
0,-0.05499011573215418,0
0,-0.046850257569143405,0
1,-0.015359966390029234,0
0,-0.0559759731845364,0
0,-0.08194303688782795,0
0,-0.06061941853762065,0
0,-0.04722075496147643,0
0,-0.07719159786106383,0
1,-0.03893742852653781,0
0,-0.07819602207723475,0
0,-0.052221193617830064,0
0,-0.08047955755622366,0
0,-0.08751847140595748,0
1,-0.01876606469855946,0
0,-0.07047721558932096,0
0,-0.060955491285814845,0
0,-0.03858380927919136,0
1,-0.08808964488537391,0
0,-0.07613643354907851,0
0,-0.07410968564138842,0
0,0.0010833623753260246,1
0,-0.07235239204921878,0
0,-0.051199196878333186,0
1,-0.015359966390029234,0
0,-0.06890171801723594,0
0,-0.07110864331547256,0
0,-0.04692133331207726,0
0,0.04499732015715274,1
1,-0.02742428571549621,0
0,-0.04673876646148761,0
0,-0.027966298337627926,0
0,-0.04302788388553941,0
0,-0.023677080998156408,0
1,-0.03717050577637193,0
0,0.026470276048069175,1
0,-0.04172482423255203,0
0,-0.06597316604472453,0
0,-0.04457222576725822,0
0,-0.005615559593757535,0
0,-0.06423919302913539,0
0,-0.07734073759406679,0
0,-0.05544220379636561,0
1,-0.019202241582551238,0
0,-0.06416774625414906,0
0,-0.05247712543353228,0
0,-0.06634807954642291,0
0,-0.06311625413950839,0
1,-0.012533536587400418,0
0,-0.0064893031750609675,0
0,-0.041149223637689136,0
1,-0.01636851034352016,0
0,-0.05309698797390344,0
0,-0.09244962064316281,0
0,-0.06509997884132324,0
0,-0.0789893652787223,0
0,-0.0835202512993028,0
0,0.11116238115833188,1
0,-0.0773033785316799,0
0,-0.10199187025085887,0
0,0.05376500316295563,1
1,-0.017768194614598942,0
0,-0.05435364426776379,0
0,-0.05570385791531446,0
0,-0.04105952847259625,0
1,-0.051169101790212224,0
0,-0.054160947810490134,0
0,-0.04347395816663463,0
0,-0.0550087424494794,0
0,-0.03832188831106281,0
0,0.0034851675843818875,1
1,-0.033309480697783056,0
0,-0.03845342334280821,0
0,-0.0767528471109794,0
0,-0.07594656962492075,0
0,-0.06424371967293624,0
0,-0.08744172969790909,0
0,-0.050585722794844745,0
0,-0.0915960769294456,0
0,-0.06563608406198623,0
0,-0.07448299923486684,0
1,-0.015359966390029234,0
0,-0.04351472004022444,0
0,-0.08773999063639903,0
0,-0.04873412908180852,0
1,-0.04052846177292602,0
0,-0.0534894830336341,0
0,-0.07119614142551123,0
0,-0.06557795230659991,0
1,-0.05807164430279882,0
0,-0.08098415780801366,0
0,0.006778481640609013,1
0,-0.07048732517177381,0
0,-0.06125465362086091,0
0,-0.06004925846885034,0
0,-0.07262527665896296,0
0,-0.004997747336164204,0
0,-0.05371189242544161,0
0,-0.07888382855352843,0
1,-0.01876606469855946,0
0,-0.07438612209753154,0
0,-0.008794885482311388,0
1,-0.017623788684232145,0
0,-0.0830373155143817,0
0,0.11116238115833188,1
0,-0.0798200645747485,0
0,-0.07019160228958826,0
0,-0.10129286243702951,0
0,-0.067194243903477,0
0,-0.0857929665101193,0
0,-0.05239691173084593,0
0,-0.08173367002191217,0
0,-0.07870996453496765,0
0,-0.010080640954628128,0
0,-0.06818486682441777,0
0,-0.05160190118186503,0
0,0.12594821929593436,1
0,-0.03974620701728687,0
0,-0.01929721308081861,0
0,-0.07721409425124198,0
0,-0.08288457667962035,0
1,-0.015359966390029234,0
0,-0.05516298292062005,0
1,-0.02006253071359887,0
0,-0.057024531904957876,0
0,-0.08047822970278529,0
0,-0.05444520464063718,0
1,-0.01684766364317286,0
0,-0.07558225141443686,0
0,-0.05993559735290915,0
0,-0.07359897943586852,0
0,0.02196104593235093,1
0,0.041451446717275076,1
0,-0.07827558759142939,0
1,-0.05527768602809496,0
0,0.004214719958128055,1
0,-0.010638606377323168,0
0,-0.04353913949633237,0
0,-0.07152048009915812,0
1,-0.01876606469855946,0
0,-0.05121684128131776,0
0,-0.0038426346023416325,0
0,-0.08679026211671387,0
0,-0.05046997374470291,0
0,0.0588091508691474,1
1,-0.005948786634507541,0
0,-0.036806489823004274,0
0,-0.08907543897092768,0
0,-0.06155156110709381,0
0,-0.05655412080667027,0
0,-0.03920212983868454,0
1,-0.06640212483650554,0
0,-0.0773971225436656,0
0,-0.07126880245989481,0
0,-0.0598217505248288,0
0,-0.09211812043604828,0
1,-0.02757467971958455,0
0,0.023594263954135553,1
0,-0.069223308723525,0
0,-0.08760423878399443,0
0,-0.08093299193552606,0
0,-0.03867747376466685,0
0,-0.0494666079346604,0
1,-0.015559958873754831,0
0,-0.06252398547994031,0
1,-0.017768194614598942,0
0,-0.08643028975585737,0
0,-0.0076078108719424,0
0,-0.08882300892750389,0
0,-0.08171120133901122,0
0,-0.04731221449352069,0
0,-0.0846347032932222,0
0,-0.08431309564104783,0
0,-0.06553993883278003,0
1,-0.0409915228029184,0
0,-0.05173622113093562,0
0,-0.0615273822365332,0
0,-0.05075836561632813,0
0,-0.05869820328949166,0
0,-0.029760022407499753,0
1,-0.017043261177559443,0
0,-0.013028100652393237,0
0,-0.07563247322220018,0
0,-0.07846467717212091,0
0,-0.07887192587587283,0
0,-0.05333183264253377,0
0,-0.056886498457869306,0
0,-0.06891759989732676,0
0,0.035289161509704514,1
0,0.14867795784492166,1
0,-0.06343419969957587,0
0,-0.06293996741205055,0
0,0.013552771301790667,1
0,-0.08568957036115937,0
0,-0.08642860972861627,0
0,-0.07616252582100008,0
0,-0.034522848082857494,0
0,-0.05979330070401584,0
0,-0.02119031794888826,0
0,0.035289161509704514,1
0,-0.08717762903845,0
0,-0.03909930653984739,0
0,-0.0867051319671423,0
1,-0.030106198211775792,0
0,-0.08116412304297305,0
0,-0.05887486751880322,0
0,-0.056682984749322596,0
0,-0.0554250449000413,0
0,-0.08708727019922308,0
0,-0.07607203906706972,0
0,-0.08356126770579964,0
1,-0.02006253071359887,0
0,-0.07154814995450548,0
0,-0.04692133331207726,0
1,-0.01644592340899681,0
1,-0.017043261177559443,0
1,-0.015359966390029234,0
0,-0.04541728167530923,0
0,-0.08595612949012027,0
0,-0.06840679227138552,0
0,-0.05438938423635692,0
0,0.02196104593235093,1
1,-0.022868805547420656,0
1,-0.015359966390029234,0
0,-0.05297778784363272,0
0,-0.07916772256141569,0
0,-0.08147048787339373,0
1,-0.015359966390029234,0
0,-0.07560253064509842,0
1,-0.007425683277582196,0
0,-0.07044387896696497,0
0,-0.053590350860968916,0
1,-0.007425683277582196,0
0,-0.08113779820906442,0
1,-0.02745717967474992,0
1,-0.01699359927131161,0
0,-0.0727626548734217,0
0,-0.07979721573858817,0
0,-0.07054192084226957,0
0,-0.07546956947303157,0
0,-0.08176702662580054,0
0,-0.011470947036059442,0
0,-0.08899119185774451,0
0,-0.0038426346023416325,0
0,-0.03979341207468279,0
0,-0.05905666376812707,0
0,-0.06574203855492183,0
0,0.1454821840900058,1
0,-0.0609964801245339,0
0,-0.010300320678648944,0
0,-0.07267967464096031,0
0,-0.08536900397560532,0
0,-0.007954087306164592,0
0,-0.04600482046683568,0
1,-0.01670935978797633,0
0,-0.06876598330384803,0
0,-0.042293882240071135,0
0,0.16608148388901844,1
0,-0.0559759731845364,0
0,0.22039986166027337,1
0,-0.05442730261544826,0
0,-0.056400661348016135,0
0,-0.05834550319110887,0
0,0.09943438793460357,1
1,-0.019505963821408123,0
0,-0.08030858199389107,0
0,-0.07964304218212359,0
0,-0.08740254788950036,0
1,-0.01684766364317286,0
0,-0.015182866526189331,0
0,-0.07414070360298669,0
0,-0.014800794991839838,0
1,-0.08470545080510683,0
0,0.0588091508691474,1
0,-0.06286425989378597,0
0,-0.0032742793600652464,0
0,-0.06179495534281393,0
0,-0.09915087272759548,0
0,-0.04346202294881457,0
1,-0.015359966390029234,0
0,-0.08256482899145057,0
0,-0.05530803959052716,0
0,-0.07377041785357391,0
1,-0.015359966390029234,0
0,0.09721126296171889,1
0,-0.01657561652285494,0
1,-0.018448207554442375,0
0,-0.07865830863941908,0
0,-0.05614509836379522,0
0,-0.09732576305172275,0
0,-0.05909030372462126,0
1,-0.022843314040719986,0
0,-0.04673876646148761,0
0,-0.06946351380698773,0
0,-0.0714992589557098,0
0,-0.0758689727791147,0
0,-0.09209839159745137,0
0,-0.047227776458299786,0
0,-0.07497591256703856,0
0,-0.015370979361294335,0
0,-0.0645901107157954,0
0,-0.04348846812850443,0
1,-0.012906365148818988,0
0,-0.07141710758356745,0
0,-0.05157846675302341,0
0,-0.04348846812850443,0
0,-0.0803386028196697,0
1,-0.05666583931281566,0
0,-0.08079703191600973,0
0,-0.04010639301997593,0
0,0.035289161509704514,1
0,-0.03237494017660014,0
1,-0.015183828558617052,0
0,-0.07941879752981695,0
0,-0.06202801409304831,0
0,-0.06636757398153076,0
1,-0.013414130836250093,0
0,0.09943438793460357,1
0,-0.05454036429242709,0
0,-0.08247854428020102,0
0,-0.07527728568988279,0
0,-0.01067302629642991,0
0,-0.05516298292062005,0
0,-0.02989143714289172,0
1,-0.015359966390029234,0
0,-0.08685482831440505,0
1,-0.015183828558617052,0
0,0.035289161509704514,1
0,-0.02554112973484096,0
0,-0.10079311711696759,0
0,-0.032495417384022396,0
0,-0.05894477938994003,0
0,-0.044009523160332575,0
0,-0.07039459442955032,0
0,-0.08598709725856984,0
0,-0.07480336751888722,0
0,-0.039369990260704424,0
1,-0.015359966390029234,0
0,-0.07525650144931323,0
0,-0.04927323065528777,0
0,-0.0038426346023416325,0
0,-0.05626969408524968,0
0,-0.04346282746162761,0
0,-0.06926331485361015,0
0,-0.08120171704988327,0
0,-0.0559759731845364,0
0,0.16608148388901844,1
0,-0.10095830187981109,0
0,-0.016832800097518252,0
1,-0.017768194614598942,0
0,-0.0838429858453682,0
0,-0.056568938070602814,0
0,-0.02742231167014353,0
0,-0.05628674649013432,0
0,0.16608148388901844,1
0,-0.07646481479756562,0
0,-0.06447626832003567,0
0,-0.09254339200405459,0
1,-0.015359966390029234,0
1,-0.015359966390029234,0
0,-0.06462789886629677,0
0,-0.05273572604185006,0
1,-0.019505963821408123,0
0,0.006778481640609013,1
0,-0.055290788365681465,0
0,-0.07398198081897417,0
0,-0.06434198417044268,0
0,-0.05320877353255171,0
0,-0.0599241802086628,0
0,-0.08864237364778443,0
0,-0.08474516285263722,0
0,-0.05318953115172437,0
0,0.08234362561087993,1
1,-0.01636851034352016,0
0,0.11823539363750624,1
0,-0.0838985805703667,0
0,-0.09493287093789277,0
0,0.006778481640609013,1
0,0.035289161509704514,1
0,0.07808982452023949,1
0,-0.05396636126532817,0
0,-0.043305833721914155,0
1,0.0026748269338222608,1
0,-0.07524636358002051,0
0,-0.05583164131913532,0
0,0.1454821840900058,1
0,-0.06221607331606821,0
0,-0.07526794129650716,0
0,-0.015126603354731039,0
0,-0.07276286496087814,0
0,-0.07489237450624092,0
0,-0.05820612816537224,0
0,-0.0005950122643589295,0
0,-0.03867747376466685,0
0,-0.07276354660464124,0
1,-0.015359966390029234,0
0,-0.06297268583259041,0
0,0.1387590907459595,1
0,-0.08767905240562407,0
1,-0.010262749687056205,0
0,0.2290927744294824,1
0,-0.0845454583614687,0
0,0.16608148388901844,1
0,-0.10142030472469449,0
0,-0.08584476025812998,0
0,-0.07523662770877293,0
0,-0.05010048737606404,0
0,-0.04296417289079413,0
1,-0.03242008042432315,0
1,-0.018518095911605192,0
0,-0.10487816708893632,0
0,-0.04530040566019794,0
0,-0.02238697940327855,0
0,-0.07502400951845739,0
0,-0.07384837912659359,0
0,-0.08167196077341293,0
0,-0.05905666376812707,0
1,-0.017623788684232145,0
0,0.09943438793460357,1
0,-0.07853097669040837,0
0,-0.024835163123460846,0
0,-0.07713041613608212,0
0,-0.08787370578905623,0
0,-0.05735068823555195,0
1,-0.01738808843901385,0
0,-0.059736258760047456,0
0,-0.08668430049590381,0
0,-0.05233038334519324,0
0,0.12594821929593436,1
0,-0.059635076561783296,0
0,-0.08061783833092889,0
0,0.08684870627661523,1
0,-0.0038426346023416325,0
0,-0.07508938573247692,0
0,-0.05806842412078339,0
0,-0.019638755844998246,0
0,-0.055290788365681465,0
1,0.007972038239478674,1
0,-0.07910000696778308,0
0,-0.09113648356820025,0
0,-0.09916780931002561,0
0,-0.08956641054916059,0
0,-0.08732940760038882,0
0,-0.0737043235730494,0
0,-0.07124283458196073,0
0,-0.010421994344051555,0
0,-0.047587238520430564,0
0,-0.07548963983705381,0
0,0.1262938038417123,1
0,-0.08177326783870603,0
0,-0.05327284728083587,0
1,0.012484243277059992,1
0,-0.061663641410605485,0
0,-0.08019489943153302,0
0,-0.057465127420598006,0
0,-0.07503614621400523,0
0,-0.08425091464100698,0
0,-0.045690713047749854,0
0,-0.06200292088287629,0
1,-0.006270324465430688,0
0,-0.0761651812910007,0
0,-0.055907942152411794,0
1,-0.015183828558617052,0
1,-0.018112772524855603,0
0,0.035289161509704514,1
0,-0.05918104545492542,0
0,0.11116238115833188,1
0,-0.07631981566864404,0
0,-0.03738963292782532,0
0,0.11116238115833188,1
1,-0.015710236132483013,0
0,-0.0534741992909728,0
0,0.16608148388901844,1
0,-0.05539887229209117,0
1,-0.019202241582551238,0
0,-0.059103335399146084,0
0,-0.07640841331798182,0
0,-0.06566754631224653,0
0,-0.051243687861585674,0
0,-0.08302165579493992,0
0,0.031598794038452116,1
0,-0.07917361786846683,0
0,-0.07914548217711542,0
0,-0.017370257920553134,0
0,-0.07675929646499524,0
0,-0.07076753574598166,0
0,-0.07725419984463766,0
0,-0.05869820328949166,0
0,-0.03257245487373589,0
1,-0.015359966390029234,0
1,-0.01684766364317286,0
0,-0.08833812463226431,0
1,-0.01876606469855946,0
0,-0.05359169009617876,0
0,-0.0698293456787934,0
1,-0.02054308968868962,0
0,-0.05541802563186449,0
0,-0.0038426346023416325,0
0,-0.03477698923742595,0
0,-0.02347202782325597,0
0,0.05841831707998035,1
0,-0.0608216921487984,0
0,-0.0527340507556564,0
0,-0.04692133331207726,0
1,-0.00019622769989091626,0
0,-0.07496176618514311,0
0,-0.07627960891708413,0
0,-0.05783730480421556,0
0,-0.05694393993655322,0
0,-0.021131326705432496,0
0,-0.06222552011444232,0
0,-0.07780899847385525,0
1,-0.01684766364317286,0
0,-0.06257700093558216,0
0,-0.015304554091706113,0
0,-0.045010871780150064,0
1,-0.018112772524855603,0
0,-0.05570461297555834,0
0,-0.07423860741545313,0
0,-0.0775504730494504,0
0,-0.08001806102323833,0
0,-0.05905666376812707,0
0,-0.05325061209209525,0
1,-0.015343559786735572,0
0,-0.008998599652657202,0
0,-0.054167502736082174,0
0,-0.07026101805074164,0
0,-0.07637475872874833,0
0,-0.0767239194829325,0
0,-0.04348846812850443,0
0,-0.027969160760911105,0
0,-0.0890802571219863,0
0,0.1454821840900058,1
0,-0.0038426346023416325,0
0,-0.022220555140368525,0
0,-0.006758744940394468,0
0,-0.07666764028922135,0
0,-0.05649937494659346,0
0,-0.08110058071704057,0
0,0.09721126296171889,1
0,-0.059354899092797064,0
0,-0.0773570156235851,0
0,-0.020443046895597783,0
0,-0.0548228745450301,0
0,-0.04253127942989482,0
1,-0.0639070509896501,0
0,-0.055009228954919054,0
1,-0.049482317927192265,0
0,0.09943438793460357,1
0,-0.04685535373142852,0
0,0.035289161509704514,1
0,-0.08311365077806371,0
1,-0.04476177464593428,0
0,-0.090093042462009,0
0,-0.07746154840342617,0
1,-0.017768194614598942,0
0,-0.08038013235026648,0
0,0.11116238115833188,1
0,-0.04816847441400757,0
0,-0.0701084377781917,0
0,-0.08450034182297173,0
1,-0.01876606469855946,0
0,-0.07860279630709599,0
0,0.08407404045311306,1
0,0.1454821840900058,1
0,-0.050693707801177657,0
1,-0.043549383579188194,0
0,-0.0728642271515092,0
1,-0.01670935978797633,0
0,-0.053168124141022954,0
0,-0.0038426346023416325,0
0,-0.04115433109450606,0
1,-0.015183828558617052,0
0,0.11116238115833188,1
0,0.006778481640609013,1
0,-0.053590350860968916,0
0,-0.028396422725325943,0
0,-0.07905316062960083,0
0,0.0588091508691474,1
0,-0.032237625580585294,0
1,-0.01684766364317286,0
0,-0.07177636780494195,0
0,-0.061206585173553374,0
0,-0.052987269375301516,0
0,-0.04177927818649818,0
0,0.03321322931981685,1
0,0.0019539457008478367,1
0,-0.025266408864057843,0
0,-0.07964304218212359,0
1,-0.015183828558617052,0
0,-0.025432857517540486,0
1,-0.03174424979938634,0
0,-0.07585352353182495,0
0,-0.05511023600052062,0
1,-0.015666438022868323,0
0,-0.060980629326287006,0
0,-0.0717370743709631,0
1,-0.036093718203577096,0
0,-0.08160242692844366,0
1,-0.013414130836250093,0
1,-0.007425683277582196,0
1,-0.01670935978797633,0
0,-0.007044550387137527,0
1,-0.01636851034352016,0
0,-0.019406847269609562,0
1,-0.01876606469855946,0
0,0.11116238115833188,1
1,-0.015183828558617052,0
0,0.1454821840900058,1
0,-0.02348595950801613,0
0,-0.0376145391309291,0
0,-0.07507751547400449,0
0,0.035289161509704514,1
0,0.0588091508691474,1
1,-0.015183828558617052,0
1,-0.012906365148818988,0
0,0.026470276048069175,1
0,-0.009847785677850995,0
0,-0.05812619165387278,0
0,-0.04006888860736457,0
0,-0.05300583550522331,0
0,-0.052366534344976956,0
0,-0.054401235047559504,0
0,0.052934277441876065,1
0,-0.08706390090501681,0
0,-0.06115470947754359,0
0,-0.03823211115154096,0
0,-0.05072052209478439,0
0,-0.08174260651648024,0
0,-0.08229033200079428,0
1,-0.018518095911605192,0
0,-0.05900555273474739,0
0,-0.015244833247001544,0
0,-0.05078088515288054,0
0,-0.012963145789532116,0
0,-0.056399341515596835,0
0,-0.07073951719482702,0
0,-0.07315658346227216,0
0,-0.008089196978966151,0
0,-0.04222781193722036,0
0,-0.03357668433808725,0
1,-0.025353876713489376,0
0,-0.043329210093869086,0
0,-0.06051419880757375,0
0,-0.08194066756569307,0
0,-0.05068706721629207,0
0,-0.060980629326287006,0
0,-0.0852826970952858,0
0,-0.0731201506183109,0
1,-0.018518095911605192,0
0,0.09721126296171889,1
0,-0.07430638870466916,0
1,0.00034727729939088015,1
0,-0.08107864728077424,0
0,-0.0328648436336581,0
0,-0.07942842697972136,0
0,-0.05948320486595671,0
1,-0.015359966390029234,0
0,-0.010040670796232998,0
1,-0.018518095911605192,0
0,-0.07972840851059665,0
0,-0.015226691932701764,0
0,-0.05968150408641015,0
1,-0.012533536587400418,0
0,-0.006249779868768401,0
0,-0.08240774593364947,0
0,-0.08154226518152402,0
0,-0.04996140777676311,0
0,-0.015177472162025585,0
1,-0.03148465859105665,0
0,-0.07579297910612198,0
0,-0.008586275999064974,0
0,-0.07296372526735839,0
1,-0.017768194614598942,0
0,-0.07763062653508557,0
0,0.11116238115833188,1
0,-0.09507866818829708,0
0,-0.08218312517454196,0
0,-0.0780232392638493,0
0,-0.02103684809204287,0
0,-0.031723402460355155,0
0,-0.03924867958396566,0
0,-0.07978741468629147,0
0,-0.0658404387617269,0
0,-0.05371189242544161,0
0,-0.058936577792229716,0
0,-0.01536324641181569,0
0,-0.0792390278172409,0
0,-0.07151827452929849,0
0,-0.0038426346023416325,0
0,-0.06304736185575222,0
0,-0.08314139531899856,0
0,-0.0038426346023416325,0
0,-0.040169407635497256,0
0,0.035289161509704514,1
0,-0.07763253475132947,0
0,0.03754060941443493,1
0,-0.048758308543442985,0
0,-0.060980629326287006,0
0,-0.05349100082463659,0
0,-0.061993001866639696,0
0,-0.07672868180339992,0
0,-0.059354899092797064,0
1,-0.01670935978797633,0
0,-0.07620402148272776,0
1,0.0007956603594129197,1
0,-0.05563036410097505,0
1,-0.028768212867558762,0
0,-0.07783014750693062,0
0,-0.027392722686273574,0
0,0.026470276048069175,1
0,-0.0038426346023416325,0
0,-0.040655388274292215,0
1,-0.017043261177559443,0
0,-0.02132764497766776,0
0,-0.048709313298106405,0
0,-0.023759855025389798,0
0,-0.0019178713571073591,0
0,-0.04010639301997593,0
0,-0.06188405829956434,0
0,-0.08391029265117889,0
0,-0.04887149764852394,0
0,-0.03319775079436521,0
0,0.16608148388901844,1
0,-0.07502546892452422,0
0,-0.0799903441049149,0
0,-0.03392612300626091,0
0,-0.05622148319701159,0
0,-0.06461045208006716,0
0,-0.05614162853892973,0
0,-0.03887998208394222,0
1,-0.01738808843901385,0
1,-0.01644592340899681,0
0,-0.059542989032247584,0
1,-0.0775766324321302,0
0,-0.09657786772577565,0
0,-0.05612138708636211,0
0,-0.029322133576761777,0
0,-0.05968150408641015,0
0,-0.08024650035676945,0
1,-0.015359966390029234,0
0,-0.08107864728077424,0
0,-0.058936577792229716,0
0,-0.040862586452870886,0
0,-0.020828976778553387,0
0,-0.06687100766732373,0
0,-0.05117945412717245,0
1,-0.015487024097411095,0
0,-0.08079703191600973,0
0,-0.039697409881241874,0
0,-0.06386938918790269,0
0,0.12594821929593436,1
0,-0.00839439919085061,0
1,-0.01301231379117962,0
0,-0.07855865971042492,0
1,-0.01684766364317286,0
0,0.13818311637003922,1
0,-0.054160947810490134,0
0,-0.055009228954919054,0
0,-0.07457176124360432,0
0,0.13847103860860366,1
0,-0.06441565043683994,0
1,-0.01684766364317286,0
0,-0.043961105981074444,0
0,-0.047270684648946626,0
0,-0.06887402170827561,0
0,-0.08540487727944546,0
0,0.036592811022563954,1
0,-0.06589403155787626,0
0,-0.07857479577215742,0
0,-0.02681558585238747,0
0,-0.08355910362277852,0
0,-0.048166893578297953,0
1,-0.015359966390029234,0
0,-0.05886725168962931,0
0,-0.06416774625414906,0
0,0.11116238115833188,1
0,-0.061548876876866165,0
0,-0.05622148319701159,0
1,-0.01684766364317286,0
0,-0.06741037008195239,0
1,-0.01738808843901385,0
0,-0.05714373865083949,0
0,-0.00386693823065154,0
0,-0.07130382835054855,0
0,-0.08090451182535324,0
1,-0.01670935978797633,0
0,-0.0398136254134307,0
0,-0.05541802563186449,0
0,-0.06976256967741679,0
0,-0.0523977719386966,0
0,0.006778481640609013,1
0,-0.08487693958577874,0
0,0.01412759861054258,1
0,-0.04825114969903954,0
0,0.026470276048069175,1
0,-0.07076265606160814,0
0,-0.07184569281710979,0
0,-0.06894029755146514,0
0,-0.0417233553265931,0
0,0.07108526840592366,1
0,-0.06951069705350188,0
0,-0.09499515736221215,0
0,-0.047371904757151584,0
1,-0.018518095911605192,0
0,-0.08040163752891721,0
0,0.004736038605696158,1
0,-0.05173622113093562,0
1,-0.01636851034352016,0
0,0.11116238115833188,1
1,-0.01636851034352016,0
0,-0.019139233190545668,0
0,-0.08287816969593803,0
0,-0.0787332972866896,0
0,-0.0541203287126415,0
0,-0.04459259400105303,0
0,-0.052211878385637955,0
0,-0.08213630943170896,0
0,-0.04437352290662161,0
0,-0.07651977749099748,0
0,-0.050551245320164695,0
0,-0.015941390947526834,0
0,-0.08903269303926098,0
0,-0.06688725432905313,0
0,-0.06350899022453388,0
0,-0.033475389843505954,0
0,-0.06434198417044268,0
0,-0.02157758232132817,0
0,0.0588091508691474,1
0,0.06432182282662668,1
0,0.006778481640609013,1
0,-0.08161956981720414,0
1,-0.007425683277582196,0
1,0.012006286824262968,1
1,-0.015359966390029234,0
0,0.09721126296171889,1
0,0.026470276048069175,1
0,-0.07722454476419827,0
0,-0.08106095108854555,0
1,-0.008094901874808935,0
0,0.12594821929593436,1
1,-0.019505963821408123,0
0,-0.04212024380669099,0
0,-0.07327316787960642,0
0,-0.030976816955389952,0
1,-0.018518095911605192,0
0,-0.010342747499134886,0
0,-0.08917954001328204,0
0,-0.03999003507907645,0
0,-0.0391074597907386,0
0,-0.08515400864419664,0
0,0.0588091508691474,1
0,-0.04322620607680644,0
0,-0.0776977454166321,0
0,-0.08485794690955795,0
1,-0.01876606469855946,0
0,0.00994029737036961,1
0,-0.08079703191600973,0
0,-0.05446597582986051,0
0,-0.04827091407165002,0
0,-0.04412537645666065,0
1,-0.04549922603561879,0
0,-0.02044352546195466,0
0,0.00012039637279015469,1
0,-0.054157372635472045,0
0,-0.04362959360858715,0
1,-0.03466834671006064,0
0,-0.01937731330448139,0
0,0.0519282901085224,1
1,-0.01876606469855946,0
0,0.035289161509704514,1
0,-0.0464521438550865,0
1,-0.051526844203176936,0
0,0.111414400531199,1
0,-0.05617976909431449,0
0,-0.058936577792229716,0
0,-0.07338771028490071,0
0,-0.06416886374986042,0
1,-0.01738808843901385,0
1,-0.01876606469855946,0
0,-0.046102046294281884,0
0,-0.08214208088646646,0
1,-0.01636851034352016,0
0,-0.04659962031301723,0
0,-0.07842798127165673,0
0,0.21835872012308,1
0,-0.047039034451948625,0
1,-0.013964592081457727,0
0,-0.017302497699060504,0
0,-0.05134524475135904,0
0,-0.09288642866170665,0
0,-0.014360191449143633,0
1,-0.01636851034352016,0
0,-0.042526884587857305,0
0,-0.07409896880665567,0
0,0.0588091508691474,1
0,-0.05400229877975332,0
1,-0.01134951473587914,0
1,-0.018518095911605192,0
0,0.06584616264536347,1
0,-0.09968866173700092,0
0,-0.024486205888356094,0
0,-0.07752473971619184,0
0,-0.020594051622473852,0
1,-0.01670935978797633,0
0,-0.028651752107453132,0
0,-0.03520141208611466,0
1,-0.015666438022868323,0
0,-0.044870819491329206,0
0,0.09268553223248166,1
0,-0.05979330070401584,0
0,0.11116238115833188,1
0,-0.01787789832189235,0
0,-0.05979330070401584,0
1,0.009091442650154158,1
0,-0.0026732674101385134,0
0,-0.09412998205858747,0
0,-0.022234539845581658,0
0,-0.019107512409744787,0
0,-0.07103466580795209,0
1,-0.01636851034352016,0
0,-0.0640939492791684,0
1,-0.019505963821408123,0
1,-0.048878435903395634,0
0,-0.06698473244158365,0
0,0.08255236807298616,1
0,0.006778481640609013,1
0,-0.01218638494186347,0
0,-0.021807589212798573,0
0,-0.06697410308685997,0
0,-0.024210346381318637,0
0,-0.03261938086368782,0
0,-0.07464850221178088,0
0,-0.10131319477042933,0
0,-0.07508544829729535,0
0,-0.05276484849138957,0
1,-0.015359966390029234,0
0,-0.013140148489859338,0
0,-0.06353345761397577,0
0,-0.06056616792387565,0
0,-0.047459818294562695,0
0,-0.06056616792387565,0
0,-0.08876074319775357,0
0,0.16608148388901844,1
0,-0.035510927354372,0
0,-0.044948700504736205,0
0,-0.036324368312543764,0
0,0.0716311689995307,1
0,-0.05592871315945136,0
0,-0.06614388973682811,0
0,-0.058412974618221425,0
0,-0.0768621366058353,0
0,0.013552771301790667,1
0,0.026470276048069175,1
1,-0.07307259685247564,0
0,-0.03455643492028504,0
0,-0.05993559735290915,0
1,-0.01670935978797633,0
0,-0.04025752805207994,0
0,0.001288015716434221,1
0,-0.042502850312347684,0
0,-0.033721383272396654,0
1,-0.016764872256409713,0
0,-0.006324707033055821,0
0,-0.08061348964659798,0
0,-0.053827232432672456,0
0,0.1383270612556342,1
0,-0.0650434645189727,0
0,-0.078607071949088,0
0,0.04403906384402689,1
0,-0.005715435731410423,0
0,-0.000765380173184782,0
0,0.22876398579062351,1
0,-0.07345867926401939,0
0,-0.08563987073072621,0
0,-0.04096897117055859,0
0,0.111414400531199,1
0,-0.07221866877096722,0
1,-0.015359966390029234,0
0,-0.043081710534114415,0
0,-0.08541463122133064,0
0,-0.07353980659745424,0
1,-0.01876606469855946,0
0,0.111414400531199,1
0,-0.10010871807502641,0
0,-0.0038426346023416325,0
0,-0.0800099833686786,0
1,-0.024060149247243978,0
0,-0.08224794467796503,0
1,-0.06800648527163122,0
0,-0.042995521856183105,0
0,-0.0038426346023416325,0
0,-0.09037299204916976,0
0,-0.042678460527545814,0
0,-0.077417926287006,0
0,-0.027819505479477646,0
1,-0.015359966390029234,0
0,-0.039593586696368754,0
1,-0.051282754000487374,0
0,-0.019069244344683656,0
0,0.111414400531199,1
0,-0.07603006666962209,0
0,-0.04537056636923986,0
0,-0.05631278864033529,0
0,-0.06429514665601455,0
0,-0.043098577893308454,0
0,-0.051115616352638615,0
0,-0.06211649179310197,0
1,-0.05888776056928274,0
0,-0.06530855439385458,0
0,-0.05602238650429492,0
0,-0.060140996947067926,0
0,-0.06866415821764549,0
0,-0.02125733404277741,0
0,-0.07617815972479164,0
0,-0.0008800515948214627,0
0,-0.06077302069884111,0
0,-0.06528925923151957,0
0,-0.09703935036905548,0
0,-0.06358432284333809,0
0,-0.06739120872623633,0
0,-0.05466108226088351,0
1,-0.01876606469855946,0
0,-0.013304854833588675,0
0,-0.03783530979438687,0
0,-0.07337619941827173,0
1,0.008583823301450577,1
0,-0.023045963314373363,0
0,-0.0814120058561551,0
0,-0.048362127912783326,0
0,-0.0033708740601190446,0
0,-0.05948320486595671,0
0,-0.06266355072305291,0
0,-0.06481970132221748,0
0,-0.07532445427277579,0
0,-0.09566340805361717,0
0,-0.07465232629424234,0
0,-0.05192562651207788,0
0,-0.023221138303728406,0
0,0.22634160128207537,1
0,-0.059467982455524426,0
0,-0.07818289049398924,0
0,-0.055288967918233345,0
0,-0.07813028985434306,0
1,-0.007425683277582196,0
0,0.11116238115833188,1
0,-0.07852270276319073,0
0,-0.08108667775175732,0
0,-0.08297627376270816,0
1,-0.043961323518396433,0
0,-0.042502850312347684,0
0,-0.05921267418881587,0
1,-0.01636851034352016,0
0,-0.002546962430051869,0
0,-0.10022216811177193,0
0,-0.09052943770036237,0
0,-0.07364760629948702,0
0,-0.02069929720147856,0
0,0.005021988284232726,1
0,-0.06190536060707574,0
0,-0.022602361780461155,0
0,-0.016068373453735796,0
0,-0.08564166885777147,0
0,-0.0783157202076078,0
0,-0.04348846812850443,0
1,0.00034727729939088015,1
0,-0.0639043639191606,0
0,-0.06581064355295924,0
0,-0.014554983498102025,0
0,-0.046452631861101656,0
0,-0.07499479301681578,0
0,-0.08490324114748937,0
0,-0.013345039034221684,0
1,-0.03707686770821733,0
0,-0.052966531791336424,0
0,-0.05994321287315352,0
0,-0.05143667650823369,0
0,-0.07399910962321271,0
0,-0.04249423034270999,0
0,-0.07342771350922012,0
0,-0.061288462679589595,0
0,-0.018712231424825865,0
0,-0.0720502528632051,0
0,-0.07938319016742873,0
0,-0.050585722794844745,0
0,-0.03450575945604917,0
1,-0.019505963821408123,0
0,-0.08571054371716114,0
0,-0.08695545936797794,0
0,-0.050257678826989616,0
0,-0.07802848635566667,0
0,-0.016265077395990535,0
0,-0.012890586062471565,0
0,-0.06796176027400402,0
0,0.0588091508691474,1
1,-0.015183828558617052,0
0,-0.04673876646148761,0
0,0.13789532397168736,1
1,-0.014926835742351319,0
1,-0.006270324465430688,0
0,0.22873157492013851,1
1,-0.015359966390029234,0
0,-0.08005115379435024,0
0,-0.0540241362932698,0
0,-0.08827656626235303,0
0,0.013552771301790667,1
0,-0.022097813025079238,0
1,-0.017768194614598942,0
1,-0.015359966390029234,0
0,0.020955630835448713,1
1,-0.017768194614598942,0
0,-0.07280320276816499,0
1,-0.01684766364317286,0
1,-0.06658941766269394,0
0,0.1383270612556342,1
0,-0.06636521804166035,0
1,-0.015359966390029234,0
0,-0.05299618712021725,0
0,-0.07374189207565701,0
1,-0.01636851034352016,0
0,-0.07073530281481671,0
1,-0.01670935978797633,0
0,-0.08610602622137031,0
0,-0.055290788365681465,0
0,-0.05522703633828502,0
0,-0.06772703518315298,0
0,-0.03902468995137942,0
0,-0.09917459849930726,0
0,-0.014496095276697762,0
1,-0.01684766364317286,0
0,-0.06204266657784574,0
0,-0.07491645801770158,0
0,-0.07223739758236819,0
0,-0.06607569914612382,0
0,-0.07718166603521054,0
0,-0.03312251945496053,0
0,-0.018847218724005632,0
0,-0.07478921157139967,0
0,0.05267139074988514,1
0,-0.055703219634639145,0
1,-0.01876606469855946,0
0,0.08371603784670523,1
0,0.11116238115833188,1
0,-0.05289536353047469,0
0,-0.03217002863248125,0
0,-0.0015217648462306221,0
0,-0.06968105399103469,0
0,-0.05043120966948822,0
0,-0.010041532265428532,0
0,-0.08497443791634374,0
0,-0.04432591519620721,0
0,-0.06061941853762065,0
1,-0.01636851034352016,0
1,-0.06473801287114639,0
0,-0.01407419175089114,0
0,-0.06046705177513667,0
1,-0.08443671490507043,0
0,-0.07408048561606734,0
0,-0.06056616792387565,0
1,-0.017043261177559443,0
1,-0.010618525255267186,0
0,-0.012728998082153387,0
0,-0.0038426346023416325,0
0,-0.07985583075838304,0
1,-0.018518095911605192,0
0,-0.052865701512709695,0
0,-0.06262136162693216,0
1,-0.01670935978797633,0
0,0.026470276048069175,1
0,0.1454821840900058,1
0,-0.07864538565071821,0
0,-0.08302406882760793,0
0,0.031598794038452116,1
0,-0.08683398345552412,0
0,-0.05444315497415175,0
0,-0.047869964119603536,0
0,-0.02002310944633856,0
0,-0.008941184871904762,0
0,0.08356484117162177,1
0,-0.02762948110796304,0
0,-0.07842130180473267,0
0,-0.054631162020289836,0
0,-0.07892009481931639,0
0,-0.07718166603521054,0
0,-0.02330410804950589,0
0,0.09721126296171889,1
0,0.11116238115833188,1
0,0.05393135915683955,1
0,-0.03547876955107743,0
1,0.008583823301450577,1
0,-0.09591690871555081,0
0,-0.06644532007199777,0
0,-0.06503221892737876,0
1,-0.062408901227982705,0
0,-0.07768708933994561,0
0,0.013552771301790667,1
0,-0.0431947772290881,0
0,-0.0697498870828393,0
1,-0.018518095911605192,0
0,-0.06395386275153253,0
0,-0.05644975106393152,0
0,-0.05723978632499588,0
0,-0.06895304276076353,0
0,-0.08528161812868607,0
0,-0.06871662030672626,0
0,-0.04475203845762599,0
0,-0.08079703191600973,0
0,0.11823539363750624,1
0,-0.05117109140802323,0
1,-0.015359966390029234,0
0,-0.08645558626374139,0
0,-0.08370077790754121,0
0,-0.08823002348293019,0
0,0.07128600905450211,1
0,-0.04389891744966268,0
0,-0.018103449933193294,0
0,-0.05335259299343881,0
0,-0.07339489076284444,0
0,-0.05451055816771061,0
0,-0.03832188831106281,0
1,-0.016761639868348055,0
0,-0.07731652494448871,0
0,-0.08207930349759873,0
0,-0.05568853088202014,0
0,-0.05362236559996769,0
0,-0.04910045540643698,0
0,-0.061309680918430476,0
0,-0.056844006779059486,0
0,-0.030421150820524656,0
0,-0.08334994881411906,0
0,-0.0038426346023416325,0
0,0.006778481640609013,1
0,-0.02474615194794877,0
0,-0.08343429368138444,0
0,-0.048430727550062,0
0,-0.08376116019492974,0
0,-0.08202214289757714,0
0,-0.037503185744665435,0
0,-0.05800420681212948,0
0,-0.08356165492758139,0
0,0.12594821929593436,1
1,-0.01738808843901385,0
0,-0.056197618784746495,0
0,-0.04877573523121659,0
0,-0.08211028303952411,0
0,0.12594821929593436,1
0,-0.07028877771558484,0
1,-0.015359966390029234,0
0,-0.0519470989241409,0
1,-0.015666438022868323,0
0,-0.07166680466057196,0
0,0.06447991989848667,1
0,-0.07903016993382789,0
0,-0.05753494007097448,0
1,-0.01670935978797633,0
0,0.04396027876624853,1
0,-0.05328621588110605,0
0,-0.07815674065307537,0
0,-0.011378977793519318,0
0,-0.008847672332253143,0
0,0.1262938038417123,1
0,0.13789532397168736,1
0,-0.04637441307845164,0
0,-0.08027359673402745,0
0,-0.017512622025002977,0
0,-0.05422752147817905,0
0,-0.045963571159036154,0
0,-0.0737908052640785,0
0,-0.0672595131280666,0
0,-0.025636660306456005,0
0,-0.013373033148198377,0
0,0.02196104593235093,1
1,-0.020120122682346975,0
0,0.009663807154778103,1
1,-0.02996839396947476,0
0,-0.08265854684137297,0
0,-0.06897741503966143,0
0,-0.08064157682899059,0
0,-0.07101197136019227,0
0,-0.06870443658858694,0
0,0.1387590907459595,1
0,-0.013160572669565773,0
0,-0.0038426346023416325,0
0,-0.04878401082589873,0
0,-0.05236207723572228,0
1,-0.015359966390029234,0
0,-0.06079356415715742,0
0,-0.03236725296063342,0
0,0.04948401158422888,1
0,-0.04230254947912687,0
0,-0.08420505243785859,0
0,-0.008414113030733805,0
0,-0.05666893325700961,0
0,-0.012863354399119509,0
0,-0.060790010266577654,0
1,-0.09204523814246646,0
0,-0.07542174497813386,0
0,-0.06036560805981267,0
0,-0.0003646142540026376,0
0,0.09721126296171889,1
0,-0.0624482954712664,0
0,-0.09619348464985589,0
0,-0.07810984823556089,0
0,0.09721126296171889,1
0,-0.05500359387743625,0
0,0.0895389721597547,1
0,-0.043196924700703576,0
0,-0.08819147152649148,0
0,-0.07886513065035178,0
1,-0.012906365148818988,0
1,-0.03659329090188512,0
0,-0.07000841650574863,0
0,-0.018959568605210364,0
0,-0.02091146201930666,0
0,-0.05978945795716867,0
0,-0.09864414227020446,0
0,0.0032200008964926585,1
0,-0.056970580916198665,0
0,-0.06617911760485706,0
0,-0.08639664468510927,0
0,-0.05891766414518995,0
0,-0.05655412080667038,0
0,-0.053590350860968916,0
0,-0.06194388345958718,0
0,0.026228023920954024,1
0,-0.053615585805651456,0
0,-0.0661102021345108,0
0,-0.012321021873309246,0
0,-0.07287946767556164,0
0,-0.053827232432672456,0
0,0.006778481640609013,1
1,-0.013414130836250093,0
0,0.02196104593235093,1
0,-0.0779660487690369,0
0,-0.0602952351483943,0
0,-0.07319033214858262,0
0,-0.08431309564104783,0
0,0.026470276048069175,1
1,-0.019505963821408123,0
0,-0.0673428742239437,0
0,0.11823539363750624,1
0,0.06632376388228078,1
0,-0.0680862884458105,0
0,-0.046172149669730156,0
1,-0.012906365148818988,0
0,-0.08709667291574574,0
1,-0.012533536587400418,0
0,-0.04737880312045312,0
0,-0.03418540660324382,0
0,-0.0547440165706648,0
0,-0.07506153250948022,0
0,-0.04888116570219997,0
0,-0.08550408942176185,0
0,-0.07917619779819934,0
0,0.006778481640609013,1
0,-0.050585722794844745,0
0,-0.06107009515265904,0
0,-0.046474099639774114,0
0,-0.060590622838950836,0
0,-0.08173604771893689,0
0,0.031598794038452116,1
0,-0.0269625692943683,0
1,-0.007425683277582196,0
0,-0.01068027705248914,0
0,-0.0038426346023416325,0
1,0.01698370119480852,1
0,-0.039786333882894376,0
0,-0.08242523313697803,0
0,-0.018216444347040228,0
0,0.006778481640609013,1
0,-0.040922388991934455,0
0,-0.05010048737606404,0
0,-0.05968150408641015,0
0,0.11116238115833188,1
0,-0.042180982093647124,0
0,-0.07541502684768725,0
1,-0.018112772524855603,0
0,-0.053556500665532414,0
0,0.11116238115833188,1
0,0.11823539363750624,1
0,0.056242385113835947,1
0,-0.05614721251463012,0
0,-0.06339530198427484,0
0,-0.05570385791531446,0
0,-0.05989725944180535,0
0,-0.04075820258911511,0
0,-0.04489004349865827,0
0,-0.08107864728077424,0
1,-0.02006253071359887,0
0,-0.06293550521782293,0
0,-0.07634031223911325,0
0,-0.07911893716275226,0
1,-0.007425683277582196,0
0,-0.05953947641111662,0
1,-0.015666438022868323,0
0,-0.03846934382351541,0
0,-0.08189734706210461,0
1,-0.01738808843901385,0
1,-0.01670935978797633,0
1,-0.015183828558617052,0
1,-0.06954789610132073,0
0,0.1454821840900058,1
0,-0.04289289224678544,0
0,-0.021662310722310618,0
1,-0.017768194614598942,0
0,-0.04710602062793484,0
0,-0.08115080511602779,0
0,-0.05890392056153615,0
0,-0.03502311349587944,0
0,-0.039593586696368754,0
0,-0.00804387500272008,0
1,-0.019202241582551238,0
1,-0.013414130836250093,0
1,-0.016764872256409713,0
0,-0.010803266329120598,0
1,-0.01663401635005174,0
0,-0.060980629326287006,0
0,-0.07819226902557475,0
0,-0.02466741089742014,0
1,0.005414960630031662,1
0,-0.0677047341604945,0
0,-0.06452707116761108,0
0,-0.04322620607680644,0
0,-0.07493444778379793,0
0,-0.022336423425400487,0
1,-0.016764872256409713,0
0,-0.0700016657831154,0
0,-0.04209605502454333,0
0,-0.08106095108854555,0
0,-0.05308555347123345,0
0,-0.07865310448239032,0
0,-0.08538935794517621,0
0,-0.028209403899908003,0
0,-0.05525396324475479,0
1,-0.018518095911605192,0
0,-0.05673538722387805,0
0,-0.042803351912173715,0
0,-0.05475668798130384,0
0,-0.0826812826743446,0
0,-0.0038426346023416325,0
0,-0.0001713152697170317,0
0,-0.07047658905303295,0
1,-0.03731933967819134,0
1,-0.017623788684232145,0
0,-0.07162266172225445,0
0,-0.03062912113319194,0
0,-0.084540547423827,0
0,-0.07343988333216644,0
0,-0.07929891372147241,0
0,-0.006633249366418736,0
0,-0.05237120383143812,0
1,-0.030951460820496546,0
0,-0.04845049135431728,0
0,-0.06506105882325591,0
0,-0.0637148781948148,0
0,-0.04654944427994717,0
0,-0.054454126740455355,0
0,-0.03517931846300337,0
0,-0.0781179744942479,0
0,-0.06745337708346455,0
0,0.038433316635716586,1
0,-0.027993011296702897,0
0,-0.050200744137448794,0
0,-0.04397234076838624,0
0,-0.054753673941851266,0
0,-0.07298274412536682,0
0,-0.08479216169240766,0
0,-0.04971993647626777,0
0,-0.080569323106156,0
0,-0.09764748295256759,0
0,-0.06579611713118477,0
0,-0.02986296710532843,0
0,-0.07536501362248715,0
0,-0.05683992295096635,0
0,-0.06991375055461885,0
0,-0.04434629881325586,0
0,-0.0815285160860123,0
0,-0.0038426346023416325,0
0,-0.07920898615741967,0
0,-0.04386322348040561,0
0,-0.04357931039631657,0
0,-0.06825209350602723,0
0,-0.0709945711163183,0
0,-0.07467747385633872,0
0,-0.04673217849565231,0
0,-0.07654479831688471,0
0,-0.07144350514779318,0
0,-0.07388399257018835,0
0,-0.07690659438102404,0
0,-0.06161327014655854,0
0,0.0588091508691474,1
0,-0.08623534194009069,0
0,-0.08079703191600973,0
0,-0.08096135831507806,0
0,-0.03792764135277321,0
0,-0.03645468625320136,0
0,-0.08058297270778164,0
0,-0.042772461267241824,0
0,-0.07964304218212359,0
0,-0.09047656172085333,0
0,-0.05335259299343881,0
0,-0.06383366320845107,0
1,0.005471854144767807,1
1,-0.044770068078182124,0
0,-0.02498438320427354,0
0,-0.08655082700566291,0
0,-0.02008571522237046,0
0,-0.05823358960710451,0
0,-0.04881006647662167,0
0,-0.022382865761777337,0
1,-0.013414130836250093,0
0,-0.041485526296088315,0
0,-0.07816071301995586,0
0,-0.08098415780801366,0
0,-0.06276968864600696,0
0,-0.050059835780506934,0
0,-0.09464120804537285,0
1,-0.048448597225468404,0
1,-0.019202241582551238,0
0,-0.08101309379111177,0
0,-0.0429894371205799,0
0,-0.06095212756799395,0
0,-0.04660360574720207,0
1,-0.019505963821408123,0
0,-0.033721383272396654,0
0,-0.0634019259090669,0
0,0.035289161509704514,1
0,-0.0038426346023416325,0
0,-0.0602464869603167,0
0,-0.03843700601748745,0
0,-0.08149028842866995,0
0,-0.059865343442581154,0
0,-0.019152579890312826,0
0,-0.0542107222500684,0
0,-0.04106956662954814,0
0,-0.08875001024728746,0
0,-0.07235708808810887,0
0,-0.07375840190551369,0
0,-0.05787728737575659,0
0,-0.08972878749178365,0
0,-0.067194243903477,0
0,-0.08880092115589627,0
0,-0.07654208931824108,0
0,-0.028537960008460483,0
0,-0.07734361494457259,0
0,-0.03573614930905045,0
0,-0.05617976909431449,0
0,-0.06717311430196538,0
0,-0.057109086068259485,0
0,0.0588091508691474,1
0,-0.00019688100110798468,0
0,-0.09882406815246803,0
0,-0.04322316583878133,0
0,-0.08250612864750723,0
0,-0.0509436271513275,0
0,-0.07458193094105042,0
0,-0.0038426346023416325,0
0,-0.0581887464642315,0
0,-0.05776144141704387,0
1,-0.017043261177559443,0
0,-0.02105499956627177,0
0,-0.02574385656126016,0
0,-0.08437592541720579,0
0,-0.027772181086541725,0
0,-0.011293241816402677,0
0,-0.08140237914644893,0
0,-0.05686866716099426,0
1,-0.017768194614598942,0
0,-0.07915369460311855,0
0,-0.04465273822019766,0
0,0.08149380291914554,1
0,-0.06078673100972748,0
0,-0.05570385791531446,0
0,-0.06200292088287629,0
0,-0.0494653927012384,0
1,0.00034727729939088015,1
0,-0.052727761133414985,0
0,-0.06254444704239487,0
1,-0.01636851034352016,0
0,0.1454821840900058,1
0,-0.0008790437397422912,0
0,-0.07964304218212359,0
1,-0.015359966390029234,0
0,-0.09053969140903706,0
0,-0.02934930926296958,0
0,0.0588091508691474,1
0,-0.08298064715238651,0
0,-0.047514336077512154,0
0,0.11116238115833188,1
0,-0.08824712465366824,0
0,-0.048632542452092975,0
0,-0.04230254947912687,0
1,-0.01876606469855946,0
0,-0.06449978430178072,0
0,-0.05968150408641015,0
0,-0.07682274646402532,0
1,0.004098496439077337,1
0,-0.049793111559275016,0
0,-0.05045077558006,0
1,-0.021006082852339347,0
0,-0.06634106046236105,0
0,-0.05363479312580072,0
0,-0.050972438591766145,0
0,-0.06062507667975875,0
0,-0.08002944130274564,0
0,-0.09070489830221629,0
0,0.0588091508691474,1
0,-0.10409680169836422,0
1,-0.08866405057166121,0
0,-0.024356416878183296,0
0,-0.07018943909489034,0
0,-0.05655412080667038,0
1,-0.0015164432966875419,0
0,-0.05912289790341452,0
0,-0.06701500547657713,0
1,-0.01670935978797633,0
0,-0.060507826275319754,0
0,-0.07760218287116616,0
0,-0.09696729612597949,0
0,-0.08669972550629251,0
1,-0.07845944785435338,0
0,0.1454821840900058,1
1,-0.01636851034352016,0
0,-0.026899172155533113,0
0,-0.03892762810789013,0
1,-0.006270324465430688,0
0,-0.07745121328105214,0
0,-0.05555971322304254,0
0,-0.054102370885228235,0
0,-0.031134684115073974,0
0,-0.05655412080667038,0
0,-0.07019160228958826,0
0,-0.052803901818917254,0
0,-0.03795274659330461,0
0,-0.07414768537825656,0
0,-0.07681425406786058,0
1,-0.004159712738496579,0
0,-0.05421432272667431,0
0,-0.04274841189764006,0
0,-0.00552655120111345,0
0,0.09721126296171889,1
1,-0.037591248495246976,0
0,-0.08409166035022864,0
0,-0.05441335262913455,0
0,-0.02913676146354932,0
0,0.09721126296171889,1
0,-0.05173622113093562,0
0,-0.06696268637576902,0
0,-0.0008734252735262404,0
0,-0.02261413183147276,0
0,-0.04577783143898523,0
0,-0.07861783138205913,0
0,-0.015870924698410616,0
0,-0.05735371730895039,0
0,-0.05541802563186449,0
0,-0.09556623003480358,0
0,-0.07597137700519158,0
0,-0.08465003088836875,0
0,0.04410253612122628,1
0,-0.07461467478810263,0
0,0.09721126296171889,1
1,-0.015359966390029234,0
0,-0.06682975028224009,0
0,0.0588091508691474,1
0,-0.05026654178725626,0
0,-0.00162796033394208,0
0,-0.09133532097062497,0
1,-0.018112772524855603,0
0,-0.0038426346023416325,0
0,-0.09230701583019629,0
0,0.05917051287817998,1
0,-0.031003278662619427,0
0,-0.06751408767826977,0
0,-0.052966531791336424,0
0,0.031598794038452116,1
0,-0.06190873733111163,0
0,-0.06673045664855709,0
0,-0.04695848185696644,0
0,-0.07672673265313668,0
0,-0.04153939256979139,0
1,-0.015359966390029234,0
0,-0.019713563280735313,0
0,-0.04511450710842724,0
1,-0.012533536587400418,0
1,-0.019202241582551238,0
0,-0.07440429055381709,0
0,-0.05923773021627915,0
0,0.006778481640609013,1
0,-0.05884021553437174,0
0,-0.049256713880562575,0
0,-0.011827283761755403,0
0,-0.08464437833679367,0
0,-0.05695714840165922,0
1,-0.01876606469855946,0
0,-0.08318735313898223,0
0,-0.007613270475330669,0
1,-0.015343559786735572,0
0,-0.09741839467263497,0
0,-0.09837711573533359,0
0,-0.07640356322126046,0
0,0.026470276048069175,1
0,-0.08462269029496505,0
0,-0.05869820328949166,0
0,0.2330245054875113,1
0,-0.06255663131163336,0
0,0.026470276048069175,1
0,-0.05655412080667038,0
0,-0.06011469415513865,0
0,-0.06746756111996438,0
0,0.10308688881055217,1
0,-0.061700360141833055,0
0,-0.04530040566019794,0
1,-0.06247813669733787,0
0,-0.07518489517782972,0
0,-0.07704871905386124,0
0,-0.04337098679810847,0
1,-0.01876606469855946,0
0,-0.055685020805264884,0
0,-0.0849846701232857,0
0,-0.04258869718398545,0
0,-0.08001042056499341,0
0,-0.007808708863025204,0
1,-0.024721469487478775,0
0,-0.08328391618644532,0
0,0.035289161509704514,1
0,0.026470276048069175,1
1,-0.009834764484795644,0
0,-0.06200292088287629,0
0,-0.04671020128806963,0
0,-0.07761211980358479,0
0,-0.05862842884374425,0
0,-0.07646481479756562,0
0,-0.08222628285219108,0
1,-0.05407378997807344,0
0,0.006778481640609013,1
0,-0.04940140679624294,0
0,-0.05524163741883081,0
0,-0.07011254755097274,0
0,-0.02106608535632054,0
0,-0.04417788749234702,0
0,-0.053556500665532414,0
0,-0.03290844107953528,0
0,-0.07654155833545351,0
0,-0.004435112537925168,0
0,-0.08824119555386062,0
0,0.11116238115833188,1
0,-0.014289147136019809,0
0,-0.08459754409308806,0
0,-0.0365773012084758,0
0,-0.005149804002116176,0
0,-0.07609818181623079,0
1,-0.013414130836250093,0
1,-0.01876606469855946,0
0,-0.08040465427789445,0
0,0.1454821840900058,1
0,-0.04701436827813621,0
0,-0.05080652546290004,0
0,0.035289161509704514,1
0,-0.043301787885096255,0
1,-0.015487024097411095,0
0,-0.09053970147876855,0
0,-0.05865915563291929,0
0,-0.009659052170715943,0
0,-0.04388349283590348,0
0,-0.03986497292374097,0
0,-0.05963110789110165,0
0,0.1454821840900058,1
0,-0.05396636126532817,0
0,-0.028067284370702106,0
1,-0.07811192368652514,0
1,-0.01670935978797633,0
0,-0.02899476691496311,0
0,-0.04778487027316447,0
0,-0.061711088390223545,0
0,-0.05968150408641015,0
0,-0.05819465962712517,0
1,-0.012533536587400418,0
0,-0.09330302993282635,0
0,-0.0703261971928048,0
0,0.02196104593235093,1
1,-0.01670935978797633,0
0,-0.10381315385530954,0
0,-0.06132800264909921,0
0,0.12594821929593436,1
0,-0.08577317197554762,0
0,-0.04987211001030706,0
0,0.1454821840900058,1
1,-0.04208244835640673,0
0,-0.05233797448882599,0
0,-0.09465788135179071,0
1,0.0035235885568632996,1
1,-0.030110650132483596,0
0,-0.0723385194166058,0
0,-0.06911460592913915,0
1,-0.015343559786735572,0
0,-0.020352757279036904,0
1,-0.043783343543720654,0
0,0.031598794038452116,1
0,-0.05833979215354823,0
0,-0.05458778611430143,0
0,-0.04228403453955332,0
0,-0.03861588583425207,0
0,-0.027154897217543494,0
0,-0.05560364505210591,0
0,-0.012768458307284347,0
0,-0.052803901818917254,0
1,-0.039757263113767705,0
1,-0.007425683277582196,0
0,-0.009944597868278615,0
0,0.006778481640609013,1
0,-0.08466490682725053,0
0,0.035289161509704514,1
0,-0.07940829089708656,0
0,0.026470276048069175,1
0,-0.08042144503531906,0
0,-0.01568976691339996,0
1,-0.009839110774960413,0
0,0.12594821929593436,1
0,-0.08189653971231431,0
0,-0.04516977099530367,0
0,-0.07793194226396638,0
0,-0.023369770671555268,0
0,-0.06809304932788107,0
0,-0.060847077386839865,0
0,0.02196104593235093,1
1,-0.011622375999927104,0
0,-0.06564737668361736,0
0,-0.05469502976112983,0
0,-0.052016797643230694,0
1,-0.012906365148818988,0
0,-0.06513131906380981,0
1,-0.01684766364317286,0
0,-0.06794351481481786,0
0,-0.05397319238760018,0
0,-0.03931887321556948,0
0,-0.053590350860968916,0
0,-0.02396528758035843,0
1,-0.023820799070331022,0
0,0.0588091508691474,1
0,-0.07658013544829767,0
0,0.026470276048069175,1
0,-0.014270084601016253,0
1,-0.04792964158395757,0
1,-0.012906365148818988,0
0,0.06545866407134293,1
0,-0.05490885941522761,0
1,-0.018518095911605192,0
0,0.0588091508691474,1
0,-0.07725622272204902,0
0,-0.07927140386918008,0
0,-0.07774614855643852,0
0,-0.07992002064746784,0
0,-0.07956636192474281,0
0,-0.07965784162226036,0
0,-0.07829114850052221,0
0,-0.08133977540560444,0
0,-0.05882769774310226,0
1,-0.015183828558617052,0
1,-0.013099610166755093,0
0,0.04483180558630362,1
0,-0.07674520672116497,0
0,-0.037302959880771425,0
0,-0.06449344106638372,0
0,0.0588091508691474,1
1,-0.022116284149335308,0
0,-0.04906776546837632,0
0,-0.05490885941522761,0
0,-0.054514264330712325,0
1,-0.018518095911605192,0
0,-0.006541555663583942,0
0,-0.05279451719954742,0
1,-0.018518095911605192,0
0,-0.053720519557167445,0
0,0.09721126296171889,1
1,-0.011874413339566237,0
1,-0.015359966390029234,0
0,-0.046580769487551854,0
0,-0.07513862012662598,0
0,-0.05820612816537224,0
0,0.05861148427674567,1
0,-0.056400661348016135,0
0,-0.0789672240635409,0
1,0.007132404412174997,1
0,-0.028274114885823265,0
0,0.0015229026724827843,1
0,-0.015150784561833608,0
0,-0.054271216825104995,0
0,-0.048690688811470484,0
0,-0.08112392018321762,0
0,-0.07796689103421595,0
0,-0.1009674194766475,0
0,-0.05202537136900198,0
0,-0.09079286261134106,0
0,0.1454821840900058,1
0,-0.06407092052331942,0
1,-0.015666438022868323,0
0,-0.04761686891022354,0
0,-0.06803986708962179,0
0,-0.0022504918359512183,0
0,-0.06903036865538764,0
0,0.12594821929593436,1
0,-0.04973829556371029,0
0,-0.04195899247223245,0
0,-0.053523433278659216,0
0,-0.06455176578796845,0
0,-0.0394219997727529,0
0,-0.04608370866997552,0
0,-0.0038426346023416325,0
0,-0.04812211641364289,0
0,-0.0850900530768734,0
0,-0.009718274371203872,0
1,-0.037142182832972936,0
1,-0.01952715930844684,0
0,-0.08460281997131758,0
1,-0.015359966390029234,0
0,-0.019617379827324755,0
0,-0.00014346476434801136,0
0,-0.022882603047221894,0
0,-0.053283340494504616,0
0,-0.03211433257072599,0
0,-0.05528785797843233,0
0,-0.06217828265367181,0
0,0.09943438793460357,1
0,-0.094132496068911,0
0,0.031598794038452116,1
0,-0.06343419969957587,0
0,-0.0981787821195928,0
0,-0.0010799041203562454,0
0,0.013552771301790667,1
0,-0.05847044763206716,0
1,-0.01738808843901385,0
0,0.041451446717275076,1
0,-0.06180253913140865,0
0,-0.02048776161736876,0
0,-0.08144527917924888,0
0,-0.034190918293401595,0
0,-0.053556500665532414,0
1,-0.040833848716523624,0
0,0.0588091508691474,1
0,-0.09792446187233966,0
0,-0.06998138865008857,0
0,-0.0712274206201241,0
0,-0.08178283179497348,0
0,-0.08245756656071551,0
0,-0.07879885829798056,0
0,-0.06746028560369383,0
0,0.035289161509704514,1
0,-0.0823323325930998,0
0,-0.08625652656103916,0
0,-0.08965308372410102,0
0,-0.0021549091087280092,0
0,0.07840654029281202,1
0,-0.040068107174632106,0
1,-0.024524143356310424,0
0,-0.06795984748632211,0
0,-0.06769943430893527,0
1,-0.01876606469855946,0
0,-0.0502923346427494,0
1,-0.015359966390029234,0
0,0.05338839892252101,1
0,-0.027296389694352274,0
0,-0.04788966097300845,0
1,-0.01636851034352016,0
0,-0.05620958578122143,0
0,-0.019643039636915105,0
0,-0.057364151130540275,0
0,0.09721126296171889,1
0,-0.04748289295534347,0
0,-0.04261032855843472,0
0,0.035289161509704514,1
0,-0.09528748388041897,0
0,-0.010598546313135004,0
0,-0.014657844803282416,0
0,-0.04456711794460999,0
0,-0.08862493175108543,0
0,-0.07875882048782906,0
1,-0.01670935978797633,0
0,-0.0038426346023416325,0
0,-0.007593443970039915,0
0,-0.054267493292018965,0
0,-0.007028051461884899,0
1,-0.01876606469855946,0
1,-0.01876606469855946,0
1,-0.04341507910822623,0
1,-0.02660452362325294,0
0,-0.042199313894445256,0
0,-0.0901497636312264,0
1,-0.006270324465430688,0
0,-0.07888457260826637,0
0,-0.07118089410713452,0
0,-0.07230788575099661,0
0,-0.06070593116931772,0
1,-0.06959337512523783,0
0,-0.07633890971479462,0
0,-0.0489212241003647,0
0,-0.06006450495078586,0
0,-0.07524732522429456,0
0,-0.08040465427789445,0
0,-0.008563596240198756,0
0,-0.07356520862040394,0
0,-0.084406184860577,0
1,-0.025670573985995204,0
0,-0.05622148319701159,0
0,-0.06425197607460109,0
0,0.10308688881055217,1
0,-0.033356518566928006,0
0,-0.06378899206572608,0
1,-0.015359966390029234,0
0,-0.06441312738895622,0
0,-0.086745139703854,0
0,-0.014922308854239175,0
0,-0.04374155563131338,0
0,-0.08106095108854555,0
0,-0.07184435284120705,0
0,-0.08171748816667579,0
0,-0.059157121261408485,0
0,-0.07331952479492881,0
0,0.09721126296171889,1
1,-0.017623788684232145,0
0,-0.04663238205409809,0
0,-0.056452067211894,0
0,-0.09166939827651038,0
0,-0.08207391522111496,0
0,0.08337292015820064,1
0,-0.027923993154717552,0
0,-0.07335641749245575,0
0,-0.06185795538366501,0
0,-0.08083710767198271,0
1,-0.01876606469855946,0
0,-0.0038426346023416325,0
0,-0.02453466830717449,0
0,-0.056599385819717185,0
0,-0.05789308119434716,0
0,-0.08029640199608229,0
1,-0.015183828558617052,0
0,-0.0038426346023416325,0
0,0.026470276048069175,1
0,-0.08247486924030073,0
0,-0.0360551145945312,0
0,-0.06064600273076759,0
1,-0.017623788684232145,0
0,-0.06107009515265904,0
0,-0.073535526553268,0
0,-0.05236752547037721,0
0,-0.019382008802261652,0
0,-0.04670353420449319,0
0,-0.05891766414518995,0
0,-0.08039913067442184,0
0,-0.045985321051734696,0
0,0.08062957357325273,1
0,-0.01731274137617833,0
1,-0.046602337846673614,0
0,-0.015877829576737668,0
1,-0.01684766364317286,0
0,-0.033721383272396654,0
0,-0.043771019845127435,0
0,-0.040162579790305186,0
1,-0.020120122682346975,0
0,0.035289161509704514,1
0,0.0588091508691474,1
0,-0.04924391931547323,0
0,-0.04574405230456707,0
0,-0.05803204237903287,0
1,-0.04042633403989743,0
0,-0.0678494448012455,0
0,-0.06756589921786577,0
0,-0.04611654388312436,0
0,-0.08127105303308307,0
0,-0.08416826935203886,0
1,-0.018518095911605192,0
0,-0.05466108226088351,0
0,-0.05116630777855835,0
0,-0.008290998284776252,0
0,-0.05079502592036511,0
0,-0.04385352356149752,0
0,-0.07344768019398318,0
0,-0.07783001343283591,0
0,-0.02568582037145767,0
0,-0.05735371730895039,0
0,-0.06214247888307445,0
0,-0.012554820087171459,0
1,-0.01684766364317286,0
0,-0.07738959824506064,0
0,-0.07305833907496029,0
0,-0.06185795538366501,0
0,-0.05418935104062972,0
0,-0.07345770831404241,0
0,-0.055290788365681465,0
0,-0.08099976028775974,0
0,-0.043098577893308454,0
1,-0.017623788684232145,0
0,-0.05592871315945136,0
0,-0.046196422818129024,0
0,-0.06262136162693216,0
1,-0.041549801472365866,0
0,-0.06252398547994031,0
1,-0.03440868131401331,0
0,0.11278069899760901,1
1,-0.006270324465430688,0
0,-0.051283577372477074,0
0,-0.07674417669375605,0
0,-0.07672868180339992,0
1,0.00339393018318479,1
0,-0.10465160903509307,0
0,-0.07493207340708624,0
1,-0.027306348936354363,0
0,-0.05396636126532817,0
0,-0.03453875198900874,0
0,0.05708241179044926,1
0,-0.0256451241947101,0
0,-0.08854850536309061,0
1,-0.014926835742351319,0
0,-0.025498911914319744,0
0,-0.05060639521251886,0
1,-0.018050338748055228,0
0,-0.07562051528960251,0
1,-0.01670935978797633,0
1,-0.030103845892235137,0
0,0.002184512350441925,1
0,0.031598794038452116,1
0,-0.033258863819446094,0
0,-0.051154612684879475,0
0,-0.04247213566872221,0
0,0.1454821840900058,1
0,-0.0572643127534484,0
0,-0.015282770318143624,0
0,-0.0451187250006147,0
0,-0.07502400951845739,0
0,-0.06621127626577833,0
0,-0.07952121647575189,0
0,-0.06011996002949477,0
0,-0.07704095529587607,0
0,0.22740749327755627,1
0,-0.0038426346023416325,0
0,-0.05353182433374687,0
0,-0.058016471603947406,0
0,-0.053590350860968916,0
0,0.00051863178361089,1
0,0.006778481640609013,1
0,-0.04574405230456707,0
0,-0.0691571538697624,0
0,-0.07833823436671039,0
0,-0.08113399799244408,0
1,-0.01670935978797633,0
0,-0.022993529094526732,0
0,-0.06503221892737876,0
1,-0.06180411479113146,0
0,-0.058336246869965136,0
1,-0.015359966390029234,0
0,-0.06286752304180399,0
0,-0.05820612816537224,0
0,-0.08346957996868948,0
0,-0.014001128532161178,0
0,-0.015742161220537898,0
0,-0.01454841854981348,0
0,-0.0038426346023416325,0
1,-0.017768194614598942,0
1,-0.015183828558617052,0
0,-0.06956794798627391,0
0,-0.08223143512613751,0
0,-0.07499451723101336,0
1,-0.012906365148818988,0
0,-0.0751579504054069,0
0,-0.0782853575515241,0
0,-0.055742883788081565,0
0,-0.05455581232694384,0
0,-0.08296556003387379,0
0,0.02196104593235093,1
0,-0.04289289224678544,0
0,0.0588091508691474,1
0,-0.05273572604185006,0
0,-0.02330824472532217,0
0,-0.05951749694230801,0
0,-0.07281914573676768,0
0,-0.056061904569819465,0
0,-0.08257742969632365,0
0,-0.060312098414602944,0
0,-0.05969401023182541,0
0,-0.05600941542919585,0
0,-0.09198331813838834,0
0,-0.05555971322304254,0
0,-0.07895250252825364,0
0,-0.05622148319701159,0
1,-0.012906365148818988,0
0,-0.08920727358150787,0
0,-0.05519164863499898,0
0,-0.05264987426079143,0
0,0.035289161509704514,1
0,-0.08161068824468237,0
0,0.031598794038452116,1
0,-0.04450993584145585,0
0,-0.07343129148260952,0
1,-0.015183828558617052,0
0,-0.06254444704239487,0
0,-0.03837539324701639,0
1,-0.07115333151600345,0
1,-0.026550468947028116,0
0,-0.04976428066540617,0
1,-0.01670935978797633,0
0,-0.03031923998311853,0
0,-0.06876265570233675,0
0,-0.06176837719958855,0
0,-0.07502400951845739,0
0,-0.08079703191600973,0
1,-0.01636851034352016,0
1,-0.01670935978797633,0
1,0.005414960630031662,1
0,0.07863426760052228,1
0,0.1262938038417123,1
0,-0.09111523766904245,0
0,-0.06149717804724508,0
0,-0.07839910217854462,0
1,-0.02006253071359887,0
0,-0.05335259299343881,0
0,0.031598794038452116,1
0,-0.05908460131329413,0
0,-0.013958605187085193,0
1,-0.01684766364317286,0
0,-0.0579323546476207,0
0,-0.07517789280335163,0
1,-0.016764872256409713,0
0,-0.02536778353173269,0
0,-0.04377349586355017,0
0,-0.02170251856032218,0
0,-0.07988914033661337,0
0,-0.05552940128302447,0
0,-0.06100116307436382,0
0,-0.08354541847227448,0
0,0.1383270612556342,1
0,-0.08107251898653262,0
0,-0.0525300734223777,0
0,-0.042293882240071135,0
0,-0.07450680960299805,0
0,-0.0548084672367643,0
0,-0.07111559855858651,0
0,-0.054216574567203024,0
0,0.006778481640609013,1
0,-0.0694325541849623,0
1,-0.015359966390029234,0
0,-0.06529517247060473,0
0,-0.08416012035574716,0
0,-0.062101123571654315,0
0,-0.07272517804096895,0
0,-0.04521093918737612,0
0,-0.05655412080667038,0
0,-0.09735245808716814,0
1,-0.04914734295255452,0
0,-0.04357690631477301,0
0,-0.027318805499421173,0
0,-0.07450816321636372,0
0,-0.08367966653839104,0
0,-0.08166161415862733,0
0,0.006778481640609013,1
0,-0.0884059740062611,0
0,-0.058631389526166366,0
1,-0.015359966390029234,0
0,-0.024869498031004633,0
0,-0.0610440971113424,0
0,-0.07360927071257539,0
0,-0.04297875148355024,0
0,-0.08079703191600973,0
0,-0.06486622724847518,0
0,0.08836995105933876,1
0,-0.08864755805422941,0
0,-0.05263896523563644,0
0,0.09721126296171889,1
0,-0.08792460246358152,0
0,-0.056399341515596835,0
0,-0.06817412103382248,0
0,-0.07921192370279195,0
0,-0.027793944617425903,0
0,-0.04519784625458456,0
0,-0.004804126653274121,0
0,-0.0038426346023416325,0
1,-0.01670935978797633,0
0,0.111414400531199,1
0,-0.08465206610818138,0
0,-0.03832188831106281,0
0,-0.08459899213692273,0
1,-0.01670935978797633,0
0,-0.07886055857236557,0
0,-0.06486622724847518,0
0,-0.06589403155787626,0
0,-0.08864597864593121,0
1,-0.017043261177559443,0
0,-0.015012392465558078,0
1,-0.01876606469855946,0
0,-0.02681558585238747,0
0,-0.05357341875554722,0
1,-0.03828442358393269,0
0,0.09721126296171889,1
0,-0.05643335329124394,0
0,-0.02958742339708348,0
0,0.22056235087850784,1
0,-0.06892497559338007,0
0,0.026470276048069175,1
0,-0.07829251989995889,0
0,-0.06840995830252933,0
0,-0.0563006056517521,0
0,-0.07007756013090272,0
0,-0.07586589034478342,0
0,-0.05617976909431449,0
1,-0.015359966390029234,0
0,-0.03231649623752697,0
0,-0.06654793582194635,0
0,-0.006134151044624947,0
0,0.09943438793460357,1
0,-0.04010639301997593,0
0,-0.07495814544447299,0
0,-0.07400143734063225,0
0,-0.0038426346023416325,0
0,-0.03649489289226654,0
1,-0.01684766364317286,0
0,-0.09676708406254869,0
0,-0.046912195463998885,0
0,-0.07315947084482544,0
0,-0.055907942152411794,0
0,0.035289161509704514,1
0,-0.013125124880422667,0
1,-0.01670935978797633,0
0,-0.06589403155787626,0
1,-0.017043261177559443,0
1,-0.01684766364317286,0
0,-0.03845067382174738,0
1,-0.07960087382347064,0
0,-0.05612138708636211,0
0,-0.06873093135450792,0
0,-0.08288874610303248,0
0,-0.06062507667975875,0
0,-0.055463772195188,0
0,-0.07304121146380738,0
0,-0.0994976021394795,0
0,-0.0817895280383415,0
0,-0.05068706721629207,0
0,-0.036861163658693075,0
0,0.0588091508691474,1
1,-0.015359966390029234,0
0,-0.06998625520106205,0
0,-0.006066793506786461,0
1,-0.015343559786735572,0
0,-0.0038426346023416325,0
0,-0.015939529876872693,0
1,-0.019505963821408123,0
0,-0.059578741133967106,0
0,-0.08540900249423072,0
0,0.013552771301790667,1
0,-0.06252398547994031,0
0,-0.06589403155787626,0
0,-0.07597771605103776,0
0,-0.07369222326549907,0
0,0.09721126296171889,1
0,-0.08079703191600973,0
0,-0.05919384408640965,0
0,-0.05046997374470291,0
0,-0.02656824254481399,0
1,-0.07257175597383492,0
0,-0.05946224554286855,0
0,-0.05716445185739072,0
0,-0.07368878710064147,0
0,-0.07949914401410735,0
0,-0.05113661150562071,0
0,-0.07435704498948847,0
0,-0.061659815759604386,0
0,-0.07337188572885128,0
1,-0.012906365148818988,0
0,-0.08887894033088461,0
0,-0.07757301352515938,0
0,-0.030054552927582967,0
0,-0.05090273689169411,0
1,-0.014246737092494022,0
0,-0.04797137908137855,0
0,-0.07926613887267403,0
0,-0.014395568730982244,0
0,-0.05956320862181291,0
0,0.111414400531199,1
0,-0.025712281554060412,0
1,-0.018518095911605192,0
0,-0.06547182381442052,0
1,-0.02006253071359887,0
0,-0.00225126565887257,0
0,-0.05614162853892973,0
0,-0.09296229382580895,0
0,-0.0753926792373163,0
0,-0.02175642128697758,0
1,-0.031120853440515683,0
0,-0.00779565087812556,0
0,-0.05735068823555195,0
1,-0.015183828558617052,0
0,-0.09161279204512557,0
0,-0.07589847364205388,0
0,0.12594821929593436,1
1,-0.01684766364317286,0
0,-0.05008200690850528,0
0,-0.09196488507432404,0
0,-0.06904535057333722,0
1,-0.06059071680317479,0
1,-0.01684766364317286,0
0,-0.05869928788179268,0
1,-0.018518095911605192,0
0,-0.05514223981210514,0
0,-0.05492441293107647,0
0,-0.07098901918087575,0
0,-0.03069825553309935,0
0,-0.06904286371686874,0
0,-0.040360000655869366,0
0,-0.06564737668361736,0
1,-0.06401220239404437,0
0,-0.0038426346023416325,0
0,-0.05848743193810946,0
0,-0.07434009575216144,0
0,-0.07369423883307763,0
0,-0.04657263542609408,0
0,-0.05714373865083949,0
0,0.026470276048069175,1
0,-0.06861132764701938,0
0,-0.008984815183990802,0
0,-0.08219926323595028,0
0,-0.07686578169980646,0
0,-0.06966112377559935,0
0,-0.06975428728896094,0
0,-0.06423176829547372,0
0,-0.05812619165387278,0
0,-0.0559759731845364,0
0,-0.048543304721319624,0
0,-0.08590603929048646,0
0,-0.09209670927046493,0
0,-0.05869820328949166,0
0,-0.07617815972479164,0
1,-0.017768194614598942,0
0,-0.08103344483277086,0
1,-0.015359966390029234,0
0,-0.06574532465177685,0
0,0.031598794038452116,1
1,-0.012906365148818988,0
0,-0.06193898136800052,0
0,-0.03498876564180414,0
0,-0.07799536361777964,0
1,-0.017768194614598942,0
0,-0.06352735850596719,0
0,0.07915946430601328,1
0,-0.08995006019177004,0
0,-0.0607473895566597,0
0,-0.04331279897719115,0
0,-0.05106073264502836,0
0,0.0033437858149948374,1
0,-0.06242294437703061,0
0,-0.08502034704841821,0
0,-0.0342885242076979,0
0,-0.054041206438948886,0
0,-0.04925028612728527,0
0,0.002707325350800871,1
0,-0.06204266657784574,0
0,0.0588091508691474,1
0,-0.07924718901581773,0
0,-0.055290788365681465,0
0,-0.07406824944773871,0
0,-0.0829228284501356,0
0,-0.0038426346023416325,0
1,-0.01876606469855946,0
0,-0.02121797902363931,0
1,-0.013977047411596055,0
0,-0.07485134377622271,0
0,-0.05265287321227452,0
0,-0.07195239326223513,0
0,-0.07070887766260109,0
1,-0.042022366448294546,0
1,-0.01684766364317286,0
0,0.11116238115833188,1
0,-0.0804076539812657,0
0,-0.08368616018032099,0
0,-0.07902837866620527,0
0,-0.07683323033071288,0
0,-0.054271216825104995,0
0,0.10308688881055217,1
0,-0.07741511838663367,0
1,-0.01876606469855946,0
1,-0.07402148806355979,0
0,-0.0792287977224243,0
0,-0.03963894693514297,0
0,-0.09653050729513374,0
0,0.111414400531199,1
0,-0.07802095207568627,0
0,-0.05629127456610783,0
0,-0.06633208998217832,0
0,-0.0637148781948148,0
0,-0.01032081564831877,0
0,-0.07548103622888169,0
0,0.026470276048069175,1
0,-0.018336065598616058,0
0,-0.0572643127534484,0
0,-0.05551824286238105,0
1,-0.016764872256409713,0
0,0.026470276048069175,1
0,0.111414400531199,1
0,-0.06682546968843278,0
0,-0.04654944427994717,0
1,-0.015487024097411095,0
0,-0.05864044148995334,0
0,-0.10082297568150522,0
0,-0.06107009515265904,0
0,-0.04495836669366704,0
0,-0.059354899092797064,0
0,0.08077566670804814,1
0,-0.08892135867924156,0
0,-0.04895098525123931,0
0,-0.03538524341486826,0
1,-0.015359966390029234,0
0,-0.08279902129774325,0
1,-0.018541179280398,0
1,-0.04234633736778781,0
1,-0.01670935978797633,0
1,0.00034727729939088015,1
0,-0.05257264418367197,0
1,-0.017043261177559443,0
0,-0.0700642252280485,0
0,-0.07431269061621498,0
0,-0.07730855757151173,0
0,-0.06757211619951559,0
1,-0.03993874863454955,0
0,-0.08010320141314825,0
0,-0.052865701512709695,0
0,0.050760140341404636,1
0,-0.07602804688119474,0
0,-0.05072052209478439,0
0,-0.0721728908873574,0
0,-0.07569140527179519,0
0,-0.0001562828640978009,0
0,-0.059466331578727494,0
0,-0.08568830865328192,0
1,-0.01684766364317286,0
0,-0.030210510834841664,0
1,-0.07148893126141753,0
1,-0.0802439055240734,0
0,-0.055232771709372186,0
0,0.1454821840900058,1
0,0.12594821929593436,1
0,-0.05406038693741927,0
0,0.0588091508691474,1
0,-0.02736402926713538,0
0,0.026470276048069175,1
0,-0.07502400951845739,0
0,-0.05802770386352313,0
0,-0.00818009125169683,0
0,-0.06252398547994031,0
0,-0.06385565588199427,0
0,-0.05508722196634863,0
1,-0.01670935978797633,0
1,-0.020120122682346975,0
0,0.026470276048069175,1
1,-0.01876606469855946,0
1,-0.07240516193914592,0
0,0.0588091508691474,1
0,0.11116238115833188,1
1,-0.019202241582551238,0
0,-0.049282029348793444,0
0,-0.07863103482199923,0
0,-0.0038426346023416325,0
0,-0.03833686430499589,0
0,-0.06453197197046268,0
1,-0.018448207554442375,0
0,-0.07502400951845739,0
0,-0.046001929414465514,0
0,-0.0766731055438239,0
0,-0.024098176251163173,0
0,-0.09017145784042607,0
0,-0.05051831791341849,0
0,-0.08040465427789445,0
0,-0.045331057651238404,0
1,-0.013313731455815825,0
0,-0.006248548673841892,0
1,-0.019505963821408123,0
0,-0.003988104779097612,0
0,-0.05279451719954742,0
0,-0.07848775446465073,0
0,0.13818311637003922,1
0,-0.0664238817219116,0
0,-0.09199072093052774,0
0,-0.1009912124290272,0
0,-0.038347041400280835,0
0,-0.07890578871557447,0
1,-0.07063348311170153,0
0,-0.0442544902484448,0
1,-0.04155056642820204,0
0,-0.05701811140186497,0
0,-0.08542882345160369,0
0,-0.060980629326287006,0
0,-0.0381831284259978,0
0,-0.027562003613368857,0
0,-0.08060790460460393,0
0,-0.04797515109923617,0
1,-0.015359966390029234,0
0,-0.0998751428116233,0
0,-0.06184101030854755,0
0,-0.0975802550259558,0
0,-0.08197877813488202,0
0,-0.05346877619601331,0
0,0.031598794038452116,1
1,-0.01670935978797633,0
0,0.05557001604988088,1
0,-0.07026869385825457,0
0,0.12594821929593436,1
0,-0.051044985287419464,0
0,0.011438091954118046,1
1,-0.019202241582551238,0
0,-0.06383366320845107,0
0,-0.0840747148891422,0
1,-0.015183828558617052,0
1,-0.01636851034352016,0
0,-0.05521758559829176,0
0,-0.0548084672367643,0
0,-0.03467332749127083,0
0,0.07447662863207238,1
0,-0.059100274326247426,0
0,-0.08026200345915652,0
0,-0.10399874213539079,0
0,-0.07265413125205478,0
1,-0.03425026148596072,0
0,-0.05273247386649016,0
0,-0.07552855666077168,0
0,-0.07855219198811281,0
0,-0.0606006747293118,0
0,-0.04117108130878466,0
0,-0.082202611929097,0
0,-0.05507233677727014,0
0,-0.06019497665687673,0
0,-0.08267818505017105,0
0,-0.0828463828606738,0
0,-0.035806710272879294,0
0,0.1454821840900058,1
0,-0.07380650878674477,0
0,-0.09314868415452865,0
1,-0.015359966390029234,0
0,-0.06153923720651755,0
1,-0.01670935978797633,0
0,-0.07642349368740636,0
0,-0.04788966097300845,0
0,-0.07700282230939803,0
0,-0.07744289701444607,0
0,-0.04063250078883163,0
0,-0.04317316358053991,0
0,-0.07871474258219685,0
0,-0.06892722812120305,0
0,-0.04873836868664255,0
0,-0.06744363771472095,0
0,-0.03240614494845634,0
1,-0.01670935978797633,0
0,-0.021992853005128543,0
0,-0.03869227676467807,0
0,-0.07378523866271963,0
1,-0.008386382462877706,0
0,-0.07285663690260064,0
0,-0.04311969560423362,0
0,-0.043362247219960126,0
0,-0.07262366445123952,0
1,-0.025117788842114963,0
0,-0.04216895808384802,0
0,-0.03517697278249948,0
0,-0.08032942205871929,0
0,-0.048529853410639257,0
0,-0.0729392608900361,0
0,-0.052431334339855806,0
0,-0.05655412080667027,0
0,-0.0033058540579708473,0
0,-0.05075766113306329,0
0,-0.06186008445723162,0
1,-0.017623788684232145,0
0,-0.05544220379636561,0
0,-0.05622321068827307,0
0,-0.08419970067927962,0
0,-0.09103451017212694,0
1,-0.016764872256409713,0
0,-0.07860873038083016,0
0,-0.033417730582277594,0
0,0.0588091508691474,1
0,-0.059901663618195045,0
0,-0.05617976909431449,0
0,-0.09016032316705219,0
0,0.005371260131915689,1
0,-0.05712419166762012,0
0,-0.06522248674056247,0
0,-0.014067496825237502,0
0,-0.047371904757151584,0
1,-0.012906365148818988,0
0,-0.08335180650549379,0
0,0.013552771301790667,1
0,-0.06383366320845107,0
0,-0.040860931210370155,0
0,0.0588091508691474,1
0,-0.05837908325391261,0
0,0.08456279102527564,1
0,0.111414400531199,1
0,-0.08229397401602845,0
1,-0.01670935978797633,0
0,-0.06744698761936146,0
0,0.00251118064169098,1
0,-0.06207105995434942,0
0,-0.078724067792172,0
0,-0.04261032855843472,0
0,0.03066746410283583,1
0,-0.07201361708712917,0
0,-0.06790882010688809,0
0,0.0013859014939435754,1
0,-0.06347016253832471,0
1,-0.014186628727106465,0
0,-0.049141237326273235,0
0,-0.0033416033105335696,0
0,-0.08119724894264979,0
0,-0.03299760998389345,0
1,-0.015183828558617052,0
1,-0.015183828558617052,0
1,-0.01636851034352016,0
1,-0.017768194614598942,0
0,-0.05763555969586176,0
0,-0.03600787677579803,0
0,-0.047371904757151584,0
0,-0.0650434645189727,0
0,-0.0352047599472578,0
0,-0.09280838829715471,0
0,-0.07625377423077245,0
0,-0.05714373865083949,0
1,-0.01738808843901385,0
0,-0.06040158783692673,0
0,-0.0803054562946241,0
0,-0.06551647634654262,0
0,0.1454821840900058,1
0,-0.06453960699661432,0
1,-0.01876606469855946,0
0,-0.04665379019313548,0
0,-0.03713370873833283,0
0,-0.08068260427480278,0
0,-0.06976188951888662,0
0,-0.05087170037848854,0
1,-0.022868805547420656,0
1,-0.012906365148818988,0
0,-0.0812144814420519,0
0,0.006778481640609013,1
0,0.22039986166027337,1
0,-0.004753027061420723,0
0,-0.000894831051891698,0
0,-0.06415356832641489,0
0,-0.07125724646438625,0
1,-0.02943164403868348,0
0,-0.06142523464278471,0
0,0.09721126296171889,1
0,0.026470276048069175,1
0,-0.0038426346023416325,0
0,-0.022662073418163564,0
0,-0.01633102329381303,0
0,-0.07990939455238888,0
0,-0.04469528989307231,0
1,-0.017768194614598942,0
0,0.035289161509704514,1
0,-0.08319513359461778,0
0,-0.0445182395988562,0
0,-0.07381336690201118,0
0,-0.03252181871043336,0
0,-0.0395202734385664,0
0,-0.08056653480571319,0
0,-0.033721383272396654,0
0,-0.059189730334646695,0
0,0.1454821840900058,1
0,-0.08116838160364204,0
0,-0.047581586839398005,0
1,0.008733852881700477,1
0,0.0229294416139304,1
0,-0.07713633397398123,0
0,-0.020726724605013236,0
0,-0.039914495887820034,0
1,-0.031404436902947475,0
0,-0.03786669255497155,0
0,-0.06690985048034631,0
0,-0.0038426346023416325,0
0,-0.07516498167982394,0
0,-0.0331409400155912,0
1,-0.012906365148818988,0
0,-0.02924441851859877,0
0,-0.047940866262472126,0
1,0.024172127894103723,1
0,-0.06762345266223319,0
0,-0.08298877703113611,0
0,-0.04261730796371699,0
0,-0.08183634654579808,0
0,-0.08133464537792634,0
1,-0.015359966390029234,0
0,-0.022412814549848448,0
0,-0.06101276861991278,0
0,0.16608148388901844,1
0,-0.05655412080667027,0
0,0.09721126296171889,1
0,-0.07455171431656815,0
0,-0.08407440178289205,0
0,-0.0434559259885704,0
1,-0.041515390915870365,0
0,-0.028035353740834323,0
0,-0.051578831105861866,0
0,0.020224324541264882,1
0,-0.05989256878587296,0
0,0.02411632291531507,1
0,-0.054832148106779666,0
0,-0.08333579511321343,0
1,-0.015183828558617052,0
1,-0.018518095911605192,0
0,-0.05223738081164647,0
0,-0.08518804779913347,0
0,-0.03916863589421676,0
0,-0.07062749410797758,0
0,-0.0592532855118057,0
0,-0.06753378266604959,0
0,-0.06720841402385419,0
0,-0.07745228505324281,0
0,0.12594821929593436,1
0,-0.060111713076363316,0
0,-0.05018701796787517,0
0,-0.07938746648592582,0
0,-0.06836713057545607,0
1,-0.01636851034352016,0
0,0.0588091508691474,1
1,-0.007425683277582196,0
0,0.01729322934050459,1
0,-0.05908460131329413,0
0,-0.053590350860968916,0
0,-0.05907327621246694,0
0,0.035289161509704514,1
0,0.1454821840900058,1
0,-0.039219071598075306,0
0,-0.030670238442474573,0
1,-0.01670935978797633,0
0,-0.01348370383420644,0
0,0.09721126296171889,1
0,-0.0559759731845364,0
0,-0.07811896397580237,0
0,-0.06015462030613555,0
1,-0.01876606469855946,0
0,-0.07666291251074664,0
0,-0.04530040566019794,0
0,-0.08760723945170834,0
1,-0.01636851034352016,0
0,0.1262938038417123,1
0,-0.05117109140802323,0
0,-0.04782886715357748,0
0,-0.058860598400534425,0
0,-0.06202801409304831,0
0,-0.056400661348016135,0
0,-0.08532139383280657,0
0,-0.028924617711625578,0
0,-0.05620958578122143,0
0,-0.08097221459271414,0
0,0.014029829022945584,1
0,-0.08286379332682342,0
0,-0.05627985203962599,0
0,-0.05263316803995438,0
0,-0.06397111648611181,0
0,-0.01706148849868605,0
0,-0.029295335345862594,0
0,-0.07536536635052771,0
0,0.006778481640609013,1
0,-0.02850660955682588,0
0,-0.03056777798778465,0
0,-0.04037159453263278,0
0,-0.019524351150483454,0
0,-0.08041677960009463,0
0,-0.03342140884291411,0
0,-0.05905666376812707,0
0,-0.07079717373978017,0
0,-0.06262127173641352,0
1,-0.01876606469855946,0
0,0.13381750445632845,1
0,-0.011496881022175165,0
0,-0.05869820328949166,0
0,-0.05441335262913455,0
0,-0.009929879663655106,0
0,-0.06808319040431399,0
0,-0.08692084360264901,0
0,-0.061158664482356906,0
1,-0.015666438022868323,0
0,-0.07171140903289824,0
0,-0.04506336678517969,0
0,-0.03828726967392465,0
0,-0.008670530603618942,0
0,-0.08300323208501692,0
0,-0.07229822661760088,0
0,-0.06270587297546432,0
0,-0.07755016870364728,0
0,-0.0038426346023416325,0
0,-0.07704095529587607,0
0,-0.027266351215067375,0
1,-0.019505963821408123,0
0,-0.003697355870154795,0
0,-0.04010639301997593,0
0,-0.08417817764084701,0
0,-0.05281793143183078,0
1,-0.013414130836250093,0
0,-0.06496107020972902,0
0,-0.027753368803244582,0
0,0.006778481640609013,1
0,-0.09166907889379966,0
0,-0.05072052209478439,0
0,-0.0855024906668328,0
0,0.09721126296171889,1
0,-0.05639133236656285,0
0,-0.0035853943721972925,0
0,-0.07051651939119924,0
0,-0.06705195685210602,0
0,-0.0256971664141582,0
0,0.09943438793460357,1
0,-0.08266438677091237,0
0,-0.04996140777676311,0
1,-0.014186628727106465,0
0,-0.0038426346023416325,0
0,-0.06366799147379881,0
0,0.026470276048069175,1
0,-0.10428396504924226,0
0,-0.02478287744556079,0
1,-0.015359966390029234,0
0,0.07755664995821365,1
0,-0.08106333142774835,0
0,-0.0527967517444885,0
0,-0.05551828035287254,0
0,-0.057364151130540275,0
0,-0.019418987878432548,0
0,-0.09463097763939193,0
1,-0.016115878902737746,0
1,-0.019963689339438206,0
1,-0.020177744187382607,0
1,-0.015359966390029234,0
1,-0.05254299122896511,0
0,-0.054129453618704026,0
1,-0.05123067349745519,0
0,-0.040514642940507495,0
0,-0.060086118662702026,0
0,-0.022849302866213894,0
0,-0.00746740507260657,0
0,-0.05534193191597031,0
1,-0.017043261177559443,0
0,0.035289161509704514,1
0,0.052780630813730744,1
0,-0.08331128772491436,0
0,0.08760137832914194,1
0,-0.017194540653574286,0
0,0.035289161509704514,1
0,-0.06948740431515776,0
0,-0.09514864066437845,0
0,-0.019532711702678562,0
0,-0.04266377720616338,0
0,0.0588091508691474,1
0,0.07810295834724024,1
0,-0.08855443862702678,0
0,0.031598794038452116,1
0,-0.07543305387884608,0
0,-0.08013905019495293,0
0,-0.08017255087619363,0
0,0.035768012227520796,1
1,-0.06771318350249406,0
0,-0.05573033972249869,0
0,-0.001678495044592776,0
0,-0.07819612323420061,0
0,0.038403561937221276,1
0,-0.04836200516911615,0
0,0.08408667385807056,1
1,-0.01670935978797633,0
0,-0.07546288819122121,0
1,-0.01738808843901385,0
0,-0.053597024330275966,0
0,-0.07972997765864659,0
0,-0.07012760660916556,0
0,0.09721126296171889,1
0,-0.05979330070401584,0
0,-0.06290418416644461,0
0,-0.0700392707780132,0
0,-0.05798454274573556,0
0,-0.08253090365027338,0
1,-0.013532045090530076,0
1,-0.015666438022868323,0
0,-0.06682546968843278,0
0,-0.07644183612623656,0
1,-0.013414130836250093,0
0,-0.06072371552663769,0
0,-0.06842286704448897,0
0,-0.08472845869732898,0
0,-0.043397806080788914,0
1,-0.05485343703304946,0
0,-0.044910382590866826,0
0,-0.050585722794844745,0
0,-0.08264511825015813,0
0,-0.07624922641877274,0
0,-0.008906762079339048,0
0,-0.05454036429242709,0
0,-0.03510423143654878,0
0,0.04941179161796816,1
0,-0.07827369756663594,0
0,-0.054518319011839345,0
0,-0.08455519810318585,0
0,-0.06927203158244533,0
0,0.031598794038452116,1
0,0.011898659701098935,1
1,-0.04533796563940434,0
0,-0.018635623623491415,0
0,-0.05557333380175311,0
0,-0.06443530024753985,0
1,-0.045501931473496904,0
0,-0.04988807321838046,0
1,-0.01738808843901385,0
0,-0.020985118482834464,0
0,-0.07116690408957049,0
0,-0.06546068527902643,0
0,-0.06179187647662182,0
1,-0.017043261177559443,0
0,-0.05685680333921045,0
0,-0.06900164761840799,0
0,-0.07408940381569384,0
0,-0.08267250831202744,0
0,0.031598794038452116,1
0,-0.045640618666273336,0
0,-0.056568938070602814,0
0,0.0588091508691474,1
0,-0.052816668551944,0
0,-0.056768905894167665,0
0,-0.08066376179547191,0
0,-0.09065334143054166,0
1,-0.019505963821408123,0
1,-0.019505963821408123,0
0,-0.06366458775427969,0
0,-0.07066692415062342,0
0,0.09721126296171889,1
0,-0.07412767336548326,0
0,-0.04469414591877824,0
0,-0.05117109140802323,0
0,-0.08280747872251731,0
0,-0.08098415780801366,0
0,-0.08608796453444678,0
0,-0.060354928312068346,0
1,-0.017623788684232145,0
0,-0.005478884029384068,0
1,-0.012906365148818988,0
0,-0.046175167414100604,0
1,-0.017623788684232145,0
0,-0.027095607039712644,0
0,-0.07546022583649575,0
0,-0.03056577793821752,0
1,-0.04814361320952143,0
0,0.0588091508691474,1
0,-0.10186151205429433,0
0,-0.046172682547794996,0
1,-0.016764872256409713,0
0,-0.09643117755630343,0
0,-0.05655412080667027,0
0,-0.060347349902606706,0
0,-0.09178924739582012,0
0,-0.05135835329528654,0
0,-0.05121848204564894,0
0,-0.07611002543897155,0
0,-0.08081052055912774,0
0,0.12594821929593436,1
0,-0.04230254947912687,0
0,-0.013427142138855042,0
0,-0.07787264045082304,0
0,0.11116238115833188,1
0,-0.04668659176254886,0
0,-0.04230254947912687,0
1,-0.03007846528958158,0
1,-0.06936144662407334,0
0,0.026470276048069175,1
0,-0.04347395816663463,0
0,-0.007118270255423276,0
0,-0.07383104146176617,0
1,-0.01670935978797633,0
0,-0.05068706721629207,0
0,-0.03123875128772874,0
0,-0.04264829592410324,0
0,-0.034510543734503074,0
0,-0.0701268020839399,0
0,-0.04493330699010867,0
0,-0.05490885941522761,0
0,-0.016339108596830076,0
0,-0.05221759877365112,0
1,-0.013414130836250093,0
0,-0.09120829851744738,0
0,-0.07481450604507245,0
0,-0.008617240856004849,0
1,-0.012906365148818988,0
0,-0.0658144219690402,0
0,-0.0779285559974422,0
1,-0.01684766364317286,0
0,-0.07474862708436575,0
1,-0.052365136792199674,0
0,-0.045788104307171895,0
1,0.00034727729939088015,1
0,-0.06185795538366501,0
1,-0.019505963821408123,0
0,-0.05530803959052716,0
0,-0.04831234102957627,0
0,-0.07975693405325546,0
0,-0.03849548172247569,0
0,0.02196104593235093,1
0,-0.055463688619176776,0
1,-0.06190102561634453,0
1,-0.02613668019115578,0
0,-0.007627706391818201,0
0,-0.042162845571552476,0
0,-0.0806828666857296,0
0,-0.07917962752518787,0
0,-0.07236255493711208,0
0,-0.043196924700703576,0
0,-0.04328273074416372,0
0,-0.09874450039865657,0
0,-0.014651473623289224,0
0,-0.024226821631583795,0
0,-0.06861880334297266,0
0,-0.059354899092797064,0
0,-0.08197690002172614,0
0,-0.09068707979555701,0
0,0.13789532397168736,1
0,-0.02145647932810213,0
0,-0.06942837123987283,0
1,-0.01670935978797633,0
0,0.09721126296171889,1
0,-0.02472969890117721,0
1,-0.01684766364317286,0
0,-0.07069661183884135,0
0,-0.02822251941522219,0
0,-0.03266341844503923,0
1,-0.04113020289561642,0
0,-0.06626281880629098,0
0,-0.06677409486753699,0
1,-0.01636851034352016,0
0,-0.057862495532280234,0
0,-0.06597316604472453,0
0,-0.060980629326287006,0
0,-0.06498422998986042,0
0,-0.07864168789904857,0
0,-0.007390889447884519,0
0,-0.06335620247621226,0
0,-0.08412660767923713,0
0,-0.08951858302957161,0
0,-0.0864232472427196,0
0,-0.08687271710223332,0
0,-0.044224084641113603,0
0,-0.07718166603521054,0
0,-0.050054298735010105,0
0,0.09259527525236921,1
0,-0.007544107206433948,0
0,-0.017257171529228454,0
0,-0.01623359722126949,0
0,-0.05404926420507994,0
1,-0.003606199564593071,0
0,-0.03973335509125436,0
0,-0.078400055981875,0
0,-0.03558103042262273,0
1,-0.015359966390029234,0
0,0.006778481640609013,1
0,-0.05714373865083949,0
0,-0.10099362345856766,0
0,-0.07718166603521054,0
0,-0.05228111942883745,0
0,-0.043961105981074444,0
0,-0.0725924520207028,0
0,-0.060980629326287006,0
1,-0.015962008411279427,0
0,0.09943438793460357,1
0,-0.08804975210908766,0
0,0.16608148388901844,1
1,-0.015666438022868323,0
0,-0.07898441566393377,0
0,-0.0692107406803193,0
0,0.2410561483423288,1
1,-0.07858608770965214,0
0,-0.05388618869958284,0
0,-0.05432140075087716,0
0,-0.05869820328949166,0
0,-0.05836004703655473,0
1,0.008184790128610064,1
0,-0.05419518286907016,0
0,0.026470276048069175,1
1,-0.01738808843901385,0
0,-0.0950260078461887,0
0,-0.06460346107479614,0
1,-0.03837197127991876,0
0,-0.0812839841689531,0
0,-0.088450612404817,0
0,-0.06136696867794733,0
0,-0.02044352546195466,0
0,0.22873157492013851,1
0,-0.07080199697492612,0
0,-0.08476230500964949,0
0,-0.08079703191600973,0
0,-0.062399495832809515,0
0,-0.08516042072037755,0
0,-0.014748210295630282,0
0,-0.04624047612338317,0
0,-0.046169193627205674,0
1,-0.01684766364317286,0
0,-0.06937195977088095,0
0,-0.0563120796601036,0
0,-0.003705281407614447,0
0,-0.07678071513173684,0
1,-0.015359966390029234,0
0,-0.08748465980301845,0
0,-0.055907942152411794,0
0,-0.08107319698029547,0
1,-0.015183828558617052,0
0,-0.058717904444984315,0
1,-0.01636851034352016,0
0,0.0022728056970331423,1
1,-0.01636851034352016,0
0,0.026470276048069175,1
1,-0.019202241582551238,0
0,-0.044721821069450995,0
0,-0.0033238129456454324,0
0,0.10308688881055217,1
0,-0.06390583857029558,0
0,-0.06664273035052898,0
0,-0.07295474199300045,0
0,-0.03032098113275611,0
0,-0.014693655236503456,0
0,-0.006741102097144569,0
0,-0.06890235629883806,0
0,-0.08071534723417961,0
0,0.02196104593235093,1
0,-0.03875099636380519,0
0,-0.07971411721718424,0
0,-0.018262670011040094,0
0,-0.07508315971330215,0
0,0.12594821929593436,1
0,-0.08931282574173754,0
0,-0.04802115237820842,0
0,-0.060980629326287006,0
0,-0.07634895371794082,0
0,-0.05601255874991706,0
0,0.0588091508691474,1
0,-0.06858683505956359,0
0,0.026470276048069175,1
0,-0.07886333368735965,0
0,-0.01165815852842178,0
0,0.16608148388901844,1
0,-0.07337689467645608,0
0,-0.07321517711406322,0
1,-0.014926835742351319,0
0,-0.04778465170895596,0
0,-0.03380767284427405,0
0,-0.09180471706943583,0
1,-0.020503697876690652,0
0,-0.09043109359321433,0
0,-0.05819465962712517,0
1,-0.015359966390029234,0
0,-0.08416158014635838,0
0,-0.014550664781337985,0
0,-0.050693707801177657,0
0,-0.0021379419577899905,0
0,-0.06875291202373607,0
1,-0.08346809671454047,0
0,-0.05988518752006344,0
0,-0.047591753300089135,0
0,-0.07663120210092644,0
1,-0.014186628727106465,0
1,-0.015359966390029234,0
0,-0.07998624889408273,0
0,-0.07668113973162272,0
0,-0.08685602799037134,0
0,-0.10097413471588385,0
0,-0.08338231938648699,0
0,-0.049638612292795314,0
0,-0.05694393993655322,0
1,-0.015343559786735572,0
1,-0.07452374827242852,0
0,-0.07100408050755486,0
0,-0.0875123758737173,0
0,-0.0850194735433914,0
0,-0.09336821195144529,0
0,0.028757437266916486,1
1,-0.007425683277582196,0
0,-0.06005529655393799,0
0,-0.038420557170209535,0
0,-0.07657834823375254,0
0,-0.023217630799841515,0
0,0.10619537889234087,1
0,-0.05423226520123203,0
0,0.007217863408992109,1
0,-0.06579550683237961,0
0,-0.04873412908180852,0
1,-0.014926835742351319,0
0,-0.0520577753097875,0
0,-0.07964304218212359,0
0,-0.07948953782668183,0
0,-0.08227279537831295,0
0,-0.05241618516930219,0
0,-0.04590945405073643,0
0,-0.043795291218772736,0
0,-0.04230254947912687,0
0,0.01413358078319471,1
0,-0.05564928897445903,0
0,-0.07312020799311575,0
0,-0.04701019403025536,0
0,-0.0586453930628163,0
1,-0.015359966390029234,0
0,-0.04318439743644081,0
0,-0.03832188831106281,0
0,-0.06438120804668468,0
0,-0.08009156991104477,0
0,-0.06776738554425393,0
0,-0.057722790430042636,0
0,-0.07230346810217714,0
0,-0.06256836286498685,0
0,-0.07365275183401149,0
0,-0.05779210761300879,0
0,-0.02188057088542994,0
0,-0.0799039747600161,0
1,-0.012906365148818988,0
0,-0.06984161700665326,0
1,-0.017768194614598942,0
0,0.22039986166027337,1
0,-0.06564737668361736,0
0,-0.06107009515265904,0
0,-0.0606832558837021,0
0,-0.09027279994405363,0
0,-0.0038426346023416325,0
0,-0.08735964429090154,0
0,-0.05557066476755579,0
0,0.031598794038452116,1
1,-0.01684766364317286,0
0,-0.07788925988794376,0
0,-0.08315459441641776,0
0,-0.039397598221251606,0
0,-0.006222392781082664,0
1,0.00034727729939088015,1
0,-0.07004420882210083,0
0,-0.05790670559520994,0
0,-0.04866796683590063,0
0,0.21835872012308,1
0,0.0588091508691474,1
0,-0.07322111066553011,0
0,-0.023587276547039737,0
0,-0.09555177797169812,0
0,-0.06465233949589183,0
0,-0.07836846043552254,0
0,-0.03734825132161734,0
0,-0.016824342812024884,0
0,-0.06554110117219847,0
1,-0.003910254082305442,0
1,-0.01876606469855946,0
1,-0.015183828558617052,0
0,-0.011594367436375264,0
0,-0.03867747376466685,0
1,-0.015359966390029234,0
0,-0.07387242664926869,0
0,-0.08924442623360401,0
0,0.035289161509704514,1
0,-0.08178120300428643,0
0,-0.0770229411993914,0
0,-0.016918914509961358,0
0,-0.055344811961482054,0
0,-0.07558923827990066,0
0,-0.03386025950031207,0
0,-0.08215311489594568,0
0,-0.07874672395690169,0
0,-0.052211878385637955,0
1,-0.02006253071359887,0
0,-0.06424911748162282,0
0,-0.07964304218212359,0
0,-0.0523977719386966,0
0,-0.0064653298019075045,0
0,-0.07772184205071508,0
0,-0.045813711118816935,0
0,-0.030181085304199384,0
0,0.026470276048069175,1
0,-0.07429084377868972,0
0,-0.08838960688306458,0
0,-0.09000514322060077,0
0,-0.05655412080667027,0
0,-0.05233606218065057,0
0,-0.04858808719461433,0
0,0.1454821840900058,1
0,-0.0780785227678894,0
0,-0.0818086736240985,0
0,-0.01478520790517257,0
0,-0.08261433370026094,0
0,0.13789532397168736,1
0,-0.054361449920140914,0
0,0.013552771301790667,1
0,-0.07467438720467323,0
0,-0.024449548826254552,0
0,-0.09335820212067697,0
0,-0.06066967560914843,0
0,-0.057862495532280234,0
0,0.11116238115833188,1
0,-0.04072464050562491,0
1,-0.020120122682346975,0
0,-0.054419048352982446,0
0,0.111414400531199,1
0,-0.052061235228450076,0
0,-0.062380479628516394,0
0,0.031598794038452116,1
0,-0.042199313894445256,0
1,-0.0368752664520694,0
0,-0.06404712418101233,0
1,-0.01684766364317286,0
0,-0.05650890617981402,0
1,-0.015359966390029234,0
0,-0.06204538694279066,0
1,-0.013414130836250093,0
0,-0.08721723064677939,0
0,-0.08905402763299997,0
0,-0.05798454274573556,0
1,-0.04964834471122559,0
1,-0.012533536587400418,0
0,-0.048888285890848926,0
0,-0.06791844506049188,0
0,-0.03481888112281106,0
0,-0.0840957101042864,0
0,-0.02461860729112969,0
0,-0.07289879624303008,0
0,0.0588091508691474,1
0,-0.0661942198943235,0
0,-0.07958988838464531,0
0,-0.07348840002629964,0
0,-0.06489596164320904,0
0,-0.05250630549650731,0
0,-0.01322046764752094,0
0,-0.049166583103231354,0
0,-0.07866821267091972,0
1,-0.04208176565098848,0
0,0.035289161509704514,1
1,-0.015183828558617052,0
1,-0.01636851034352016,0
0,-0.08357305585874308,0
0,-0.10436016963178496,0
0,0.1262938038417123,1
0,-0.06042963495715731,0
0,-0.07528399564038862,0
0,0.031598794038452116,1
0,-0.021413739297900913,0
0,-0.07514952557776472,0
0,-0.05564928897445903,0
0,-0.07221129001667553,0
0,-0.05803204237903287,0
1,0.002360851465725511,1
0,-0.0503964009961928,0
0,-0.08075659010284647,0
0,-0.015227337195946655,0
0,-0.009275658038518986,0
0,-0.08334362337859286,0
0,-0.04261154461269695,0
1,-0.033309480697783056,0
0,-0.09618820857923566,0
0,-0.0529163693910818,0
0,-0.08300160326649253,0
0,-0.0796109277967868,0
0,0.0588091508691474,1
1,-0.05998368098613294,0
0,-0.05388395580652516,0
1,-0.02370004220603511,0
0,-0.05556401660019317,0
1,-0.06505784651476054,0
1,-0.01636851034352016,0
0,-0.043403618239857,0
0,-0.07828698953018032,0
0,-0.010549683231573237,0
1,-0.01684766364317286,0
0,-0.07182873799890438,0
1,-0.00019622769989091626,0
0,-0.016952695670285844,0
0,-0.03978044737458386,0
0,0.13789532397168736,1
1,-0.01670935978797633,0
0,-0.07249378230137654,0
0,-0.03987418701204953,0
0,-0.014831931832281209,0
0,-0.021300892686054784,0
0,-0.05241550893420016,0
0,-0.0835958558168059,0
0,-0.07081898334749048,0
0,-0.08106095108854555,0
0,-0.05555971322304254,0
0,0.1383270612556342,1
0,-0.05141855853136501,0
0,-0.019873238474529098,0
0,-0.05562226095349765,0
0,-0.07229254329301837,0
0,-0.041331249150172666,0
0,0.006266901075615783,1
0,-0.06442943236126009,0
0,-0.08960250417860377,0
0,0.2405549294716951,1
0,-0.03035278677501807,0
0,-0.08911213303690979,0
0,-0.04299597142723066,0
0,-0.051087266586723856,0
1,-0.018518095911605192,0
0,-0.09454406729425552,0
0,-0.04195899247223245,0
0,-0.00926819251776051,0
0,-0.07028083431525001,0
1,-0.012906365148818988,0
0,-0.07020558225741702,0
0,0.06223850512108342,1
1,-0.04332041937945802,0
0,-0.10335922225545924,0
0,-0.0060578157967486335,0
0,-0.053274477603704185,0
0,-0.009046014522374524,0
0,-0.0496553562138643,0
0,-0.048307250111911726,0
0,-0.08267100132540395,0
0,-0.04903954423639373,0
0,-0.08605548704393029,0
0,-0.048065470226425655,0
0,0.02196104593235093,1
0,-0.061283910730556945,0
0,-0.05614721251463012,0
1,-0.016764872256409713,0
0,-0.049300950980284086,0
1,-0.04934181180829422,0
0,-0.09034746839080393,0
0,-0.07740705539222886,0
0,-0.0398136254134307,0
0,-0.05233797448882599,0
0,-0.0809605313458619,0
0,-0.05251620388552258,0
0,-0.03308751845535257,0
0,-0.07864462371947584,0
0,-0.027622486334290097,0
0,0.11116238115833188,1
0,-0.02210315180264455,0
0,-0.07999676646336545,0
0,-0.05639133236656285,0
0,-0.04339040109666625,0
0,0.1454821840900058,1
0,-0.042293882240071135,0
0,-0.049141237326273235,0
1,-0.028522353141290924,0
0,0.035289161509704514,1
0,-0.04429554947971148,0
1,-0.015666438022868323,0
0,-0.0443566907207828,0
0,-0.09811636184833705,0
0,-0.05714373865083949,0
0,-0.06801428654188496,0
0,-0.0038426346023416325,0
0,0.11116238115833188,1
0,-0.05655412080667027,0
0,-0.0543920461995297,0
1,-0.06608514575087748,0
0,0.1454821840900058,1
0,0.054479113873581175,1
0,-0.04010639301997593,0
0,0.09721126296171889,1
0,-0.0749845597172541,0
0,-0.04289289224678544,0
0,-0.04266377720616338,0
0,-0.066367129360412,0
0,-0.07176501439119454,0
1,-0.01636851034352016,0
0,-0.05026654178725626,0
0,-0.05666893325700961,0
0,-0.08152281188846511,0
1,-0.015183828558617052,0
0,-0.05423545510306266,0
0,-0.05862787865052166,0
0,-0.04523762425285721,0
0,-0.047152001219664896,0
0,-0.08080857949483339,0
0,0.041451446717275076,1
0,-0.07804858367515771,0
0,-0.0778895934972832,0
0,-0.06664691857821681,0
0,-0.0397581069731624,0
0,-0.07000406082757898,0
0,-0.012768714022495353,0
0,-0.08777981555651954,0
0,-0.00853297869962194,0
1,-0.014926835742351319,0
0,-0.08711731340677137,0
0,0.08319620333383737,1
1,-0.01876606469855946,0
1,0.002537729394204935,1
0,-0.08277154507229223,0
0,-0.07211029999915247,0
0,-0.042142905235783346,0
0,-0.08237449610517905,0
0,-0.07186951893916954,0
0,-0.04213515125917405,0
0,-0.0581887464642315,0
0,-0.036675970656626256,0
0,-0.07222364059078912,0
0,-0.06092855544581527,0
0,-0.04388349283590348,0
0,-0.0780160557264466,0
0,-0.05327274502993218,0
1,-0.015359966390029234,0
0,-0.08023218176382751,0
0,-0.032496965113062326,0
0,-0.08722022912014238,0
0,0.00505382230172402,1
0,-0.029452305534433787,0
0,0.006778481640609013,1
0,-0.0038426346023416325,0
0,-0.07128180459462341,0
1,-0.007425683277582196,0
0,-0.08234354312909686,0
0,-0.013111126628143899,0
0,-0.07690287406439478,0
0,-0.05135826086039408,0
0,-0.03106653143070437,0
0,-0.0929739784270649,0
0,-0.06513131906380981,0
0,-0.048636649548270905,0
0,0.006778481640609013,1
1,-0.02054308968868962,0
0,-0.005625411210129827,0
0,-0.04630734423185856,0
1,-0.015359966390029234,0
0,-0.03521481321018971,0
0,-0.03610773131331069,0
0,-0.009432130317806042,0
0,0.0588091508691474,1
0,-0.04976382547099639,0
0,-0.060471356928834596,0
0,-0.039086787204793194,0
0,-0.07143450252701361,0
0,-0.047371904757151584,0
0,0.02196104593235093,1
0,-0.08970544306354089,0
0,0.04513399968988763,1
0,-0.08952949925411102,0
1,-0.015183828558617052,0
0,-0.06062507667975875,0
0,-0.06005541133110076,0
0,0.08592566642084332,1
0,-0.05614509836379522,0
0,-0.05969401023182541,0
0,-0.07451807011904982,0
0,-0.08685641165663427,0
0,-0.08134923187500981,0
0,-0.08277983770104824,0
0,-0.05358615238020853,0
0,-0.08837552576573049,0
0,-0.06059011870892539,0
0,0.10074748933433375,1
1,-0.01876606469855946,0
1,-0.01876606469855946,0
0,-0.038391387437652025,0
0,-0.06481256513905254,0
0,-0.051373196662558684,0
0,-0.06614342433370701,0
0,-0.06658949640450967,0
0,-0.030020343686100404,0
0,-0.07328778391453922,0
0,-0.05532443161584494,0
0,-0.07462379974199962,0
1,-0.014926835742351319,0
0,-0.05747453088911669,0
1,-0.01738808843901385,0
0,-0.0337118005241312,0
0,-0.05541802563186449,0
1,-0.00746893418602862,0
1,-0.02006253071359887,0
0,-0.0595885326859662,0
0,-0.06800099087878075,0
1,-0.01684766364317286,0
0,-0.061143083134429566,0
0,-0.024899336850518705,0
0,-0.06506468474450433,0
0,-0.04329143787290812,0
0,-0.06589403155787626,0
0,-0.07578995721046233,0
0,-0.059354899092797064,0
0,-0.06807188695399025,0
0,-0.06480170908123978,0
0,-0.05306733933239843,0
0,-0.020537055449937724,0
0,-0.06825869209718649,0
1,-0.015359966390029234,0
0,-0.05375899502850057,0
0,-0.04574405230456707,0
0,-0.01790881632861696,0
0,0.1488242698861445,1
0,-0.010175673285619191,0
0,-0.07654828239097045,0
0,-0.02674524967250258,0
0,-0.06078232327769195,0
0,-0.053027577415929505,0
0,-0.05993559735290915,0
1,-0.012906365148818988,0
0,0.23285920601176402,1
0,-0.0795872151026733,0
0,-0.07239638555852257,0
1,-0.009834764484795644,0
0,-0.047882132171778224,0
0,-0.06507434397390516,0
0,-0.06106371321160814,0
0,-0.026817927472029435,0
0,-0.05275075320918482,0
1,-0.015359966390029234,0
0,-0.05276076582877831,0
1,-0.01670935978797633,0
0,-0.0960352103617314,0
0,-0.06958391788380824,0
0,0.0559653863832128,1
0,-0.04985955079026638,0
0,-0.07476725493593417,0
1,-0.017623788684232145,0
0,-0.07992581653683689,0
0,-0.014105715466252666,0
0,-0.07903930188699637,0
1,-0.015359966390029234,0
0,-0.04357931039631657,0
0,-0.07649209488234049,0
0,-0.0687658537540567,0
0,0.0834316022379018,1
0,-0.08258721780943662,0
0,-0.005992384517101934,0
0,-0.060971586886071905,0
0,-0.008127099436331775,0
0,-0.08388008753104426,0
1,-0.0740911750783117,0
0,-0.06513131906380981,0
0,-0.07008372285479786,0
0,-0.07816046029242546,0
0,0.05478116033076086,1
0,-0.020144603215562606,0
0,-0.05928343468384778,0
1,-0.015359966390029234,0
0,-0.060980629326287006,0
0,-0.051976238797171226,0
0,-0.06873176246036033,0
0,-0.0701216311018883,0
1,-0.06367050567639487,0
0,-0.05716445185739072,0
0,-0.05783264443122155,0
0,-0.09564566888886789,0
1,-0.015359966390029234,0
1,-0.01780967074991524,0
0,-0.05176209237436191,0
0,-0.05964987122490745,0
0,-0.01565511641940276,0
0,-0.08943308887418772,0
0,0.035289161509704514,1
0,-0.07933169789087507,0
1,-0.01670935978797633,0
0,-0.04768675533193667,0
1,-0.015359966390029234,0
1,-0.015359966390029234,0
0,-0.0824076646230894,0
0,-0.05905666376812707,0
0,-0.07277609236713845,0
0,-0.06430950334839997,0
0,-0.0038426346023416325,0
0,-0.017802793555513896,0
0,-0.03954719188175426,0
0,-0.05015623755518539,0
0,-0.05563036410097505,0
0,-0.07626233632703944,0
1,-0.01876606469855946,0
0,-0.015373963259801227,0
0,0.05917051287817998,1
0,-0.05541802563186449,0
0,0.055614188109995855,1
1,-0.01738808843901385,0
0,-0.046996987011219904,0
1,-0.0726392809199008,0
0,-0.07458927442891983,0
0,0.2410561483423288,1
1,-0.05533194311714523,0
0,-0.04208984723493575,0
0,-0.06969018140646754,0
0,-0.0563006056517521,0
1,-0.03718758143984546,0
0,-0.07741628621736824,0
0,-0.007480326566879747,0
0,-0.03915019723034324,0
1,-0.04322203246575762,0
0,-0.07646481479756562,0
0,-0.07462079694137635,0
0,-0.08252598165724151,0
0,-0.01167189931570578,0
0,0.026470276048069175,1
0,-0.052803901818917254,0
0,-0.0873154354630461,0
0,-0.060642787027689604,0
0,-0.05377582355723409,0
0,-0.03311379137377185,0
1,-0.01876606469855946,0
0,-0.08099976028775974,0
0,-0.04222788596017024,0
0,-0.0835424002024443,0
0,-0.08184551520517547,0
1,-0.017131340839171227,0
0,-0.05976088723658479,0
0,-0.05276484849138957,0
1,-0.01636851034352016,0
0,-0.08341058185239014,0
1,-0.026832886084204755,0
0,-0.04272259779649634,0
0,-0.10209685869535368,0
0,-0.05649937494659346,0
0,-0.08950268456795679,0
0,-0.05649937494659346,0
1,-0.01684766364317286,0
0,0.11823539363750624,1
0,-0.08133884955369874,0
0,-0.08273204476501217,0
0,-0.05894477938994003,0
0,-0.05233379525942922,0
0,-0.09195328325446694,0
0,-0.056349144265914586,0
0,-0.05310147201337684,0
0,-0.05987393881600844,0
0,-0.08012577970079815,0
1,-0.020120122682346975,0
0,-0.08286818128253937,0
1,-0.015666438022868323,0
0,-0.07676896207850525,0
0,-0.053556500665532414,0
0,-0.07141529281163089,0
0,-0.05306733933239843,0
0,-0.09030044962320055,0
0,-0.06200752837493961,0
0,-0.08352134022145646,0
0,-0.06643801600182658,0
1,-0.01966619644336981,0
0,-0.07796645901819654,0
1,-0.015666438022868323,0
0,-0.07205776358323973,0
0,-0.052391797043897737,0
0,-0.03285298499505013,0
0,0.009653018721589746,1
0,-0.07464367652091802,0
0,0.0588091508691474,1
1,-0.025303208546148426,0
0,-0.07795774725228782,0
0,0.12594821929593436,1
0,-0.0739871737426957,0
0,-0.07847094112608488,0
1,-0.01684766364317286,0
0,-0.05396636126532817,0
0,-0.06565132732277484,0
0,-0.07664417112065608,0
0,-0.012723240979265082,0
1,-0.01670935978797633,0
1,-0.029371806780457255,0
1,-0.01670935978797633,0
0,0.006778481640609013,1
0,-0.05363479312580072,0
0,-0.07972997765864659,0
0,-0.07337679614408926,0
0,-0.07946263184884395,0
0,0.12594821929593436,1
0,-0.054706985272230946,0
0,-0.08710344164445577,0
0,-0.08893240041333295,0
0,-0.04954411773721784,0
0,0.07623648179488374,1
0,-0.0677605979936362,0
0,-0.05406038693741927,0
0,0.0020097814825780214,1
0,-0.024295287354453632,0
0,-0.01529838778823256,0
0,-0.08385180022616956,0
0,0.026470276048069175,1
0,-0.08284393841978616,0
0,-0.04544522142085328,0
0,-0.05836004703655473,0
1,-0.017966795436318628,0
0,-0.08067626772030606,0
0,-0.07951457784548127,0
0,-0.05570385791531446,0
0,-0.04778768558481927,0
0,-0.0593788724026989,0
0,-0.053590350860968916,0
1,-0.015359966390029234,0
0,0.0588091508691474,1
0,-0.03599664593340551,0
0,-0.045712826970986775,0
0,0.006350227771519612,1
0,-0.06378899206572608,0
0,-0.046912195463998885,0
0,-0.06453934382086746,0
0,-0.05454036429242709,0
0,-0.04453502532614084,0
0,-0.10362394090009719,0
0,-0.035877599045008646,0
0,-0.02060120178434216,0
1,-0.035775224310490183,0
0,0.0588091508691474,1
0,-0.022981115961809406,0
0,0.09721126296171889,1
0,-0.07611436641089325,0
0,-0.07747566031498243,0
0,-0.07196648409663375,0
1,-0.03568683124294969,0
0,-0.05836815873081036,0
1,-0.019963689339438206,0
1,-0.015359966390029234,0
0,-0.07393302294466253,0
0,-0.03696610264192446,0
0,-0.07268968846575857,0
0,-0.0359330936939366,0
0,-0.06100116307436382,0
0,-0.07268608169276225,0
0,-0.06662621745882052,0
0,-0.05119990695075388,0
0,-0.047263596596013924,0
0,-0.0906868357333867,0
0,0.031598794038452116,1
0,0.035289161509704514,1
0,-0.06661246054414932,0
1,-0.012906365148818988,0
0,-0.07104397545932417,0
0,0.08424706824715633,1
0,-0.03379250607775125,0
0,0.0498411226858092,1
0,-0.057024531904957876,0
0,-0.05645409972383253,0
0,-0.07858194027414,0
0,-0.04236010918188754,0
0,-0.07964304218212359,0
0,-0.0828558736166341,0
0,-0.027520735161547683,0
1,-0.015359966390029234,0
0,-0.08029640199608229,0
0,-0.06364591120373442,0
0,-0.08514237703630834,0
1,0.009575166915585687,1
0,-0.0563006056517521,0
0,-0.07342492023637709,0
0,-0.02320719323552739,0
0,-0.055685020805264884,0
0,-0.05454036429242709,0
0,-0.051801181864747636,0
0,-0.05432279180245603,0
0,-0.052865701512709695,0
0,0.09721126296171889,1
0,-0.061351834367760816,0
0,-0.055742504107792024,0
0,-0.06994696492658914,0
1,-0.061580203701327996,0
0,-0.0729883587413176,0
1,-0.01670935978797633,0
0,-0.03572076265217128,0
0,-0.01933234255739763,0
0,0.16608148388901844,1
1,-0.033622904729353864,0
0,-0.04951109961118283,0
0,-0.08309396786798007,0
1,-0.015359966390029234,0
0,-0.07380808428256158,0
0,-0.018903936072378336,0
1,-0.029151380897222412,0
0,-0.08171084417838687,0
0,-0.07380924364804908,0
0,-0.07024983976260407,0
0,-0.051115616352638615,0
0,-0.011655974310377293,0
0,-0.05083689991670509,0
0,-0.0806310996535271,0
0,-0.08807732689835163,0
1,-0.02405563945820388,0
0,-0.05049939419611155,0
0,-0.014761931934665906,0
0,-0.04602979443506722,0
0,0.035289161509704514,1
0,-0.06419440427187362,0
0,-0.060347349902606706,0
0,-0.058026525158225484,0
1,-0.0514481361173188,0
0,0.09301874978566205,1
0,-0.09109075077367806,0
1,-0.014926835742351319,0
0,-0.0744687375365698,0
0,-0.09058405701829292,0
0,-0.04212024380669099,0
0,0.09721126296171889,1
0,-0.04545375084048642,0
1,0.001103003656710344,1
0,-0.07788046395809123,0
1,-0.015359966390029234,0
0,-0.04514208498966249,0
1,-0.09066192573189935,0
0,-0.02030135409562961,0
0,-0.06829189516067435,0
1,-0.017623788684232145,0
1,-0.0438861465768321,0
0,-0.059150089597863664,0
0,-0.0401764150047601,0
0,-0.05869820328949166,0
0,-0.05524163741883081,0
0,-0.0012255801594458493,0
0,-0.04386322348040561,0
0,-0.06775446763744303,0
0,-0.0882065354181974,0
0,-0.030829536078664566,0
1,-0.006980345108256902,0
0,-0.04430465748227491,0
0,-0.07005700347769439,0
1,0.004666432805431664,1
0,-0.05946224554286855,0
0,-0.023590106393340804,0
0,0.13789532397168736,1
0,-0.06428650439722694,0
1,-0.01636851034352016,0
0,-0.07816189093196185,0
1,-0.06415986482887293,0
1,-0.015359966390029234,0
0,-0.05714373865083949,0
0,-0.06372996410690757,0
0,-0.06640606064646687,0
0,-0.1016490252089633,0
0,-0.021626923016221322,0
0,-0.0750482838273242,0
1,-0.015666438022868323,0
0,-0.06323723898519945,0
0,-0.04480468443183733,0
1,-0.015359966390029234,0
1,-0.017768194614598942,0
0,-0.08215866662106303,0
1,-0.006270324465430688,0
0,-0.06757529616612279,0
1,0.009353048535798547,1
0,-0.07033777539819791,0
0,-0.060694229412308454,0
0,-0.07893893424151482,0
0,-0.020468527781116908,0
0,-0.0038426346023416325,0
0,-0.053490963554428006,0
0,-0.042526884587857305,0
0,0.11116238115833188,1
0,-0.07609400552874224,0
0,-0.046196422818129024,0
0,0.111414400531199,1
0,-0.08039151544853529,0
0,-0.06262136162693216,0
0,-0.02014849523398765,0
0,-0.04254103891554595,0
1,-0.05498072764527484,0
0,-0.04870114471010223,0
0,-0.044832949769484765,0
0,-0.08075545196881606,0
1,-0.01670935978797633,0
0,-0.029365075163600873,0
1,-0.06330553894899366,0
1,-0.014926835742351319,0
0,-0.06107962966157182,0
1,-0.017768194614598942,0
0,-0.03978259352898056,0
1,-0.001186971433769446,0
0,-0.0556763693595031,0
1,-0.009834764484795644,0
0,-0.07861873182152568,0
0,-0.005359956399935417,0
0,-0.023677283802662985,0
0,-0.08851042092628764,0
0,-0.05112065225445456,0
0,-0.04329572180878055,0
1,-0.015359966390029234,0
0,-0.04982890401523299,0
0,-0.08000096596587669,0
0,-0.04732882876770805,0
0,-0.07969597185931232,0
0,-0.07808260444602783,0
0,-0.05365116508036383,0
0,-0.05148721647528903,0
0,-0.0630890583013205,0
0,-0.06795922489201978,0
0,-0.08912766483542539,0
0,0.21852074895325735,1
0,-0.08529354903856157,0
0,-0.07957129803950674,0
0,-0.07244686413048002,0
0,-0.0907433481361371,0
0,-0.08303134117492927,0
0,-0.08766589907101913,0
0,-0.08465021902633091,0
0,-0.08414271520485256,0
0,-0.06534495397713458,0
0,0.035289161509704514,1
1,-0.01636851034352016,0
0,-0.08637429779801153,0
0,-0.09693818704606871,0
0,-0.056380306818853865,0
0,-0.033541614416951804,0
0,0.111414400531199,1
0,-0.036081679787626775,0
0,0.02196104593235093,1
1,-0.018518095911605192,0
1,-0.015183828558617052,0
0,-0.034062820391535575,0
1,-0.07554418676460511,0
1,-0.019202241582551238,0
0,-0.035277566009646766,0
0,-0.06200292088287629,0
0,0.006484699086282686,1
0,-0.023455297334790015,0
0,0.08590623355661442,1
0,-0.06841755590786402,0
0,-0.07949985370158963,0
0,-0.036068270321866824,0
0,-0.059318442112469005,0
0,-0.0801667269974054,0
1,-0.01876606469855946,0
0,-0.05380004478511602,0
0,-0.011314850882930327,0
0,-0.04289289224678544,0
0,-0.06777405221770855,0
0,-0.023001212002609406,0
0,-0.05249015403019186,0
0,-0.06486533068703937,0
0,-0.026388926147377922,0
0,-0.0800117432127655,0
0,-0.053383167462926207,0
0,-0.018639326499579945,0
0,-0.00850342944494581,0
0,-0.015845691925806538,0
0,-0.08069642065508242,0
0,0.026470276048069175,1
0,-0.017959682600167337,0
1,-0.029226183494923508,0
1,-0.01876606469855946,0
0,-0.06599397921876693,0
0,-0.0803081999615674,0
0,-0.06588647772205236,0
0,-0.0731626385722981,0
0,-0.05125582881975538,0
0,-0.033954539268834016,0
0,-0.07697034699614713,0
0,-0.0024837503226837754,0
0,-0.07488800966667775,0
0,0.09721126296171889,1
0,-0.05783264443122155,0
0,-0.07083143744990295,0
0,-0.011498971888842136,0
0,-0.06874263578426093,0
0,-0.058245888519744216,0
0,-0.08392988157032938,0
0,-0.008315113224785009,0
0,-0.018527521220327414,0
0,-0.06422537573363274,0
1,-0.017623788684232145,0
0,-0.061260928919752045,0
0,-0.012758527185643742,0
0,-0.05512165305485556,0
0,-0.08267407718238112,0
0,-0.06506105882325591,0
0,-0.047462634015503935,0
0,-0.0864576802891236,0
0,0.0623651332334737,1
0,-0.070426772581414,0
1,-0.08882450946190351,0
0,0.2290927744294824,1
1,-0.01636851034352016,0
0,-0.022241822048562787,0
1,-0.015183828558617052,0
1,0.030192817266764038,1
0,-0.05580367071202563,0
1,-0.015962008411279427,0
1,-0.02006253071359887,0
0,-0.0843022279510256,0
0,-0.07242972948029491,0
1,-0.07703650720188943,0
1,-0.053039322260148236,0
0,-0.08138899329089905,0
0,-0.003995416653086392,0
0,-0.014811874427889726,0
0,-0.058936577792229716,0
0,-0.053590350860968916,0
1,-0.018518095911605192,0
0,-0.07839600208942293,0
0,-0.041071664694293075,0
0,-0.0802251849276675,0
0,-0.05541802563186449,0
0,0.0005937918013178001,1
0,-0.03964805898152185,0
0,-0.06418221335477176,0
0,-0.023540992189872822,0
0,-0.04386322348040561,0
0,-0.05783264443122155,0
0,-0.07747555566032244,0
0,-0.01205794075631661,0
0,-0.07972997765864659,0
1,-0.012906365148818988,0
0,-0.030031355114822356,0
0,-0.07784627579333575,0
0,0.1262938038417123,1
0,-0.03591746906747817,0
1,-0.01684766364317286,0
0,-0.08303094976201891,0
0,-0.03448321284217115,0
0,-0.06015462030613555,0
0,-0.05855784530578517,0
1,-0.04115756453407865,0
0,-0.06281903850722925,0
0,-0.05666452840729852,0
1,-0.015359966390029234,0
0,-0.055009228954919054,0
0,-0.05570386499116148,0
0,-0.0470961203233905,0
1,-0.01684766364317286,0
0,-0.0038426346023416325,0
0,-0.07330715983731989,0
0,-0.03000946972891594,0
0,-0.05335259299343881,0
0,-0.05617976909431449,0
0,-0.007344172412228844,0
0,-0.08783644513562322,0
1,-0.012906365148818988,0
0,-0.05507658875192972,0
0,-0.03986497292374097,0
0,-0.05141922266414428,0
0,-0.07631814636461126,0
0,-0.07635783850405448,0
0,-0.07315947084482544,0
0,-0.09028891913694154,0
0,-0.06525497032110628,0
0,-0.05592112712867486,0
0,-0.07437835739786453,0
1,-0.06307721593253507,0
0,-0.07791475213351967,0
0,-0.04819870402697496,0
0,-0.0545881915618836,0
0,-0.057857151367868453,0
0,-0.0582746055460871,0
1,-0.017768194614598942,0
0,-0.07498187991623595,0
1,-0.018518095911605192,0
0,-0.0038426346023416325,0
0,-0.05466108226088351,0
0,-0.033955730961632236,0
0,-0.08155509309618092,0
0,-0.057785123368023605,0
0,-0.07852711034110571,0
0,-0.07150804985755954,0
0,-0.07788237083903266,0
1,-0.017977589798552684,0
0,-0.03914099215645539,0
0,-0.05908556469481596,0
0,-0.06252170466184592,0
0,-0.052211878385637955,0
0,-0.07794791939174028,0
0,-0.062035831907198635,0
0,-0.07825805046034418,0
0,-0.08290782938658336,0
0,-0.08158973277566811,0
0,-0.06241029087989597,0
0,-0.04303057535712457,0
0,-0.008751027008290002,0
1,-0.016764872256409713,0
0,-0.07967943915851133,0
0,0.2290927744294824,1
0,0.0006205049311907018,1
1,-0.09371999877003329,0
1,-0.04054858318546545,0
0,-0.04222781193722036,0
0,-0.04870997113374265,0
0,0.006778481640609013,1
0,-0.10035115928607663,0
0,0.031598794038452116,1
0,0.11116238115833188,1
0,-0.07631981566864404,0
0,-0.07147828183053007,0
0,-0.06200292088287629,0
0,-0.04297865069248524,0
0,-0.05578521531796904,0
0,-0.04723170569717505,0
0,-0.012770371434995487,0
0,-0.05570385791531446,0
0,-0.05335259299343881,0
0,-0.05570385791531446,0
0,-0.026316473543695762,0
0,0.035289161509704514,1
0,-0.08943265562000846,0
0,-0.05411017260383166,0
0,-0.022814848891240413,0
1,-0.015359966390029234,0
1,-0.01636851034352016,0
0,-0.0038426346023416325,0
0,-0.09169353596109314,0
1,-0.019505963821408123,0
0,-0.03186972678531519,0
0,-0.05400367957414631,0
0,-0.0762838296515283,0
0,-0.07052432599196018,0
0,-0.05020194121971994,0
1,-0.008094901874808935,0
1,-0.019505963821408123,0
0,-0.05541802563186449,0
1,-0.01684766364317286,0
0,-0.042062282250197924,0
0,-0.04500843748758104,0
0,-0.07492917857971504,0
1,-0.02006253071359887,0
0,-0.05551828035287254,0
0,-0.057862495532280234,0
0,-0.0474259775712213,0
0,0.0588091508691474,1
0,-0.024816371162018014,0
0,-0.07495517428375842,0
0,-0.08118697995384794,0
0,-0.05905616880312614,0
0,-0.07830645820486098,0
0,-0.04869685984923655,0
0,-0.051664745863737815,0
1,-0.01876606469855946,0
0,-0.00928795812274591,0
0,0.05917051287817998,1
0,-0.01839261345965104,0
0,0.16608148388901844,1
0,-0.06901299969678132,0
1,-0.015359966390029234,0
1,-0.01670935978797633,0
0,-0.06982969961050367,0
0,-0.07529954291197,0
0,-0.006435856053636169,0
0,-0.05803204237903287,0
1,-0.013532045090530076,0
1,-0.018518095911605192,0
0,-0.06589403155787626,0
0,-0.07987581823678103,0
0,-0.027293735504385852,0
0,0.035289161509704514,1
0,-0.04292750398174122,0
0,-0.05894477938994003,0
0,-0.04604084933833502,0
0,-0.033721383272396654,0
1,-0.01876606469855946,0
0,-0.07711644771289006,0
1,-0.015666438022868323,0
0,-0.017686395046492054,0
1,-0.07114247695135667,0
0,-0.06641742604111878,0
0,-0.023967132139504133,0
0,-0.04614243716973915,0
0,-0.04043923873176092,0
1,-0.019505963821408123,0
0,-0.019549557614691626,0
0,-0.04939616844122774,0
0,-0.077871821134263,0
0,-0.04382771249725603,0
0,0.035289161509704514,1
0,-0.016862710657208957,0
0,-0.027672668501878883,0
0,-0.05288265620629434,0
1,-0.015359966390029234,0
0,-0.05050877177456836,0
0,-0.08306698388247219,0
1,-0.02143136022507819,0
0,0.0588091508691474,1
0,-0.0749422074274479,0
0,-0.0016965168608836234,0
1,-0.01670935978797633,0
0,0.0588091508691474,1
0,-0.08272559079031577,0
1,-0.026832886084204755,0
0,-0.08246257013640629,0
1,-0.015343559786735572,0
0,-0.07502400951845739,0
0,-0.02012955356214463,0
1,0.00034727729939088015,1
0,-0.05629127456610783,0
0,0.09721126296171889,1
0,-0.06811212415312023,0
0,-0.06341858502322123,0
1,-0.018112772524855603,0
1,-0.017795209901690368,0
1,-0.015359966390029234,0
0,-0.017497563968241647,0
0,0.09721126296171889,1
0,-0.08018730182130701,0
0,0.09337787762851513,1
1,-0.0035699441230174767,0
0,-0.07718698988974165,0
0,-0.07965852055360367,0
0,-0.052286833969784174,0
0,-0.057364151130540275,0
1,-0.07453208497274888,0
0,-0.09909881303910245,0
0,-0.05327274502993218,0
1,-0.06871864077215828,0
0,-0.07009072821229817,0
0,-0.07802012000472625,0
0,-0.051242045788520596,0
0,-0.1059950911348822,0
0,-0.07165260797729978,0
0,-0.07978262884006088,0
0,-0.06276817340785323,0
0,0.16608148388901844,1
0,-0.06712909801193562,0
0,-0.06597035511549332,0
1,-0.01738808843901385,0
0,-0.07977094681571817,0
0,-0.07596992583381745,0
0,0.09721126296171889,1
0,-0.057297931915304245,0
1,-0.01120200389262993,0
0,-0.012979788673160908,0
0,-0.05400367957414631,0
0,-0.03400681308286757,0
0,-0.07432848486974675,0
0,-0.07664110894015064,0
0,-0.0556216108994243,0
0,-0.04297865069248524,0
0,-0.05583680750326658,0
0,-0.062207730736085154,0
0,-0.07609587275443247,0
0,-0.04733949623722389,0
0,0.111414400531199,1
0,-0.011723284761093411,0
0,-0.060980629326287006,0
0,-0.028571983338626428,0
1,-0.016761639868348055,0
0,0.016093726241708906,1
0,-0.046912195463998885,0
0,-0.0527340507556564,0
0,-0.012605576768006554,0
0,-0.01095988720904878,0
0,0.006778481640609013,1
1,-0.05616248282392777,0
0,-0.0070633000900620635,0
0,-0.06579611713118477,0
1,-0.05370496096114252,0
0,-0.05446821151712222,0
0,-0.05609949450968682,0
0,-0.08782560806219819,0
0,-0.04457503273409069,0
0,0.026470276048069175,1
0,-0.02972106033943267,0
0,-0.05836004703655473,0
0,-0.07841777516477472,0
0,-0.030221085711476137,0
0,0.02196104593235093,1
0,-0.021023571561267496,0
0,-0.0038426346023416325,0
0,-0.06260871793940254,0
0,-0.08239504429384853,0
0,-0.06121493850629245,0
0,0.08812176655883297,1
0,-0.07764618531180684,0
1,-0.007711184303115681,0
0,-0.02595077267178625,0
0,-0.049622516436757136,0
0,-0.014033062051832523,0
0,-0.06416774625414906,0
0,-0.07890176975011343,0
0,-0.10257367158674413,0
0,-0.051888674758106657,0
0,-0.054323109281017634,0
0,-0.08519286567540568,0
0,-0.029348133411509103,0
0,-0.04281659109836866,0
1,-0.019202241582551238,0
0,-0.09093499910523034,0
1,-0.03573030695803642,0
0,0.0588091508691474,1
0,-0.07151193523439742,0
1,-0.015359966390029234,0
0,-0.07472412455212812,0
0,-0.08260059431407013,0
0,-0.053794043320215645,0
0,-0.0785813618871527,0
0,-0.0038426346023416325,0
0,-0.061030931574927116,0
0,-0.04425525215276671,0
0,-0.0940837742845233,0
0,-0.053211344334169186,0
0,-0.06511327441725567,0
0,-0.04327248054477195,0
1,-0.01636851034352016,0
0,-0.07031833070982857,0
0,-0.09007389108997577,0
0,-0.06404712418101233,0
0,-0.0038426346023416325,0
1,0.00868210125054425,1
0,-0.042772461267241824,0
0,-0.0783334109863355,0
0,0.006778481640609013,1
1,-0.05882554888471636,0
0,-0.054532326206655546,0
0,-0.04238424852002104,0
1,-0.017768194614598942,0
1,-0.02330646071227571,0
0,-0.058936082692430725,0
1,-0.07656770286286363,0
0,-0.01069666424540433,0
0,-0.059816519608971,0
0,-0.05426802717918622,0
1,-0.08088522052068592,0
0,-0.08909380467250666,0
1,-0.01876606469855946,0
0,-0.054558295272623736,0
0,-0.022914076533098793,0
1,-0.01670935978797633,0
0,-0.008531204911017054,0
0,-0.05553213174827809,0
1,-0.019202241582551238,0
0,-0.06727658014485566,0
0,-0.05905666376812707,0
0,-0.0473361324964654,0
0,-0.08529305968214462,0
0,-0.05518378877078084,0
0,0.006778481640609013,1
0,-0.06101276861991278,0
0,-0.05716445185739072,0
0,-0.020438059864606284,0
0,-0.07679420609303583,0
0,-0.07276922637130379,0
0,-0.07002701585867671,0
0,-0.06310509676321074,0
0,-0.053271527844427846,0
0,-0.1039077373826306,0
0,0.0588091508691474,1
0,-0.05346877619601331,0
0,-0.050067723859960056,0
1,-0.06955818075577774,0
0,0.12594821929593436,1
0,-0.07678374041479719,0
0,0.1387590907459595,1
0,-0.061041400805161794,0
0,-0.05363479312580072,0
0,0.006778481640609013,1
0,-0.04099408491176021,0
0,-0.020861327782092376,0
0,-0.054324956821792336,0
0,-0.04999781302672118,0
1,-0.015359966390029234,0
0,-0.06957586745143535,0
1,-0.013414130836250093,0
0,-0.05188344666401673,0
0,-0.041736973941330135,0
0,-0.010570834677786467,0
0,-0.07789403429617348,0
0,-0.06986062718933639,0
0,-0.021187124470764873,0
0,-0.0038426346023416325,0
0,-0.07473502037264046,0
0,-0.08068035603361251,0
0,-0.08800823594996182,0
1,-0.01670935978797633,0
0,-0.013561726649258032,0
1,0.008420846918423486,1
0,-0.056399341515596835,0
0,-0.08073551712506316,0
0,-0.04783593783216955,0
1,-0.006270324465430688,0
0,-0.08256622974649547,0
0,-0.07102246321742689,0
0,-0.07266639706528288,0
0,-0.06062507667975875,0
0,-0.08510939486117092,0
0,-0.09164651807726637,0
0,-0.04707893744031655,0
0,-0.06942148195588677,0
0,-0.0625240331016903,0
0,0.0588091508691474,1
0,0.0588091508691474,1
0,-0.06596135771666556,0
0,-0.05459775423560742,0
0,0.11116238115833188,1
0,-0.05424459105235424,0
1,-0.012533536587400418,0
0,-0.08267133782892971,0
1,0.00034727729939088015,1
0,-0.08491671642806442,0
0,-0.07431540098208245,0
0,-0.054584750232978485,0
1,-0.01636851034352016,0
0,-0.06688350713020502,0
0,0.035289161509704514,1
0,0.041451446717275076,1
0,0.11116238115833188,1
1,-0.015183828558617052,0
0,-0.02593593110151582,0
0,-0.06564737668361736,0
0,0.1454821840900058,1
0,-0.05655087590026131,0
0,-0.04798972312013822,0
0,0.06690207017006355,1
0,-0.05669069674143451,0
0,-0.07736641376186798,0
1,-0.05965486061300623,0
0,-0.08083882003032383,0
0,-0.007681572192997699,0
1,-0.015343559786735572,0
0,0.052258248776885785,1
0,-0.1031173657920087,0
0,-0.09066288982217441,0
0,-0.06701839252674086,0
1,-0.015666438022868323,0
0,-0.04131796094000001,0
0,-0.053556500665532414,0
0,-0.005972478556050209,0
1,-0.014135617342262263,0
0,-0.05637474801616055,0
0,-0.08259991432923314,0
0,-0.07957752643042126,0
0,-0.054423121357559834,0
0,-0.02158547278354317,0
0,-0.041815913785864856,0
0,-0.01994059549259286,0
0,-0.08655311837451568,0
0,-0.03875427162742223,0
0,0.11116238115833188,1
1,-0.013414130836250093,0
0,-0.05584110622845084,0
0,-0.052865701512709695,0
0,-0.015117506411255699,0
0,-0.06290418416644461,0
1,0.00034727729939088015,1
0,-0.04671556117978759,0
0,0.12594821929593436,1
0,-0.040829646822212406,0
0,0.006778481640609013,1
1,0.00017487147045103235,1
0,0.0588091508691474,1
0,-0.07355879687007588,0
1,0.00034727729939088015,1
0,-0.08337475649937182,0
0,-0.07655893020379839,0
0,-0.053590350860968916,0
0,-0.0402681498633784,0
0,-0.004906150175809754,0
0,-0.06383366320845107,0
0,-0.08262234082922792,0
0,-0.056957574512702946,0
0,-0.04867062850957882,0
0,-0.053590350860968916,0
0,-0.01886262978813985,0
0,0.041451446717275076,1
0,0.061035649018323146,1
0,-0.04460828724579036,0
0,-0.061127607543087104,0
0,-0.08275285190824883,0
1,-0.015359966390029234,0
1,-0.015343559786735572,0
0,-0.07187276943926085,0
0,-0.053620624355357305,0
0,-0.06042118790858736,0
0,-0.05614509836379522,0
0,-0.0820631816846758,0
0,-0.08679172388455575,0
0,-0.08472582102000731,0
0,-0.061663641410605485,0
0,-0.07077463415595336,0
0,-0.04329925964653236,0
0,-0.0827084378976376,0
0,-0.06881381591067226,0
1,-0.01684766364317286,0
0,-0.07610402600449201,0
1,-0.01738808843901385,0
0,-0.08835748168768687,0
0,0.0588091508691474,1
0,-0.031178228862587865,0
1,-0.01636851034352016,0
0,-0.08164771308251129,0
0,-0.053590350860968916,0
0,0.12700554900816985,1
0,-0.055046485694385305,0
0,-0.05570385791531446,0
0,-0.06923996859540155,0
0,-0.07841703174850934,0
0,-0.040414059659572565,0
0,-0.06581064355295924,0
1,-0.01684766364317286,0
0,-0.08142175666671303,0
0,-0.0707128248889865,0
0,-0.05534193191597031,0
0,-0.0324801854682219,0
0,-0.04731473338583009,0
0,-0.0486323441669525,0
0,-0.045479372219780156,0
0,-0.04256308830767491,0
0,-0.09071136916230838,0
0,-0.030277269673137597,0
0,-0.04818495740471984,0
0,-0.05276076582877831,0
0,-0.07060163717541867,0
0,-0.04130125491046682,0
0,-0.049141237326273235,0
0,-0.001737497307469138,0
0,0.0588091508691474,1
0,-0.059817243509179996,0
0,0.02802606896945481,1
0,0.061223996613771536,1
1,-0.04227256606284674,0
0,-0.05462938840809317,0
0,-0.05904423881618931,0
0,-0.08914494471403533,0
0,-0.050320212219907845,0
1,-0.018518095911605192,0
0,0.04305856117262674,1
0,0.11116238115833188,1
0,0.031598794038452116,1
0,-0.03767921617068343,0
0,0.058085179875224435,1
0,-0.07738765032107808,0
0,-0.058936577792229716,0
0,0.07169285831797856,1
0,-0.09915125541977776,0
0,-0.00806143004595028,0
0,-0.07534664286965476,0
1,-0.017043261177559443,0
0,-0.07239470918504587,0
0,-0.06958037367013942,0
0,-0.08280784788279505,0
0,-0.05045231654429305,0
0,-0.06397111648611181,0
1,-0.01876606469855946,0
0,-0.07798858020240085,0
0,-0.019021558853372644,0
0,-0.08825424947682026,0
0,-0.10137709334134787,0
0,-0.07723160197492762,0
0,-0.04220698369826675,0
1,-0.0810666473414906,0
0,-0.060980629326287006,0
0,-0.013022886079907647,0
0,-0.025433268690011446,0
0,0.0024670218952558276,1
0,-0.07107032354355525,0
0,-0.08680158547994332,0
0,0.1262938038417123,1
0,-0.07689804260267713,0
0,-0.04821618780442821,0
0,0.09943438793460357,1
0,-0.019514476669482028,0
0,0.04871380980287743,1
0,-0.07469292356421497,0
0,-0.04604524485356848,0
1,-0.015359966390029234,0
0,-0.06042118790858736,0
0,-0.0038426346023416325,0
0,-0.05979330070401584,0
0,-0.059168047879722296,0
0,-0.08399431005697572,0
1,-0.09113921453546847,0
0,-0.06109317124855346,0
1,0.00790376051778141,1
0,0.09721126296171889,1
0,-0.05396636126532817,0
0,-0.07037223254629155,0
0,-0.057482149381284986,0
0,-0.08150683621699967,0
0,-0.05504098055391238,0
0,0.006778481640609013,1
1,-0.015602319705420864,0
0,-0.054443651211914246,0
0,-0.0527597919924237,0
0,0.1262938038417123,1
0,-0.05667688984343888,0
0,-0.05735371730895039,0
0,-0.06396559546690433,0
1,-0.020120122682346975,0
1,-0.06133575180453593,0
0,-0.053590350860968916,0
0,-0.06455251855628591,0
1,-0.020120122682346975,0
0,-0.015114280825822002,0
0,-0.006271768142007306,0
0,-0.08316615599401861,0
0,-0.04266377720616338,0
0,-0.05724318641842674,0
1,-0.015359966390029234,0
0,-0.02976554507097201,0
0,-0.05249097240057876,0
0,-0.04923279088863125,0
0,-0.057667975202334965,0
0,-0.0875930065426096,0
0,-0.0603220390589963,0
0,-0.053615585805651456,0
0,-0.046410033070097945,0
1,-0.04525089761248474,0
0,-0.07537333509657429,0
0,0.026470276048069175,1
0,-0.05637571681813358,0
0,-0.05907335808376768,0
0,-0.054419048352982446,0
0,-0.016191058580340034,0
0,-0.05458719558495717,0
0,-0.07937420984930293,0
0,-0.07935293642771774,0
0,-0.07218450252939274,0
0,-0.07039200114863475,0
1,-0.01670935978797633,0
0,-0.04085356186452266,0
0,-0.05583680750326658,0
0,-0.09509985671116122,0
0,-0.07545414096778236,0
0,-0.0690884566445934,0
0,-0.02415702293778338,0
0,-0.04425734542471982,0
0,0.026470276048069175,1
0,0.2290927744294824,1
0,-0.1050897723241076,0
1,-0.012906365148818988,0
1,-0.01636851034352016,0
0,-0.05554906380299646,0
0,-0.08526286240462755,0
0,-0.04633433071780635,0
1,-0.01670935978797633,0
0,-0.03460463526048663,0
0,-0.055992566659230525,0
0,-0.058994842309235906,0
0,0.023873486498695695,1
0,-0.034984346272299294,0
0,-0.08074432669146775,0
0,-0.05110594831779097,0
1,-0.01684766364317286,0
0,-0.0914828670147727,0
0,-0.0515009060863455,0
0,-0.01153272993662463,0
0,-0.08040465427789445,0
1,-0.042220901503969954,0
0,-0.1039419443183911,0
0,-0.053720519557167445,0
0,0.21835872012308,1
1,-0.05930628030533486,0
0,-0.06963537739675851,0
0,-0.05735371730895039,0
0,-0.10177991900664224,0
0,-0.07827639113143398,0
0,-0.05230518302603221,0
0,-0.08481053766682173,0
0,-0.07059010639533914,0
1,-0.01684766364317286,0
0,-0.06852610624460226,0
1,-0.013558520025275411,0
0,-0.05306733933239843,0
0,-0.08669984829041733,0
0,-0.07681559179843805,0
0,0.13789532397168736,1
0,-0.04784236554693044,0
0,-0.061542463509221434,0
0,-0.033721383272396654,0
0,-0.05948320486595671,0
0,-0.07281890252275708,0
0,-0.08666905379751683,0
0,-0.06922608980795925,0
1,-0.03354875539576141,0
0,-0.0527597919924237,0
0,0.00014667138499979693,1
0,-0.06908766232248598,0
0,-0.0774846864218614,0
0,-0.04554219909499091,0
0,-0.08138645867201583,0
0,-0.04236010918188754,0
0,-0.018586893987597997,0
0,-0.077703883575796,0
0,-0.042368938334918727,0
0,-0.06200752837493961,0
0,-0.08537067914105728,0
0,-0.08184496338653563,0
0,0.0015488422786821276,1
0,-0.06262136162693216,0
0,-0.06001943337825427,0
0,-0.07711644771289006,0
0,-0.05622148319701159,0
0,-0.07803095861544856,0
0,-0.08038013235026648,0
0,-0.03968802642979119,0
0,-0.05570385791531446,0
1,-0.018518095911605192,0
0,0.035289161509704514,1
0,-0.049631942225456194,0
0,-0.05913900077181106,0
0,-0.0810926238920831,0
0,0.07969739291368294,1
0,0.1262938038417123,1
0,-0.06585546499212347,0
0,-0.08323565946625094,0
0,-0.05694393993655322,0
0,-0.0544965518722782,0
0,-0.08417626858324151,0
0,-0.0804469500311315,0
0,-0.06704968320811255,0
0,-0.09096873840521891,0
0,-0.08311172844437548,0
0,-0.018547936646734764,0
0,-0.08969247906867928,0
0,-0.016091321383411405,0
0,-0.08792278943152859,0
1,-0.01738808843901385,0
0,-0.03728335357723317,0
0,-0.07596330903833454,0
1,-0.015183828558617052,0
1,-0.01670935978797633,0
0,-0.08367884094360839,0
0,-0.03848451518183693,0
0,-0.08127450327380348,0
1,-0.02330646071227571,0
0,-0.06579611713118477,0
1,-0.015359966390029234,0
0,-0.08073543096251312,0
0,0.035289161509704514,1
0,-0.05023211806169786,0
0,-0.07354164088889736,0
0,-0.07457832792576918,0
0,-0.03817371974082745,0
0,-0.06783609869724333,0
0,-0.04949594114207101,0
1,-0.012906365148818988,0
0,-0.01368070544206107,0
0,-0.07342944511703664,0
0,-0.05918402920923238,0
0,0.055882439218468805,1
0,-0.07244099159951728,0
0,-0.040522642411450704,0
0,-0.04976428066540617,0
0,-0.08156038424885476,0
0,-0.04655347176542585,0
0,-0.012106257679503685,0
0,0.058023049962945605,1
0,-0.016444812858506075,0
0,-0.06187882228592445,0
1,-0.015359966390029234,0
0,-0.041679464925539755,0
0,-0.03650674561193212,0
0,-0.04346359892613466,0
0,-0.046878600618781685,0
0,0.21852074895325735,1
1,-0.016764872256409713,0
0,-0.0033093811842422882,0
0,0.08104006954701848,1
0,-0.055177793681132736,0
0,-0.033721383272396654,0
0,-0.07943509920099584,0
0,-0.08013533858264371,0
0,-0.0783927643363177,0
0,0.10914990013417047,1
0,-0.08682815772989094,0
1,-0.006270324465430688,0
0,-0.05803204237903287,0
1,-0.01876606469855946,0
0,-0.07382183728608088,0
1,-0.05859150818310299,0
1,-0.06160763410039538,0
0,0.11116238115833188,1
0,-0.05010048737606404,0
0,-0.02595657263980483,0
0,-0.04760320292447606,0
0,0.06874932939072242,1
0,0.10308688881055217,1
0,-0.0732015671270898,0
0,-0.059354899092797064,0
1,-0.07250191722411975,0
0,-0.06597035511549332,0
0,-0.07680128734668179,0
0,-0.04905152157334147,0
1,-0.02548572013680367,0
0,-0.07833118934593059,0
0,-0.06582709937483122,0
0,-0.07491534833060653,0
0,0.10308688881055217,1
0,-0.0016450906941118948,0
0,-0.05387258916550414,0
0,-0.05319289134304206,0
0,-0.06546262971382194,0
1,-0.01636851034352016,0
0,0.07938564381146951,1
0,0.12594821929593436,1
0,-0.07672139980745585,0
0,-0.08435251052267123,0
0,-0.06062507667975875,0
0,-0.047810032493996346,0
0,-0.07964304218212359,0
0,-0.06610139426959427,0
0,-0.05096124375894001,0
0,-0.05694393993655322,0
0,-0.04247213566872221,0
0,-0.04654944427994717,0
0,-0.05518378877078084,0
0,0.08563394132418656,1
0,-0.07644913877922965,0
0,-0.03620589095209176,0
0,-0.0986119075905938,0
0,-0.07986186911589332,0
1,-0.013414130836250093,0
0,-0.08328385001386246,0
0,-0.07281403131399705,0
0,-0.028158248222187432,0
0,-0.047984405412561104,0
0,-0.06006450495078586,0
0,-0.05694393993655322,0
0,0.11823539363750624,1
0,-0.03852638704944522,0
0,-0.026957075245313378,0
0,-0.05803204237903287,0
1,-0.012533536587400418,0
0,-0.0165852025524047,0
0,-0.07078471992338459,0
0,-0.049515853948754796,0
0,-0.07922957561539323,0
1,-0.016358659123440755,0
0,-0.009499629007101162,0
0,-0.08549464643931537,0
0,-0.04222781193722036,0
0,-0.07021789075540269,0
0,-0.05646892032986123,0
0,-0.03867747376466685,0
0,-0.027590693238089492,0
0,-0.0420546518471418,0
0,-0.08392096627270756,0
0,-0.05250975502259958,0
0,-0.0870482700212859,0
0,-0.05556401660019317,0
0,0.08823575131003691,1
0,-0.05290474603358153,0
0,-0.03978021815873345,0
0,0.026470276048069175,1
0,-0.05419518286907016,0
0,-0.07109041886033435,0
0,-0.05365116508036383,0
0,-0.03683950078537751,0
0,0.11823539363750624,1
0,-0.016645019706524822,0
0,-0.07010797814698216,0
0,-0.07931517455668413,0
1,-0.01684766364317286,0
0,-0.042634861776585875,0
1,0.006954369166321639,1
0,-0.05873996954541616,0
0,-0.07520175925116407,0
0,-0.07092017733200684,0
1,-0.015183828558617052,0
0,-0.05612138708636211,0
0,-0.05442329350235292,0
0,-0.04432422624036325,0
1,-0.01738808843901385,0
0,0.09721126296171889,1
0,-0.04209605502454333,0
0,-0.07185335224635675,0
0,-0.0900216354246885,0
0,-0.02187436569305562,0
0,-0.046462022315584495,0
0,-0.07498020619765078,0
1,0.011403089494525398,1
0,0.02196104593235093,1
0,-0.048964042509249406,0
0,-0.033721383272396654,0
0,-0.034387048673710674,0
0,-0.06161327014655854,0
0,-0.06666345387525319,0
0,-0.006271768142007306,0
0,-0.04519784625458456,0
0,-0.015133979517985341,0
1,-0.01670935978797633,0
1,-0.03857208340986418,0
0,-0.05643335329124394,0
0,0.06392964828240488,1
0,-0.06825971669504577,0
1,0.0026223477474960344,1
0,0.08805660921977321,1
0,-0.01384434843360588,0
0,-0.004090873110902282,0
0,-0.05111144171780607,0
0,0.0588091508691474,1
0,-0.017851464318681343,0
0,-0.06604592704999224,0
0,-0.10049507732137225,0
1,0.020414859719053213,1
1,-0.01636851034352016,0
1,-0.015183828558617052,0
0,-0.05609897019488452,0
0,-0.05008556075821702,0
0,-0.010902659746196808,0
1,-0.015359966390029234,0
0,-0.06541219136194776,0
0,-0.055778772440832125,0
0,0.026470276048069175,1
0,0.035289161509704514,1
0,-0.05903812697478272,0
0,-0.060523934950180436,0
1,-0.012906365148818988,0
0,-0.0377404962473174,0
0,0.006130604460369282,1
0,-0.07461959208019192,0
0,-0.05570385791531446,0
0,-0.08057856283007025,0
0,-0.03830469774906836,0
0,-0.07276180743129362,0
0,0.16608148388901844,1
1,-0.01876606469855946,0
0,-0.04328741088149157,0
0,-0.06313351622706376,0
0,-0.05551828035287254,0
0,-0.058217618810143645,0
0,-0.09089990488177085,0
0,-0.010169624871354088,0
0,-0.010308747694074027,0
1,-0.02006253071359887,0
0,-0.08234148269530106,0
0,-0.03195383725377743,0
1,-0.01684766364317286,0
0,-0.06755667078759936,0
0,-0.038091993652325074,0
0,-0.07269194548714147,0
0,-0.05578521531796904,0
1,-0.06388060462017592,0
0,-0.058972807301253316,0
0,-0.06889789569373383,0
0,-0.02378300399150368,0
0,-0.08195656478232671,0
0,0.0588091508691474,1
0,-0.07409857232505573,0
0,-0.06463780477054043,0
1,-0.018518095911605192,0
0,-0.06561879825635153,0
0,-0.04388637874875462,0
0,-0.05919384408640965,0
1,-0.06272443312776776,0
0,-0.06837693362099218,0
0,-0.08390782630979804,0
1,-0.017623788684232145,0
0,0.11116238115833188,1
0,-0.058026525158225484,0
0,-0.055685020805264884,0
0,-0.0805046526037052,0
0,-0.09722708703242355,0
0,-0.02133352722285925,0
0,-0.06104751123141755,0
0,-0.019580220843018525,0
0,-0.05022935269640039,0
0,-0.047812405048627826,0
0,0.1454821840900058,1
0,-0.045641592965319944,0
0,-0.05756319147851646,0
0,-0.08119745370982184,0
0,-0.07205899089209666,0
0,-0.053787679879056305,0
0,-0.08472427718013792,0
1,-0.031277788458014266,0
0,-0.06343419969957587,0
0,-0.06269455767789323,0
0,-0.04230254947912687,0
0,0.10308688881055217,1
1,-0.051282754000487374,0
0,-0.04957787451316964,0
0,0.012064545073596444,1
0,-0.05905666376812707,0
0,-0.035591051461009326,0
0,-0.04451325352614821,0
0,-0.045676069546137565,0
0,-0.04348846812850443,0
1,-0.006270324465430688,0
0,-0.0957723628483691,0
0,-0.0515009060863455,0
0,0.02196104593235093,1
1,-0.013614628774235471,0
0,-0.06156477280162659,0
1,-0.012533536587400418,0
0,-0.060347349902606706,0
0,-0.07088611859793031,0
0,-0.05746396699374445,0
0,-0.053794043320215645,0
1,-0.02006253071359887,0
1,-0.015183828558617052,0
0,-0.028546736151687957,0
0,-0.07826266449116365,0
0,-0.0912873174960161,0
0,-0.009510507771505694,0
0,-0.08877759873900881,0
0,-0.05324618213614535,0
0,0.025730952887373593,1
0,-0.020657524343037303,0
0,-0.053590350860968916,0
0,-0.07597938635930057,0
1,-0.015962008411279427,0
0,-0.0611119110172158,0
0,-0.0828435187595456,0
1,-0.07989074264151153,0
0,-0.06359219141921996,0
0,-0.06758358143800697,0
0,-0.06416774625414906,0
0,-0.04630734423185856,0
0,-0.0650434645189727,0
0,-0.05570385791531446,0
0,-0.057024531904957876,0
1,-0.012906365148818988,0
0,-0.08277564435740731,0
1,-0.03974866925776305,0
0,-0.06424371967293624,0
0,-0.07223975880743416,0
1,0.036928051617676316,1
0,-0.0892756014819418,0
0,-0.07573237608860839,0
0,-0.02376284447205712,0
0,-0.07653976943491042,0
0,-0.07778203626487934,0
0,-0.05594948319499243,0
0,0.0027154960580260123,1
0,0.12594821929593436,1
0,-0.024034148813871725,0
0,-0.037033224563814304,0
0,0.035289161509704514,1
1,-0.01670935978797633,0
1,-0.016764872256409713,0
0,-0.02874810347032386,0
0,-0.07804765088715326,0
1,-0.015666438022868323,0
0,-0.035240891581638456,0
0,-0.08985176712163051,0
0,-0.05516298292062005,0
0,-0.02939174164654862,0
1,-0.015359966390029234,0
0,0.09721126296171889,1
0,-0.06542161130627283,0
0,-0.019630275666142893,0
0,0.12594821929593436,1
0,-0.08095901807734834,0
0,-0.056568938070602814,0
1,-0.016764872256409713,0
0,0.035289161509704514,1
0,-0.06098879486468817,0
0,-0.06591841354826294,0
0,-0.09011654792546908,0
0,-0.07263802037638017,0
0,-0.0038426346023416325,0
0,-0.021741274353829,0
0,-0.02689620941191312,0
0,-0.055875567849043795,0
0,-0.0474332651169474,0
0,-0.08439522825218115,0
1,-0.01636851034352016,0
0,-0.06346257274123906,0
1,-0.012906365148818988,0
0,-0.04203113167664341,0
0,-0.06234541104603353,0
1,-0.029176061447376778,0
0,-0.04905510502783411,0
0,-0.08165946230447818,0
0,0.026470276048069175,1
0,-0.03785284808774031,0
0,-0.08415462396716272,0
0,-0.0737952101611356,0
0,-0.07937694520906696,0
0,-0.08416725684460652,0
1,-0.01876606469855946,0
0,-0.08107864728077424,0
0,-0.00811450543197334,0
0,-0.055907942152411794,0
0,-0.07605267212974837,0
0,-0.06982486489286599,0
1,-0.013414130836250093,0
0,-0.09212215075847602,0
1,-0.01670935978797633,0
0,-0.052054638375678364,0
0,-0.0038426346023416325,0
0,-0.05894477938994003,0
0,-0.055290788365681465,0
1,-0.03227485826889315,0
0,-0.02275542068332259,0
0,0.006778481640609013,1
0,-0.05466108226088351,0
0,0.09618167116099985,1
0,-0.043638644620520695,0
0,-0.054040971261755166,0
0,-0.0826934578058075,0
1,-0.012906365148818988,0
0,-0.07250365742957904,0
1,-0.015359966390029234,0
0,-0.08203380763562146,0
1,-0.017768194614598942,0
0,-0.05694393993655322,0
0,0.09721126296171889,1
0,-0.0038426346023416325,0
0,-0.013893520711842022,0
1,-0.01670935978797633,0
0,-0.06671756812207391,0
0,-0.06598833399533699,0
0,-0.0755884892505434,0
0,-0.06432021881553346,0
0,-0.0725413336278265,0
0,-0.06346257274123906,0
1,-0.015962008411279427,0
0,-0.0804996283232342,0
0,-0.1025616567256934,0
1,-0.016764872256409713,0
0,-0.05049939419611155,0
0,-0.05218848698029138,0
1,-0.017768194614598942,0
1,-0.013414130836250093,0
0,-0.07193087175558327,0
0,-0.03934344617750263,0
0,0.11823539363750624,1
0,0.041451446717275076,1
0,-0.08325663863789401,0
0,-0.04943828495502672,0
1,-0.015359966390029234,0
0,0.026470276048069175,1
0,-0.05620958578122143,0
0,-0.055463772195188,0
0,-0.07964304218212359,0
0,-0.08525483068201462,0
0,-0.04673876646148761,0
0,-0.05112106760564189,0
0,-0.08030438031440679,0
0,-0.07935293642771774,0
0,-0.04796587582805717,0
1,-0.019202241582551238,0
1,-0.012724970992448903,0
0,-0.08643188094938375,0
0,-0.06397111648611181,0
0,-0.06100116307436382,0
1,-0.025788413269460797,0
0,-0.0893742327397345,0
0,-0.030190651066596852,0
0,0.09721126296171889,1
0,-0.08854792117956467,0
0,-0.05751879420753758,0
1,-0.013414130836250093,0
0,0.09943438793460357,1
1,-0.017768194614598942,0
0,-0.042526884587857305,0
0,0.026470276048069175,1
0,-0.06397111648611181,0
0,-0.08197792030289547,0
0,-0.04191110097366685,0
0,-0.07508930752861376,0
1,-0.01684766364317286,0
0,0.02196104593235093,1
1,-0.01684766364317286,0
0,-0.0038426346023416325,0
0,-0.06933424714351799,0
0,-0.08539730957938274,0
1,-0.012906365148818988,0
0,0.02217142746265277,1
0,-0.08428462503568662,0
0,-0.05958254287546172,0
0,-0.025008853505948392,0
0,-0.012909619598982347,0
0,0.111414400531199,1
0,-0.02850660955682588,0
1,-0.015359966390029234,0
0,-0.059354899092797064,0
0,-0.06933619416729475,0
0,-0.008737806185663999,0
0,-0.04801632168182901,0
0,0.05770683683840039,1
0,-0.07910309162461193,0
0,-0.0752768217975322,0
0,-0.006451746163704808,0
0,-0.025946410746441773,0
0,-0.05172729932716502,0
0,-0.010533615055958956,0
0,-0.05696837676253069,0
1,-0.018448207554442375,0
0,-0.07159637790773388,0
1,-0.06818312980347285,0
0,-0.08061348964659798,0
0,-0.05400367957414631,0
0,-0.07669164069735956,0
0,-0.07487752524866303,0
0,-0.0038426346023416325,0
0,-0.07235389769855977,0
0,-0.05068706721629207,0
0,0.10394637038760735,1
0,0.020135664114086294,1
0,-0.014293322828147548,0
0,-0.05655412080667038,0
0,-0.08097785870460666,0
0,-0.05191531204244054,0
0,-0.08134299648707105,0
1,-0.012906365148818988,0
0,0.22873157492013851,1
0,-0.05655412080667027,0
0,-0.07054499566187827,0
0,-0.06079356415715742,0
0,0.013552771301790667,1
0,-0.07866018843398243,0
0,-0.043663775659120885,0
1,-0.019505963821408123,0
1,-0.011704376508235304,0
0,-0.06853275497874262,0
0,0.006778481640609013,1
1,-0.018112772524855603,0
0,-0.06672776535152852,0
0,-0.08238816812085675,0
0,-0.06631998788656313,0
0,-0.019382008802261652,0
0,-0.04968495975582976,0
0,-0.06787773708675937,0
0,0.031598794038452116,1
0,-0.08083902427012118,0
0,-0.05375577818424088,0
0,-0.0797499064266387,0
0,-0.07906022221942233,0
0,-0.07151782463356421,0
0,-0.00976308767519507,0
0,-0.02687231845399951,0
0,-0.036814522598319355,0
0,0.06738856981228658,1
0,-0.07435573331957757,0
0,0.0588091508691474,1
0,-0.031297285042961476,0
0,-0.08141294252674114,0
1,-0.015359966390029234,0
0,-0.06853122343354318,0
0,-0.08351621510118745,0
0,-0.048767359910283914,0
0,-0.06185795538366501,0
0,-0.07790120226709679,0
1,-0.015666438022868323,0
0,-0.009964970072986357,0
0,-0.007290721808906886,0
0,-0.07630141774852739,0
0,0.12594821929593436,1
0,0.1454821840900058,1
0,-0.09991547484851548,0
0,-0.0038426346023416325,0
1,-0.006270324465430688,0
0,-0.05459775423560742,0
1,0.005414960630031662,1
0,-0.07816547860502299,0
0,-0.01638779944358043,0
0,-0.06625085839864153,0
0,-0.05630068275307054,0
0,-0.054419048352982446,0
0,-0.06925243268558995,0
1,-0.01670935978797633,0
0,-0.08299328680127982,0
1,-0.061418918425944435,0
0,-0.07547923470424756,0
0,0.0588091508691474,1
0,-0.0019345348448476796,0
0,-0.022037350718617066,0
0,-0.048296679612511106,0
0,-0.01479850877678568,0
0,-0.06086593890481018,0
0,-0.009294352174894993,0
0,-0.05276076582877831,0
0,-0.0806310996535271,0
0,-0.06842729233139216,0
0,-0.0038426346023416325,0
0,-0.03693769763243321,0
1,-0.01738808843901385,0
0,0.006446834189734352,1
0,-0.048191156883418296,0
1,-0.01684766364317286,0
0,-0.06460858334653158,0
0,-0.05264987426079143,0
0,0.09721126296171889,1
0,-0.04222781193722036,0
0,-0.04062245375927709,0
0,-0.0579323546476207,0
0,-0.08048130745450999,0
0,-0.033860325053024776,0
0,-0.0060144077529868945,0
1,-0.01876606469855946,0
0,0.006778481640609013,1
1,-0.04642670639151264,0
0,-0.07541701508653592,0
0,-0.04337098679810847,0
0,-0.08086981761482337,0
1,-0.012906365148818988,0
0,-0.05490885941522761,0
0,-0.07656660676291427,0
0,-0.08145561879456192,0
1,-0.04065843503690125,0
1,-0.015183828558617052,0
0,-0.047812405048627826,0
0,-0.06265525086450208,0
1,-0.015359966390029234,0
1,-0.03757381469512022,0
0,-0.08382280211303378,0
0,-0.04980619117887164,0
0,-0.08265358816094698,0
0,-0.05570385791531446,0
0,-0.04484135523722099,0
0,-0.09416184296311098,0
0,-0.058936577792229716,0
1,0.030753954796681415,1
0,-0.0732261026437237,0
0,-0.04848179079181092,0
0,-0.07507444847161565,0
0,-0.04853221173476974,0
0,-0.07434766062866122,0
0,-0.06416007350095793,0
0,-0.0527340507556564,0
0,-0.05945587459392693,0
1,-0.07934631119156688,0
0,-0.058964522945874176,0
1,-0.015359966390029234,0
0,-0.04833132791741446,0
0,-0.09664495724624822,0
0,-0.05650450287084591,0
1,-0.017768194614598942,0
0,-0.05633635174570695,0
1,-0.01876606469855946,0
0,-0.0038426346023416325,0
0,-0.05993559735290915,0
0,-0.07876362479790927,0
0,-0.03353983184656156,0
0,-0.041187795536267,0
0,0.02196104593235093,1
0,-0.05918402920923238,0
0,-0.0741097794028206,0
1,-0.01670935978797633,0
0,-0.08158491315166488,0
0,-0.04575358721753453,0
0,-0.0722708935813437,0
0,0.028509981848103272,1
1,-0.01684766364317286,0
0,-0.08789141021188096,0
0,-0.08175870308199257,0
0,-0.059613698080160316,0
0,-0.06056616792387565,0
0,-0.042405761783839147,0
0,-0.06036102735080928,0
0,-0.03236786908679451,0
0,-0.06445088890090811,0
0,-0.03343439041925961,0
0,-0.074290703407562,0
0,-0.07516917898814818,0
1,-0.03389519285302783,0
0,0.031598794038452116,1
0,-0.0038426346023416325,0
0,0.08446871583267634,1
0,0.026470276048069175,1
1,-0.012533536587400418,0
0,-0.0909899230929262,0
0,-0.06538274357207285,0
0,-0.05624294381359929,0
0,-0.06323966173164014,0
0,-0.0038426346023416325,0
1,-0.07686184395328655,0
0,-0.08400257170615988,0
0,-0.06688169491934631,0
1,-0.012906365148818988,0
0,-0.0763253828760091,0
1,-0.017043261177559443,0
1,0.00304077177405071,1
0,0.0588091508691474,1
0,0.09721126296171889,1
0,-0.03850199577938951,0
1,-0.0714997976087765,0
0,0.031598794038452116,1
0,-0.07083251366338045,0
0,-0.0038426346023416325,0
0,-0.04783593783216955,0
0,-0.08686027933924068,0
0,-0.047876314173377066,0
0,-0.04968795520770247,0
0,-0.04261032855843472,0
0,-0.07996053736240294,0
0,-0.08710900296180446,0
0,-0.055685020805264884,0
0,-0.06879925186281383,0
0,-0.08306097674528623,0
0,0.006778481640609013,1
0,-0.08828403632809184,0
0,-0.050995231491636595,0
0,-0.06872388658151263,0
0,-0.060980629326287006,0
0,-0.03445036438467003,0
0,-0.05191068864226672,0
0,-0.05933600483555962,0
1,-0.016764872256409713,0
0,-0.08724196316143162,0
0,-0.02135133808776052,0
0,0.035289161509704514,1
0,-0.053597024330275966,0
0,0.1387590907459595,1
0,-0.08471241141499508,0
0,-0.025161091302752014,0
0,-0.052439296488926646,0
0,-0.06136696867794733,0
1,-0.01738808843901385,0
0,-0.07577175964821226,0
0,-0.0544965518722782,0
0,0.006778481640609013,1
1,-0.017043261177559443,0
1,-0.01670935978797633,0
0,-0.0038426346023416325,0
0,0.006778481640609013,1
0,-0.0841305233628254,0
1,-0.024800710242025847,0
1,-0.013532045090530076,0
1,-0.012906365148818988,0
0,-0.08954223625761437,0
1,-0.00705132640529893,0
1,-0.01684766364317286,0
0,-0.05061273021056789,0
0,-0.03585555683561947,0
0,-0.05993559735290915,0
0,-0.02215885579503435,0
1,-0.015343559786735572,0
1,-0.015183828558617052,0
0,0.08105554813531912,1
0,-0.029775972552314345,0
0,-0.020842463658769295,0
0,-0.06939941370824765,0
0,-0.06798327752308958,0
0,-0.09271424554431096,0
0,-0.0841858057081028,0
0,-0.09045133337070971,0
0,-0.02179482824605461,0
0,-0.051654280345038384,0
0,-0.08223143512613751,0
0,-0.052431334339855806,0
0,-0.052422705759436417,0
0,-0.08664451993018474,0
1,-0.01670935978797633,0
0,-0.07711644771289006,0
1,-0.015359966390029234,0
0,-0.006740973839118036,0
0,-0.06105286112126562,0
0,-0.05263316803995438,0
0,-0.06564737668361736,0
0,-0.01825717052493625,0
0,-0.07168794393241479,0
0,-0.06244225135789655,0
0,-0.05309957719819469,0
0,-0.07947232597755605,0
0,-0.00533679023466177,0
0,-0.05929012690670826,0
0,-0.07784700761762087,0
0,-0.07253805063423113,0
0,-0.05803204237903287,0
1,-0.013414130836250093,0
1,-0.021124377974874264,0
0,-0.03832188831106281,0
0,-0.08797316964681784,0
0,-0.04459259400105303,0
1,-0.017043261177559443,0
0,-0.04138917532466774,0
0,-0.05993559735290915,0
0,-0.04801833956496393,0
0,-0.058260433287972424,0
0,-0.0895454091581625,0
0,-0.06559813403439352,0
0,-0.007140888577710891,0
0,-0.05010048737606404,0
0,-0.06579611713118477,0
0,0.09721126296171889,1
0,-0.05993559735290915,0
0,-0.08122926700525834,0
1,-0.019202241582551238,0
1,-0.012906365148818988,0
1,-0.014186628727106465,0
1,-0.01843424250804515,0
0,-0.049582053121499214,0
1,-0.017768194614598942,0
0,0.020727606026864742,1
0,-0.06397111648611181,0
1,-0.06697830976986113,0
0,-0.045614548815935185,0
0,-0.0736999515076514,0
0,-0.05870754941087414,0
0,-0.07035672944224414,0
0,-0.05238263123945042,0
0,-0.07645650160970302,0
0,-0.04922353015336306,0
0,-0.08484027211588624,0
0,-0.06021405875007929,0
0,-0.07792637961009996,0
0,-0.05375633552092235,0
0,-0.059455131389068605,0
0,0.09721126296171889,1
0,-0.03516010228655342,0
0,-0.04927136852521258,0
0,-0.0446108515359489,0
0,-0.07601218512736119,0
1,-0.015359966390029234,0
0,-0.07112037775270652,0
0,-0.08233318522615574,0
0,-0.08152867292534244,0
0,-0.0038426346023416325,0
0,-0.019925759124152065,0
1,-0.05703533566288155,0
0,-0.05135642414685504,0
0,0.026470276048069175,1
0,-0.043098577893308454,0
1,-0.03205113537452131,0
0,-0.06342693337310867,0
0,-0.07829782330601925,0
0,-0.005138575402477807,0
0,-0.040370073294171194,0
0,-0.05581921476940288,0
0,-0.06473771107222104,0
0,-0.08950804779191701,0
0,-0.05968150408641015,0
0,-0.025577912686315873,0
0,-0.01089672339838671,0
0,-0.08706752722575295,0
1,-0.017623788684232145,0
0,0.14867795784492166,1
0,-0.02337780445671639,0
0,-0.05173622113093562,0
1,-0.036325639138189314,0
0,-0.08040465427789445,0
0,-0.07073470451005093,0
1,-0.017768194614598942,0
0,-0.06587245790390123,0
0,-0.05735371730895039,0
0,-0.03964805898152185,0
0,-0.0633262395377619,0
0,-0.012902434379509775,0
0,-0.051520379128585536,0
1,-0.015183828558617052,0
0,-0.06534129440460557,0
0,-0.054826426994772914,0
1,-0.015487024097411095,0
0,-0.04322673979113423,0
0,-0.102937182844548,0
0,0.2330245054875113,1
0,-0.03579582565154377,0
0,-0.07764405171842281,0
0,-0.03733465168224237,0
0,-0.07017195645590474,0
1,-0.015359966390029234,0
0,-0.059816519608971,0
0,0.111414400531199,1
0,-0.0707147614649698,0
0,-0.021220501007340853,0
0,-0.02430324560099062,0
1,-0.01670935978797633,0
1,-0.015359966390029234,0
0,-0.0932794883184338,0
1,-0.07375711994558071,0
0,-0.08666524860410385,0
0,-0.08149657897798351,0
0,0.1454821840900058,1
0,-0.04160760827177801,0
0,0.0042532361014989695,1
0,-0.07399930125930926,0
0,0.026470276048069175,1
0,0.0588091508691474,1
1,-0.01876606469855946,0
0,-0.0708389296845301,0
0,-0.06262136162693216,0
0,-0.07654817960724475,0
1,-0.01684766364317286,0
0,-0.05922337597284283,0
0,-0.0661943863596744,0
1,-0.011874413339566237,0
0,-0.004435112537925168,0
0,-0.0038426346023416325,0
0,-0.059354899092797064,0
0,-0.10212714494852548,0
0,-0.056699374140054826,0
0,0.00033121099391841824,1
0,0.035289161509704514,1
0,-0.0038426346023416325,0
0,-0.08241350017631327,0
0,-0.08540636981910582,0
0,-0.022779064383639636,0
1,-0.01684766364317286,0
0,-0.060964748288297066,0
0,-0.01807256267628138,0
0,-0.052259777468509405,0
0,0.08933718174329908,1
0,-0.05665149648914286,0
0,-0.05968150408641015,0
0,0.16608148388901844,1
0,-0.004343639825807821,0
0,-0.030350563404978437,0
0,-0.05904423881618931,0
0,-0.009865297521168881,0
0,0.026470276048069175,1
0,-0.07616402357647306,0
0,-0.07465743271159037,0
0,-0.06262136162693216,0
0,-0.0767056353119675,0
0,-0.04322883717429654,0
0,-0.012845882944738318,0
0,-0.07871474258219685,0
0,0.05230160189009292,1
1,-0.013414130836250093,0
0,-0.042526884587857305,0
0,-0.056168044629623326,0
0,0.04823220425633312,1
0,-0.046901232878263865,0
1,-0.01670935978797633,0
1,-0.01684766364317286,0
0,-0.07011129902324581,0
0,0.006778481640609013,1
1,-0.06411869014558541,0
0,-0.07241021373760265,0
0,-0.057777623477549334,0
0,-0.04007467914582996,0
0,-0.052823721547982816,0
1,-0.01297789081037809,0
0,-0.04425094831993759,0
0,0.0588091508691474,1
0,0.002430649600704937,1
0,-0.07349535524233408,0
0,-0.0527340507556564,0
1,-0.01738808843901385,0
0,-0.08275887730953496,0
0,-0.05946224554286855,0
0,-0.04261032855843472,0
1,-0.024895986286131044,0
1,-0.01636851034352016,0
0,0.09721126296171889,1
0,-0.062035831907198635,0
0,-0.042678460527545814,0
0,-0.04537891105483577,0
0,-0.020250125335642466,0
0,-0.0805880785440029,0
1,-0.015359966390029234,0
0,-0.06671491741113866,0
0,0.041451446717275076,1
0,0.024171996794250528,1
0,-0.02282804816828715,0
0,-0.03832745278436156,0
0,-0.08126753062619807,0
0,-0.04310686706258404,0
0,-0.05563036410097505,0
0,-0.08061348964659798,0
0,-0.05202484226214216,0
0,0.006778481640609013,1
0,-0.06515973323946356,0
0,-0.09021050487045151,0
0,-0.08370584392458574,0
0,-0.05540891139443349,0
0,-0.08433840835153039,0
0,-0.049429657528464566,0
0,0.05621026748195712,1
0,-0.037621499165716055,0
0,0.006778481640609013,1
0,-0.06865838229111754,0
0,-0.05650450287084591,0
0,-0.05438938423635692,0
0,-0.09453016217957017,0
0,-0.06438647579770906,0
0,-0.06585065216876984,0
0,-0.05190722470386583,0
0,-0.04184058917917388,0
0,-0.0835697274977642,0
0,-0.08441209306184067,0
0,-0.07459326026525182,0
1,-0.018112772524855603,0
0,-0.02654841353432552,0
0,-0.029381215267748784,0
1,-0.012906365148818988,0
0,-0.0038426346023416325,0
1,-0.045209875331778615,0
1,-0.01636851034352016,0
0,-0.05968150408641015,0
0,-0.07572137409418683,0
0,0.014086831987867754,1
0,-0.057499953402466664,0
0,-0.07794486102360731,0
0,-0.04305077376186328,0
0,-0.04574405230456707,0
0,-0.0523977719386966,0
0,-0.050585722794844745,0
0,-0.07020178595733323,0
1,-0.01670935978797633,0
0,-0.03380767284427405,0
1,-0.012906365148818988,0
0,-0.014103282421829622,0
0,-0.05622148319701159,0
0,-0.012794218962988213,0
0,-0.04377002698342103,0
1,-0.019505963821408123,0
0,-0.04411197234999137,0
0,-0.03380767284427405,0
0,-0.006922426087334621,0
0,-0.07711644771289006,0
0,-0.06579611713118477,0
0,-0.09788614977563553,0
0,0.12040229803687452,1
0,-0.05233379525942922,0
0,-0.0510571752928482,0
0,-0.07653295454903314,0
0,-0.056135287347359286,0
0,-0.04106835198507425,0
0,0.09721126296171889,1
0,-0.04488209936060483,0
0,-0.06919991924029167,0
0,-0.08716506806113744,0
1,-0.018518095911605192,0
0,-0.07664130143644904,0
0,-0.08766916498191091,0
0,-0.06887319220479426,0
0,-0.08162743413922452,0
0,-0.024051766909895078,0
0,-0.058936577792229716,0
1,-0.01684766364317286,0
1,-0.01670935978797633,0
1,-0.016604910543930096,0
0,-0.04499732998770123,0
0,-0.06254190554144035,0
0,-0.020032067530391995,0
1,-0.02006253071359887,0
0,-0.06530851062964571,0
0,-0.05264987426079143,0
0,-0.04386047233837842,0
0,-0.04802115237820842,0
1,-0.015359966390029234,0
0,-0.025067692900430982,0
0,-0.036447848243575276,0
1,-0.0800942665652149,0
0,-0.019135756791715086,0
0,-0.05775185236325603,0
0,-0.07271607254811474,0
0,0.111414400531199,1
0,-0.07938104286859071,0
0,-0.015562670891174357,0
0,-0.0696945250353464,0
0,-0.05082279460707645,0
0,-0.057862495532280234,0
0,-0.01928559068751623,0
0,-0.0486894437449798,0
0,-0.060302549822273344,0
1,-0.015359966390029234,0
0,-0.04254388698325884,0
0,-0.08577241884992176,0
0,-0.05819465962712517,0
0,-0.009639410300746165,0
0,0.21852074895325735,1
0,0.1262938038417123,1
1,-0.011390507063115396,0
1,-0.028830646574689867,0
0,-0.08369496121866626,0
0,-0.023326032414984654,0
0,-0.07617040902521582,0
1,-0.015359966390029234,0
0,-0.06978232273563645,0
1,-0.01636851034352016,0
1,-0.016673377391415112,0
0,-0.05263316803995438,0
0,-0.058380496610736965,0
0,0.07175587636206071,1
0,-0.06579611713118477,0
0,-0.010121724721506464,0
0,-0.09847411096887337,0
0,-0.07667172444787063,0
0,-0.06957506848881717,0
0,-0.03342140884291411,0
0,-0.044009523160332575,0
0,-0.06856825288320628,0
0,-0.050925524884612716,0
0,-0.07068777786086339,0
1,-0.015359966390029234,0
0,0.0839404886953633,1
0,-0.08081706097202757,0
0,-0.07447534593861943,0
0,-0.07672868180339992,0
0,-0.04715154206694344,0
0,-0.05417522271340253,0
0,0.1454821840900058,1
0,-0.07758712319346778,0
0,-0.009609079385988983,0
0,-0.07669397345969098,0
0,-0.07647179139098648,0
0,-0.08034254918878964,0
0,-0.0808856502682796,0
0,-0.0960501005153841,0
0,-0.08190313117259612,0
0,-0.07723730342391005,0
0,0.05956526206432,1
0,-0.031303813894459354,0
0,-0.058369803115125296,0
0,-0.0572643127534484,0
0,-0.05891766414518995,0
0,0.09943438793460357,1
0,0.23299190513571988,1
0,-0.06361054799789823,0
0,-0.008882204406070682,0
0,-0.0038426346023416325,0
0,-0.08295567988519276,0
0,-0.06513131906380981,0
0,-0.07253294980347219,0
0,-0.051332939839514924,0
1,-0.013813500495289288,0
0,0.008568145053702403,1
0,-0.0332002706794578,0
1,-0.009834764484795644,0
0,-0.07198232009855043,0
0,0.12594821929593436,1
0,-0.06383366320845107,0
1,-0.014366534735988312,0
0,-0.0763657987284948,0
1,-0.0672188041458675,0
0,-0.07824226950225771,0
0,-0.07246232869248792,0
0,-0.020186309384955026,0
1,0.008184790128610064,1
0,-0.06200292088287629,0
0,-0.042502850312347684,0
0,-0.0665073892113362,0
0,-0.08843396981391921,0
0,-0.03334677993162205,0
1,-0.012533536587400418,0
0,-0.07397418212562296,0
0,-0.08903774958227018,0
0,-0.05290474603358153,0
0,-0.06565245777168083,0
1,-0.053846694137834994,0
0,0.031598794038452116,1
0,-0.03380767284427405,0
0,-0.03635013165837758,0
0,-0.0727466604944697,0
0,-0.08031050945756629,0
0,-0.041745684658555715,0
0,-0.0733954299342498,0
0,-0.021509947341901647,0
0,-0.044261372284734424,0
1,-0.01876606469855946,0
0,-0.08925771809769845,0
1,-0.018112772524855603,0
0,-0.07281238780371346,0
0,-0.058039148350660485,0
1,-0.017768194614598942,0
0,-0.03833686430499589,0
0,-0.06664904755239015,0
0,-0.05976088723658479,0
0,-0.07846518461074853,0
0,-0.08680498465150915,0
0,-0.07701895238986117,0
0,-0.05281282406415316,0
1,-0.017043261177559443,0
0,-0.07646481479756562,0
0,-0.07502400951845739,0
0,-0.05669137040806882,0
0,-0.053590350860968916,0
0,0.006778481640609013,1
0,-0.08600314200721443,0
0,-0.0602932984870288,0
0,-0.06971183651088775,0
0,-0.07776029602192441,0
0,-0.03265271506746514,0
0,-0.0624541236204727,0
0,-0.07073644953607872,0
0,-0.029103546967966354,0
0,0.0963690762439654,1
0,-0.005586057496769603,0
0,-0.0736776816007465,0
0,0.0588091508691474,1
0,-0.07339779934424884,0
0,-0.01620775177324285,0
0,-0.08079703191600973,0
0,0.09721126296171889,1
1,-0.014926835742351319,0
0,-0.08839530415783398,0
0,-0.030965364356082326,0
0,0.026470276048069175,1
0,0.006778481640609013,1
0,-0.06884460902480688,0
0,-0.03664596344154619,0
0,-0.05836004703655473,0
0,-0.03478692799201627,0
0,-0.07243771241456526,0
1,-0.012533536587400418,0
0,-0.0769389344718856,0
0,-0.04755354882626389,0
0,-0.06261028794072693,0
0,-0.08180582232151973,0
0,-0.04306500052572371,0
0,-0.011440776272116926,0
0,0.0588091508691474,1
0,-0.08113424344250408,0
0,-0.017737307444848915,0
0,-0.047175350053534015,0
0,-0.07409438957975478,0
0,-0.07237638780698336,0
0,-0.02205097075799828,0
0,-0.06994831750228786,0
0,-0.042158704488821364,0
0,-0.05131804338343715,0
0,-0.06574532465177685,0
0,0.12594821929593436,1
0,-0.04383754928548378,0
0,-0.06012807292584965,0
1,-8.422622801246282e-05,0
0,-0.07735850709799202,0
1,-0.01684766364317286,0
1,-0.015487024097411095,0
0,-0.05714373865083949,0
0,-0.004369741883912759,0
0,-0.09254413385399735,0
0,-0.04339040109666625,0
0,-0.06564737668361736,0
0,-0.05967907474837619,0
0,-0.055290788365681465,0
0,-0.05251620388552258,0
0,-0.08026861673294666,0
0,-0.01173390238189681,0
0,0.09721126296171889,1
0,-0.07242762346851489,0
0,-0.04725956869601072,0
0,-0.0617505937950662,0
0,-0.07415096491413875,0
0,-0.0824209387584755,0
1,-0.015343559786735572,0
0,-0.041200479018088376,0
1,-0.01636851034352016,0
1,-0.01738808843901385,0
1,-0.015359966390029234,0
0,-0.08521278018558803,0
0,-0.064051765157908,0
0,-0.05716445185739072,0
0,-0.06346257274123906,0
0,-0.053794043320215645,0
0,-0.07913105385248803,0
0,-0.07964304218212359,0
0,-0.057862495532280234,0
0,-0.056195276230813884,0
0,-0.042779425243003155,0
0,0.09721126296171889,1
0,-0.05349232608698762,0
0,-0.047812405048627826,0
0,-0.05959795578799343,0
0,-0.0038426346023416325,0
0,-0.0776417730352017,0
0,-0.05880278557695273,0
0,-0.01378603729029898,0
0,-0.07057908048856415,0
0,-0.09395392504156835,0
0,-0.05652703796183317,0
1,-0.007425683277582196,0
0,0.05026790159004191,1
0,-0.060347349902606706,0
0,-0.06222552011444232,0
0,-0.07236986932575096,0
0,0.0560941237991498,1
1,-0.01738808843901385,0
0,-0.06764064534797826,0
0,-0.09246556032107589,0
0,-0.0810344880777984,0
0,-0.05189326810831191,0
0,-0.05498007009887684,0
0,-0.024739701434811245,0
0,-0.07991363418771019,0
0,0.0018383734190328127,1
0,-0.07647984415410414,0
0,-0.08299815552650835,0
0,-0.047333433537188996,0
0,-0.06531187001819921,0
0,-0.02643965726699571,0
0,-0.043047149660408845,0
0,-0.02960784289799495,0
0,-0.06567664943878893,0
0,-0.047721398971678264,0
0,0.02196104593235093,1
0,-0.06932041229601343,0
0,-0.062352472073341825,0
1,-0.015666438022868323,0
1,-0.01684766364317286,0
0,-0.04212024380669099,0
0,-0.03187974144947914,0
0,0.057800960200625306,1
0,-0.05993559735290915,0
0,-0.08424596113276867,0
0,-0.06081673161249784,0
1,-0.01684766364317286,0
0,-0.0813071453444209,0
0,-0.05264987426079143,0
0,-0.041378211471252646,0
0,-0.052718447935804325,0
0,-0.0038426346023416325,0
0,-0.06533929105781006,0
0,-0.05979330070401584,0
1,-0.019202241582551238,0
1,-0.015359966390029234,0
0,-0.029462593209968413,0
0,-0.04499418942684552,0
0,-0.02766301738744148,0
1,-0.015183828558617052,0
0,-0.048421627777968324,0
0,-0.06968207444165275,0
1,-0.01876606469855946,0
0,-0.04339040109666625,0
0,-0.010472739292320121,0
0,-0.00904368455131982,0
0,-0.05434001213399292,0
0,-0.047953728313279265,0
1,-0.01684766364317286,0
0,-0.07486686746235122,0
0,-0.07808064196998216,0
0,-0.047581586839398005,0
0,-0.10111395558328173,0
0,-0.082244615287203,0
0,-0.057364151130540275,0
0,-0.02286543994225798,0
0,-0.07283028982469275,0
1,0.00304077177405071,1
0,-0.08144397667550857,0
0,0.05125986899302193,1
1,-0.01670935978797633,0
0,-0.072426104600953,0
0,-0.05296169993421279,0
0,-0.05530803959052716,0
0,-0.042039633642671326,0
0,-0.05465626147993369,0
0,-0.05655412080667038,0
0,0.005072890778007766,1
0,-0.049870551769194305,0
0,-0.05649937494659346,0
0,-0.060347349902606706,0
0,-0.08542752828650074,0
0,-0.05708904969486395,0
0,-0.07619689857146966,0
0,-0.006319433024606247,0
0,-0.05432140075087716,0
0,-0.04396608384791484,0
1,-0.05105104507194752,0
0,-0.06190993445366588,0
0,-0.04510856349676012,0
0,-0.04516594477341035,0
0,-0.03988959288649058,0
0,-0.06397111648611181,0
0,-0.04261032855843472,0
0,-0.08884864393262965,0
1,-0.09095413081267745,0
0,-0.034387048673710674,0
0,-0.08624136033813884,0
0,-0.06078232327769195,0
0,-0.07427078885310007,0
0,-0.10336575066846626,0
0,-0.0685527330703849,0
0,-0.08175543110227018,0
0,-0.059365562980273845,0
0,-0.08107864728077424,0
0,-0.05310621274215127,0
1,-0.01636851034352016,0
0,-0.0038426346023416325,0
0,-0.010483152769781234,0
0,-0.0683606915994242,0
1,-0.01663401635005174,0
0,-0.06848094592697357,0
1,-0.015487024097411095,0
0,-0.06101276861991278,0
0,-0.06190372209319561,0
0,-0.047115837870841504,0
0,-0.08867301057359123,0
1,-0.012533536587400418,0
0,0.1454821840900058,1
0,-0.07163041611348875,0
0,-0.06574532465177685,0
0,0.23335521629939082,1
0,-0.0038426346023416325,0
0,-0.013434415469519678,0
0,-0.03347400867027922,0
0,-0.05783264443122155,0
1,-0.01670935978797633,0
0,-0.07223447161759694,0
0,-0.02649725279208176,0
0,0.10308688881055217,1
0,-0.02154177483968972,0
0,-0.08033787307073087,0
1,-0.016764872256409713,0
0,-0.058584652218393096,0
0,-0.08186145887723184,0
0,0.12594821929593436,1
0,-0.031454825334963354,0
0,-0.04010668637872211,0
0,-0.060416586381075055,0
0,-0.02644847602105682,0
0,-0.0507592184293143,0
0,-0.05286161977075249,0
0,-0.019894084603447326,0
1,-0.007425683277582196,0
0,-0.018602714557775013,0
0,-0.07405695856920169,0
1,-0.012906365148818988,0
0,-0.05620958578122143,0
0,-0.07741245365512589,0
0,-0.06006450495078586,0
0,-0.06488173243026235,0
0,-0.04579192324280823,0
1,-0.015359966390029234,0
0,-0.0808856502682796,0
0,-0.09549793556036207,0
0,0.09721126296171889,1
0,-0.05540891139443349,0
0,-0.01360621009750057,0
0,-0.05396636126532817,0
0,-0.05118027661515273,0
0,-0.05173622113093562,0
0,-0.014674505059142806,0
0,0.02196104593235093,1
0,-0.07559668053017521,0
0,-0.043640228979585305,0
0,-0.052573136395029085,0
0,-0.05396636126532817,0
0,-0.06990368747816322,0
0,-0.09078466419657821,0
1,-0.01636851034352016,0
0,-0.07304140339926524,0
0,-0.06501736542579828,0
0,-9.273466616882553e-05,0
0,-0.0639487931765953,0
0,-0.06517900963704532,0
0,-0.07631608251379807,0
0,-0.0038426346023416325,0
1,-0.018518095911605192,0
0,-0.06284647511242158,0
0,-0.0702365488317937,0
0,0.035289161509704514,1
0,-0.06866973590539854,0
0,0.031598794038452116,1
0,-0.06037621975792318,0
0,-0.03526532744820021,0
0,-0.08237539829405444,0
0,0.035289161509704514,1
0,-0.0542962992027457,0
1,-0.03395699867007118,0
0,-0.05555971322304254,0
0,0.08449204686877765,1
0,-0.07853566130702005,0
0,-0.0694214982565986,0
1,-0.01636851034352016,0
0,-0.06344003369373324,0
1,-0.012906365148818988,0
0,-0.08766589907101913,0
0,-0.032157368355720306,0
1,-0.015183828558617052,0
1,-0.012906365148818988,0
0,-0.05461007641770427,0
0,-0.0844148276993037,0
1,-0.01636851034352016,0
0,-0.07915351898117068,0
0,-0.0790177398137113,0
0,-0.08320526409959433,0
0,-0.07278766051251312,0
0,-0.0873154354630461,0
0,-0.010341837042261326,0
0,-0.09879124061279754,0
1,-0.007425683277582196,0
0,-0.054271216825104995,0
0,-0.08170784663706798,0
0,0.035289161509704514,1
1,-0.01740451795744924,0
0,-0.024290684052912348,0
0,-0.05442329350235292,0
0,-0.025200967303173283,0
0,-0.06406944245654789,0
1,-0.04042768790336543,0
0,-0.061797947459227065,0
0,-0.08501841410443761,0
1,-0.01636851034352016,0
1,-0.015359966390029234,0
0,-0.041528686498295775,0
0,-0.0827579620305815,0
1,-0.01876606469855946,0
0,-0.08333015149006628,0
0,-0.03622988181708431,0
0,-0.07881778015122215,0
1,-0.015359966390029234,0
0,-0.07218693754762212,0
0,-0.06218863062746255,0
0,-0.08112265157090726,0
1,-0.04894824252289787,0
0,-0.01914207784972527,0
0,-0.009081988019180254,0
1,-0.017768194614598942,0
1,-0.01511619304698908,0
0,-0.05508014048723764,0
0,-0.0637148781948148,0
1,-0.015183828558617052,0
0,0.031598794038452116,1
0,-0.06554110117219847,0
0,-0.04299552185618316,0
0,-0.043866278733865116,0
0,-0.08080972580129342,0
0,-0.0038426346023416325,0
0,0.0588091508691474,1
0,0.006778481640609013,1
0,-0.1035411139884922,0
1,-0.019202241582551238,0
1,-0.012906365148818988,0
0,-0.0635530611320429,0
0,-0.09150887849769662,0
0,-0.016202849322917656,0
1,0.004281078017711382,1
0,-0.08227542109638236,0
0,0.026470276048069175,1
0,-0.0764705164525819,0
0,-0.08368698314175704,0
0,0.0588091508691474,1
0,-0.0597019392859468,0
0,-0.0038426346023416325,0
0,0.00682979100135106,1
0,-0.07370753285431553,0
0,-0.0851968754614395,0
1,-0.047799892646602116,0
0,-0.0610440971113424,0
0,-0.059354899092797064,0
0,-0.07968334542831934,0
0,-0.06698986751123365,0
0,-0.06208017669393445,0
0,0.16608148388901844,1
1,-0.015183828558617052,0
0,-0.05563036410097505,0
0,-0.04270539977536586,0
0,-0.07795051774788953,0
0,-0.03229534252851707,0
1,-0.015666438022868323,0
0,-0.031098372603254765,0
0,0.055077031393273024,1
0,-0.08530084387725323,0
0,0.05210072764255158,1
0,0.035289161509704514,1
0,-0.05478966831414944,0
0,-0.09660154896472645,0
0,-0.05512704005710456,0
1,-0.01876606469855946,0
0,0.09943438793460357,1
0,-0.07964304218212359,0
0,-0.06001650142579318,0
0,-0.04203138839622028,0
0,-0.0759066452255206,0
1,-0.012906365148818988,0
1,-0.04286267389323417,0
0,-0.04777809616433848,0
0,-0.0042832270847505405,0
0,-0.07310461607610336,0
0,0.026470276048069175,1
0,-0.08472625755633312,0
0,-0.05655412080667027,0
0,-0.03952843081459623,0
0,-0.03924595353588678,0
0,-0.057862495532280234,0
0,-0.06067568643873322,0
0,-0.06745105890644248,0
1,-0.01670935978797633,0
0,-0.057862495532280234,0
0,-0.057024531904957876,0
0,-0.08745719754858916,0
0,-0.05573235027032181,0
1,-0.018112772524855603,0
0,-0.04478713886112151,0
0,0.0805468036963587,1
0,-0.02001949861329838,0
0,-0.04410820095881812,0
0,-0.06347629914100483,0
0,-0.06252398547994031,0
0,-0.037671423876022236,0
0,-0.0782648591693243,0
1,-0.018518095911605192,0
0,-0.09074863457754884,0
0,0.05421992627597627,1
0,-0.0038426346023416325,0
0,-0.06871762788891211,0
0,0.02196104593235093,1
0,-0.056399341515596835,0
1,-0.04451963219814459,0
0,-0.05610831821004164,0
0,-0.06046705177513667,0
0,-0.06589403155787626,0
0,-0.03269065011206762,0
0,-0.017336437645046887,0
0,-0.03599664593340551,0
0,-0.014974449361460251,0
0,-0.01532633767563285,0
0,0.02811632321587343,1
1,-0.017043261177559443,0
0,-0.05534193191597031,0
1,-0.015183828558617052,0
0,-0.025438236207425857,0
0,-0.07576245446668245,0
0,-0.042502850312347684,0
0,-0.08188014022447615,0
0,-0.057465127420598006,0
0,-0.008181942983568613,0
0,-0.0610440971113424,0
0,-0.020016126153789837,0
0,-0.08352765992312416,0
0,-0.07287077636016781,0
0,-0.05900019923979921,0
1,-0.01636851034352016,0
0,-0.023521968488080358,0
0,-0.043081710534114415,0
0,-0.05629846316504322,0
0,-0.030228706648870174,0
0,-0.08516790929700169,0
0,-0.04631512860945741,0
0,-0.07642604332862296,0
1,-0.017623788684232145,0
0,-0.10493583236942905,0
0,-0.07612933455359788,0
1,-0.015359966390029234,0
0,0.031598794038452116,1
0,-0.0038426346023416325,0
1,-0.01636851034352016,0
0,-0.07588693277935382,0
0,-0.08501519326500334,0
0,-0.07035355384575248,0
0,-0.06056616792387565,0
0,-0.06587189801133564,0
0,-0.057042907704682955,0
1,-0.017623788684232145,0
0,-0.06397111648611181,0
0,-0.061282727365306044,0
0,-0.058936577792229716,0
0,-0.08757029014480838,0
1,-0.01876606469855946,0
0,-0.07914972020252109,0
1,-0.012906365148818988,0
0,0.006778481640609013,1
0,-0.08171238955464183,0
0,-0.087479336152538,0
0,-0.022422203225523074,0
0,-0.07076678173851586,0
0,-0.05798454274573556,0
0,-0.024169739037223192,0
1,-0.0522467652953264,0
0,-0.07361499328128684,0
0,-0.10085826058925212,0
0,-0.058390492433941066,0
0,-0.04274892849135514,0
0,0.09721126296171889,1
0,-0.060980629326287006,0
0,-0.05371189242544161,0
0,-0.060980629326287006,0
0,-0.052359723577682926,0
0,-0.0787636671801275,0
0,-0.02993314144023934,0
1,-0.015359966390029234,0
1,0.005414960630031662,1
1,-0.01670935978797633,0
0,-0.01293605171072959,0
1,-0.02973096781904222,0
0,-0.0579323546476207,0
0,-0.05914467799159712,0
1,-0.012906365148818988,0
0,-0.06581064355295924,0
0,-0.05541802563186449,0
0,-0.07636928465548626,0
0,-0.09183137512507794,0
0,-0.037159274048393975,0
1,-3.883914001218125e-05,0
0,-0.07927264753936031,0
0,-0.07732375218949894,0
0,-0.02828455816069597,0
0,-0.016007746898230535,0
1,-0.018518095911605192,0
1,-0.017768194614598942,0
0,-0.0779649703274699,0
0,-0.010450366680360201,0
0,-0.012638284021132484,0
0,-0.07711500201783866,0
0,0.12594821929593436,1
0,-0.03913988009604724,0
0,-0.07172166139561953,0
0,-0.06446315460953517,0
0,-0.010895583423910116,0
0,-0.05668171639859099,0
0,-0.01717037908467739,0
1,-0.017623788684232145,0
0,-0.06825188285025019,0
0,-0.08777052382484174,0
1,-0.05350958579279591,0
1,-0.018112772524855603,0
1,-0.012906365148818988,0
0,-0.06200752837493961,0
0,-0.05142042985858625,0
0,0.0588091508691474,1
0,-0.03565008043905693,0
1,-0.01486203360283217,0
0,-0.0676454384342528,0
0,0.026470276048069175,1
1,-0.020120122682346975,0
0,-0.0167019931018354,0
0,0.035289161509704514,1
0,-0.0765702612869355,0
0,-0.07946228823543677,0
0,-0.01935864352016381,0
0,0.09721126296171889,1
1,-0.012533536587400418,0
0,-0.05968150408641015,0
0,-0.06378899206572608,0
1,-0.01876606469855946,0
0,-0.05371189242544161,0
0,-0.07808384928891532,0
0,-0.05643335329124394,0
0,-0.08218389070746762,0
1,-0.007425683277582196,0
0,-0.0728159625197266,0
0,-0.016686321973802654,0
0,-0.051825922150086134,0
0,0.09721126296171889,1
0,-0.053794043320215645,0
0,-0.08542731116407071,0
1,-0.013414130836250093,0
0,-0.05540891139443349,0
0,0.1387590907459595,1
1,-0.01684766364317286,0
0,-0.07613936229294593,0
1,-0.06811073268098466,0
1,-0.012138363772458194,0
1,-0.012533536587400418,0
0,-0.081708217485354,0
0,-0.07974532551760782,0
0,0.16608148388901844,1
0,-0.07179987527148113,0
0,0.1454821840900058,1
0,-0.0787430834227365,0
0,-0.061143083134429566,0
0,-0.008250471019536298,0
0,-0.023225099383702708,0
0,-0.04895098525123931,0
1,-0.015487024097411095,0
0,-0.06445693321567669,0
1,-0.035771240850935804,0
0,-0.07610177294718612,0
0,-0.04212024380669099,0
0,-0.08594597189762626,0
0,0.006778481640609013,1
1,-0.00907413325161277,0
0,-0.0811281352055187,0
0,-0.07928076032694326,0
1,0.015274373019531495,1
0,-0.04684097838444462,0
0,-0.06888163475979875,0
0,-0.029798240527741104,0
0,0.026470276048069175,1
0,-0.06761185710974316,0
0,-0.02852235981960488,0
0,-0.07146397896363671,0
0,-0.07702542803908291,0
0,-0.07231157208667732,0
0,0.09721126296171889,1
0,0.04894660740408163,1
0,-0.046389402596218376,0
0,-0.05646892032986123,0
0,-0.016177858954952107,0
0,-0.06084869034468682,0
0,-0.06597316604472453,0
0,0.12594821929593436,1
0,-0.0800172759800879,0
0,-0.04270557356455135,0
0,-0.06708469821347607,0
0,-0.05755031928694487,0
1,-0.017768194614598942,0
0,-0.07174351829395709,0
0,-0.0038426346023416325,0
0,-0.0038426346023416325,0
0,-0.07161683204275654,0
0,-0.05968150408641015,0
0,-0.060980629326287006,0
0,-0.0687355221150665,0
0,-0.0494666079346604,0
0,-0.024454252833394807,0
0,-0.005858780858029988,0
0,-0.08452812960668138,0
0,-0.10218571509216418,0
0,-0.03491539485180856,0
0,-0.053590350860968916,0
0,-0.06107009515265904,0
0,-0.02663166583287524,0
0,-0.05131804338343715,0
0,-0.05516298292062005,0
0,-0.0579323546476207,0
0,-0.060980629326287006,0
0,-0.08020345830865111,0
0,-0.018233201350699335,0
0,-0.053624635912624785,0
0,-0.029781275276158314,0
0,-0.07150354829596123,0
0,-0.054419048352982446,0
0,-0.034392844566536185,0
1,-0.015343559786735572,0
0,-0.084877956806587,0
0,-0.05993559735290915,0
0,0.035289161509704514,1
0,-0.08134787103038627,0
0,-0.0466489724833648,0
0,-0.014041851641822256,0
1,-0.013532045090530076,0
0,-0.08979793224277649,0
1,-0.030559760667892233,0
0,-0.026464614786273766,0
0,-0.047371904757151584,0
1,-0.02006253071359887,0
1,-0.016764872256409713,0
0,-0.02148177453313782,0
0,-0.08752246405679087,0
0,-0.007375528328797121,0
0,-0.015157915091227214,0
0,-0.026641608318394017,0
0,-0.08162012717871098,0
0,-0.08288147741940805,0
0,-0.0842244723458242,0
0,-0.060980629326287006,0
0,0.09721126296171889,1
0,0.0588091508691474,1
0,-0.017496208413578795,0
0,-0.040414059659572565,0
0,-0.0746779492624789,0
0,-0.08293168764480557,0
0,-0.05309698797390344,0
1,-0.01738808843901385,0
0,-0.04283026007428109,0
1,-0.01876606469855946,0
0,-0.06789143984991541,0
0,-0.05908460131329413,0
1,-0.04599326141093929,0
0,0.023271048678930817,1
1,-0.013532045090530076,0
1,-0.012906365148818988,0
1,-0.01684766364317286,0
0,-0.015177410813943748,0
0,-0.02420994870487564,0
0,-0.05590297754455581,0
1,-0.017768194614598942,0
1,-0.0530105823296772,0
0,-0.06079356415715742,0
0,-0.0635530611320429,0
0,-0.05614509836379522,0
0,-0.05147805927145149,0
0,-0.08406473963424121,0
0,-0.06278589228190773,0
0,-0.0730534086488735,0
0,-0.05746396699374445,0
0,-0.053795224371447514,0
0,-0.057043850558785913,0
0,-0.10047947552043074,0
0,-0.06000984047985708,0
0,0.1454821840900058,1
0,-0.056411892196436886,0
0,-0.045587979574394755,0
1,-0.017623788684232145,0
0,-0.05918432305062188,0
0,-0.03826567350534538,0
0,-0.05958254287546172,0
0,-0.08370817728489122,0
1,-0.07157891556207541,0
0,0.09226944351753896,1
0,-0.043329210093869086,0
0,-0.07868570266842467,0
0,-0.06589403155787626,0
0,-0.06685295725317081,0
0,-0.07718166603521054,0
0,-0.07403619561856811,0
1,-0.01684766364317286,0
0,-0.022332238374447255,0
0,0.08696894630511798,1
0,-0.07557221534184272,0
0,-0.05081616587844501,0
0,0.11116238115833188,1
0,0.062316902164793575,1
0,-0.016117968483195133,0
0,-0.05928343468384778,0
0,-0.05341944218056127,0
0,-0.07718166603521054,0
0,-0.07799262401852525,0
0,-0.06696612723155998,0
0,-0.019200481803636926,0
0,-0.07827835182056464,0
0,-0.06223567021459736,0
0,0.0588091508691474,1
0,0.035289161509704514,1
0,-0.08136825395304376,0
1,-0.014926835742351319,0
0,-0.06172575147786591,0
0,-0.0341849834603285,0
0,-0.074104051086607,0
0,-0.01731949485513118,0
0,-0.06424371967293624,0
1,-0.018518095911605192,0
0,0.1387590907459595,1
0,-0.05449232228884937,0
0,0.02196104593235093,1
0,0.04915035298481174,1
0,-0.015957974474529624,0
0,-0.08288406567578804,0
0,-0.04574405230456707,0
1,-0.01684766364317286,0
1,-0.015359966390029234,0
0,0.0588091508691474,1
0,-0.009981208424666432,0
0,-0.09974622477880257,0
0,-0.0354201619325355,0
0,-0.03777869519058563,0
0,-0.07692192135850967,0
1,-0.01876606469855946,0
0,-0.043329210093869086,0
0,-0.0643616266127977,0
0,-0.05049939419611155,0
0,0.11116238115833188,1
0,-0.05327274502993218,0
0,-0.06062507667975875,0
0,-0.03362689425225612,0
0,0.09721126296171889,1
0,-0.007432545371068411,0
0,-0.07680549292729871,0
1,-0.01658908319108432,0
0,-0.05465626147993369,0
0,-0.07554268425325034,0
0,-0.04927275510753215,0
0,-0.09041400435904562,0
0,0.006778481640609013,1
0,0.10308688881055217,1
1,-0.0017645019585669774,0
0,-0.06597035511549332,0
1,-0.018518095911605192,0
1,-0.01498950315021813,0
0,-0.06195237565464379,0
0,-0.03559097798217353,0
0,-0.0268822527449587,0
1,-0.042710435231992305,0
1,-0.0482316484100484,0
0,-0.0990166820499816,0
0,-0.0881373640721756,0
0,0.111414400531199,1
0,-0.060347349902606706,0
0,-0.059852678834235784,0
0,-0.04976428066540617,0
0,-0.021360723646301927,0
0,-0.08188453436641624,0
0,-0.06225837846097809,0
0,-0.05474934956712446,0
1,-0.012533536587400418,0
0,-0.053458893967033516,0
0,-0.08485380022652833,0
0,-0.07110160282110334,0
0,-0.04328327231094131,0
0,-0.010438397824672263,0
0,0.0588091508691474,1
0,-0.0548228745450301,0
0,-0.05182314788332387,0
0,-0.047322811988919355,0
0,-0.06854656861031505,0
0,-0.051545203215678626,0
0,0.22039986166027337,1
0,-0.012135205553258033,0
0,-0.06185795538366501,0
0,-0.06532309414655435,0
0,-0.007015131845434175,0
1,-0.017768194614598942,0
0,-0.04673876646148761,0
0,-0.006780188939340626,0
0,-0.07502400951845739,0
0,-0.01475700303010985,0
1,-0.015183828558617052,0
0,-0.05819465962712517,0
1,-0.01148937182736015,0
0,-0.07102559705080741,0
1,-0.00324170866990231,0
0,-0.05979330070401584,0
0,-0.06596743827207124,0
0,-0.07437265682931765,0
1,-0.01670935978797633,0
0,-0.08348727303294262,0
0,-0.05306733933239843,0
0,-0.05800420681212948,0
0,0.035289161509704514,1
0,-0.08405585262926463,0
0,-0.026130627569211473,0
0,-0.005307138971503034,0
0,-0.08212212784248996,0
0,-0.07424656615002506,0
0,-0.04825413443749671,0
0,0.0588091508691474,1
0,-0.008653836760663225,0
0,-0.008956619478619587,0
0,-0.02020272390610678,0
1,-0.013414130836250093,0
0,-0.10277075600095742,0
0,0.035289161509704514,1
0,-0.05309790391992519,0
1,-0.01636851034352016,0
0,-0.07372521254802045,0
1,-0.01670935978797633,0
0,-0.06949854287792329,0
0,-0.052183368707016786,0
1,-0.019437628860134837,0
0,-0.05089846641106888,0
0,-0.023450490094049592,0
0,0.12594821929593436,1
1,-0.03918321216048681,0
0,-0.044948700504736205,0
0,0.16608148388901844,1
0,-0.04672542287637732,0
0,-0.057960867017333884,0
1,-0.019505963821408123,0
0,-0.0038426346023416325,0
0,-0.06434198417044268,0
0,-0.07704720993974284,0
0,-0.06365148137535848,0
0,-0.07299109235669071,0
0,-0.00992165596877087,0
0,-0.017009665272680774,0
0,-0.03000542597414929,0
0,-0.01890419332759652,0
0,-0.03503567907231009,0
1,0.01448973248221408,1
1,-0.05060529140475273,0
1,-0.01876606469855946,0
0,-0.0550707381237438,0
0,-0.0802714076437327,0
0,-0.037499398444900134,0
0,-0.008450344196613502,0
0,-0.09795542202490581,0
0,-0.027404948653262373,0
0,-0.03534558568647772,0
0,-0.08105092177899648,0
0,-0.07196197898621187,0
0,-0.08066068266219184,0
0,-0.06657477435165504,0
0,-0.05056070161219017,0
1,-0.006270324465430688,0
1,-0.05631304875322335,0
0,-0.07361580410552981,0
0,0.11116238115833188,1
0,-0.05620958578122143,0
0,-0.015373483465967397,0
0,-0.09427352350967616,0
1,-0.01636851034352016,0
0,0.09721126296171889,1
1,-0.01670935978797633,0
0,-0.04191110097366685,0
0,-0.08988779590579576,0
0,-0.04025566540562997,0
0,-0.05788841936433564,0
0,-0.0038426346023416325,0
0,-0.05530803959052716,0
1,-0.04215767744396948,0
1,-0.018112772524855603,0
0,-0.10022683616234301,0
0,-0.03141473601599015,0
0,-0.05289536353047469,0
0,-0.06717411953625269,0
0,-0.04684097838444462,0
1,-0.013386710846850225,0
0,-0.0667432915457512,0
0,-0.08296000240822288,0
1,-0.01738808843901385,0
0,-0.10105514709351426,0
0,-0.06343419969957587,0
0,-0.08310815278126638,0
0,-0.05435364426776379,0
0,-0.09319230676042056,0
1,-0.06729179479158831,0
1,-0.034840149565712075,0
1,-0.0836675838583622,0
0,-0.08383181819627361,0
0,-0.032906457562401015,0
0,-0.07042137983653213,0
0,0.092768455823806,1
1,-0.01684766364317286,0
0,-0.08075659010284647,0
0,-0.01716690770630802,0
0,-0.06651714258496394,0
1,-0.01636851034352016,0
1,-0.06600912698268069,0
0,0.03443045189248173,1
0,-0.017148286854229033,0
0,-0.0746862023499058,0
0,-0.042773036154080124,0
0,-0.06023984281158712,0
0,-0.0038426346023416325,0
0,-0.07182503605674917,0
0,-0.07019788622616191,0
0,-0.047371904757151584,0
0,0.11116238115833188,1
0,-0.06775932618270614,0
0,-0.04469528989307231,0
0,0.0588091508691474,1
1,-0.01684766364317286,0
0,0.02196104593235093,1
0,-0.0052740120609334196,0
0,-0.06566123391780632,0
0,-0.0032038248407932346,0
0,-0.08667662082254207,0
0,-0.023976784497711956,0
0,-0.019539572055266186,0
0,-0.006454877825841809,0
0,-0.06172575147786591,0
1,-0.012906365148818988,0
0,-0.0823572327920693,0
0,-0.032845208388143365,0
1,-0.07134004773873659,0
0,0.2410561483423288,1
0,-0.06313351622706376,0
1,-0.012906365148818988,0
0,-0.060347349902606706,0
0,-0.02241593957774074,0
0,-0.055408319113755156,0
0,0.013133889678762056,1
0,-0.04822437767809801,0
1,-0.05326218328114812,0
0,0.006778481640609013,1
0,-0.04257627536950831,0
0,-0.05979330070401584,0
0,0.026470276048069175,1
0,-0.06383672167540255,0
0,-0.04554219909499091,0
0,-0.01238819824529952,0
0,-0.06589403155787626,0
1,-0.01670935978797633,0
1,-0.02006253071359887,0
0,-0.07339394923630105,0
0,-0.0741647369657164,0
1,-0.019202241582551238,0
0,-0.031134868799243598,0
1,-0.01636851034352016,0
0,-0.009090084771362528,0
0,-0.04274841189764006,0
0,-0.04413939689729085,0
0,-0.037489890019355265,0
0,-0.07173741366342784,0
0,-0.05560364505210591,0
0,-0.0336488237073429,0
1,-0.015183828558617052,0
1,-0.05129549172017478,0
0,-0.07909720756736133,0
1,-0.015660507505819765,0
0,-0.0608859161662747,0
1,-0.09399720583098681,0
1,-0.06710954743960984,0
0,-0.055290788365681465,0
0,-0.08420346099826087,0
0,-0.010771026709720632,0
0,-0.07629628318813847,0
0,-0.05827866248887803,0
1,-0.015359966390029234,0
0,-0.04568533442149736,0
0,-0.08646118617613635,0
0,-0.027572063950120018,0
0,0.050829848775650666,1
0,-0.08063824518502993,0
0,-0.07489762155611879,0
0,-0.07111876921453653,0
1,-0.017768194614598942,0
1,-0.01670935978797633,0
0,-0.09090472878040201,0
0,0.08486103725796401,1
1,-0.015359966390029234,0
0,0.0019875604587712425,1
0,-0.0691693940157872,0
0,-0.06184377143403891,0
1,-0.015359966390029234,0
0,-0.07428466422135072,0
1,-0.01636851034352016,0
1,0.0022072743091861025,1
1,-0.012138363772458194,0
0,-0.07116538201389949,0
0,-0.08099976028775974,0
0,-0.02130370581156732,0
0,-0.06902173619671759,0
0,-0.08060790460460393,0
0,-0.05592871315945136,0
0,-0.047918668686671495,0
0,-0.004063250065797996,0
0,-0.021836661457139306,0
0,-0.03867405018323694,0
0,-0.07711759446705874,0
0,-0.04328327231094131,0
0,0.11116238115833188,1
1,-0.005119447759331652,0
0,-0.0038426346023416325,0
0,-0.05079870305273637,0
0,-0.08003213880375448,0
0,-0.07052263080791954,0
0,0.0741274836581518,1
1,-0.019505963821408123,0
0,-0.05928343468384778,0
1,-0.029127923643539777,0
0,-0.05263316803995438,0
0,-0.05492441293107647,0
0,-0.09181488376915642,0
0,-0.05803204237903287,0
0,-0.019638755844998246,0
0,-0.01247499486533482,0
0,-0.08646619460660765,0
0,-0.04386322348040561,0
0,-0.07284140070671391,0
0,-0.054637934398018784,0
0,-0.07005160135010763,0
0,-0.07670888369487455,0
0,-0.0800377190244167,0
0,-0.03763037296603566,0
0,-0.023809411348681864,0
0,-0.08443976209507242,0
0,-0.04396608384791484,0
0,-0.0038426346023416325,0
0,-0.07697746312623005,0
0,-0.08719740186501213,0
0,-0.10706816474477526,0
0,-0.08288452873576796,0
0,-0.07381692275550661,0
0,-0.06077302069884111,0
0,0.11116238115833188,1
0,-0.04247676594210287,0
1,-0.04963280360162675,0
0,-0.080871942846725,0
0,-0.061507587428908606,0
1,-0.01684766364317286,0
0,0.026470276048069175,1
0,-0.009353270543775216,0
0,-0.07113020343901266,0
0,-0.03282159657953804,0
1,0.016737057238232933,1
0,-0.049141237326273235,0
1,-0.015183828558617052,0
0,0.06421315728893995,1
0,-0.0038426346023416325,0
0,-0.0527597919924237,0
0,-0.0827787336264949,0
0,-0.08264977240129284,0
0,0.11823539363750624,1
0,-0.03096069254155115,0
0,-0.07089731749548195,0
0,-0.052966531791336424,0
1,-0.019202241582551238,0
1,-0.06563944906614455,0
0,0.0588091508691474,1
0,0.035289161509704514,1
0,-0.07102944257648586,0
0,-0.04340224718977087,0
0,-0.07943307768860325,0
0,-0.0841584175023471,0
0,-0.03323709526252561,0
1,0.009353048535798547,1
0,-0.04903954423639373,0
1,-0.01636851034352016,0
0,-0.033721383272396654,0
0,-0.07941197563101965,0
0,-0.07909146837991055,0
0,-0.08215899816766647,0
0,-0.04625635819244239,0
1,-0.047799892646602116,0
0,-0.05173622113093562,0
0,-0.04598560982349964,0
0,-0.009954800319421031,0
0,0.004615199896189193,1
1,-0.06342299293631232,0
0,-0.06521952628309458,0
0,0.111414400531199,1
0,-0.04684097838444462,0
0,-0.07385746509844426,0
1,-0.01738808843901385,0
0,-0.05891766414518995,0
0,-0.061711088390223545,0
0,-0.03986497292374097,0
0,-0.06878480136839216,0
0,-0.05819645524204142,0
0,-0.08466951532766404,0
0,-0.054271216825104995,0
0,-0.03900481192110683,0
0,-0.05474091299866751,0
0,-0.07075479344366259,0
0,-0.06910038883862607,0
0,-0.05864044148995334,0
0,-0.09105791367032628,0
1,-0.015183828558617052,0
1,-0.008094901874808935,0
0,-0.07062274051393713,0
0,0.09721126296171889,1
0,-0.07577508940322697,0
0,-0.05759630348453526,0
0,0.09721126296171889,1
0,-0.06915288658153479,0
0,0.06980248503060837,1
0,-0.007735912365410769,0
0,-0.07054834966724693,0
0,-0.02836889610636134,0
1,-0.01670935978797633,0
0,-0.04299597142723066,0
0,-0.07624922641877274,0
1,-0.020660823380322768,0
0,-0.05454036429242709,0
1,-0.08276994597415227,0
0,-0.058635208332147026,0
0,0.0588091508691474,1
0,-0.06987138987889724,0
0,-0.08626108643942526,0
0,-0.02539941562120679,0
1,-0.015359966390029234,0
0,-0.10043142544335593,0
0,-0.0808856502682796,0
0,-0.08056750036323684,0
0,-0.05176767846449948,0
0,-0.05438974247789996,0
0,-0.08254334934025764,0
0,-0.06303497915453077,0
1,-0.015183828558617052,0
0,-0.0795595781609082,0
1,-0.012906365148818988,0
0,0.02196104593235093,1
0,0.05568882247863005,1
0,0.08157733166639258,1
0,0.16608148388901844,1
0,-0.013665826616413967,0
0,0.035289161509704514,1
0,-0.04983907210691413,0
0,-0.0722855370822259,0
1,-0.07112932093251656,0
0,0.10377237057140687,1
0,-0.05869820328949166,0
0,-0.049141237326273235,0
0,0.1454821840900058,1
1,0.016996814733894028,1
0,-0.07903620297867692,0
0,-0.06603987858989396,0
0,0.08088145284412329,1
0,-0.07964304218212359,0
0,-0.07387582697496059,0
0,-0.06252398547994031,0
0,-0.0847929356984154,0
0,0.006778481640609013,1
1,-0.012906365148818988,0
0,-0.056844006779059486,0
0,-0.0038426346023416325,0
1,-0.006270324465430688,0
1,-0.01684766364317286,0
1,-0.013414130836250093,0
0,-0.0765624342034133,0
0,-0.08079703191600973,0
0,-0.024525904902774287,0
0,-0.014462486347545267,0
0,-0.054391404176842406,0
0,-0.08895399913722091,0
0,-0.03179502812953511,0
0,0.09721126296171889,1
1,-0.008207306580716833,0
0,-0.042450735243222015,0
0,-0.04464613159827652,0
0,-0.03807966509086563,0
0,-0.050758769107411394,0
0,-0.0559759731845364,0
0,-0.05117109140802323,0
0,-0.06620790756700112,0
0,-0.05614509836379522,0
0,-0.08755984503300174,0
0,-0.06156477280162659,0
0,0.035289161509704514,1
0,-0.03832188831106281,0
0,-0.040147765749506736,0
1,-0.013532045090530076,0
0,-0.08182879686546979,0
0,-0.06200592018849288,0
1,-0.01684766364317286,0
0,-0.05694393993655322,0
0,-0.001923049244286823,0
0,-0.05650450287084591,0
0,-0.07615564609345338,0
0,-0.04195899247223245,0
0,-0.03774520814185034,0
0,-0.0739577050618927,0
0,-0.07775153452892708,0
0,-0.053915529426433295,0
1,-0.017768194614598942,0
0,-0.054585232711666154,0
0,-0.08163697345671894,0
0,-0.04323114144407059,0
0,-0.05631955019841184,0
0,-0.026644293737165703,0
0,-0.07209830201908185,0
0,-0.04652152161979428,0
0,-0.08976490432341944,0
0,-0.04043238848922798,0
0,0.12594821929593436,1
0,-0.08944181612208801,0
0,-0.06208888656974987,0
0,-0.07435137220715937,0
0,-0.06531187001819921,0
1,-0.06110257362505117,0
0,-0.07725452753664003,0
0,-0.03419314714326954,0
0,-0.04664659828898016,0
0,-0.05233038334519324,0
0,-0.0798732759030899,0
0,-0.04802115237820842,0
1,0.012419814365133841,1
0,-0.07056962713124976,0
0,-0.048428705458015364,0
0,-0.08079703191600973,0
1,-0.03757962827738498,0
0,-0.044112350536775036,0
0,-0.05819465962712517,0
0,-0.07713633397398123,0
0,-0.07089917215731623,0
1,-0.01636851034352016,0
0,-0.06318338743247925,0
0,-0.07046144412461469,0
0,0.006778481640609013,1
0,-0.030693698494559385,0
0,-0.05772671765559961,0
1,-0.015183828558617052,0
0,0.16608148388901844,1
0,-0.07639005485985129,0
0,-0.02390001161378391,0
0,-0.047175350053534015,0
0,0.061062053554549967,1
1,-0.015183828558617052,0
1,-0.019202241582551238,0
0,-0.05645409972383253,0
1,-0.0631846840727211,0
1,-0.033353845819305894,0
0,-0.09393519145224766,0
0,-0.06100116307436382,0
0,0.031598794038452116,1
0,-0.0038426346023416325,0
0,-0.0154468794477432,0
0,-0.007385129709909843,0
0,-0.033721383272396654,0
0,-0.0556763693595031,0
0,0.01319105918730723,1
0,-0.06258418589147596,0
0,0.035289161509704514,1
0,-0.0781290491297349,0
0,-0.07976605980795448,0
0,-0.04247213566872221,0
0,-0.03763552241075452,0
0,-0.07344547028125892,0
0,0.006778481640609013,1
0,-0.03986497292374097,0
1,-0.01636851034352016,0
0,-0.04976428066540617,0
0,-0.053590350860968916,0
1,-0.017623788684232145,0
0,-0.05233797448882599,0
0,0.1262938038417123,1
0,-0.0660105811574247,0
0,-0.07740019138591026,0
0,-0.03617024280204262,0
0,0.11116238115833188,1
0,0.1454821840900058,1
1,-0.04130172763656298,0
0,-0.05320741013067082,0
1,-0.017768194614598942,0
1,-0.010022055775638639,0
0,-0.05905666376812707,0
0,-0.07654332558039106,0
0,-0.0890645642437563,0
0,-0.03629256363293443,0
0,-0.07112011219875342,0
1,-0.02330646071227571,0
0,-0.07875320608263048,0
0,-0.04919199680999509,0
0,-0.09948200617554487,0
0,-0.03768986618223252,0
0,-0.04539275493920952,0
1,-0.0019492797272137596,0
0,0.23315723454231252,1
0,-0.0662008878956078,0
0,-0.07482797285275572,0
0,-0.09010041980820821,0
0,-0.051519164873376155,0
0,-0.07124264807166808,0
0,-0.07379368454397145,0
0,-0.03292641391196588,0
0,-0.07989145399008352,0
0,-0.05349232608698762,0
1,-0.017768194614598942,0
0,-0.05454036429242709,0
0,-0.06378899206572608,0
0,-0.01940595237140902,0
1,-0.06232014087204346,0
0,0.09943438793460357,1
0,-0.06493994308101975,0
0,-0.03587695708924993,0
0,-0.06581064355295924,0
0,-0.04999842867081128,0
0,0.036189717854944514,1
0,-0.09611366661837284,0
1,-0.05234691605943864,0
0,-0.07189821506953992,0
0,-0.062437661181196924,0
0,-0.0038426346023416325,0
1,-0.01636851034352016,0
0,0.05678451722653344,1
0,-0.04927136852521258,0
0,-0.04354893476113075,0
0,-0.05812619165387278,0
0,-0.10563136558508635,0
0,-0.05128066466022008,0
0,-0.06712031106612709,0
1,-0.007425683277582196,0
0,0.13381750445632845,1
0,-0.05605687159484146,0
0,-0.05516298292062005,0
0,-0.05968150408641015,0
0,-0.1001543406862348,0
1,-0.015359966390029234,0
0,-0.07714804175007989,0
0,-0.011709271837090807,0
0,0.0588091508691474,1
0,0.2301756878670318,1
0,-0.04895098525123931,0
0,-0.08153184491952847,0
0,-0.08933171887596503,0
1,-0.03781920683459,0
0,-0.08333776485394906,0
1,-0.05382987930025246,0
0,-0.06313351622706376,0
0,-0.04365851933436243,0
0,-0.07990549838489752,0
0,0.006778481640609013,1
0,0.09721126296171889,1
0,-0.07950352834208896,0
0,-0.02275809633799747,0
0,-0.058191005256906014,0
0,-0.0527340507556564,0
0,-0.06342829009625961,0
1,-0.015930509145943017,0
0,-0.09147609815692825,0
0,-0.07630107416617332,0
0,0.02196104593235093,1
0,-0.008452389673097749,0
0,-0.04351392395181286,0
0,-0.0101637719327482,0
1,-0.01876606469855946,0
0,-0.006048645947031861,0
1,-0.01684766364317286,0
0,-0.10227801363977668,0
0,-0.060669648005791554,0
0,-0.052770437974347995,0
0,0.035289161509704514,1
0,-0.04934740350273059,0
0,-0.029706972660969055,0
0,-0.0523977719386966,0
0,-0.07414088769853805,0
0,-0.054631162020289836,0
1,-0.015331688745553074,0
0,-0.07054000787031894,0
0,-0.04556892722752243,0
0,-0.06107962966157182,0
0,-0.027851349662680658,0
0,-0.04299552185618316,0
0,-0.034596984670204,0
0,-0.08731152737217152,0
0,-0.054971652450645725,0
0,-0.08110725244324507,0
0,-0.057394500224670075,0
0,0.03349901403196043,1
0,-0.012956886080312424,0
0,-0.09944365089663937,0
0,-0.05806842412078339,0
0,-0.08403854663796712,0
0,0.05917051287817998,1
0,-0.06921171757145272,0
0,-0.07014232187029684,0
0,-0.052431334339855806,0
0,-0.033721383272396654,0
0,-0.0996144276790018,0
0,-0.09249034611318518,0
0,0.05061985921043877,1
0,-0.06538438563742716,0
1,-0.01636851034352016,0
0,0.0018779580710206467,1
0,-0.06587245790390123,0
0,-0.04787498861009554,0
0,-0.062049465397188586,0
0,-0.04250837872316704,0
0,-0.007052847488154823,0
1,-0.016764872256409713,0
0,-0.05391629915394591,0
0,-0.08262306761793003,0
0,-0.0648094949248691,0
0,0.1262938038417123,1
1,-0.003770082303996891,0
0,-0.04230254947912687,0
0,-0.028713857803794762,0
0,-0.048932304137617844,0
0,-0.07872324738419023,0
0,-0.0038426346023416325,0
0,-0.057111956175923406,0
0,-0.06424818222500323,0
1,-0.019202241582551238,0
1,-0.01876606469855946,0
1,0.016596368006987938,1
0,-0.061049891807768486,0
1,-0.013414130836250093,0
0,-0.024728647337574017,0
0,-0.05650450287084591,0
1,-0.014504773972399854,0
0,-0.06418061992096519,0
0,-0.07627950168320985,0
0,-0.0713571361479528,0
0,-0.0776138440527907,0
0,-0.0038426346023416325,0
0,-0.0899820883431302,0
0,-0.015716954462881738,0
0,0.031598794038452116,1
0,-0.06429576679132992,0
0,-0.06935360059447276,0
1,-0.015359966390029234,0
0,-0.07253538901817475,0
0,-0.08624652800161292,0
0,-0.005440556279326658,0
0,-0.09355668953294993,0
0,0.111414400531199,1
1,-0.018518095911605192,0
0,-0.06516207941143759,0
0,-0.008974143265058465,0
1,-0.012906365148818988,0
0,0.07806650888003641,1
0,-0.05694393993655322,0
0,-0.08470930964868717,0
0,-0.08123780811799758,0
0,-0.053872914509851655,0
0,0.1262938038417123,1
0,-0.06277254761465834,0
0,-0.035471911833690195,0
0,-0.05655412080667027,0
0,-0.0658404387617269,0
0,-0.07678959039609962,0
0,-0.011549655236429146,0
1,0.0009670018451091167,1
0,0.12594821929593436,1
0,-0.00016934268693802323,0
1,-0.015359966390029234,0
1,-0.015359966390029234,0
0,-0.07709660585763567,0
1,-0.024001859522394753,0
0,-0.05694393993655322,0
0,-0.021326458692882244,0
0,-0.02575109285545968,0
0,-0.042062282250197924,0
0,-0.080871942846725,0
1,-0.06983827992923958,0
0,-0.07499607200879288,0
0,-0.05570385791531446,0
0,-0.05279451719954742,0
0,-0.0038426346023416325,0
0,0.2333818921269547,1
0,0.09721126296171889,1
0,-0.04010639301997593,0
1,-0.01670935978797633,0
0,-0.08127888522848176,0
0,-0.017133194631786086,0
1,-0.013414130836250093,0
1,-0.015666438022868323,0
0,-0.0755973824012362,0
0,-0.0525300734223777,0
0,-0.06756617408788168,0
0,-0.079743753684197,0
0,-0.07780253621954164,0
0,-0.05743012573650791,0
1,-0.017768194614598942,0
0,0.09721126296171889,1
0,-0.0887171943208453,0
0,-0.04752083846401589,0
1,0.020414859719053213,1
0,0.1454821840900058,1
0,-0.07734125850106027,0
0,-0.011235168246071237,0
0,-0.04692322852495279,0
0,-0.06252398547994031,0
0,-0.03816444684614301,0
0,-0.07044464627922725,0
0,-0.05068706721629207,0
1,-0.048140032533638966,0
0,0.035289161509704514,1
0,-0.023771634420021726,0
1,0.018756293980976002,1
0,-0.060347349902606706,0
0,0.031598794038452116,1
0,0.11116238115833188,1
0,-0.07214018820695972,0
0,-0.00881448113327421,0
0,-0.04230254947912687,0
0,-0.07788172512357922,0
1,-0.015359966390029234,0
1,-0.05023802438998243,0
0,-0.03867747376466685,0
0,0.006778481640609013,1
1,-0.007425683277582196,0
0,-0.06257021363796966,0
0,-0.04086253240594906,0
0,-0.044009523160332575,0
0,-0.05968150408641015,0
0,-0.09280708033870383,0
0,-0.06531187001819921,0
0,-0.04918859669561787,0
0,-0.0038426346023416325,0
0,-0.07953492164332276,0
0,-0.009295836539325697,0
1,-0.027274777796543415,0
0,-0.07866168038406152,0
0,0.11116238115833188,1
0,-0.03876945906721796,0
0,-0.024444682479664914,0
0,0.02196104593235093,1
0,0.0588091508691474,1
0,-0.052705929227743364,0
0,-0.05413524575143669,0
0,-0.056844006779059486,0
0,-0.06412824416993412,0
0,-0.06606151905749102,0
0,-0.07270900473705477,0
0,-0.07166484867836287,0
0,0.006778481640609013,1
0,-0.05722760862182413,0
0,-0.07772939130168588,0
0,-0.08014246522348367,0
1,-0.03686453488356822,0
0,-0.04202362320895359,0
0,-0.08565153026804528,0
0,-0.08142423563022994,0
0,-0.048632542452092975,0
1,-0.01644592340899681,0
0,-0.05767787836088406,0
0,-0.07940741892490888,0
0,-0.05243502396945732,0
0,-0.05859848772799314,0
0,-0.06383366320845107,0
0,-0.08626506571181874,0
1,-0.06937120206690162,0
0,-0.04025752805207994,0
0,-0.03175858998560749,0
0,0.058863267583581735,1
0,-0.08108390519684572,0
0,0.031598794038452116,1
0,-0.05746025981401942,0
0,-0.05286161977075249,0
0,-0.07842894473025014,0
0,-0.02264800858103222,0
0,0.006778481640609013,1
1,-0.07359439533527756,0
0,-0.03795936048385262,0
1,-0.018518095911605192,0
0,-0.045963571159036154,0
0,-0.07767629150723987,0
1,-0.038917399921287066,0
0,-0.002534860048956422,0
0,-0.08458739743940286,0
0,-0.08107864728077424,0
0,-0.05963429576214008,0
0,-0.05913920986615384,0
1,-0.008920019175364113,0
0,-0.06585390245007794,0
0,-0.06323723898519945,0
0,-0.07282345224219844,0
1,-0.05815150351429754,0
0,-0.08174258593883943,0
0,-0.06161327014655854,0
1,-0.012906365148818988,0
0,-0.05941144980415941,0
0,-0.08045966185739001,0
0,-0.04089415777358507,0
0,-0.0064706698674517615,0
0,-0.0038426346023416325,0
0,0.111414400531199,1
1,-0.04263497191109106,0
1,-0.012906365148818988,0
0,-0.05995606517601321,0
0,-0.07627411319019106,0
0,0.09721126296171889,1
0,-0.05313809599822,0
0,-0.04222781193722036,0
0,-0.080871942846725,0
1,-0.015183828558617052,0
0,-0.04341578346726538,0
0,-0.06595573957573969,0
0,0.13789532397168736,1
0,0.006778481640609013,1
1,-0.015183828558617052,0
0,-0.018333828960063414,0
1,-0.013414130836250093,0
0,-0.009477575635314928,0
0,-0.033893563224315526,0
0,-0.0486609269028917,0
0,-0.08795180314967632,0
0,-0.06597316604472453,0
0,-0.07615259794593193,0
0,-0.06392994532479168,0
1,-0.015359966390029234,0
0,-0.05900019923979921,0
0,-0.0765641313131653,0
0,-0.06323723898519945,0
0,-0.09339846910922384,0
0,-0.08558682149436597,0
0,-0.05465626147993369,0
0,0.026470276048069175,1
0,-0.07972997765864659,0
0,-0.07684754703707747,0
0,-0.07043625158769445,0
1,-0.0853866699436453,0
0,-0.07325442129067083,0
0,-0.08238917808921675,0
0,-0.005491946109167922,0
0,-0.021462044803148006,0
0,-0.07005806424108152,0
1,-0.01636851034352016,0
0,-0.020074993963266452,0
0,-0.03677724936548282,0
0,-0.08414433408405197,0
0,-0.05989256878587296,0
1,-0.01876606469855946,0
0,-0.04846613012453843,0
0,-0.07799771086518892,0
0,-0.0365890456046401,0
0,-0.06230131553814755,0
0,-0.0461772652370272,0
0,-0.06142523464278471,0
0,-0.04357690631477301,0
0,-0.0033330343888126057,0
0,-0.0771027102576009,0
0,-0.08423032583928397,0
0,-0.05599120659406115,0
1,-0.01670935978797633,0
0,-0.06479108442014153,0
1,-0.01684766364317286,0
0,-0.055186932718846615,0
0,-0.08098415780801366,0
0,-0.07750131085007111,0
1,-0.015359966390029234,0
0,-0.009201473528791415,0
0,0.006778481640609013,1
0,-0.07139998727884855,0
0,-0.07313955182130782,0
0,-0.01968772172350952,0
0,-0.0559759731845364,0
0,-0.07018486552743397,0
1,0.0009670018451091167,1
0,0.05816967606649992,1
0,-0.06142523464278471,0
0,0.035289161509704514,1
0,-0.024614520640526993,0
0,-0.09565010941562208,0
1,-0.024721469487478775,0
0,-0.09150732806366069,0
0,-0.07964304218212359,0
0,-0.06478165300003813,0
0,-0.003292476462848415,0
0,-0.07197259523962007,0
0,0.026470276048069175,1
0,-0.08266451501837574,0
0,-0.08142816367494204,0
1,-0.015359966390029234,0
1,-0.01675341490412391,0
0,-0.0597875108076662,0
0,-0.04706085936414722,0
0,-0.044045500588745956,0
0,0.006778481640609013,1
1,-0.012906365148818988,0
0,-0.08389130743674739,0
0,-0.08058796479541458,0
1,-0.012906365148818988,0
0,-0.0803570352274025,0
0,-0.0038426346023416325,0
0,-0.09802122561731003,0
0,-0.07412420195158653,0
0,-0.008167272801667902,0
0,-0.09839676999376051,0
0,-0.01820611226957336,0
1,-0.06302599743245635,0
0,-0.06359219141921996,0
0,-0.07694742055420178,0
0,0.09721126296171889,1
0,-0.06989375307988144,0
0,0.026470276048069175,1
1,-0.015359966390029234,0
0,-0.051906888129835516,0
0,-0.06930560167433536,0
0,-0.07368009109516005,0
0,0.0739601128291929,1
1,-0.040512247912533605,0
0,0.002215691185006863,1
0,0.022933203371867217,1
0,-0.026444124150710402,0
0,-0.04320979125853208,0
0,-0.033015584390836905,0
0,0.02196104593235093,1
0,-0.08870952356042172,0
1,-0.01684766364317286,0
0,-0.047209460755754495,0
0,-0.101667108241005,0
0,-0.0639133833078363,0
0,-0.06852141207127238,0
0,0.10308688881055217,1
0,-0.024504583300588023,0
0,-0.0882293419247685,0
1,0.00034727729939088015,1
0,-0.008952432100673924,0
0,-0.04144128601493685,0
0,0.11823539363750624,1
0,-0.030814554098706815,0
0,-0.06404517125160386,0
0,0.0778343791004441,1
0,-0.054170680823674044,0
0,-0.042293882240071135,0
0,-0.06328008581396377,0
0,-0.06077302069884111,0
1,-0.017768194614598942,0
0,-0.06875697852161977,0
0,-0.008439012072307295,0
0,-0.06156477280162659,0
0,-0.08631764254948071,0
0,-0.03459430692755744,0
1,-0.01670935978797633,0
0,-0.05233797448882599,0
0,-0.020410088765084433,0
0,-0.045681001837227175,0
0,-0.04136034284568857,0
0,0.04425752703811381,1
0,-0.07803851037676635,0
0,-0.0053079519288977695,0
1,-0.01684766364317286,0
0,-0.0359275564425619,0
0,0.2290927744294824,1
0,-0.084772104574935,0
0,0.10308688881055217,1
0,0.09721126296171889,1
1,-0.01738808843901385,0
0,-0.05276787356738066,0
0,-0.024292591581458467,0
0,-0.012372687223774437,0
0,-0.05442329350235292,0
0,-0.03436421958390257,0
0,-0.0725000502581587,0
0,-0.08009261130182971,0
0,0.21835872012308,1
0,-0.08231797268528546,0
0,-0.051552261700256785,0
0,-0.07820032164474466,0
0,0.12594821929593436,1
0,-0.044949783930484266,0
0,-0.07831640453783972,0
0,-0.04173207415496116,0
0,-0.05442730261544826,0
0,0.026470276048069175,1
0,-0.08536657144015714,0
0,-0.017673718974231478,0
0,-0.04673876646148761,0
0,-0.08462600931463837,0
1,-0.027974735343929802,0
0,-0.08697594552296611,0
1,-0.015183828558617052,0
1,-0.012906365148818988,0
1,-0.016673377391415112,0
0,-0.05409888886273173,0
1,-0.04650760345777055,0
0,0.09721126296171889,1
0,0.13381750445632845,1
0,-0.0758881684050487,0
0,-0.03885631229039377,0
0,-0.08517957319940173,0
0,-0.06682546968843278,0
0,-0.09030881830055887,0
0,-0.06200752837493961,0
0,-0.05314053120980783,0
1,0.018241695442831274,1
1,-0.015666438022868323,0
0,-0.055103467807092965,0
0,-0.053923544561786,0
0,-0.05716445185739072,0
0,-0.08971815433288283,0
0,-0.07646481479756562,0
0,-0.02613776841140958,0
0,0.039622289452094894,1
1,-0.01684766364317286,0
0,0.111414400531199,1
0,-0.08855863318668561,0
0,-0.012620377799948235,0
0,-0.033541614416951804,0
0,-0.07735948597989284,0
0,0.08763339993172059,1
0,-0.08883641859108793,0
0,-0.07174823610094283,0
0,0.111414400531199,1
0,0.09721126296171889,1
0,-0.040224415608574315,0
1,-0.015359966390029234,0
0,-0.025774834090551424,0
0,0.09501521510675126,1
1,-0.04406773162170208,0
1,-0.0815489867276048,0
1,-0.017043261177559443,0
0,-0.04308136075627428,0
0,-0.07971048749923332,0
0,-0.05497060225256256,0
0,-0.005018833572099812,0
0,-0.06385112445385432,0
0,-0.06006450495078586,0
0,-0.05282628487873153,0
0,-0.070720456628875,0
0,-0.01373849977619579,0
1,-0.018518095911605192,0
0,-0.06877828537982777,0
0,-0.060980629326287006,0
0,0.026470276048069175,1
0,-0.053590350860968916,0
0,0.11116238115833188,1
0,-0.042293882240071135,0
0,-0.05504446502004373,0
0,-0.06303497915453077,0
0,-0.016183698222606735,0
0,-0.03107081780554577,0
0,-0.07197259523962007,0
0,-0.04553545172131257,0
0,-0.061143083134429566,0
0,-0.00804387500272008,0
0,-0.0844511770005103,0
1,-0.015359966390029234,0
1,-0.010810745992376358,0
0,-0.053872914509851655,0
1,-0.009834764484795644,0
1,-0.01636851034352016,0
0,-0.08331961347790567,0
0,0.1262938038417123,1
1,-0.017768194614598942,0
0,-0.07057609487051758,0
0,-0.042566484559708684,0
1,-0.015183828558617052,0
1,-0.007425683277582196,0
0,-0.04425391845629628,0
0,-0.09594495940175413,0
0,-0.06091085914047767,0
0,0.09943438793460357,1
0,-0.05802738043418959,0
0,-0.03282159657953804,0
0,-0.0439517925931166,0
0,-0.02744068557438306,0
0,-0.0615774749765956,0
0,-0.05294602509207963,0
1,-0.018541179280398,0
0,-0.04383580264146408,0
0,-0.009509043683617546,0
0,-0.028709002099750303,0
1,-0.015343559786735572,0
0,-0.05205393897673638,0
0,-0.08514645543207905,0
0,-0.06004361985860346,0
0,-0.07559573280944654,0
0,-0.044250400885609054,0
0,-0.07654885818238283,0
0,-0.026608974309809796,0
0,-0.013248247570412097,0
1,-0.01670935978797633,0
1,-0.015359966390029234,0
0,0.07494428561214739,1
1,-0.03225432096130809,0
0,-0.06515702840134502,0
1,-0.01636851034352016,0
0,-0.0381831284259978,0
0,-0.08165471595126561,0
0,-0.04299552185618316,0
0,-0.08075659010284647,0
0,-0.03491011462301474,0
1,-0.017043261177559443,0
0,-0.06576764090176929,0
0,-0.049917940614411016,0
0,-0.06050169012600165,0
1,-0.017623788684232145,0
0,-0.03867747376466685,0
0,-0.0606832558837021,0
1,-0.012738048506505506,0
0,-0.0699075297322797,0
0,-0.04247213566872221,0
0,-0.07460279723050028,0
0,-0.035553026260247256,0
0,-0.07860507347798756,0
0,0.09943438793460357,1
0,-0.015632381483116187,0
0,-0.06359219141921996,0
0,-0.004091441529405493,0
0,-0.07618619412536731,0
0,-0.05993559735290915,0
0,0.02196104593235093,1
1,-0.015051282006040001,0
0,-0.055463688619176776,0
0,-0.05233038334519324,0
0,-0.0938686001240337,0
0,-0.0780813940840076,0
0,-0.0180954634186688,0
0,-0.07964304218212359,0
0,0.1454821840900058,1
0,-0.06174142358495116,0
0,0.12594821929593436,1
0,-0.037070018818069095,0
0,-0.023116634293393112,0
0,-0.08018220389070135,0
0,0.111414400531199,1
0,-0.05544220379636561,0
1,-0.008449644362909181,0
1,-0.01684766364317286,0
0,0.001128647579720421,1
0,-0.06260831371765879,0
0,-0.047459374230550244,0
1,-0.00944999539200081,0
0,-0.06241029087989597,0
0,-0.04433254554518867,0
0,-0.0880889989823222,0
0,-0.06254444704239487,0
0,-0.050200744137448794,0
0,-0.08344667137978184,0
0,-0.05098355721047304,0
0,-0.06621806491907128,0
0,-0.07008224182106454,0
0,-0.08058082432408709,0
0,-0.01909521655916746,0
0,-0.06554110117219847,0
0,-0.042502850312347684,0
0,-0.05755144322692918,0
1,-0.015183828558617052,0
0,0.000267195308511714,1
0,-0.08152759232995005,0
1,-0.010315044228072279,0
0,-0.08872680346696782,0
0,-0.028319499366083023,0
0,-0.05726110372479737,0
0,-0.0735422301172532,0
0,-0.03342140884291411,0
0,-0.07521291269940134,0
0,-0.08131590753748025,0
0,0.1262938038417123,1
0,-0.041873166843758136,0
0,-0.07204171514325836,0
0,-0.059354899092797064,0
1,-0.0658821607263197,0
0,-0.0826391045589206,0
0,0.031598794038452116,1
0,0.0588091508691474,1
1,-0.018548736814104183,0
0,-0.06107962966157182,0
0,-0.01224128734898422,0
0,-0.05787728737575659,0
0,-0.1056912376110874,0
1,-0.020120122682346975,0
0,0.006778481640609013,1
0,0.046674624077489235,1
1,-0.015359966390029234,0
0,-0.0689665887516831,0
0,-0.013541654377637546,0
0,-0.08407457316200617,0
0,0.035289161509704514,1
0,-0.03559188450500478,0
0,-0.07908631565109842,0
0,-0.05663346590041746,0
1,-0.013620515427801072,0
0,-0.06578824389476229,0
0,0.006778481640609013,1
0,-0.08172769824904341,0
0,-0.06365148137535848,0
0,-0.05963429576214008,0
1,-0.04470993505302839,0
1,-0.01684766364317286,0
1,-0.01876606469855946,0
0,-0.0905628209186316,0
0,-0.07908573893589821,0
0,-0.05601255874991706,0
0,0.006778481640609013,1
0,-0.09328661024046286,0
0,-0.011336166254082902,0
0,-0.042678460527545814,0
0,-0.06424371967293624,0
0,0.02196104593235093,1
0,-0.03675214428535667,0
0,-0.07457645830858584,0
0,-0.08031565461846157,0
0,-0.080871942846725,0
1,-0.015359966390029234,0
0,-0.04322620607680644,0
0,-0.09028841124234405,0
1,-0.015359966390029234,0
0,0.08359971442415215,1
0,-0.044141032176151174,0
0,-0.019011897096333774,0
0,-0.0069432156432182035,0
0,-0.07152978889458117,0
1,-0.012906365148818988,0
0,-0.0620854747324458,0
1,-0.013414130836250093,0
0,-0.08460975190310255,0
0,0.0588091508691474,1
0,-0.04272377286917928,0
0,-0.06546573118109206,0
0,0.11823539363750624,1
1,-0.06359838352715491,0
0,0.026470276048069175,1
1,-0.015487024097411095,0
0,-0.07898414737077997,0
0,-0.05800420681212948,0
1,-0.01670935978797633,0
0,-0.02584862026626461,0
0,-0.046683991496410004,0
1,-0.06701303432329181,0
0,0.026470276048069175,1
0,-0.06606823025093705,0
0,-0.05948320486595671,0
0,-0.031222510502180223,0
0,0.02623621299836254,1
0,-0.10349051963486566,0
0,-0.06670559447200203,0
0,0.012470464787148638,1
0,-0.0806310996535271,0
0,-0.04212024380669099,0
0,-0.056568938070602814,0
1,-0.006270324465430688,0
0,-0.03964805898152185,0
0,-0.03423188710400149,0
0,0.031598794038452116,1
0,-0.070308239210572,0
0,-0.06277521445685302,0
1,-0.0736762439526758,0
1,0.011977260666379275,1
0,-0.006793439679635027,0
0,-0.05541802563186449,0
0,-0.042450735243222015,0
1,0.0022072743091861025,1
0,-0.06339530198427484,0
0,-0.08646472852477544,0
0,-0.0038426346023416325,0
1,-0.08319208893694052,0
0,-0.0655241370259107,0
0,-0.08453727626198576,0
0,-0.09078976891008811,0
0,-0.09309464873288759,0
0,-0.05883214360085637,0
0,-0.04048195592141013,0
0,-0.05250975502259958,0
0,-0.04733260949093465,0
1,0.00034727729939088015,1
0,-0.07454299264902609,0
0,-0.04494831876810196,0
0,-0.027593221601821705,0
0,-0.07422078030983542,0
0,-0.08891110238320327,0
0,-0.06673045664855709,0
0,-0.060388533855246784,0
0,-0.04950188541242778,0
0,-0.061309680918430476,0
0,-0.08925075715939601,0
1,-0.015359966390029234,0
1,-0.01670935978797633,0
0,-0.08299912954406408,0
0,-0.08188017205614434,0
0,-0.06056616792387565,0
0,-0.05564928897445903,0
0,-0.055260350814582526,0
0,-0.039383797883569494,0
0,0.0588091508691474,1
0,-0.06397111648611181,0
0,-0.07172067997435938,0
0,-0.05365116508036383,0
0,-0.03162090459745842,0
0,-0.013562634245210037,0
0,-0.07983491772001927,0
0,0.018178301534310326,1
1,-0.01876606469855946,0
0,-0.039712626679572316,0
1,-0.015359966390029234,0
0,0.035034747868433636,1
0,0.1454821840900058,1
0,-0.0103471619225311,0
0,-0.06278505626823128,0
0,-0.07538911850549462,0
0,-0.0453472058192681,0
1,-0.01670935978797633,0
0,-0.009028956651919828,0
1,-0.017623788684232145,0
0,-0.08238917466066303,0
0,-0.0016544005061576716,0
1,-0.08263028679038098,0
1,-0.012906365148818988,0
0,-0.015284451729873805,0
0,-0.01819086097452871,0
0,-0.08054986751888632,0
0,-0.09946709410191851,0
0,0.035289161509704514,1
0,-0.0534741992909728,0
0,-0.00856119028675062,0
0,-0.01730347837306273,0
0,-0.08725182803423459,0
0,-0.08232436673494031,0
0,-0.0667440057007887,0
0,-0.07616695866263595,0
0,-0.05541802563186449,0
0,-0.07416753412300248,0
0,-0.05357341875554722,0
1,-0.01636851034352016,0
0,-0.07305867067799121,0
1,-0.01670935978797633,0
0,-0.0038426346023416325,0
0,-0.06589403155787626,0
0,-0.05203640297375012,0
0,-0.04459259400105303,0
1,-0.01175686289169997,0
0,-0.07042183667090657,0
1,-0.015666438022868323,0
0,-0.0883559170529013,0
0,-0.07527914917408757,0
0,-0.06393686545236893,0
0,-0.07944651319551399,0
0,-0.04632621696193212,0
0,0.0588091508691474,1
0,-0.06579068579710079,0
0,-0.08285094170127566,0
0,-0.050147499717393795,0
0,-0.042526884587857305,0
0,0.026470276048069175,1
0,-0.07275378352466677,0
1,-0.047920226681512024,0
0,-0.033721383272396654,0
0,0.06745428367976736,1
0,-0.055910538538510135,0
0,-0.08200717336914826,0
0,-0.10010559184205581,0
0,-0.022579109279070142,0
1,-0.00907413325161277,0
1,-0.017043261177559443,0
0,-0.10030271499194682,0
0,-0.08306978338407989,0
0,-0.07431058970728516,0
0,-0.04540883086718145,0
0,-0.05649937494659346,0
0,-0.06424371967293624,0
0,-0.006281538361210037,0
0,-0.08645854198850972,0
0,-0.047371904757151584,0
0,-0.07649558894055969,0
0,-0.04298868250639992,0
0,-0.058522975481910766,0
0,-0.06107009515265904,0
0,-0.06200752837493961,0
0,-0.05524163741883081,0
0,-0.07989085170141291,0
0,-0.0800199171796287,0
1,-0.01684766364317286,0
1,-0.012906365148818988,0
1,-0.01738808843901385,0
0,0.09721126296171889,1
0,-0.05034810202808926,0
1,-0.017829685553080843,0
1,-0.007425683277582196,0
0,-0.06827285918352965,0
0,-0.0038426346023416325,0
0,0.028167381211873677,1
1,-0.01684766364317286,0
0,0.21835872012308,1
0,-0.016300455015897775,0
1,0.025764395450302402,1
0,-0.0747424813392012,0
0,-0.04308043788002858,0
0,-0.014544969752529502,0
1,-0.01670935978797633,0
0,-0.015112714438137609,0
0,-0.04492930278346413,0
0,-0.0797375326807962,0
0,-0.022834979887422224,0
0,-0.08174649866001726,0
0,-0.07398190891102335,0
0,-0.04531491255959441,0
0,-0.0559759731845364,0
0,-0.044343596711485855,0
0,-0.05720298711301741,0
0,-0.04936846205271922,0
0,-0.06424371967293624,0
0,-0.054167502736082174,0
0,-0.07866168038406152,0
1,-0.02006253071359887,0
0,-0.028926500558845325,0
0,0.026470276048069175,1
1,-0.012906365148818988,0
0,-0.0825576010622921,0
1,-0.01738808843901385,0
0,-0.050585722794844745,0
0,0.026470276048069175,1
1,-0.015359966390029234,0
0,0.026470276048069175,1
0,-0.06312611086073422,0
0,-0.005803547350314631,0
0,-0.06626784437436861,0
1,-0.016764872256409713,0
0,-0.006497763079459984,0
0,-0.0048984109994703595,0
0,-0.0430938908461142,0
0,-0.06079356415715742,0
0,-0.06267339432829805,0
0,-0.07610572507085156,0
0,-0.08861051478902238,0
0,-0.07377251648468003,0
0,-0.07235641560892164,0
0,-0.04266377720616338,0
0,-0.04230254947912687,0
0,-0.042199313894445256,0
0,-0.06262136162693216,0
0,0.09721126296171889,1
0,-0.0814219280218842,0
0,-0.07638184587556862,0
0,-0.0057320159656070735,0
0,-0.042199313894445256,0
0,-0.04266493661587489,0
0,-0.04222781193722036,0
0,-0.09597639895115656,0
1,-0.014619273040958447,0
0,0.026470276048069175,1
1,-0.015183828558617052,0
0,-0.06266292852672162,0
0,-0.047255611178454004,0
1,-0.018518095911605192,0
0,-0.06051213009559375,0
0,-0.015363743313689726,0
1,-0.012906365148818988,0
0,0.0006244846232222878,1
0,-0.008056478641233655,0
1,-0.004321417361294488,0
0,-0.05620372658942496,0
0,-0.06124204683583773,0
0,-0.015826974908765723,0
0,-0.05171076166961619,0
0,0.02196104593235093,1
1,-0.06806196760641026,0
0,-0.056058899628394665,0
0,0.08664979414190621,1
0,0.004415450758932571,1
0,-0.04187470616173755,0
1,-0.01636851034352016,0
0,0.0588091508691474,1
0,-0.06255897650972653,0
0,-0.0010700326248505587,0
0,-0.054861910443152806,0
0,-0.08005839051801533,0
0,-0.08952287618588095,0
0,-0.071090068080922,0
0,-0.055907942152411794,0
0,-0.09424708924514913,0
1,-0.019202241582551238,0
0,-0.03792764135277321,0
0,-0.04902703517449514,0
0,-0.0038426346023416325,0
1,-0.02380522358709336,0
0,-0.0633155064447104,0
0,-0.04418965536547026,0
0,-0.0765887749820115,0
0,-0.07242756885644108,0
0,-0.053794043320215645,0
0,-0.08699398310327594,0
0,-0.07364617742675333,0
0,-0.06262296124306926,0
0,-0.01969817272825175,0
0,-0.05363479312580072,0
0,0.035289161509704514,1
0,0.006778481640609013,1
0,-0.08290502871995298,0
0,-0.080871942846725,0
0,0.006778481640609013,1
0,-0.06554110117219847,0
0,-0.03986497292374097,0
0,-0.0738728418977353,0
0,-0.006835324736077897,0
0,-0.07819917368533458,0
0,-0.04700296867588738,0
0,0.026470276048069175,1
0,0.11823539363750624,1
0,-0.06200752837493961,0
0,0.006778481640609013,1
0,-0.05128066466022008,0
0,-0.02412780250278007,0
0,-0.058185845554201254,0
0,-0.042924443592398276,0
0,-0.04161505718116093,0
1,-0.01670935978797633,0
0,-0.06853738026962103,0
0,-0.08925424282963512,0
0,-0.1023941809159894,0
0,-0.07610093431626697,0
0,-0.05335259299343881,0
0,-0.05948320486595671,0
0,0.11116238115833188,1
0,-0.1028768938710149,0
0,0.11823539363750624,1
0,-0.06254444704239487,0
0,0.09721126296171889,1
1,-0.012906365148818988,0
0,-0.04004802848126793,0
0,-0.046702741888286936,0
0,0.026470276048069175,1
0,-0.04015842342291487,0
1,0.004281078017711382,1
0,-0.08446258649135868,0
0,-0.05173622113093562,0
1,-0.05555586515209565,0
0,-0.04787498861009554,0
1,-0.014592810365958164,0
0,-0.05546872350374393,0
0,-0.06078232327769195,0
0,-0.05742693994446696,0
0,-0.07438995931352843,0
0,-0.05649937494659346,0
1,-0.06323540330225919,0
0,0.006778481640609013,1
0,-0.0527340507556564,0
0,-0.08858816909571587,0
0,-0.06467766130274338,0
0,-0.07167965961491674,0
1,-0.017623788684232145,0
0,-0.06581064355295924,0
0,0.031068573536484845,1
1,-0.01670935978797633,0
0,-0.04386322348040561,0
0,-0.08596852241015024,0
0,-0.04833218074555584,0
0,-0.01724496512326823,0
0,-0.08102574750884234,0
0,-0.0024187519040473893,0
0,-0.07409418254692612,0
0,-0.06107009515265904,0
0,-0.0714645452963582,0
0,-0.05485282502593758,0
1,-0.01670935978797633,0
0,-0.05783264443122155,0
0,-0.07738539949237916,0
0,-0.052173481503817454,0
0,0.035289161509704514,1
1,-0.007425683277582196,0
0,-0.015119356103514336,0
0,-0.047905362338223956,0
0,-0.09086340063341031,0
1,-0.010595640879838164,0
0,-0.02252201161985462,0
0,-0.008048992821636292,0
0,-0.07556168873361901,0
0,-0.047591753300089135,0
0,-0.05754868551759368,0
0,-0.059354899092797064,0
0,-0.08035620289656831,0
0,-0.08014452174227554,0
1,0.020151642526999858,1
0,-0.06339530198427484,0
0,-0.04089415777358507,0
0,-0.014898424254175813,0
0,-0.021701964365601956,0
0,-0.05948316338532034,0
0,-0.024097604445417253,0
0,-0.08163617017235891,0
0,-0.02667096149766207,0
0,0.006778481640609013,1
0,-0.0428810849294759,0
0,0.1383270612556342,1
0,-0.0579323546476207,0
1,-0.01684766364317286,0
0,-0.07369441161018825,0
0,-0.07763736634237761,0
0,-0.009121546243406997,0
0,-0.05735371730895039,0
1,-0.01684766364317286,0
0,-0.08195864841530204,0
0,-0.06190873733111163,0
0,-0.04775660221157596,0
0,-0.05968150408641015,0
0,-0.055907942152411794,0
0,-0.05620958578122143,0
0,0.09721126296171889,1
0,-0.08030967998105976,0
1,-0.012906365148818988,0
0,-0.07013254112336942,0
0,0.22873157492013851,1
0,-0.04748045114340832,0
0,-0.06925229522933396,0
0,-0.06564737668361736,0
0,-0.0038426346023416325,0
0,-0.07118062353291821,0
0,-0.0559759731845364,0
0,0.04979218395097362,1
0,-0.048474074047014426,0
0,-0.062327881162385246,0
1,-0.01684766364317286,0
1,-0.012906365148818988,0
1,-0.015359966390029234,0
1,-0.03991137535680778,0
0,-0.032690597842861435,0
1,-0.015183828558617052,0
0,-0.0887993378879679,0
0,-0.05117109140802323,0
0,-0.06156477280162659,0
0,-0.10073464491665385,0
0,0.11116238115833188,1
0,-0.06006450495078586,0
0,-0.10212170348026578,0
0,-0.06413458991468413,0
1,-0.01684766364317286,0
1,-0.06403323040258457,0
0,-0.0736849680676756,0
0,-0.03816524904180102,0
0,-0.07385138949174952,0
0,0.056476494554803636,1
0,-0.007064084353349931,0
0,0.035289161509704514,1
0,-0.042953235567486314,0
0,-0.07854427764893002,0
0,-0.08213273168968566,0
0,0.09721126296171889,1
1,-0.01670935978797633,0
0,-0.03154993659407046,0
1,-0.043882831671347655,0
0,-0.07367748776128608,0
0,-0.057588588383828465,0
0,-0.08017727400981411,0
0,-0.053618244554898775,0
0,-0.06397111648611181,0
0,-0.02814926777681387,0
0,-0.09573358350813854,0
0,-0.04910034260512125,0
0,-0.014462173048116922,0
0,-0.07320763020754395,0
0,-0.07334717141844271,0
0,-0.04274841189764006,0
1,-0.01670935978797633,0
0,-0.07967311706805219,0
1,-0.01670935978797633,0
0,0.02196104593235093,1
0,-0.06001060586463891,0
1,-0.0424622295945184,0
0,-0.029378750954438537,0
0,-0.07315666030323337,0
0,-0.009183738305907685,0
0,0.0588091508691474,1
0,-0.055463688619176776,0
0,0.12594821929593436,1
0,-0.08303929094723994,0
0,-0.10341587108064637,0
0,0.031598794038452116,1
0,-0.07805196579349538,0
0,0.029910417927362487,1
1,0.00236760149821702,1
0,-0.053152304100368475,0
0,0.035289161509704514,1
0,0.02196104593235093,1
0,-0.042526884587857305,0
0,-0.08466889147067885,0
0,-0.07206882377179458,0
0,-0.07398419388529742,0
0,-0.033721383272396654,0
0,-0.061947330900265773,0
0,-0.08061348964659798,0
0,-0.02407940459540653,0
0,-0.07470308663724035,0
0,-0.06081657419430453,0
0,-0.08559294071797452,0
0,-0.0754798575774756,0
0,-0.06585413101361892,0
1,-0.06448417567531223,0
1,-0.012906365148818988,0
0,-0.05438938423635692,0
0,0.026470276048069175,1
0,0.026470276048069175,1
0,-0.04009059693352729,0
0,-0.05735371730895039,0
0,-0.05276076582877831,0
0,-0.03123817349702651,0
0,-0.07674149367798694,0
0,-0.07800583332355354,0
0,-0.0808856502682796,0
0,-0.060178312226323416,0
0,-0.07718166603521054,0
0,-0.05694393993655322,0
1,-0.015343559786735572,0
1,-0.033309480697783056,0
0,0.08135912914352506,1
0,-0.030751740016892348,0
0,-0.026924867267468622,0
0,-0.06414876120517815,0
0,-0.06120423279032805,0
0,-0.05396636126532817,0
0,-0.05806188001856344,0
0,-0.0073577182774798855,0
0,-0.07771789045805078,0
0,-0.08239708356643771,0
0,-0.0359559578468297,0
0,-0.009038623552193314,0
0,-0.019777423592562127,0
0,-0.05396636126532817,0
0,0.031598794038452116,1
1,-0.0802770990110126,0
0,0.07044275078082662,1
0,-0.05396636126532817,0
0,0.051516701278469856,1
0,-0.046907164951900115,0
0,-0.05685423510712295,0
0,0.0588091508691474,1
1,-0.012906365148818988,0
0,-0.0408363331487811,0
0,-0.04715416961636004,0
0,-0.06373528405701412,0
0,-0.07636729393645125,0
0,-0.044890248236994224,0
0,-0.07884064678286734,0
0,-0.043401548949507596,0
0,-0.06343419969957587,0
0,0.09115324045452378,1
0,-0.08051889525557687,0
0,-0.05358693650922758,0
0,-0.0765541369744282,0
0,-0.09237325724688056,0
0,-0.04733279252375433,0
0,0.0588091508691474,1
0,-0.057862495532280234,0
1,-0.007425683277582196,0
0,-0.07465540606163773,0
1,-0.007425683277582196,0
0,-0.07116562190269804,0
0,-0.0534741992909728,0
0,-0.08404891684549731,0
0,-0.07829967622669898,0
0,-0.04331279897719115,0
0,0.09267147719297153,1
0,-0.03305388503776335,0
0,-0.07152936318101283,0
0,0.02196104593235093,1
0,-0.07846743133999412,0
0,-0.024237637588998606,0
0,-0.0606832558837021,0
0,-0.05121684128131776,0
0,-0.05583680750326658,0
0,-0.06609676427402744,0
0,0.006778481640609013,1
0,-0.04719855691626079,0
0,-0.04574405230456707,0
0,-0.04058753265335202,0
1,-0.01684766364317286,0
1,-0.03731490708859281,0
0,-0.0713513396880256,0
0,0.09721126296171889,1
0,-0.06845963748408757,0
0,-0.03964805898152185,0
1,-0.012533536587400418,0
0,-0.042199313894445256,0
0,-0.04494437253040229,0
0,-0.08912793625299181,0
0,-0.0038426346023416325,0
0,-0.05812619165387278,0
0,-0.04257975341108783,0
1,-0.015359966390029234,0
1,-0.02330646071227571,0
0,0.09396458760243653,1
1,-0.02330646071227571,0
0,-0.07488332702346134,0
1,-0.01684766364317286,0
0,0.035289161509704514,1
0,-0.05919384408640965,0
0,-0.027396486771808948,0
0,-0.06277611169968883,0
1,-0.035352784631859646,0
0,0.006778481640609013,1
0,-0.0016566085239259065,0
1,-0.01670935978797633,0
0,-0.07850350008656282,0
0,-0.06056616792387565,0
0,-0.0563120796601036,0
0,-0.055290788365681465,0
0,-0.05019607372468626,0
0,-0.06100116307436382,0
1,-0.03933757953470568,0
0,-0.059114629242887407,0
0,-0.07633963272416727,0
0,0.04222213737455949,1
1,-0.01636851034352016,0
0,-0.02391221439756036,0
0,-0.05453607238773467,0
0,-0.0698888837789659,0
0,-0.04067809374479486,0
0,-0.06544056945003313,0
0,-0.022180193730038433,0
0,-0.05263196967241529,0
0,-0.0527597919924237,0
0,-0.06100116307436382,0
0,-0.09303482479811964,0
1,-0.01738808843901385,0
1,-0.04567608365849812,0
0,-0.07241105605348602,0
0,-0.0341355818840447,0
0,-0.05617976909431449,0
0,-0.05645409972383253,0
0,0.026470276048069175,1
0,-0.026719905236512576,0
1,-0.01876606469855946,0
1,-0.01636851034352016,0
0,-0.0038426346023416325,0
0,-0.08228260270301724,0
0,-0.053084390762756894,0
0,-0.07276529020081152,0
0,-0.09615557966354554,0
0,-0.040475242274138734,0
1,-0.015359966390029234,0
1,-0.01636851034352016,0
0,-0.0563236385182353,0
0,-0.09724842507030851,0
1,-0.017043261177559443,0
0,-0.07566401387896243,0
0,-0.05264440412039223,0
0,-0.013343450245763444,0
0,-0.07502231472523385,0
0,-0.05625074276992981,0
0,-0.09025654921578302,0
1,-0.07804555032340266,0
0,-0.055779728289102715,0
0,-0.07065101357952575,0
0,-0.029819476319784988,0
0,-0.019339263568695253,0
0,-0.07046566091717321,0
0,0.026470276048069175,1
0,-0.10016816567417092,0
1,-0.015359966390029234,0
0,-0.06773067095140994,0
0,-0.03318875957781431,0
0,-0.047107201760682726,0
0,0.026470276048069175,1
0,0.035289161509704514,1
1,-0.06764779651513586,0
0,-0.02453256384489927,0
0,-0.09739521160187126,0
0,-0.07708212772953715,0
0,0.02196104593235093,1
0,-0.04702146218000064,0
1,-0.01738808843901385,0
0,-0.03843207481371208,0
0,-0.06931059654129995,0
0,-0.07671512219168014,0
0,-0.05173622113093562,0
0,-0.07279546743083759,0
0,-0.07126919529067832,0
0,-0.021842815696205053,0
0,-0.07465615968018069,0
1,-0.053846694137834994,0
0,-0.07109073766313717,0
0,0.2290927744294824,1
1,-0.019202241582551238,0
0,-0.08012484413537252,0
0,-0.0672731155736565,0
0,-0.08157573770369536,0
0,-0.047591753300089135,0
0,-0.049141237326273235,0
1,-0.015359966390029234,0
0,-0.07424131936216499,0
0,-0.05359169009617876,0
0,-0.06657730614167967,0
0,-0.06886373070901103,0
0,-0.053590350860968916,0
0,-0.07458140364015503,0
1,-0.01684766364317286,0
0,-0.010416375463926708,0
0,-0.0814219280218842,0
0,-0.052816668551944,0
0,-0.05655087590026131,0
0,-0.07322381981462822,0
1,-0.03179158639504509,0
0,-0.017782364725121458,0
0,-0.05655412080667038,0
0,-0.006059456682062259,0
0,-0.07093173063530295,0
0,0.12594821929593436,1
0,-0.07839202560669861,0
0,-0.07440887518720246,0
0,-0.04138536472995197,0
0,-0.0038426346023416325,0
1,-0.013414130836250093,0
0,-0.06084869034468682,0
0,-0.01978344764482709,0
1,-0.018518095911605192,0
0,-0.08261055447368926,0
0,0.12594821929593436,1
1,-0.013414130836250093,0
0,-0.033721383272396654,0
0,-0.04991625116781423,0
1,-0.017043261177559443,0
0,-0.08845091971363989,0
0,-0.039593586696368754,0
0,0.0588091508691474,1
0,-0.05638894271866829,0
0,-0.023296588217098124,0
0,-0.07004402596549875,0
0,0.08397651988017774,1
1,-0.01684766364317286,0
0,-0.0744071033967571,0
0,0.03487771867073952,1
0,-0.05306261493817649,0
1,-0.03778148419587146,0
0,-0.06362843422438497,0
0,-0.07783288597101662,0
0,-0.06200752837493961,0
0,-0.07095198860296092,0
0,-0.06817186086058363,0
0,-0.03738963292782532,0
0,-0.09986734918611623,0
1,-0.012138363772458194,0
0,-0.08332265701158337,0
1,-0.07162319343845414,0
0,-0.03499715587039415,0
0,-0.08594739110264338,0
1,-0.012533536587400418,0
1,-0.008094901874808935,0
0,0.1387590907459595,1
1,-0.018112772524855603,0
0,-0.04757356779504224,0
0,-0.048776777344988864,0
1,-0.015962008411279427,0
0,0.09943438793460357,1
1,-0.013414130836250093,0
0,-0.07738020198165241,0
0,-0.05877536989014559,0
0,0.1454821840900058,1
0,-0.014260232026650776,0
1,-0.015343559786735572,0
0,-0.04738764511892046,0
0,-0.039709828441459594,0
0,-0.042502850312347684,0
0,-0.06016371187517899,0
0,-0.060155368685876454,0
0,-0.06287375946622975,0
0,-0.0500324675101832,0
0,0.09721126296171889,1
1,-0.017768194614598942,0
0,-0.08032927504310416,0
0,-0.05263316803995438,0
0,-0.07745923966736684,0
0,-0.0128685448683587,0
0,-0.06346257274123906,0
0,-0.049850371645265845,0
0,-0.04222781193722036,0
0,-0.052865701512709695,0
0,-0.08133435202913963,0
0,-0.03572520513192734,0
0,-0.06243044158841066,0
0,-0.03561623031307165,0
0,-0.07741631053796272,0
0,-0.0756633453384088,0
1,-0.050631360914542234,0
0,-0.04212024380669099,0
1,-0.012138363772458194,0
1,-0.01876606469855946,0
0,-0.009121724375187823,0
0,-0.0781807556767114,0
0,-0.0667446182894772,0
0,-0.0038426346023416325,0
1,-0.01876606469855946,0
1,-0.015359966390029234,0
0,-0.0074935112206597765,0
0,-0.06014252091800332,0
0,-0.0751130550434514,0
0,-0.04348846812850443,0
0,-0.07001928680952701,0
0,-0.04673876646148761,0
0,0.02196104593235093,1
0,-0.08315212697901825,0
0,-0.05968150408641015,0
0,-0.056400661348016135,0
0,0.09300831403579057,1
1,-0.05314335640347373,0
0,-0.06650032364404529,0
0,-0.0885569511800251,0
0,-0.0038426346023416325,0
0,0.026470276048069175,1
0,-0.07484288309973164,0
1,-0.01876606469855946,0
0,-0.08141485022376449,0
0,-0.06378899206572608,0
0,-0.0945427978767821,0
0,-0.048657737794129796,0
0,-0.06262136162693216,0
0,-0.08230607468595608,0
0,0.08028307144340541,1
0,-0.07564465542851284,0
0,-0.009500783662064971,0
0,-0.06382080170577253,0
1,-0.015359966390029234,0
0,-0.05790480586536256,0
0,-0.03897131507674806,0
0,-0.008187233769741786,0
0,-0.066379968205872,0
0,-0.06244660716656819,0
0,-0.021271336587459222,0
0,-0.042995521856183105,0
0,-0.05592112712867486,0
0,-0.07791861558056157,0
0,-0.06487921439460986,0
0,-0.062103914336039345,0
0,-0.06107009515265904,0
0,-0.07560953398072334,0
0,-0.025935610338480686,0
0,-0.08735127896164518,0
0,-0.08466841875583969,0
0,-0.07813970569247641,0
0,0.1387590907459595,1
0,0.08204793414414746,1
0,-0.07231157208667732,0
1,-0.005840138722334576,0
0,-0.06567605928789616,0
0,-0.055049802238332224,0
0,-0.05503857469877804,0
0,0.11116238115833188,1
0,-0.028945188121018983,0
0,-0.013628680798689063,0
1,-0.01876606469855946,0
0,-0.06800764865768377,0
0,0.006778481640609013,1
0,-0.05628339859097209,0
1,-0.01636851034352016,0
0,-0.04222781193722036,0
0,-0.019673554830462237,0
0,-0.022415088685071693,0
0,-0.07907722587959592,0
1,0.0212602792013582,1
0,0.05180506892135106,1
1,-0.045378455692556,0
0,-0.06343419969957587,0
1,-0.012906365148818988,0
0,-0.05466108226088351,0
0,-0.023897635700735997,0
0,-0.012947510008216367,0
0,-0.007112942144384071,0
0,-0.07519253763505362,0
0,-0.06597316604472453,0
0,-0.07523189191254614,0
0,-0.08264739642930807,0
0,-0.03248551740561656,0
0,-0.042199313894445256,0
0,-0.02274939140217841,0
0,-0.013515379736269095,0
0,-0.035529792423327156,0
1,-0.015359966390029234,0
0,0.1454821840900058,1
0,-0.033721383272396654,0
1,-0.015359966390029234,0
0,0.031598794038452116,1
0,-0.03766667522446859,0
0,0.019396397293068746,1
0,-0.09575333885968035,0
0,-0.015552592010604938,0
0,-0.06230838360931634,0
0,-0.08976634046896026,0
0,0.12594821929593436,1
1,0.0022072743091861025,1
0,-0.06492973488665094,0
0,-0.081877020408812,0
0,-0.013628680798689063,0
0,-0.03005388194220704,0
0,0.1454821840900058,1
1,-0.01876606469855946,0
0,-0.09497357532692735,0
0,-0.07765810556865171,0
0,-0.013946743390490846,0
0,-0.056473283779245154,0
0,-0.08675776752458009,0
0,-0.08141805055541973,0
0,-0.06471016928371359,0
0,-0.0004331950223442904,0
0,-0.009679010298481394,0
0,-0.062233334403103746,0
0,-0.07862049466826027,0
0,-0.06608660567227093,0
0,-0.04682237078894047,0
0,0.12594821929593436,1
0,-0.08387793046815084,0
0,-0.08283894902972211,0
1,-0.01876606469855946,0
0,-0.08210424686178275,0
0,-0.05578521531796904,0
0,-0.06161327014655854,0
0,-0.029964093199407793,0
0,0.09721126296171889,1
1,-0.015359966390029234,0
0,0.09721126296171889,1
0,-0.05316459970044696,0
0,-0.06200752837493961,0
0,0.0588091508691474,1
0,-0.06336723736815841,0
1,-0.016764872256409713,0
0,-0.07551121053395549,0
0,-0.011538754625538827,0
0,-0.04212024380669099,0
1,-0.01636851034352016,0
0,-0.06546068527902643,0
0,-0.04704533308816555,0
1,-0.0287161094484491,0
0,-0.03663700554683713,0
0,-0.09741289035161882,0
0,-0.0785979435825443,0
0,-0.04209605502454333,0
0,0.1454821840900058,1
1,-0.012533536587400418,0
0,-0.002899873665206998,0
0,-0.05570385791531446,0
0,-0.05563036410097505,0
0,-0.06323723898519945,0
0,-0.06006450495078586,0
0,-0.10063735555178666,0
1,-0.0372885619924217,0
0,-0.06727286196632043,0
0,-0.027431844311029574,0
0,-0.06716090286871146,0
0,-0.07249833874700512,0
0,-0.03080518962903578,0
0,0.1454821840900058,1
0,-0.058494336844093,0
0,-0.07974532551760782,0
0,-0.04783593783216955,0
1,-0.015183828558617052,0
1,-0.015359966390029234,0
0,-0.05788115024335988,0
0,-0.05982032038825952,0
0,-0.06107009515265904,0
0,-0.05250975502259958,0
0,-0.06757252150028475,0
0,0.09721126296171889,1
0,-0.044818381587143574,0
1,-0.009296145471574091,0
0,-0.02745666550341408,0
1,-0.012906365148818988,0
1,-0.007425683277582196,0
0,-0.05864044148995334,0
0,-0.080871942846725,0
0,-0.02175938865456223,0
0,-0.05470374940063283,0
1,0.012350235960565503,1
0,-0.01409584869226499,0
1,-0.01876606469855946,0
0,-0.07536293113425047,0
1,-0.013414130836250093,0
1,-0.015359966390029234,0
0,-0.04155665899925243,0
1,-0.01670935978797633,0
0,0.020607232390093988,1
1,-0.013414130836250093,0
0,-0.08463756026530828,0
0,-0.07838946997408952,0
0,-0.06557498036495191,0
1,-0.058237762711636276,0
0,-0.037443545194299765,0
0,-0.08069238611496715,0
0,0.07878520200970063,1
0,-0.05263316803995438,0
0,-0.08452853504265334,0
1,-0.015183828558617052,0
0,-0.0076763268812373164,0
0,-0.025208670457377902,0
0,-0.07532570277219847,0
1,-0.01636851034352016,0
0,-0.07868341908674353,0
0,-0.02959578534262819,0
0,-0.07026559744384875,0
0,-0.022779178591988802,0
0,-0.08232686328708694,0
0,0.035289161509704514,1
0,-0.07649592378629505,0
0,-0.0733604971002661,0
0,-0.02756608154858775,0
0,-0.07589646047179527,0
0,-0.05787728737575659,0
0,-0.05614509836379522,0
0,-0.052751830226038965,0
0,0.031598794038452116,1
0,-0.079762042368489,0
1,-0.05341301540828208,0
1,-0.015183828558617052,0
0,-0.08956030115080055,0
0,0.00015660233991521277,1
0,-0.04574405230456707,0
0,-0.072791078804948,0
0,0.035289161509704514,1
0,-0.0377354136075293,0
0,0.09721126296171889,1
0,-0.10255177208935534,0
0,-0.0029312049576670773,0
0,-0.05622148319701159,0
0,-0.05886725168962931,0
0,-0.04350521150897424,0
0,0.06544425566786471,1
0,-0.00391919245368505,0
0,-0.0038426346023416325,0
0,-0.08157415947140739,0
0,-0.0828492787858463,0
0,-0.0878967080750675,0
0,0.1454821840900058,1
0,0.09721126296171889,1
0,-0.05173622113093562,0
0,0.1454821840900058,1
0,-0.08419393721658736,0
0,-0.0748021954037576,0
0,-0.06757593172642612,0
0,-0.06810937901826958,0
1,-0.015359966390029234,0
0,-0.025749354794377788,0
0,-0.058543924068446884,0
1,-0.01134951473587914,0
0,-0.05263316803995438,0
0,-0.023067672440960307,0
0,-0.06182489956785531,0
0,-0.06837182071247705,0
0,-0.03651704087237867,0
0,-0.08250386644262175,0
1,-0.017768194614598942,0
0,-0.05555971322304254,0
0,0.026470276048069175,1
1,-0.012906365148818988,0
0,-0.015299527060632978,0
0,-0.040056062831152206,0
0,-0.045154991479374074,0
1,-0.041680031723169864,0
1,-0.01738808843901385,0
0,-0.07077080616185905,0
0,-0.055009228954919054,0
0,-0.07794467744017103,0
0,-0.054454126740455355,0
0,-0.06312733450749697,0
0,-0.08223523530426258,0
0,-0.04598030927700997,0
0,-0.06397111648611181,0
0,-0.08288526360918846,0
0,-0.05097553302472552,0
0,-0.0732519729488974,0
0,-0.056400661348016135,0
0,-0.07818825834287418,0
0,-0.07099107434905882,0
0,-0.06673841430415678,0
0,-0.06490605494432405,0
0,-0.08592344782649142,0
1,0.00034727729939088015,1
0,0.111414400531199,1
0,0.09721126296171889,1
0,-0.06759046585254186,0
0,-0.05371189242544161,0
0,-0.04210777324829568,0
0,0.050271219847260795,1
1,-0.01670935978797633,0
1,-0.020120122682346975,0
0,-0.0714575787181832,0
1,-0.044881175601120316,0
0,-0.035743454282176124,0
0,-0.05299618712021725,0
1,-0.009185417281265928,0
0,-0.0664665359509008,0
0,0.02196104593235093,1
1,-0.019202241582551238,0
0,-0.024682601233198653,0
0,0.006778481640609013,1
0,-0.057457622103046,0
0,-0.04788966097300845,0
1,-0.055688561337014886,0
0,-0.04341578346726538,0
0,-0.04654944427994717,0
1,-0.014926835742351319,0
0,0.11116238115833188,1
0,-0.08793530781038211,0
1,0.00034727729939088015,1
0,-0.05678025494582639,0
0,-0.08584561436111565,0
0,-0.007904444965151414,0
0,-0.05117109140802323,0
0,-0.0831081179468241,0
0,-0.009996431807759387,0
1,-0.01738808843901385,0
0,0.09721126296171889,1
1,0.0023090333615338743,1
0,-0.05466108226088351,0
1,-0.015359966390029234,0
1,-0.018518095911605192,0
0,-0.04502181218778267,0
1,-0.01738808843901385,0
0,-0.06578202225971058,0
0,-0.07880678634467642,0
0,-0.00406644636918102,0
0,-0.042293882240071135,0
1,-0.015359966390029234,0
0,-0.07315947084482544,0
0,-0.03831978176840989,0
0,-0.09467881345206336,0
0,-0.01685886218622973,0
0,-0.013844551955491946,0
0,-0.03927724167415636,0
0,-0.08869088720069418,0
1,-0.01670935978797633,0
0,-0.051175467004783814,0
0,-0.06107009515265904,0
0,-0.07282848355151095,0
0,-0.08312725393821874,0
1,-0.01738808843901385,0
0,-0.04247213566872221,0
0,-0.07483246307999564,0
0,-0.06136696867794733,0
0,-0.06426423247810215,0
1,-0.015343559786735572,0
0,-0.05118457742034327,0
0,-0.06284882641435102,0
0,-0.056080760712877264,0
1,-0.015359966390029234,0
0,-0.006135394940223471,0
0,-0.06608471605069582,0
0,-0.036861163658693075,0
0,-0.042313339224513025,0
0,-0.0690259451966766,0
0,-0.06759022112013058,0
0,-0.009917250265267075,0
0,-0.06785538211011971,0
0,-0.07257435732497897,0
0,-0.01750138756796782,0
1,-0.018518095911605192,0
0,-0.050995979577754424,0
0,-0.08035980156683548,0
1,0.00034727729939088015,1
0,0.09721126296171889,1
0,0.12594821929593436,1
0,-0.07592203278295312,0
0,-0.06997761099592309,0
0,-0.07011923089938887,0
0,-0.05654602886636784,0
0,-0.08098415780801366,0
0,-0.09393959051769302,0
0,-0.05327274502993218,0
0,-0.07196429083733014,0
0,-0.07824564767067543,0
0,-0.07492646687183474,0
0,-0.029243063070239883,0
0,0.09721126296171889,1
0,-0.08702981774239399,0
0,-0.030837601873289378,0
0,-0.07360145355955566,0
0,-0.059354899092797064,0
1,-0.015359966390029234,0
0,-0.07623576769133078,0
0,-0.08280238658565697,0
0,-0.07024273974660589,0
0,-0.062238108154075544,0
0,0.0588091508691474,1
0,-0.0038426346023416325,0
0,-0.024582565871629547,0
0,-0.03900896352281852,0
0,-0.059052788998191164,0
0,-0.0038426346023416325,0
0,-0.011090226585747265,0
0,-0.08402178922361131,0
0,-0.04318439743644081,0
0,-0.06520120877263785,0
0,-0.04905510502783411,0
0,-0.08191550010385112,0
0,-0.05993559735290915,0
0,-0.07431566827859853,0
1,-0.022647590886818503,0
0,-0.0682253824695942,0
0,-0.011382966290279517,0
0,-0.07636928465548626,0
0,0.111414400531199,1
0,-0.0540241362932698,0
0,-0.10106165100435388,0
0,-0.06161327014655854,0
0,-0.0491516801204514,0
0,-0.0849458154614895,0
0,-0.05578521531796904,0
1,0.011977260666379275,1
1,-0.007425683277582196,0
0,-0.06161327014655854,0
0,-0.04374155563131338,0
0,-0.035258977312526085,0
0,0.026470276048069175,1
0,-0.036545730843232926,0
0,-0.0038426346023416325,0
0,-0.07935293642771774,0
0,-0.05181268392383637,0
0,0.04800771115699809,1
0,-0.08466241806601393,0
0,-0.08481528808547811,0
0,-0.06303497915453077,0
0,-0.03527824537627816,0
1,0.04544596902992659,1
1,-0.01876606469855946,0
0,-0.06860155380091859,0
0,-0.047846261261085155,0
0,-0.014747508411425081,0
1,-0.015359966390029234,0
0,-0.08200079107719904,0
1,-0.015359966390029234,0
1,-0.016764872256409713,0
0,-0.05432989440890773,0
1,-0.012906365148818988,0
0,-0.07721637344647636,0
1,-0.057319026886294644,0
1,-0.031700188568914045,0
0,-0.06359219141921996,0
0,-0.03192340388655607,0
0,-0.02167342186285398,0
0,-0.028446418865645584,0
1,-0.019202241582551238,0
0,0.09943438793460357,1
1,-0.007425683277582196,0
0,-0.047951927986466414,0
0,-0.08083740724916649,0
1,-0.019202241582551238,0
0,-0.053827232432672456,0
0,-0.00865466025677536,0
0,0.03773363309699951,1
1,-0.01670935978797633,0
0,-0.0544965518722782,0
0,-0.003308553868211217,0
0,0.1262938038417123,1
0,-0.058936577792229716,0
0,-0.0477075869056065,0
0,-0.06878737903800736,0
1,-0.012906365148818988,0
1,-0.007425683277582196,0
0,-0.06256848093506862,0
0,-0.0736673633964608,0
1,-0.01636851034352016,0
0,-0.07964304218212359,0
0,-0.030056687474515065,0
0,-0.06767101296858635,0
1,-0.006270324465430688,0
0,-0.04287851358775735,0
0,-0.06597316604472453,0
1,-0.015666438022868323,0
0,-0.08011470338851107,0
0,-0.0812237120373474,0
0,-0.07888389243659699,0
0,0.0588091508691474,1
0,0.026470276048069175,1
0,-0.010525911388994946,0
0,-0.07243932348776633,0
0,-0.054423121357559834,0
0,0.046333557576534234,1
0,-0.07411983534721661,0
0,-0.06554940662288172,0
0,-0.055463688619176776,0
0,0.026470276048069175,1
1,-0.015359966390029234,0
0,0.08160434019524021,1
0,-0.07163164909063663,0
0,-0.07142407729180072,0
0,-0.023791841350002008,0
1,-0.015666438022868323,0
0,-0.06262136162693216,0
0,-0.016594324855882803,0
0,0.09721126296171889,1
0,-0.008175656255708819,0
0,-0.06228065030201235,0
1,-0.015183828558617052,0
0,-0.0485469928967695,0
0,-0.06494537999901911,0
0,-0.0038426346023416325,0
1,-0.015487024097411095,0
0,0.02196104593235093,1
0,0.13643474396684485,1
0,-0.07071883332941581,0
1,-0.07498861350985958,0
0,0.026470276048069175,1
0,0.0588091508691474,1
1,0.03608213958407824,1
0,-0.06546068527902643,0
0,-0.03964805898152185,0
0,-0.05798107455323498,0
0,-0.06107009515265904,0
0,-0.08513272668346938,0
0,-0.040664236461099124,0
0,-0.0828596142994284,0
0,-0.055402082596343105,0
0,-0.06267598951188963,0
0,-0.07569110845270038,0
0,-0.017082530916537886,0
0,-0.029106697869510312,0
0,-0.07596730755499304,0
0,-0.02160313643361539,0
0,-0.04934068576150763,0
0,-0.0805650780746891,0
1,-0.051738344314383844,0
0,-0.0684787357921321,0
0,-0.08339857098726222,0
0,-0.07709807147642855,0
0,-0.05465626147993369,0
1,-0.033598494916978305,0
1,-0.06676876205387,0
1,-0.0539569307101716,0
0,-0.07251215779372161,0
0,-0.08647022920207242,0
0,-0.04507194822663463,0
0,-0.03986497292374097,0
0,0.08325413219749456,1
0,-0.009908097567787266,0
0,-0.04454000033355643,0
0,-0.07994116969510556,0
0,-0.10051562059872177,0
0,-0.039697409881241874,0
0,-0.06056616792387565,0
0,-0.04758467212421952,0
0,-0.07790616369028147,0
0,-0.07508477644044648,0
0,-0.0476533863258099,0
0,-0.011633196612902907,0
1,-0.08566806429328694,0
0,0.12594821929593436,1
0,-0.015239320847975912,0
0,-0.05646892032986123,0
0,-0.006405836680336119,0
0,-0.07237025899980709,0
0,-0.06733112053678408,0
0,-0.009174918450439551,0
0,-0.05121883625995932,0
1,0.00034727729939088015,1
0,-0.01725832809906569,0
0,-0.05276484849138957,0
0,0.23352062765234427,1
0,-0.07608322165830289,0
0,0.07964155240576565,1
1,-0.018518095911605192,0
0,-0.05988369531545418,0
0,-0.044112350536775036,0
0,-0.04974511823750327,0
0,-0.07094523958027882,0
0,-0.08173616293880803,0
0,-0.07740994115981786,0
0,-0.007805166903133487,0
0,-0.05234802726439941,0
0,-0.04558006752129434,0
0,-0.07964304218212359,0
1,-0.043225047666284266,0
0,-0.05716445185739072,0
0,-0.0038426346023416325,0
0,-0.07774230059735027,0
0,-0.05010048737606404,0
0,-0.07979373690625857,0
0,-0.06804504666359551,0
0,-0.002967848152837571,0
0,-0.06907266524979128,0
0,-0.05512752564200851,0
0,-0.029176315757146243,0
0,-0.06268639845037333,0
0,0.013552771301790667,1
0,-0.06177208401536688,0
0,-0.07045323263896819,0
0,0.04572375633136927,1
1,-0.017768194614598942,0
0,-0.0532419276220632,0
0,-0.07929755864399679,0
1,-0.018518095911605192,0
0,-0.06166913042049216,0
0,0.12594821929593436,1
0,-0.07658949362901579,0
1,-0.01684766364317286,0
0,-0.05276076582877831,0
0,-0.055048455548151964,0
0,-0.07964304218212359,0
0,-0.019588260346081132,0
1,-0.01636851034352016,0
1,-0.015666438022868323,0
0,-0.05312838550068821,0
0,-0.016601437471001124,0
0,-0.038508823822639426,0
0,0.02196104593235093,1
0,-0.07394402177848391,0
1,-0.07008027092447372,0
0,-0.0016876036492962099,0
0,-0.07861388938095482,0
0,-0.04289156616901735,0
0,0.013552771301790667,1
0,-0.10007038687984127,0
0,-0.04212974608192549,0
0,-0.04584344021588349,0
0,0.035289161509704514,1
0,-0.04212024380669099,0
1,-0.01738808843901385,0
0,-0.07555054925085136,0
0,0.0588091508691474,1
0,-0.03696560301409291,0
0,-0.06490605494432405,0
0,-0.04574585702662548,0
0,-0.08348720419676514,0
0,-0.05427736020236912,0
0,-0.060347349902606706,0
0,-0.05694393993655322,0
0,0.0016124227050727802,1
0,0.1454821840900058,1
0,-0.05233379525942922,0
0,-0.033111952922682375,0
0,-0.03708040879477553,0
0,-0.0718070612761113,0
0,-0.07904402008597272,0
1,-0.015183828558617052,0
0,-0.08262420417232369,0
0,-0.00915535261958983,0
0,-0.07678524620780475,0
0,-0.04317438575750204,0
0,-0.044089149006018846,0
0,-0.08058367567310276,0
0,-0.010512265171161661,0
0,-0.05263316803995438,0
0,-0.0559759731845364,0
0,-0.07180564901609415,0
1,-0.03489612598802011,0
0,-0.05682116074514776,0
0,-0.0038426346023416325,0
0,-0.09526932055978926,0
0,-0.08148149410643774,0
0,0.05825579239201717,1
0,-0.05141922266414428,0
0,-0.04708047006450056,0
0,-0.08243020154303715,0
0,-0.02489773774548154,0
0,-0.04412646796162689,0
0,-0.03385361565676154,0
0,-0.08524030148544043,0
0,-0.034992449720689156,0
0,-0.08228835482510533,0
1,-0.013379769724126078,0
0,-0.05046997374470291,0
0,-0.057785123368023605,0
0,-0.06527653338545625,0
0,-0.05556401660019317,0
0,-0.017825061803642406,0
1,-0.013414130836250093,0
1,-0.01684766364317286,0
0,-0.06082104123112514,0
0,-0.029922115838467656,0
0,-0.08666687361315423,0
0,-0.060955491285814845,0
0,-0.04410786344162032,0
0,-0.0776735622261931,0
0,-0.07142679729001306,0
0,-0.05869820328949166,0
1,-0.006807939290941201,0
0,-0.06529452660687696,0
0,-0.05819465962712517,0
0,0.05666607342822838,1
0,-0.04929198090450693,0
0,-0.0580755141300921,0
1,-0.017768194614598942,0
0,-0.07392431624480872,0
1,-0.018518095911605192,0
0,-0.051451221129026115,0
1,-0.015183828558617052,0
0,-0.04010639301997593,0
0,-0.07696057549477303,0
0,-0.07490653099869377,0
0,-0.08308736457987137,0
1,-0.017623788684232145,0
0,-0.0875205786623236,0
0,-0.06388878049711266,0
0,-0.07908834243646051,0
0,-0.07163299363556797,0
0,-0.07273373355960755,0
0,-0.05238576340384826,0
0,-0.07350643676960805,0
1,-0.01636851034352016,0
0,-0.03619200880110429,0
0,0.006778481640609013,1
0,-0.03393439167161311,0
0,-0.06092362431105408,0
0,-0.09274450578898985,0
0,-0.08945246085113157,0
0,-0.05945318774205682,0
0,-0.07323172339306128,0
0,-0.06100116307436382,0
0,-0.0856795168397973,0
1,-0.015183828558617052,0
0,-0.082016564576877,0
0,-0.03269945088575438,0
0,-0.04846010484085511,0
0,-0.07521980540469353,0
0,-0.07161230447920541,0
0,-0.05263316803995438,0
0,-0.042344253927829756,0
0,-0.003504826697032226,0
1,-0.012906365148818988,0
0,-0.08259468993795055,0
0,-0.004396169489262636,0
1,-0.01670935978797633,0
0,0.041451446717275076,1
0,-0.09004544450792079,0
0,-0.09855919827716181,0
1,-0.013414130836250093,0
1,0.0009670018451091167,1
0,-0.05021359918999074,0
0,-0.06783831948143093,0
1,-0.05651098485591416,0
1,-0.06776014305433092,0
1,-0.015359966390029234,0
0,-0.05545749318237353,0
0,-0.02023955782446485,0
1,-0.024146576588051027,0
0,-0.08936001940741006,0
0,0.035289161509704514,1
0,-0.07606674670099617,0
0,-0.050477223292048956,0
0,-0.05649937494659346,0
0,-0.058266093375310135,0
0,-0.08079703191600973,0
0,-0.04109354594412978,0
1,-0.0645972618325989,0
0,-0.05948320486595671,0
0,0.028634812343184102,1
1,-0.01684766364317286,0
0,-0.07718166603521054,0
0,-0.057024531904957876,0
0,-0.06465636917936779,0
1,-0.01636851034352016,0
0,-0.0038426346023416325,0
0,-0.08757700755890496,0
1,-0.016764872256409713,0
0,-0.06016371187517899,0
0,-0.08919676288066991,0
0,-0.05224219932495977,0
0,-0.06793072988403764,0
0,-0.04077821511919144,0
0,-0.06262136162693216,0
0,-0.0559759731845364,0
0,-0.06537547829456458,0
0,-0.07627950168320985,0
0,-0.06383366320845107,0
0,-0.05870071098662599,0
0,-0.03405854826654575,0
0,-0.0593120732038927,0
0,-0.07672139980745585,0
0,-0.0038426346023416325,0
0,-0.04297865069248524,0
0,0.11116238115833188,1
0,-0.06608274756908511,0
0,-0.08153026365547927,0
0,-0.053168124141022954,0
0,-0.041254504822960336,0
0,-0.016496431752039575,0
0,-0.06587245790390123,0
0,-0.04634244467033033,0
0,-0.08866705682398562,0
0,-0.05620958578122143,0
0,-0.023457353207100518,0
0,-0.07743495416252455,0
0,-0.07336739711944579,0
0,0.04648669754779089,1
0,0.0588091508691474,1
1,-0.0578843237460302,0
1,-0.015359966390029234,0
0,-0.06056616792387565,0
0,-0.06520120877263785,0
0,-0.006424975254154586,0
0,0.02196104593235093,1
0,-0.029091695865964107,0
0,-0.09833036234047704,0
0,-0.07116816411628296,0
0,-0.08001272588879949,0
0,-0.08875163529834479,0
1,-0.017623788684232145,0
1,-0.01876606469855946,0
0,-0.07899713299039401,0
0,-0.05540891139443349,0
0,-0.05051831791341849,0
0,-0.08922602900678356,0
0,-0.07698002333886694,0
1,-0.01670935978797633,0
0,-0.013057357316742235,0
0,-0.05648897849462853,0
0,-0.0753927398839438,0
0,0.2290927744294824,1
0,-0.029720415117745536,0
0,-0.044710837225540756,0
0,-0.060955491285814845,0
0,-0.05941994099156983,0
0,-0.07500697825900676,0
0,-0.08905365515932828,0
0,-0.06278895732142448,0
0,-0.09395631775974556,0
0,-0.07570345446144444,0
0,-0.07099593038755475,0
0,-0.0759935330798861,0
0,-0.04996140777676311,0
0,-0.08143943373205537,0
0,-0.03927483541218596,0
1,-0.015359966390029234,0
0,-0.05465626147993369,0
0,-0.037070018818069095,0
1,-0.07873034224541786,0
0,-0.08513122735760914,0
0,-0.06094386454598166,0
0,-0.07068985291951535,0
0,0.026470276048069175,1
0,-0.07523346531530534,0
0,-0.06204538694279066,0
0,-0.020984647166980286,0
0,-0.007991155794048022,0
0,-0.056504177105321296,0
0,0.06781794672362196,1
0,-0.053720519557167445,0
0,-0.0018800086860598086,0
0,-0.0038426346023416325,0
0,-0.057024531904957876,0
0,-0.07086803222034066,0
0,-0.059354899092797064,0
1,-0.015359966390029234,0
0,-0.03986497292374097,0
1,-0.01670935978797633,0
0,-0.07771181208974709,0
0,-0.06656996730144754,0
0,-0.052211878385637955,0
0,-0.08658871372797633,0
1,-0.030642818170671715,0
0,-0.09513019919010302,0
0,-0.06373528405701412,0
0,-0.08659587249621159,0
0,-0.07556570096965465,0
0,-0.07606930853945965,0
0,-0.07818732641590093,0
1,-0.015359966390029234,0
0,-0.08304113755402248,0
0,-0.0811841047919673,0
0,-0.05433278731517999,0
0,-0.0005112706807958722,0
1,-0.01684766364317286,0
1,-0.04384254000762322,0
1,-0.02105166478120618,0
0,-0.0793510631170764,0
0,-0.06159373689264669,0
0,-0.047459705702175836,0
0,-0.07993387126481521,0
0,-0.08066301734431774,0
0,-0.08019594347527487,0
0,-0.04517403376872664,0
0,-0.08173587100730417,0
0,-0.0527340507556564,0
0,-0.01590029028783768,0
0,-0.04424923747541021,0
0,-0.022650419428100754,0
1,-0.01636851034352016,0
1,-0.019505963821408123,0
0,-0.06515051922528586,0
0,-0.0856559612648492,0
1,-0.015343559786735572,0
0,-0.06142523464278471,0
0,-0.0817482741269644,0
0,-0.06564737668361736,0
0,-0.06312229129051344,0
0,-0.07621691732757868,0
0,-0.059836321089622224,0
0,-0.08996711687480746,0
0,-0.08075659010284647,0
0,-0.07878030320732726,0
0,-0.05233379525942922,0
0,-0.0038426346023416325,0
0,-0.05645409972383253,0
0,-0.055467731528908215,0
1,-0.03337587623967364,0
0,-0.08031001278317773,0
0,-0.027993808817895705,0
1,-0.07251587681695504,0
1,-0.07571355531832269,0
0,-0.062233714236082704,0
0,-0.0038426346023416325,0
0,-0.048420896252490464,0
0,0.1454821840900058,1
0,-0.05517659323726115,0
0,0.09943438793460357,1
0,-0.08101064578447348,0
0,-0.05625074276992981,0
0,-0.05400367957414631,0
0,-0.05432140075087716,0
0,-0.06323723898519945,0
0,-0.08437874109983834,0
0,-0.07244548259481642,0
0,-0.06253889451619554,0
0,-0.07795612452602096,0
0,-0.08019985103168575,0
0,-0.07189224656489351,0
1,-0.01636851034352016,0
1,-0.01876606469855946,0
0,-0.06968848057535987,0
0,-0.05181268392383637,0
0,0.035289161509704514,1
0,-0.08514155908811205,0
0,-0.036435230077739245,0
0,0.16608148388901844,1
0,-0.08329815421346021,0
0,-0.07840360362884036,0
0,-0.10175301107196139,0
0,-0.05276484849138957,0
1,-0.01876606469855946,0
0,-0.08294762976730041,0
0,0.006778481640609013,1
0,-0.004627296376585488,0
1,-0.012906365148818988,0
0,-0.07243919445387692,0
0,-0.05369033450737554,0
0,-0.062088502917962085,0
0,-0.07925920265855879,0
0,-0.06453960699661432,0
0,-0.042995521856183105,0
1,-0.03603642311809385,0
1,-0.015359966390029234,0
0,-0.029582819917077674,0
0,-0.08165462407468543,0
0,-0.08378039990719821,0
0,-0.04788684629621581,0
0,-0.06327698604916698,0
0,-0.05735068823555195,0
0,-0.014595417400277033,0
1,-0.07154073523916821,0
1,-0.01670935978797633,0
0,-0.08928782905331573,0
0,-0.04299597142723066,0
0,0.026470276048069175,1
0,-0.08164168399080113,0
0,-0.06625251000086663,0
1,-0.014926835742351319,0
0,-0.06136065977917299,0
0,0.031598794038452116,1
0,-0.05234512407749381,0
1,-0.0701562087893674,0
0,-0.05306733933239843,0
0,-0.06786654296144307,0
1,-0.018518095911605192,0
0,-0.0037618804880903967,0
0,-0.01966686681171953,0
0,-0.0748175940901703,0
0,-0.07023401473220836,0
0,-0.0556763693595031,0
0,-0.04016478355133357,0
1,-0.006270324465430688,0
0,-0.09435342736607699,0
0,-0.05968150408641015,0
0,0.035289161509704514,1
0,-0.07698278851826568,0
0,0.1262938038417123,1
0,-0.005931025831190817,0
0,-0.04604704055729719,0
0,-0.07335820792452402,0
0,-0.08391260306265841,0
0,-0.04331279897719115,0
0,-0.04065981917870898,0
0,-0.048155459460815786,0
0,-0.051111466320589605,0
0,-0.06505963475812604,0
0,-0.09857728161217783,0
0,-0.0038426346023416325,0
1,0.0009347655065728988,1
0,-0.05454036429242709,0
0,-0.09755103126509052,0
0,-0.08075659010284647,0
0,-0.03221213093854697,0
0,-0.06200292088287629,0
0,0.0016042239850443396,1
0,-0.062352472073341825,0
0,-0.013119406657020827,0
0,-0.05716445185739072,0
1,-0.015666438022868323,0
0,-0.011411039670986278,0
0,0.16608148388901844,1
0,-0.05570385791531446,0
1,-0.015359966390029234,0
0,-0.08432667510848091,0
0,-0.06743189295796925,0
0,-0.052837942514860625,0
0,-0.02056393374650678,0
0,-0.05564928897445903,0
0,0.09943438793460357,1
0,-0.006137306791355324,0
1,-0.012906365148818988,0
1,-0.06416841985517052,0
0,-0.031158978549405247,0
0,-0.02998254982679771,0
1,-0.01684766364317286,0
0,0.11116238115833188,1
1,-0.005712021609640516,0
0,-0.05541802563186449,0
0,0.012603576144836204,1
1,-0.01670935978797633,0
0,-0.044112350536775036,0
0,-0.0733448109882836,0
0,-0.07734500492778296,0
0,-0.08532042350644709,0
0,-0.023829430902533866,0
0,-0.05735371730895039,0
0,-0.062352472073341825,0
0,0.026470276048069175,1
0,-0.06424371967293624,0
0,-0.0715801286807981,0
0,0.01815676659602039,1
0,-0.08072576144926868,0
0,-0.04124390934146921,0
0,0.024795735169463873,1
0,-0.03622429481688433,0
0,-0.042039633642671326,0
0,-0.05396636126532817,0
1,-0.01636851034352016,0
0,-0.08352613201869274,0
1,-0.015359966390029234,0
0,-0.07964304218212359,0
0,-0.06142523464278471,0
0,-0.0247106899999307,0
0,-0.05994446511375273,0
0,-0.04362361863744346,0
0,-0.08540173692189196,0
1,-0.012533536587400418,0
0,-0.08146351455993517,0
0,0.026470276048069175,1
1,-0.011603042728973889,0
0,-0.08208776583066524,0
0,-0.0623922190455688,0
0,-0.0038426346023416325,0
0,-0.0893177830217946,0
0,0.0588091508691474,1
0,-0.05874816433082264,0
0,-0.08342588175193993,0
0,-0.05335259299343881,0
0,-0.039049255316423115,0
0,-0.06554940662288172,0
0,-0.01284329064952866,0
0,-0.04457347198775141,0
1,-0.03533465335639113,0
1,-0.01876606469855946,0
0,-0.05046997374470291,0
0,0.041451446717275076,1
0,0.035289161509704514,1
0,-0.08387121498645217,0
0,0.07347906198590137,1
1,-0.015359966390029234,0
1,-0.015359966390029234,0
0,-0.08161625465233668,0
0,-0.04289289224678544,0
0,-0.08276370572847475,0
0,-0.006352004592377225,0
0,0.04950064352325123,1
0,0.13789532397168736,1
1,-0.015359966390029234,0
0,0.058570618272201114,1
0,-0.07964304218212359,0
0,-0.0827789949825602,0
0,-0.05989256878587296,0
0,-0.032284610957686255,0
0,-0.074229905588228,0
0,-0.07876013741406246,0
0,-0.0202773127916413,0
0,-0.047698981703499066,0
0,0.059839728830875294,1
0,-0.06805675266540062,0
0,-0.03641102094207116,0
0,-0.07436677176752826,0
0,0.04775130298720298,1
0,-0.0005499527469657317,0
0,-0.039934326837691214,0
0,0.07559662691688895,1
0,-0.055046938289695146,0
0,-0.06056616792387565,0
0,-0.040902993775033425,0
0,-0.05563036410097505,0
0,-0.09043582064401556,0
1,-0.08068180521383356,0
0,0.09721126296171889,1
0,-0.0771410931920673,0
0,-0.07928116487240017,0
1,-0.015359966390029234,0
0,-0.03192877340489925,0
0,0.09721126296171889,1
0,-0.0203939546644884,0
0,-0.06534801767773335,0
0,-0.04983907210691413,0
0,-0.0661898736257473,0
0,-0.038255750282940815,0
0,-0.07734097665734657,0
0,-0.03370552290924006,0
0,-0.034290236478106306,0
0,0.035289161509704514,1
0,-0.06507290430187712,0
0,-0.037503091392119936,0
0,0.09721126296171889,1
0,-0.06359219141921996,0
1,-0.015183828558617052,0
1,-0.018518095911605192,0
0,-0.05570385791531446,0
0,-0.07863048735819533,0
1,-0.0576035045025175,0
0,-0.05696837676253069,0
0,-0.07801376260822879,0
0,-0.05735371730895039,0
0,0.16608148388901844,1
1,-0.013414130836250093,0
0,-0.07977938244981653,0
0,-0.022343872552676003,0
1,-0.019505963821408123,0
0,-0.07711644771289006,0
0,-0.055463688619176776,0
0,0.017720305402624037,1
0,-0.04734996234648681,0
0,-0.04660562127173146,0
0,-0.03282678326786198,0
0,-0.05696106930365802,0
0,0.06737377012488133,1
0,0.09721126296171889,1
0,-0.042424859621243816,0
0,-0.06161327014655854,0
0,-0.08763933953534497,0
0,-0.06453960699661432,0
0,0.026470276048069175,1
1,-0.01369374019699432,0
0,0.06095852220502884,1
0,-0.08144298378749232,0
1,-0.007425683277582196,0
0,-0.06252398547994031,0
0,-0.05869919848031274,0
0,-0.026910876113827142,0
0,-0.002031090919321965,0
0,-0.06205386848062794,0
0,-0.024661054069216926,0
0,-0.09305294237812084,0
0,-0.054570138448927885,0
0,-0.07817874559101112,0
0,-0.0527340507556564,0
1,-0.09152834894835715,0
0,-0.040655388274292215,0
0,-0.058074451144204065,0
0,-0.09836321788254121,0
0,-0.058964522945874176,0
0,-0.05578369482490636,0
0,-0.08184168403374525,0
0,-0.0087775850748959,0
0,-0.08339549668934826,0
0,-0.10026898161453707,0
0,-0.06516850169805855,0
0,-0.08022813608476276,0
0,-0.05417522271340253,0
0,-0.06156043509894826,0
0,-0.06590570012102365,0
0,-0.09363036829303806,0
0,-0.05419518286907016,0
0,-0.02208528281908889,0
1,-0.01876606469855946,0
0,-0.0264096854949325,0
0,-0.010703997222114181,0
0,-0.010234358602909499,0
0,0.1454821840900058,1
0,-0.07413112039194186,0
0,-0.08107864728077424,0
0,-0.05849892776071147,0
0,-0.08735354769456971,0
0,-0.057762027419188955,0
0,-0.06006450495078586,0
0,-0.08747967047487837,0
0,0.10308688881055217,1
0,-0.10032201434504529,0
1,-0.012906365148818988,0
0,-0.06991553589321625,0
0,-0.04351748347747508,0
0,-0.0688940867233595,0
0,-0.07831548128683202,0
0,-0.10272575048931226,0
0,-0.027228493857858527,0
0,-0.07002691036469094,0
0,-0.008840942243393657,0
0,-0.0886268213301245,0
0,-0.05466108226088351,0
0,-0.06095169713170345,0
0,-0.042823267121606834,0
1,-0.015359966390029234,0
0,-0.0874930299816627,0
0,-0.06845293774825534,0
0,-0.08420032772244462,0
1,-0.05171429992088411,0
0,0.111414400531199,1
1,-0.04445898961743788,0
0,-0.045855021814942665,0
1,-0.015359966390029234,0
0,-0.06706331737544446,0
1,-0.01684766364317286,0
0,-0.07592902919389527,0
0,-0.036467429489939196,0
0,-0.08297934656539846,0
0,-0.013691728797833924,0
0,-0.024091505307752503,0
0,-0.03534333016660357,0
0,-0.07747048353704572,0
1,-0.006270324465430688,0
0,-0.03685525207023388,0
1,-0.013414130836250093,0
1,0.002096966862403571,1
0,-0.04778768558481927,0
0,0.10107082283816993,1
1,-0.015359966390029234,0
0,-0.04566390166891732,0
0,-0.06456932786005631,0
0,-0.07516069876707693,0
0,-0.07561796334574739,0
0,0.005052111376922963,1
0,-0.04266377720616338,0
0,-0.0038426346023416325,0
0,-0.013041608040371466,0
0,-0.08239330229785219,0
0,0.0952832528145755,1
0,-0.07135955157986412,0
0,-0.04331279897719115,0
0,-0.06648289184431844,0
0,-0.07839213328608485,0
0,-0.08130408611513701,0
0,-0.02978563360614006,0
0,-0.050570722376697186,0
0,-0.009230749284707629,0
0,-0.08038013235026648,0
0,0.026470276048069175,1
1,-0.01684766364317286,0
0,-0.07711644771289006,0
0,-0.08205124643877287,0
1,-0.047495905787235115,0
0,-0.07896962173352351,0
0,-0.020421964716782204,0
0,-0.029862996454882662,0
0,-0.05620958578122143,0
0,-0.05948320486595671,0
0,-0.04608985201760407,0
0,0.0588091508691474,1
0,-0.06288201440508406,0
1,-0.045576335030191484,0
0,-0.08634568581151142,0
0,-0.04023401580447544,0
0,-0.08075659010284647,0
0,-0.07865830863941908,0
0,-0.04540705142665785,0
1,-0.038828186915811636,0
0,-0.06207433626786918,0
0,-0.0851575071885528,0
0,-0.06911376143438525,0
1,-0.03179158639504509,0
0,-0.08093181585953735,0
0,-0.0015756752844285349,0
0,-0.09297119643680651,0
0,0.10468289275534681,1
0,-0.05563392492842695,0
0,-0.024332811370567253,0
0,-0.09123072625732809,0
0,0.006778481640609013,1
0,-0.07871930274742328,0
0,-0.050786500381655,0
0,-0.05299444653446844,0
0,-0.05687027249621146,0
0,0.049594168865951804,1
0,-0.08040465427789445,0
0,-0.011460129175813183,0
0,-0.031038080464595774,0
1,-0.01670935978797633,0
0,-0.0703521739873254,0
1,-0.015359966390029234,0
0,-0.018691344337747717,0
1,-0.015359966390029234,0
0,-0.004322614959181792,0
0,0.12594821929593436,1
0,-0.07311536521712159,0
0,-0.05728122868123242,0
0,-0.05069471753407928,0
0,-0.08083902427012118,0
0,-0.0033338431136063496,0
0,-0.08331534539568064,0
1,-0.0789780233334319,0
0,-0.014301432786858803,0
0,-0.047752933279417265,0
0,0.026470276048069175,1
0,-0.060980629326287006,0
0,-0.009132004079180744,0
0,-0.03962964856401224,0
1,-0.015359966390029234,0
0,-0.05010048737606404,0
0,-0.07470847567679256,0
1,-0.01670935978797633,0
0,-0.054022503118971055,0
0,-0.016660892601920774,0
0,-0.009610690687181123,0
0,-0.0038426346023416325,0
0,-0.044844599992815815,0
0,-0.077361206402764,0
0,-0.06184377143403891,0
0,-0.05459775423560742,0
0,-0.08564848721543672,0
1,-0.01876606469855946,0
1,-0.007425683277582196,0
0,0.111414400531199,1
0,0.1262938038417123,1
0,-0.08904278178860209,0
0,-0.002222906508580036,0
0,-0.04301528270005511,0
0,-0.0813608574022755,0
0,-0.006298905377885133,0
0,-0.07678643857094342,0
0,-0.07616720199893706,0
0,-0.07244579713188076,0
1,-0.05559122796210114,0
1,-0.015183828558617052,0
0,-0.03922090075927681,0
0,-0.09770928647803051,0
0,-0.07152696368212419,0
0,-0.0809505127615529,0
1,-0.01684766364317286,0
0,-0.04290580365273872,0
1,-0.017768194614598942,0
0,-0.06588589759070163,0
0,-0.0062052586226925555,0
0,0.09721126296171889,1
1,-0.06156920435518903,0
1,-0.015962008411279427,0
0,-0.011899291254212241,0
1,-0.015359966390029234,0
0,-0.04280609526416784,0
0,-0.02500213952115299,0
0,-0.014891113427416725,0
0,-0.08131140384389124,0
0,-0.08022160824025476,0
1,-0.01636851034352016,0
0,-0.08181291888473757,0
0,-0.05890072988023831,0
0,-0.04282144009847122,0
0,-0.029618061904233994,0
0,-0.05534193191597031,0
1,-0.012906365148818988,0
1,-0.01670935978797633,0
0,-0.05068706721629207,0
0,-0.07964304218212359,0
1,-0.038418999208271076,0
0,-0.0746073065279127,0
0,-0.07632749635277059,0
0,-0.08054466382010728,0
0,-0.03022737713106427,0
0,-0.07481119469313552,0
0,-0.07973823915361605,0
0,-0.0834909268362225,0
1,-0.015359966390029234,0
0,-0.045317946783984764,0
0,-0.010143702519474496,0
0,-0.04032183267397882,0
0,-0.0544228757721249,0
0,-0.047861977452945126,0
0,-0.06602051652567187,0
1,-0.04424807510502621,0
0,-0.0038426346023416325,0
0,-0.06015462030613555,0
0,-0.04737955397040067,0
0,-0.05113769414216829,0
0,0.1454821840900058,1
0,-0.07995374222579188,0
0,-0.08526270994224827,0
0,0.006674762721921357,1
0,0.006778481640609013,1
0,-0.10018327893599599,0
0,-0.028601801339870614,0
1,-0.044015932371433475,0
0,-0.05790609833691568,0
1,-0.017768194614598942,0
0,-0.08260492564319405,0
0,-0.08083902427012118,0
0,0.031598794038452116,1
0,-0.022880472723793233,0
0,-0.08547918432409712,0
0,-0.052016797643230694,0
0,0.10515037166101837,1
1,-0.017768194614598942,0
0,-0.09023904540277544,0
0,-0.0797563276215712,0
0,-0.0038426346023416325,0
0,-0.013374462207932647,0
1,-0.015359966390029234,0
0,-0.07402570953586496,0
0,-0.0715316556913494,0
0,-0.05655412080667027,0
0,-0.03478464925912733,0
0,-0.03951970559401391,0
1,-0.012906365148818988,0
1,-0.09307949640125268,0
0,-0.0038426346023416325,0
0,-0.06056616792387565,0
0,-0.05109630174897817,0
0,-0.0635530611320429,0
0,-0.04261032855843472,0
1,-0.056239425756144046,0
1,-0.013414130836250093,0
0,-0.0496752062340623,0
0,-0.08862219328206045,0
0,-0.04317975625600462,0
0,-0.060955491285814845,0
0,-0.0803926641680538,0
0,-0.060686920613115536,0
0,-0.04453336538700836,0
0,0.035289161509704514,1
0,-0.04790471558218917,0
0,-0.05708611121123386,0
0,-0.06339530198427484,0
0,-0.09052504633936187,0
0,0.0588091508691474,1
0,-0.0883461354350642,0
0,-0.07872763386100529,0
0,-0.05002959086391523,0
0,-0.04332279215082996,0
1,-0.013414130836250093,0
1,-0.06609165269314016,0
1,-0.012533536587400418,0
0,-0.0038426346023416325,0
0,-0.035921285789817126,0
0,-0.01880992981942703,0
0,-0.05352220913794403,0
0,0.1262938038417123,1
0,-0.06140229292142724,0
0,-0.03867747376466685,0
0,0.04157450624513892,1
0,-0.024829342467632298,0
0,-0.05353990792120483,0
1,-0.01636851034352016,0
0,0.026470276048069175,1
0,-0.05515207633369529,0
0,-0.027760096768933817,0
0,-0.0749834066740957,0
0,-0.023556779571047293,0
0,-0.0984714991583493,0
1,-0.07538031349536645,0
0,-0.08130444116601065,0
0,-0.0876493019324952,0
0,0.11116238115833188,1
0,-0.08504416122748804,0
0,-0.038986223780053675,0
0,0.07997671979472043,1
0,-0.0603220390589963,0
0,-0.016278367469793276,0
0,-0.06979013106769982,0
1,-0.01684766364317286,0
0,-0.05117109140802323,0
0,-0.05570385791531446,0
0,-0.09074082928688876,0
0,-0.05400367957414631,0
0,-0.058936082692430725,0
0,-0.07654838352889037,0
0,-0.05968150408641015,0
0,-0.06079694204834113,0
0,-0.04976428066540617,0
0,-0.0756749819219274,0
0,-0.05643335329124394,0
0,-0.0572643127534484,0
0,-0.08460988385741197,0
1,-0.012906365148818988,0
0,-0.031426633429542106,0
0,-0.0038426346023416325,0
0,-0.05163925569525335,0
0,-0.07728205357494033,0
0,-0.08589940327303519,0
0,0.031598794038452116,1
0,-0.013023292588659141,0
1,-0.018518095911605192,0
0,-0.07446515721260227,0
0,-0.05800420681212948,0
0,-0.07624088855788497,0
0,-0.04787085539649599,0
0,-0.078437267084146,0
0,-0.03380822417593293,0
0,-0.0806828666857296,0
0,-0.06625105711121843,0
1,-0.019202241582551238,0
0,-0.04585881160013766,0
0,-0.05736791625983956,0
0,-0.0038426346023416325,0
1,-0.017768194614598942,0
0,-0.08784441603480325,0
1,-0.069269545942991,0
0,-0.09871236822977358,0
0,0.0011575967710037993,1
1,-0.012533536587400418,0
1,-0.012533536587400418,0
1,-0.0930245919029078,0
0,-0.010109937520336398,0
0,0.07912443510138267,1
0,-0.09296973235290262,0
0,0.006778481640609013,1
0,-0.06194660443812183,0
1,-0.01636851034352016,0
1,-0.04976499905278714,0
0,0.09721126296171889,1
0,-0.05570385791531446,0
1,-0.013414130836250093,0
1,-0.01670935978797633,0
0,-0.06598487570808353,0
0,-0.08034348031528454,0
0,-0.05578521531796904,0
1,-0.06540732313088343,0
0,-0.05360435555617149,0
0,-0.00922118163686425,0
0,-0.0959780123172399,0
0,0.006778481640609013,1
0,-0.08048100553979087,0
0,-0.09765116669382262,0
0,-0.08621442824386633,0
0,-0.05550138854950781,0
0,-0.08167521165623098,0
0,-0.058398997198148006,0
0,-0.07581814108132984,0
0,-0.03910459008971934,0
0,-0.07045780592789902,0
0,-0.05349100082463659,0
0,-0.05141922266414428,0
0,-0.07227494952913999,0
0,-0.09421563962496587,0
0,-0.04564707888320735,0
1,-0.018518095911605192,0
0,-0.07329283025581057,0
0,-0.04523037419993903,0
0,-0.06658210698349698,0
0,-0.05622148319701159,0
0,-0.07876854219770668,0
0,-0.04710602062793484,0
0,-0.0785493676972121,0
1,-0.01636851034352016,0
0,-0.030169499707632885,0
0,-0.07826295097946828,0
0,-0.04720095669658114,0
0,-0.043133623489568285,0
0,-0.048187045189111266,0
0,-0.08619331469985952,0
0,-0.0034108601460624,0
0,-0.03987418701204953,0
0,-0.07598592416963362,0
0,-0.08932399670518726,0
0,-0.019709130059025526,0
0,-0.0801777913325109,0
0,0.035289161509704514,1
0,0.02196104593235093,1
0,-0.023571344238689285,0
0,-0.0773591052073131,0
1,-0.05209113723495823,0
0,0.1387590907459595,1
0,-0.003153224170458324,0
1,-0.01876606469855946,0
0,-0.08152352489175668,0
0,-0.06453960699661432,0
0,-0.07020558088560147,0
0,-0.0038524731316558203,0
0,-0.08030281403153405,0
1,-0.01876606469855946,0
0,-0.06107009515265904,0
1,-0.022868805547420656,0
0,-0.04988450945419631,0
0,-0.04020976484957256,0
0,-0.07157664045379203,0
1,-0.015359966390029234,0
0,-0.08365232639215692,0
0,-0.055907942152411794,0
0,-0.016483562262651408,0
0,-0.055907942152411794,0
0,-0.023403047894535733,0
0,-0.07267937509974448,0
1,-0.012906365148818988,0
0,0.0843669143321576,1
1,-0.008920019175364113,0
0,-0.0771988275799585,0
0,-0.049631942225456194,0
1,-0.01738808843901385,0
1,-0.015359966390029234,0
0,-0.06311853395041139,0
0,-0.06817663171960192,0
0,-0.021148978716788502,0
0,-0.044009523160332575,0
0,-0.0413110844261676,0
0,-0.06416774625414906,0
0,-0.09354663835094695,0
0,-0.07486449706382875,0
0,-0.056400661348016135,0
0,-0.0833571107169932,0
1,-0.018518095911605192,0
0,-0.08061348964659798,0
0,-0.04137662331856912,0
0,-0.085230127084369,0
0,-0.10425975081168398,0
0,-0.04232836322590794,0
0,-0.07737256423410743,0
0,-0.06941028517373671,0
0,-0.09188168959720305,0
0,-0.04000873898212731,0
1,-0.07114407334312778,0
0,-0.056768905894167665,0
0,-0.08203534335939966,0
0,-0.05859848772799314,0
0,-0.07657456611309243,0
0,-0.057862495532280234,0
0,-0.07790762449313637,0
0,-0.08448086337683514,0
0,-0.059447730216317995,0
0,-0.08407400661283809,0
0,-0.07564746262948663,0
0,-0.05462938840809317,0
0,0.09943438793460357,1
1,-0.013414130836250093,0
0,-0.07413525329524917,0
1,-0.015666438022868323,0
1,-0.015359966390029234,0
1,-0.007425683277582196,0
0,-0.054566445241280626,0
0,-0.05859848772799314,0
0,-0.04737166275994115,0
0,-0.07961297315433657,0
0,0.10308688881055217,1
0,-0.05963429576214008,0
0,-0.060980629326287006,0
0,-0.08079703191600973,0
0,-0.07769816304268978,0
0,-0.10184634290457134,0
1,-0.08839666718578942,0
0,-0.0610440971113424,0
0,-0.015988805755374702,0
0,-0.06947409064247922,0
0,-0.04789928593204795,0
0,0.09721126296171889,1
0,-0.0672800617728852,0
0,0.059414486135086486,1
1,-0.01684766364317286,0
0,-0.10431221943789687,0
0,-0.08198402380862835,0
0,-0.07580069370209991,0
0,0.0855291342361606,1
0,-0.05341944218056127,0
0,-0.05896576862961461,0
1,-0.03643815158031849,0
0,-0.04289244257433528,0
1,-0.01670935978797633,0
0,-0.06278863793986134,0
0,-0.06056616792387565,0
0,-0.09576466548090845,0
0,-0.060312098414602944,0
0,-0.06543637728017948,0
0,-0.021543244753826574,0
1,0.008184790128610064,1
1,-0.022868805547420656,0
0,-0.07852369828487027,0
0,-0.05836004703655473,0
1,-0.01684766364317286,0
0,0.0686573918867347,1
0,-0.06522938340468726,0
0,-0.0982904709434203,0
0,-0.03701407601094642,0
0,0.035289161509704514,1
0,-0.0523977719386966,0
0,-0.048017765318554284,0
0,-0.04261032855843472,0
0,0.08122767451907165,1
0,-0.04318439743644081,0
1,-0.01876606469855946,0
0,-0.08070800860256616,0
0,0.020319076666433067,1
0,-0.08056657364523584,0
0,-0.061962138061172733,0
0,-0.06974786901467595,0
0,0.035289161509704514,1
0,-0.07624476626306187,0
1,-0.01684766364317286,0
0,-0.06383891660107521,0
1,-0.02006253071359887,0
0,-0.02341350062245806,0
0,-0.0551486585120084,0
0,-0.06579611713118477,0
1,-0.03882564901762309,0
0,-0.034387048673710674,0
0,-0.05968150408641015,0
0,-0.022430782422565243,0
0,-0.0624233403422369,0
1,-0.01636851034352016,0
0,-0.059354899092797064,0
1,-0.012533536587400418,0
0,-0.013236730662257556,0
0,-0.055930435989838656,0
0,-0.09810674256550966,0
0,-0.02326871353414306,0
0,-0.08122970974508054,0
0,-0.04692133331207726,0
0,0.09721126296171889,1
0,0.0588091508691474,1
0,-0.07642604332862296,0
0,-0.06528013826914747,0
0,-0.05918402920923238,0
0,-0.06581064355295924,0
0,-0.0402965106281597,0
0,-0.09675393618664563,0
0,-0.07646481479756562,0
0,-0.09368523508736781,0
0,-0.07823678086420549,0
0,-0.03708975048972418,0
1,-0.015359966390029234,0
0,-0.01726784721311575,0
0,-0.013228345269983899,0
0,-0.07537463258936955,0
0,0.035289161509704514,1
0,-0.0037280482722792385,0
1,-0.03598152770595764,0
0,-0.04536250619931642,0
1,-0.012906365148818988,0
1,-0.012906365148818988,0
0,-0.08457840606593509,0
0,0.02196104593235093,1
0,-0.0799490427379716,0
0,-0.08407972887301257,0
0,-0.06107962966157182,0
1,-0.013532045090530076,0
0,-0.05266171966472266,0
0,-0.053615585805651456,0
0,-0.09948801702704002,0
0,-0.06252911498618513,0
0,-0.06994451923393752,0
0,-0.018274274379600774,0
0,-0.07838580080889418,0
1,-0.017768194614598942,0
0,0.09786518368600838,1
0,-0.07824562690070197,0
1,-0.09353234788148668,0
0,-0.03719605828487432,0
0,-0.0777708327279002,0
0,-0.060980629326287006,0
0,-0.055930435989838656,0
0,-0.05673755404856434,0
0,-0.05562918420730073,0
1,-0.01876606469855946,0
1,-0.018518095911605192,0
0,-0.07324358193446084,0
0,-0.055915574460330075,0
1,-0.01684766364317286,0
0,0.006778481640609013,1
1,-0.019202241582551238,0
0,-0.05608942424254221,0
0,-0.07542658360768234,0
0,-0.08466695374999433,0
0,-0.07816963747760447,0
0,-0.0572643127534484,0
0,-0.07923651922323283,0
0,-0.06262136162693216,0
0,-0.056168044629623326,0
0,-0.05918402920923238,0
0,-0.03241099054241925,0
0,-0.07825151535801433,0
0,-0.050693707801177657,0
0,0.0588091508691474,1
0,-0.057626228598808726,0
0,-0.0057822640546789095,0
0,-0.04553929504746468,0
0,-0.07798642740722467,0
0,-0.07027859425078115,0
0,-0.06581064355295924,0
1,-0.013414130836250093,0
0,-0.07624476626306187,0
0,-0.04317316358053991,0
0,-0.027406505436123607,0
0,-0.0038426346023416325,0
0,-0.04165843785090512,0
1,-0.018518095911605192,0
0,-0.07949524139721104,0
1,-0.015359966390029234,0
0,-0.0434579480864179,0
0,-0.07615569165736297,0
0,-0.05429892844370471,0
0,-0.06673045664855709,0
0,-0.023216780294683104,0
0,0.02196104593235093,1
1,-0.06650468232212214,0
0,-0.04125962589007515,0
0,-0.026346053545524495,0
0,0.12594821929593436,1
0,-0.07121076887728228,0
0,-0.07660844397548167,0
0,-0.023784282571580884,0
0,-0.09964139694410701,0
0,-0.0610440971113424,0
0,-0.05442329350235292,0
0,-0.05620958578122143,0
0,0.031598794038452116,1
0,0.16608148388901844,1
0,-0.08044290406218524,0
0,-0.0862528340244369,0
0,-0.05283691606036445,0
0,-0.05617764501054978,0
0,-0.05715098288849241,0
1,-0.015183828558617052,0
0,-0.007060989506228743,0
0,-0.08098415780801366,0
0,0.0760267231450229,1
0,-0.007526960106790159,0
0,-0.058635208332147026,0
0,-0.05560364505210591,0
0,-0.05006815280987298,0
0,-0.07823761745268065,0
0,-0.0593120732038927,0
0,-0.050585722794844745,0
0,0.12594821929593436,1
0,-0.07891544543880563,0
0,-0.05715098288849241,0
1,-0.013414130836250093,0
1,-0.015359966390029234,0
0,-0.0342251296924963,0
0,-0.03401414573757028,0
0,-0.06490605494432405,0
0,-0.06021355612505008,0
0,-0.07910421444128546,0
1,-0.01876606469855946,0
0,-0.08018730182130701,0
0,0.006778481640609013,1
0,0.02175917566073604,1
1,-0.09530986916192186,0
0,-0.0305929988991136,0
0,-0.05483759737855015,0
0,-0.0038426346023416325,0
0,-0.08854850536309061,0
0,-0.10054038425757339,0
0,-0.057703070373216425,0
0,-0.07932585428140881,0
0,-0.07960292113466716,0
0,-0.05263316803995438,0
0,-0.011537106889732696,0
0,-0.030788165401760936,0
1,-0.01738808843901385,0
0,-0.044668875855997936,0
1,-0.015183828558617052,0
0,0.09721126296171889,1
0,-0.08283560401998075,0
1,-0.02006253071359887,0
0,-0.06783608844948946,0
0,-0.05718048432940637,0
0,-0.06202801409304831,0
1,-0.011603042728973889,0
0,-0.06513131906380981,0
0,-0.07412095692827109,0
1,-0.01684766364317286,0
0,-0.04544075288491939,0
1,-0.012533536587400418,0
0,-0.08554012113641668,0
0,-0.07130916152357336,0
0,-0.08106095108854555,0
0,-0.057177262661181505,0
0,-0.020284191504907345,0
0,-0.07984293722952757,0
0,-0.09095004446528343,0
1,-0.012906365148818988,0
0,-0.03201342796341777,0
0,-0.06107009515265904,0
0,-0.02207285484688104,0
0,-0.0038426346023416325,0
0,-0.07670363942560687,0
0,-0.03324893596624512,0
0,-0.10348195924233289,0
1,-0.012906365148818988,0
0,-0.060980629326287006,0
0,-0.08559859220477284,0
0,-0.023984476009574263,0
0,-0.035105172008763896,0
0,-0.05541802563186449,0
0,0.026470276048069175,1
0,-0.014208254163351308,0
1,-0.01876606469855946,0
0,-0.029391825348441813,0
1,-0.06623822969662119,0
1,-0.01876606469855946,0
0,-0.05233379525942922,0
0,-0.07249609138248819,0
0,-0.07758585802650692,0
1,-0.05181438655167747,0
1,-0.01670935978797633,0
0,-0.08163392678248937,0
0,-0.0698574319141465,0
0,-0.06589403155787626,0
0,-0.08675830525332617,0
1,-0.01358177589765397,0
0,-0.060542506292367404,0
0,-0.05046997374470291,0
0,-0.05894477938994003,0
0,-0.033721383272396654,0
0,0.0004918378143983215,1
0,-0.08672432409407821,0
0,-0.007400466763752611,0
0,-0.04297865069248524,0
0,-0.07138919357165624,0
0,-0.0373690085747998,0
0,0.09721126296171889,1
0,-0.00589606265853887,0
0,-0.011560593865021118,0
0,0.02196104593235093,1
0,-0.0780552777740855,0
0,-0.05541802563186449,0
0,0.006778481640609013,1
0,-0.07914083050022241,0
0,-0.05968150408641015,0
0,-0.06184377143403891,0
1,-0.015359966390029234,0
1,-0.01738808843901385,0
0,-0.07391152457156974,0
1,-0.007425683277582196,0
0,-0.04673876646148761,0
0,-0.04883962936219377,0
0,-0.043003093002228154,0
0,-0.07958443820190181,0
0,-0.029646821872383322,0
1,-0.02006253071359887,0
0,0.13381750445632845,1
0,-0.06200752837493961,0
0,-0.07598883933692047,0
0,-0.06831010184445974,0
0,-0.05564928897445903,0
0,-0.045208435372369016,0
1,-0.015183828558617052,0
0,-0.05905666376812707,0
0,-0.04357931039631657,0
0,-0.0656389290359406,0
0,-0.033433288231200065,0
0,-0.03973409056991428,0
1,-0.015359966390029234,0
0,-0.07415444755200118,0
0,0.07284647477770323,1
0,-0.05919384408640965,0
0,-0.002054542403232107,0
0,-0.0510317976953798,0
0,-0.048419800784503586,0
0,0.031598794038452116,1
0,-0.057364151130540275,0
0,-0.05968150408641015,0
0,-0.07818461303360491,0
0,-0.03976428697364731,0
0,0.0588091508691474,1
0,-0.04412837257391533,0
0,-0.054631162020289836,0
0,0.02196104593235093,1
1,-0.02006253071359887,0
0,-0.08924606073875063,0
0,-0.0842657157387765,0
1,-0.015359966390029234,0
0,-0.07694742055420178,0
0,-0.046415582288200696,0
0,-0.003686758985044669,0
1,-0.01636851034352016,0
0,0.10308688881055217,1
0,0.11129513213871611,1
0,-0.06056616792387565,0
0,0.0272848425553871,1
0,-0.08409943377487189,0
0,0.16608148388901844,1
0,-0.007846736395261511,0
0,-0.08065197903147814,0
0,-0.052771199294511184,0
0,-0.04731473338583009,0
0,0.02196104593235093,1
0,0.06901382981088766,1
0,-0.005823909664435634,0
0,-0.004105034006917974,0
0,-0.06538274357207285,0
0,-0.10484124321269944,0
0,-0.05359736547791405,0
0,-0.08752445751499355,0
0,-0.05812619165387278,0
0,-0.018979439435352907,0
0,-0.08998339548817269,0
0,-0.05371189242544161,0
0,-0.0708071766554968,0
0,0.0824192294580729,1
1,-0.07800968008339326,0
0,-0.07619170336253267,0
1,-0.015343559786735572,0
0,-0.07627665534189804,0
0,-0.0808471345257436,0
0,0.0056260187326167,1
0,-0.10751509471611975,0
0,-0.040522642411450704,0
1,-0.011844245700456724,0
0,-0.062090932071213856,0
0,-0.04170136747606662,0
1,-0.033653277396743564,0
0,-0.013285789357514177,0
1,-0.01876606469855946,0
0,-0.059865343442581154,0
0,-0.07830811646561309,0
1,-0.01636851034352016,0
0,-0.0775979052346768,0
0,-0.039709828441459594,0
0,-0.02084727044339335,0
0,-0.07310141835554868,0
1,0.021229166141098377,1
1,-0.015359966390029234,0
0,-0.05438938423635692,0
0,-0.08956891682789353,0
0,-0.06365148137535848,0
0,-0.06107009515265904,0
0,-0.03078838758900615,0
0,-0.06200292088287629,0
1,-0.034387433478264506,0
0,-0.07785106210755138,0
1,-0.0681299577193139,0
1,-0.01876606469855946,0
1,-0.015962008411279427,0
0,-0.006723890571183222,0
0,-0.056376821237434316,0
0,-0.06107962966157182,0
0,0.111414400531199,1
0,-0.07378400409901847,0
0,-0.08021223476870376,0
0,-0.07364605727694129,0
1,-0.012906365148818988,0
0,-0.08429366626043966,0
1,-0.07898949873051253,0
0,-0.0563120796601036,0
1,-0.05566569732038368,0
0,-0.08093670913006218,0
0,-0.016724749795719196,0
0,-0.061954395533007134,0
0,-0.08161864197867108,0
0,-0.07842193557193478,0
0,-0.07838851872849006,0
0,0.04611787599861361,1
0,0.21852074895325735,1
0,0.1262938038417123,1
0,-0.03745200959051198,0
1,-0.018518095911605192,0
0,-0.0750100779394774,0
0,-0.053618244554898775,0
0,-0.03030191471393079,0
1,-0.08169393884440823,0
1,-0.015359966390029234,0
0,-0.07886062098627744,0
0,0.035289161509704514,1
0,-0.019661718330687916,0
0,-0.08106311681730377,0
0,0.1454821840900058,1
0,-0.020727809723719626,0
0,-0.08195864841530204,0
0,-0.04331279897719115,0
0,-0.04381869700725033,0
0,0.035289161509704514,1
0,-0.0945101106271582,0
0,-0.06973306043128175,0
0,-0.041556540075437465,0
0,-0.07870761029107448,0
0,-0.06162678856030723,0
0,-0.05735371730895039,0
0,-0.019953829374331655,0
0,0.111414400531199,1
0,-0.09761488054783646,0
0,0.09721126296171889,1
0,-0.05501445996844001,0
0,0.07141638783985826,1
0,-0.0038426346023416325,0
0,-0.04489004349865827,0
0,-0.052886382374040364,0
0,-0.03846934382351541,0
0,-0.04431189624721671,0
0,-0.07493712367646899,0
0,-0.025034944756657795,0
1,-0.054093401657742735,0
0,-0.08571018150066695,0
1,-0.01369374019699432,0
0,0.013552771301790667,1
0,-0.060980629326287006,0
0,-0.027705375730679604,0
1,-0.007425683277582196,0
0,-0.03231812479440305,0
0,-0.044953664102056756,0
0,-0.03185995303803868,0
0,-0.08618026022951658,0
0,-0.0759031988094912,0
1,-0.013532045090530076,0
0,-0.07129958617858068,0
0,0.05917051287817998,1
1,-0.07849895240787114,0
0,-0.06156477280162659,0
0,-0.05058244305040899,0
0,-0.06499256641670137,0
0,-0.055232771709372186,0
0,-0.011868096666033556,0
0,-0.07862332791320464,0
0,0.026470276048069175,1
0,-0.0784960144562516,0
0,-0.07699802250095994,0
0,0.12594821929593436,1
0,0.11116238115833188,1
0,-0.0804626683052223,0
1,-0.017623788684232145,0
0,-0.05649937494659346,0
0,-0.06434346016437881,0
0,-0.0071268189261363135,0
0,-0.05694393993655322,0
0,-0.04554693105516178,0
0,0.031598794038452116,1
0,-0.06589403155787626,0
0,-0.08198852174094517,0
1,-0.010841485319564137,0
0,-0.04499929165183941,0
0,0.07415188637019554,1
0,-0.08485161278907238,0
0,-0.029331459850532426,0
0,-0.04834162724465979,0
0,-0.0371441715744365,0
1,-0.009834764484795644,0
0,0.08609756732419604,1
1,-0.066502063867316,0
0,-0.06397458677254453,0
0,-0.024104494473939808,0
0,-0.0845325758573039,0
0,-0.06199391347527078,0
0,-0.08066497959453661,0
0,-0.08736906998956123,0
0,0.111414400531199,1
0,-0.007761928934854501,0
1,-0.012906365148818988,0
0,-0.049182524082787116,0
0,-0.04866796683590063,0
0,-0.027009352524252517,0
0,-0.0642381314207417,0
0,-0.07981639827700732,0
0,-0.09450001295193439,0
0,-0.06775755397451438,0
0,-0.060125896204281104,0
0,-0.04010639301997593,0
0,-0.018970576663636773,0
0,-0.08070247892371935,0
0,-0.053720519557167445,0
0,-0.04630734423185856,0
0,-0.07114766356613117,0
0,-0.08856046046672517,0
0,-0.043638644620520695,0
1,-0.015359966390029234,0
0,0.08394226310260233,1
0,-0.03339766266359334,0
0,-0.07498873657520727,0
1,-0.019202241582551238,0
1,-0.01636851034352016,0
0,-0.08040465427789445,0
0,-0.08336840333886819,0
0,-0.01223033061295875,0
0,-0.06056616792387565,0
0,-0.03833686430499589,0
0,-0.057265473703839276,0
0,-0.04737955397040067,0
0,-0.048603753391617155,0
1,-0.01684766364317286,0
1,-0.054904348177309714,0
0,-0.004432639282129391,0
0,-0.07869681157661435,0
0,-0.0844806762766207,0
0,0.035289161509704514,1
0,-0.0737018757991818,0
0,-0.05141922266414428,0
0,0.111414400531199,1
1,-0.036439715711949316,0
0,-0.0349455949410612,0
0,-0.084193491736611,0
0,-0.015686539823113688,0
0,-0.06056616792387565,0
0,-0.06698986751123365,0
0,-0.03726364617890471,0
0,0.1454821840900058,1
0,-0.07182712811501824,0
1,-0.019202241582551238,0
0,0.111414400531199,1
0,0.031598794038452116,1
1,-0.01636851034352016,0
0,0.031598794038452116,1
0,-0.0706951477972747,0
0,-0.041528755232387804,0
0,-0.04711050022455482,0
1,-0.04126670965419116,0
1,-0.019202241582551238,0
0,-0.05121752548754788,0
0,-0.06359219141921996,0
0,-0.037054878376310385,0
0,-0.06273758763390469,0
0,-0.039291161950982034,0
0,-0.05051831791341849,0
0,-0.04404455175529298,0
0,-0.05961245878605459,0
0,-0.0038426346023416325,0
0,-0.08151068795037958,0
0,-0.054353631995124996,0
0,-0.08396343593527816,0
1,-0.012906365148818988,0
0,-0.08536652834926567,0
0,-0.07759967801182155,0
1,-0.023747191402738843,0
0,-0.07127901825495692,0
0,-0.04459259400105303,0
0,0.006778481640609013,1
0,-0.07773693246150454,0
0,-0.025024440557373906,0
0,-0.06528633862409638,0
0,0.035289161509704514,1
0,-0.0593120732038927,0
1,0.00034727729939088015,1
0,-0.07598944921527012,0
0,-0.012247978008712412,0
1,-0.01670935978797633,0
1,-0.015359966390029234,0
0,-0.08118017567767638,0
0,-0.07506566721957836,0
1,-0.012533536587400418,0
0,-0.07679175969979146,0
1,-0.015487024097411095,0
0,-0.10004573281120005,0
0,-0.07434031299028399,0
1,-0.015359966390029234,0
0,-0.08837914157191329,0
1,-0.01636851034352016,0
0,-0.09038682664463982,0
0,-0.054441060861489976,0
0,-0.07575367768767904,0
0,-0.06587816281903519,0
0,-0.022555103335431148,0
0,-0.04397573708457142,0
0,-0.0767093967954432,0
0,0.0588091508691474,1
0,-0.03560451174794854,0
0,-0.06262136162693216,0
0,-0.023414472637903194,0
0,-0.05530803959052716,0
1,-0.028469324954561892,0
1,-0.02006253071359887,0
0,-0.08565982835987968,0
0,-0.030779048344616422,0
0,-0.10124560839996105,0
0,-0.022582431343545983,0
0,-0.07948943461682229,0
0,-0.06424371967293624,0
0,-0.007136247360652104,0
0,-0.07561390318743655,0
0,-0.08460281997131758,0
1,-0.018518095911605192,0
1,-0.015183828558617052,0
1,-0.06923623835597237,0
0,-0.06538274357207285,0
0,-0.03344745720459846,0
0,-0.042679911375854085,0
1,-0.02006253071359887,0
1,-0.012906365148818988,0
0,-0.0038426346023416325,0
0,-0.018882070526975936,0
0,-0.07384648169052066,0
0,-0.011287245495225806,0
1,-0.015183828558617052,0
0,-0.06545958496886156,0
1,-0.006270324465430688,0
0,-0.0067932475169696915,0
0,-0.0814132984837524,0
1,-0.01508493992152915,0
0,-0.04798879932333322,0
0,-0.08100866815388513,0
0,-0.009658139024241286,0
0,-0.07171433382844433,0
0,-0.06382777996537342,0
0,-0.007746782513088968,0
0,-0.005106778157181802,0
1,-0.006270324465430688,0
0,-0.03930127436995373,0
0,-0.08213273168968566,0
1,-0.015359966390029234,0
0,-0.05465626147993369,0
0,-0.08363096359604516,0
0,-0.04594597090987096,0
1,-0.05062134053829487,0
0,-0.04731369125017748,0
0,-0.01529651813006283,0
0,-0.0692929783589526,0
0,-0.06069060416611799,0
0,-0.06699702546859054,0
1,-0.06795532954893285,0
0,-0.04426642259676744,0
1,-0.020116073879202112,0
0,-0.053083210935508385,0
0,-0.0752704849209559,0
0,-0.026499966516793982,0
0,-0.05312207409919695,0
0,-0.026629290532883487,0
0,0.09721126296171889,1
0,-0.0608216921487984,0
1,-0.05767999445959171,0
0,-0.055907942152411794,0
0,0.09721126296171889,1
0,-0.07458823392855651,0
1,0.0022072743091861025,1
0,-0.08263036024666437,0
0,-0.06434516333423784,0
0,-0.051093239579097005,0
1,-0.07495521485678419,0
0,-0.07334633598239676,0
0,0.0588091508691474,1
0,-0.059816519608971,0
0,-0.087772744180043,0
0,-0.07410579628780306,0
0,-0.027896837248732598,0
1,-0.0687714672398016,0
1,-0.01738808843901385,0
0,-0.060712570956951206,0
0,-0.08256568243428491,0
0,-0.04223595548523129,0
0,-0.05620958578122143,0
1,-0.015183828558617052,0
0,-0.06968558824963922,0
0,-0.041139786093909336,0
1,-0.04547067841035746,0
0,-0.08013137524622654,0
0,-0.08196972658844937,0
0,-0.07079547758641086,0
1,-0.012906365148818988,0
0,0.11116238115833188,1
1,0.0035235885568632996,1
0,-0.006854202211637794,0
0,-0.013932678581090763,0
0,0.006778481640609013,1
0,-0.07795325902236538,0
0,-0.08924432696094853,0
1,-0.029492309474156653,0
0,-0.07301092805238735,0
0,-0.04459259400105303,0
0,-0.05602126839861399,0
0,0.1262938038417123,1
0,-0.049941574847083,0
0,-0.05173622113093562,0
0,-0.07640511963998353,0
0,-0.07261884391887047,0
0,-0.08012514568880635,0
1,-0.01876606469855946,0
0,-0.0038426346023416325,0
0,0.00014270227045543038,1
1,-0.020120122682346975,0
0,-0.044112350536775036,0
0,-0.07517396330996173,0
0,0.026470276048069175,1
0,-0.004429713369063393,0
1,-0.018518095911605192,0
0,-0.07964304218212359,0
0,-0.06842733227057235,0
1,-0.015343559786735572,0
1,-0.06873132214934247,0
0,-0.08194924819502508,0
0,0.1262938038417123,1
0,-0.07952088019287779,0
0,0.026470276048069175,1
1,-0.015359966390029234,0
0,-0.03342140884291411,0
0,-0.05438938423635692,0
1,-0.013414130836250093,0
0,-0.051946924226471125,0
0,-0.09302307695627465,0
0,-0.0660250515539858,0
0,-0.04971262099336099,0
1,-0.04535616626552802,0
0,-0.08236513377110083,0
0,-0.054631162020289836,0
0,-0.07132375945642205,0
1,-0.007425683277582196,0
1,-0.017043261177559443,0
0,-0.055290788365681465,0
0,-0.05608128333943263,0
0,-0.02559944153620647,0
0,-0.054353631995124996,0
0,-0.06535048769845736,0
0,-0.04738764511892046,0
0,-0.044475824549477794,0
0,-0.049264866156648934,0
1,-0.04753917846178751,0
1,-0.018518095911605192,0
1,-0.01338919287357443,0
0,0.09943438793460357,1
0,-0.006845033579309434,0
0,0.09721126296171889,1
0,-0.030320726986255653,0
0,-0.07701629505613988,0
0,-0.004212463084667162,0
0,-0.06313351622706376,0
0,-0.03847461112019879,0
0,-0.06893050080013058,0
1,-0.01636851034352016,0
0,-0.08035173603976031,0
0,-0.007035638630221663,0
0,-0.054481149250196315,0
0,-0.02646577787389387,0
0,-0.003937314052654073,0
0,-0.08722272582532559,0
0,-0.05276076582877831,0
0,-0.0684502818216931,0
0,0.006778481640609013,1
0,-0.06981883484366358,0
0,-0.0709059766729162,0
0,-0.09579078037386218,0
0,-0.05563036410097505,0
0,-0.08038013235026648,0
0,-0.05348181943927799,0
0,-0.0961816807512818,0
0,0.16608148388901844,1
0,-0.023554948074794635,0
0,-0.07315654190571191,0
0,-0.06758341123806333,0
0,-0.053794043320215645,0
0,-0.06682546968843278,0
0,-0.060520314399781505,0
1,-0.013532045090530076,0
0,-0.034996519636237455,0
0,-0.06506105882325591,0
0,0.2410561483423288,1
0,-0.03312895589827625,0
0,-0.07609968169940157,0
0,-0.08908434556263228,0
0,0.026470276048069175,1
0,-0.05963429576214008,0
0,-0.0535281008383417,0
0,-0.06453960699661432,0
0,-0.03874417659702667,0
0,-0.08380674754594647,0
0,0.035289161509704514,1
0,0.1454821840900058,1
0,-0.012810278454977841,0
1,-0.03389823675866388,0
1,-0.016761639868348055,0
0,-0.01265467943058135,0
1,-0.01670935978797633,0
1,-0.01636851034352016,0
0,-0.08310148840124781,0
0,-0.056573560682531054,0
0,-0.07075856556027571,0
0,-0.016925579571075433,0
0,-0.04619564904355966,0
0,-0.05211505920222459,0
0,-0.04123077521235019,0
0,-0.08864056691746058,0
0,-0.07484804701487419,0
0,0.026470276048069175,1
1,-0.01876606469855946,0
0,-0.051054130660100505,0
0,0.0722382949909629,1
1,-0.006270324465430688,0
0,-0.04328741088149157,0
0,-0.07990941591264167,0
1,0.01396284971020667,1
0,-0.008857633328318737,0
0,-0.051054130660100505,0
1,-0.04963280360162675,0
0,-0.059237364193504616,0
0,-0.07322371645785564,0
1,-0.015359966390029234,0
0,-0.04348846812850443,0
0,-0.04975010542277558,0
0,-0.08910702027398842,0
0,0.026470276048069175,1
0,-0.0291872820536227,0
1,-0.019202241582551238,0
0,-0.038619350378927275,0
0,-0.053827232432672456,0
0,-0.05247712543353228,0
0,-0.047581586839398005,0
1,-0.008474185347606578,0
0,-0.05076843679569426,0
0,-0.06272977319145107,0
0,0.0588091508691474,1
0,-0.07741631053796272,0
1,-0.01876606469855946,0
0,-0.03189047439591819,0
0,-0.04222781193722036,0
0,-0.05812619165387278,0
0,-0.031239776424992316,0
0,0.08085354520502464,1
0,-0.030802519656725202,0
0,-0.07716575916245744,0
0,0.035289161509704514,1
0,-0.0525300734223777,0
0,-0.04972519726809138,0
0,-0.06573113436772476,0
0,-0.05173622113093562,0
0,-0.07735819882003514,0
0,-0.07777103788968592,0
0,0.09721126296171889,1
0,-0.07564238143940827,0
0,-0.08851743595870915,0
0,-0.09003366731917128,0
0,-0.08707556771516611,0
0,-0.05997318871370183,0
1,0.0020244785278350497,1
0,-0.059865343442581154,0
0,-0.06963591495397664,0
0,-0.05147198082378629,0
0,-0.06346257274123906,0
1,-0.017768194614598942,0
0,-0.07421865561394736,0
0,-0.038800666153317453,0
0,0.035289161509704514,1
0,-0.07871057691681688,0
0,-0.088243276793523,0
0,-0.09331483940095464,0
1,-0.02419945792556566,0
0,-0.055289356090378605,0
0,-0.0818977293994223,0
0,-0.04966272810557176,0
0,0.04112694838494868,1
0,0.0588091508691474,1
0,-0.07147082955160533,0
0,-0.04458423143396467,0
0,-0.02638245073367884,0
0,-0.06200883547796232,0
0,-0.061223413382276326,0
1,-0.01636851034352016,0
0,-0.05556401660019317,0
0,-0.04247213566872221,0
0,0.1454821840900058,1
1,-0.027710072859864432,0
1,0.01135047710115511,1
0,-0.0569835127312695,0
0,-0.07410443960179752,0
0,-0.09026482851962253,0
0,-0.030708127619571257,0
0,-0.08219851698389136,0
1,-0.016764872256409713,0
0,0.026470276048069175,1
0,0.031598794038452116,1
0,-0.07845704872013815,0
0,-0.054160947810490134,0
0,0.11116238115833188,1
0,-0.06461175568339805,0
0,-0.04337098679810847,0
0,-0.07895340421176994,0
0,0.006778481640609013,1
0,-0.0180487169812234,0
0,0.035289161509704514,1
0,-0.06756439842151424,0
0,-0.053616106383051754,0
0,-0.05024117645501691,0
0,-0.05544220379636561,0
0,0.0588091508691474,1
0,0.041451446717275076,1
1,-0.01684766364317286,0
0,-0.05993559735290915,0
0,-0.015883631285696198,0
0,-0.06479665590242978,0
0,-0.06582461566788383,0
0,-0.054160947810490134,0
0,-0.0795662543110961,0
0,-0.060955491285814845,0
1,-0.015183828558617052,0
0,-0.048236786356887495,0
0,0.041451446717275076,1
0,-0.05355048922365441,0
0,-0.051273630686657246,0
1,-0.016673377391415112,0
0,-0.028033002417466757,0
0,-0.053556500665532414,0
0,-0.08135559858792041,0
1,-0.015359966390029234,0
0,-0.08105209981716283,0
0,0.026470276048069175,1
0,0.12594821929593436,1
0,-0.04010639301997593,0
0,-0.055463688619176776,0
0,-0.05365116508036383,0
0,-0.02143640941475916,0
0,0.09721126296171889,1
0,-0.061845078060380865,0
0,-0.05516298292062005,0
1,0.03738189046675866,1
0,0.06506263482966601,1
0,-0.0988778918810217,0
0,-0.0685429665294538,0
1,-0.039193848023156064,0
0,-0.05806842412078339,0
0,-0.046557106522722436,0
0,-0.08965338007992069,0
0,-0.07317560869673911,0
0,-0.08864449235951632,0
0,-0.06632760666393384,0
0,-0.0708403883405554,0
0,0.09721126296171889,1
0,-0.08051204510723103,0
0,-0.06463166801711379,0
0,-0.06444233480192751,0
0,-0.014842524973950721,0
0,-0.028538926683698562,0
1,-0.01670935978797633,0
0,-0.03509674541318808,0
0,-0.08255916002341446,0
0,-0.10145133744652124,0
0,-0.059189730334646695,0
0,-0.09830416387139168,0
0,-0.04146829689391657,0
0,-0.08117345800950071,0
0,-0.06155708882635724,0
1,-0.015359966390029234,0
0,-0.08146374945932172,0
0,-0.039593586696368754,0
0,-0.03059383602803517,0
1,-0.01636851034352016,0
0,-0.07965346919566924,0
0,-0.003725981632100861,0
0,-0.06180957670242582,0
0,-0.04174821435451748,0
0,-0.06579243279874719,0
1,-0.006270324465430688,0
0,-0.05078985338734421,0
0,0.016311449212053297,1
1,-0.03011714738600213,0
0,-0.04322620607680644,0
0,-0.05334642160101638,0
0,-0.07228126237622995,0
0,-0.08600027994352538,0
0,-0.033994044957598946,0
0,-0.08773180771053879,0
0,-0.014782338089518343,0
0,-0.05862549466859268,0
1,-0.028106723679493906,0
0,-0.05233797448882599,0
0,-0.04946749368233455,0
0,-0.08625060680527141,0
0,-0.01397996540364116,0
0,-0.07115278192833363,0
0,-0.060980629326287006,0
0,-0.04377002698342103,0
0,-0.07220314640100639,0
0,-0.08218982555867921,0
0,-0.03990995904341682,0
0,-0.0815721489875858,0
0,-0.08258403187174346,0
0,-0.06109892284702745,0
0,-0.006919756744243499,0
1,-0.015359966390029234,0
0,-0.06520120877263785,0
0,-0.025561281881980924,0
1,-0.015359966390029234,0
1,-0.015343559786735572,0
1,-0.015359966390029234,0
0,-0.05472626320131874,0
0,-0.05645409972383253,0
0,-0.0816573637002585,0
0,0.16608148388901844,1
0,-0.009942044791192317,0
0,-0.07608964984636951,0
0,-0.06695816508291119,0
0,-0.01905844848452687,0
0,-0.0239207922716288,0
0,-0.008328879695227054,0
0,-0.07684169544487923,0
1,-0.01369374019699432,0
0,-0.08079703191600973,0
0,-0.07303932847810202,0
0,-0.03972443126128611,0
0,-0.023397327524550315,0
0,-0.01099915544951674,0
0,-0.09110680860533876,0
0,-0.044156816056187764,0
0,-0.080871942846725,0
1,-0.012906365148818988,0
0,-0.04731473338583009,0
1,-0.023842834039629113,0
0,-0.0536458443770752,0
0,0.1454821840900058,1
0,-0.08915721601296928,0
1,-0.03777345384175396,0
0,-0.08769896432840935,0
0,-0.05367408944157054,0
0,-0.058026525158225484,0
1,-0.019505963821408123,0
0,-0.016361128002101877,0
0,0.026470276048069175,1
0,-0.002737815219561346,0
0,-0.054947632019416326,0
0,-0.024279070755549914,0
0,-0.06253488500314774,0
0,-0.07805962541507672,0
0,-0.07512498375668025,0
0,-0.06858667295475407,0
1,-0.015359966390029234,0
0,-0.012823504444653966,0
0,-0.05836004703655473,0
1,-0.04973178897621239,0
1,-0.007425683277582196,0
0,-0.05534193191597031,0
0,0.006778481640609013,1
0,-0.05230467512407949,0
0,-0.0471486141642779,0
0,-0.05006357248201759,0
0,-0.08914494471403533,0
1,-0.07979797888842766,0
0,-0.07497247750857738,0
0,-0.04862256868654663,0
0,-0.026610480377431467,0
1,-0.01876606469855946,0
0,-0.06544193854437819,0
0,-0.06214011503970446,0
0,-0.05357341875554722,0
0,0.026470276048069175,1
0,0.1454821840900058,1
0,-0.07745557425062599,0
0,-0.09168940542713161,0
0,-0.06931155928697552,0
0,-0.048118245511814206,0
0,0.10308688881055217,1
0,0.08935104218359824,1
1,-0.01636851034352016,0
0,-0.08686840073131469,0
0,-0.08100222349151204,0
1,-0.03857654560142498,0
0,-0.07636928465548626,0
0,-0.05371189242544161,0
0,-0.07669585213412067,0
0,-0.08307826121960182,0
0,-0.03192540630262414,0
1,-0.01876606469855946,0
0,-0.05307119988093112,0
0,-0.07996243853083734,0
0,-0.09967670759980823,0
0,-0.09664453036297033,0
0,-0.014822834235285354,0
0,0.09721126296171889,1
0,-0.08576674042208715,0
1,-0.013414130836250093,0
0,0.057427411097568326,1
0,-0.025725414355501408,0
1,-0.006270324465430688,0
1,-0.017043261177559443,0
0,-0.06527684875971301,0
0,-0.07071671799879564,0
0,-0.014926163607841825,0
0,-0.06065058586984601,0
0,-0.06087316514304458,0
0,-0.05566634507332824,0
1,-0.01684766364317286,0
0,-0.03515388030803607,0
0,-0.08111519302091896,0
1,-0.05108311548607403,0
0,0.02196104593235093,1
1,-0.012138363772458194,0
0,-0.060502896077527346,0
0,-0.03630235600228293,0
1,-0.015183828558617052,0
1,-0.013532045090530076,0
0,-0.012857901867136035,0
0,-0.043329210093869086,0
0,-0.04903954423639373,0
0,0.09028715497144235,1
1,-0.01684766364317286,0
1,-0.06742773232689181,0
0,-0.04372664212018862,0
0,-0.05617976909431449,0
0,-0.037234238505241934,0
0,-0.034036904638193866,0
0,-0.014716029099956451,0
1,-0.007425683277582196,0
0,-0.045343782079721895,0
0,-0.0761215380162783,0
0,-0.08683769704471095,0
0,-0.07866672038479222,0
0,-0.010428134375743636,0
0,-0.07007845978987193,0
1,-0.07230011220239696,0
0,-0.05939102720156403,0
0,0.09943438793460357,1
0,0.12594821929593436,1
0,-0.0038426346023416325,0
0,-0.017698847396457273,0
0,-0.07168346837906275,0
0,-0.02642363152257665,0
1,-0.018518095911605192,0
1,-0.01684766364317286,0
0,-0.07847446449112033,0
0,-0.0005826156277257133,0
0,-0.06044155465572032,0
1,-0.014592810365958164,0
0,-0.05396636126532817,0
0,-0.07416413258387555,0
0,-0.05614509836379522,0
1,-0.018518095911605192,0
0,0.006778481640609013,1
0,0.026470276048069175,1
1,-0.05102822742741736,0
0,0.041451446717275076,1
0,-0.07264322653717031,0
0,-0.058936577792229716,0
0,-0.1017628821350946,0
0,-0.06564737668361736,0
0,-0.038091993652325074,0
0,-0.050042431700961565,0
0,-0.03564847071865396,0
0,-0.08376301006642883,0
0,-0.07436756528964661,0
1,-0.015183828558617052,0
0,-0.08359960417109025,0
0,-0.047891197656542595,0
0,-0.06261629886475872,0
0,-0.06452915430155753,0
0,-0.07392370480658383,0
0,-0.04982460391653626,0
0,-0.0617634268515323,0
0,-0.06939896690278535,0
0,-0.06056616792387565,0
0,-0.06299869214928622,0
0,-0.06359219141921996,0
0,-0.08635810547770456,0
0,-0.07892028405408785,0
0,-0.04320979125853208,0
0,-0.021673771855441337,0
0,-0.025466884126667755,0
0,-0.05371189242544161,0
0,-0.08280078921973011,0
0,-0.044747583203489816,0
0,-0.022198999752891968,0
0,0.006778481640609013,1
0,-0.04553528992627215,0
0,-0.0036802225758058027,0
0,-0.027241621195699173,0
0,-0.05286288831287056,0
0,-0.05020089842940684,0
0,-0.04645502600685969,0
0,-0.07468302780861791,0
0,-0.05783264443122155,0
0,-0.06262136162693216,0
0,-0.0818097635989582,0
0,-0.07749489614155436,0
0,-0.05406038693741927,0
0,-0.04630734423185856,0
0,-0.04554219909499091,0
0,-0.08645261248521574,0
1,-0.015359966390029234,0
0,-0.09145796919146532,0
0,0.1454821840900058,1
0,-0.05524163741883081,0
0,0.08183657018414314,1
0,-0.03797966010853587,0
0,-0.06674544572131119,0
0,-0.08127822727214756,0
0,-0.07576065933464393,0
1,-0.017043261177559443,0
0,-0.05454036429242709,0
0,-0.02275172956434468,0
0,-0.014074524432330926,0
1,-0.01670935978797633,0
0,-0.08099976028775974,0
0,-0.014303886038766533,0
0,-0.07841145406556743,0
0,-0.056844006779059486,0
1,-0.018518095911605192,0
0,-0.06881933827132708,0
0,-0.08092908454021114,0
0,-0.04222781193722036,0
0,-0.07171076580372854,0
0,-0.005265972627353177,0
0,-0.06100116307436382,0
1,-0.015666438022868323,0
0,-0.08393086146514545,0
0,-0.05578521531796904,0
0,-0.08234666320701473,0
1,-0.01684766364317286,0
0,-0.0680420369784161,0
0,-0.05669137040806882,0
0,-0.04191110097366685,0
0,-0.0525300734223777,0
0,-0.05471927880021682,0
0,-0.007779273523285224,0
0,-0.04289289224678544,0
0,-0.0653766561687133,0
1,-0.02006253071359887,0
0,0.07585302703336749,1
1,-0.01684766364317286,0
0,-0.06339530198427484,0
0,-0.08182857571812974,0
0,0.0018056948892847258,1
1,-0.03541612437056679,0
1,-0.010054041453063711,0
0,-0.03431330771395119,0
0,0.07836969248484704,1
0,-0.0579323546476207,0
0,-0.07459987974133403,0
0,-0.048089803643747486,0
0,-0.0650434645189727,0
0,-0.06766539639627667,0
0,-0.02194212739773177,0
0,-0.04247213566872221,0
0,-0.0655586753467216,0
0,-0.06343419969957587,0
1,-0.01855552148770212,0
0,-0.06946934822763418,0
0,-0.0816934224146657,0
0,-0.09856344350499124,0
0,-0.08781094793894567,0
0,-0.057229552804053785,0
0,-0.04918050044633537,0
0,0.02196104593235093,1
0,-0.07594949340211588,0
0,-0.020129223957495113,0
0,-0.05247712543353228,0
0,-0.06248172845146027,0
0,-0.004270384617493517,0
0,0.026470276048069175,1
0,-0.05541802563186449,0
0,-0.07282351947789234,0
0,-0.08186309125486696,0
0,-0.07087021663467336,0
0,-0.08220062385840682,0
0,-0.04673876646148761,0
0,-0.016378315037069713,0
0,-0.08586208486493968,0
0,-0.07797521163764326,0
0,-0.04239955358132386,0
0,-0.06778635952744211,0
1,-0.01636851034352016,0
0,-0.047344090829047,0
1,-0.00938976112135892,0
0,-0.0932777491111274,0
0,-0.06107009515265904,0
0,-0.05117109140802323,0
0,-0.03747179250935645,0
0,-0.07642605655508489,0
0,-0.008649700329355359,0
0,-0.04866609022486956,0
1,-0.017768194614598942,0
0,-0.06953288073145364,0
0,-0.004867772299105455,0
0,-0.05905666376812707,0
0,-0.06767062937810503,0
0,-0.02789732309523424,0
0,-0.0484794504599233,0
0,-0.08896991434826468,0
0,-0.08168253480542437,0
1,-0.01670935978797633,0
0,-0.08012513047044284,0
0,0.111414400531199,1
0,-0.08705694561203309,0
0,-0.07531068643044625,0
0,-0.07106422532144901,0
0,-0.05353182433374687,0
0,-0.07964304218212359,0
0,-0.07816715023235232,0
1,-0.01684766364317286,0
0,-0.04357931039631657,0
0,0.111414400531199,1
0,-0.06308322343139605,0
0,-0.08106095108854555,0
0,-0.06775415191652495,0
0,-0.06905717778890896,0
1,-0.012533536587400418,0
0,-0.03811382557009607,0
0,-0.061621527134553766,0
0,-0.023476374261342303,0
0,0.026470276048069175,1
0,-0.06495904641771838,0
0,-0.08059316557170915,0
1,-0.015359966390029234,0
0,-0.058254289732522446,0
0,0.09721126296171889,1
0,-0.06589403155787626,0
0,-0.030022020005823158,0
0,-0.012185545545110144,0
0,-0.04863919336211847,0
0,-0.06107009515265904,0
0,-0.055463688619176776,0
0,-0.05534193191597031,0
0,-0.06506987996138114,0
0,-0.0526151763384935,0
1,-0.01684766364317286,0
0,-0.06852706210636056,0
0,-0.006735936833746958,0
1,-0.022149220691489224,0
0,-0.051332089656085544,0
0,-0.08225068317817247,0
0,-0.0009289601414667059,0
0,-0.05866198142540957,0
1,-0.01670935978797633,0
0,-0.04266377720616338,0
0,-0.062207730736085154,0
1,-0.015359966390029234,0
0,-0.0486323441669525,0
0,-0.057777623477549334,0
0,-0.02428066130431733,0
1,-0.02474603487500826,0
0,-0.04554203831888237,0
0,-0.05232168316993874,0
0,-0.00987385224582138,0
0,-0.05454036429242709,0
0,-0.06252398547994031,0
0,-0.013322477422723966,0
0,-0.016083641759671197,0
0,-0.06061941853762065,0
0,-0.07428288488948603,0
0,-0.05359842315249286,0
1,-0.01684766364317286,0
0,-0.07238669395708636,0
0,-0.04963444740221573,0
0,-0.08036343598046475,0
0,-0.08928822691996491,0
1,-0.030841931788864796,0
0,0.035289161509704514,1
0,-0.0806488033399011,0
0,-0.07136574749500829,0
0,-0.06895798963737915,0
0,-0.03915019723034324,0
1,-0.01684766364317286,0
0,-0.04647822637925675,0
0,-0.012758419287692502,0
0,-0.049575933296967245,0
0,-0.033721383272396654,0
0,-0.07077880684999738,0
0,-0.07405861707936173,0
0,-0.05423578974359483,0
1,-0.01670935978797633,0
0,-0.07466733776758905,0
0,0.0879079094632792,1
0,-0.09189535118109227,0
0,-0.03163661864277417,0
0,-0.07610481344629588,0
0,-0.08199740810988743,0
1,-0.013414130836250093,0
0,-0.07415560594303361,0
0,-0.018155502305430005,0
1,-0.006270324465430688,0
0,-0.07882744738137487,0
0,-0.05385919714037812,0
0,-0.05861411583808207,0
0,-0.07315916421809787,0
1,-0.016764872256409713,0
0,-0.05357341875554722,0
0,-0.08079703191600973,0
0,-0.09716165096776147,0
1,-0.022868805547420656,0
0,0.006778481640609013,1
1,-0.01636851034352016,0
1,-0.015666438022868323,0
0,-0.05602126839861399,0
0,-0.03662879055273183,0
1,-0.016673377391415112,0
0,-0.08202851142931356,0
1,-0.01876606469855946,0
0,-0.06788501587276374,0
0,-0.08195549073105562,0
0,-0.05921267418881587,0
0,-0.07332014702797662,0
0,-0.07216721540240617,0
0,-0.03976428697364731,0
1,-0.048262235801371955,0
0,-0.05486843987982487,0
1,-0.015183828558617052,0
0,-0.07883500309097125,0
0,-0.07406633442565619,0
0,-0.05375181823433106,0
0,-0.06365148137535848,0
0,-0.007887893117641986,0
1,-0.01670935978797633,0
0,-0.03896440014576036,0
0,-0.05544220379636561,0
1,-0.016764872256409713,0
0,-0.058964522945874176,0
0,0.026470276048069175,1
0,-0.06682546968843278,0
0,-0.08499217144355786,0
0,-0.048522667204540404,0
0,-0.06394470104652372,0
0,-0.08511613773500964,0
0,-0.08405838340489902,0
1,-0.01644592340899681,0
1,-0.015359966390029234,0
1,-0.02006253071359887,0
0,-0.08258466293017319,0
0,-0.055685020805264884,0
0,-0.07085495526122454,0
0,-0.058987538097031,0
0,-0.0776145490445172,0
0,-0.045797092369578074,0
1,-0.01684766364317286,0
0,0.0588091508691474,1
0,-0.08451246610657964,0
0,-0.023774310231510498,0
0,-0.008759952190743991,0
0,-0.013027987407622954,0
0,0.11823539363750624,1
0,0.0588091508691474,1
0,-0.04347395816663463,0
0,-0.06079356415715742,0
0,-0.0687573327169459,0
0,-0.057265473703839276,0
0,-0.07067531219710543,0
0,-0.07453977161336234,0
0,-0.08293647380935948,0
0,0.09943438793460357,1
0,0.031598794038452116,1
0,-0.056400661348016135,0
0,0.09943438793460357,1
0,-0.027651498193589197,0
0,-0.04446928826853175,0
1,-0.06945152469405191,0
0,-0.025977982907781527,0
1,-0.018518095911605192,0
0,-0.04180259097609218,0
1,-0.06591072331734404,0
0,-0.04546865526032756,0
0,-0.0608768132232243,0
0,0.09943438793460357,1
0,-0.03955952255623507,0
0,-0.042789340042521884,0
0,-0.06917631287996245,0
0,-0.047609386174305324,0
0,-0.05191193870355931,0
0,-0.07636122154748864,0
0,-0.06714769631844553,0
0,-0.06971881555467929,0
0,-0.02608142801049862,0
0,-0.03915019723034324,0
0,-0.011705161812374854,0
0,-0.06987050634417763,0
0,-0.06979548034925592,0
0,-0.05046997374470291,0
0,-0.05073553822329918,0
1,-0.019218951089597147,0
0,-0.010425961246715465,0
0,0.026470276048069175,1
0,0.1262938038417123,1
1,-0.015359966390029234,0
0,0.11116238115833188,1
0,0.09721126296171889,1
0,-0.09749386510154051,0
0,-0.05891766414518995,0
0,-0.06323723898519945,0
0,-0.06382609543652923,0
0,-0.06563931921734634,0
0,-0.07615006583673628,0
0,-0.047175350053534015,0
0,0.05808646220873748,1
0,0.02507872518946863,1
1,-0.02006253071359887,0
0,0.2400194359073219,1
0,-0.06843259791804829,0
0,-0.04459868991399424,0
0,-0.053827232432672456,0
0,-0.08167409481303539,0
0,-0.08435343807603435,0
1,-0.01670935978797633,0
0,-0.05655412080667027,0
0,-0.007231975099850463,0
1,-0.01636851034352016,0
1,-0.017317295319025205,0
0,-0.06597530354722758,0
1,-0.012906365148818988,0
1,-0.08349056679221073,0
0,-0.06823591365691739,0
0,-0.014755742342652811,0
0,-0.06211881648441436,0
0,-0.08388103251754847,0
0,-0.05455581232694384,0
0,-0.04501876675500682,0
0,-0.05894477938994003,0
1,-0.015359966390029234,0
0,-0.04050277033234595,0
1,-0.007425683277582196,0
0,-0.07398624031315593,0
1,-0.04794059318502414,0
0,-0.05276484849138957,0
0,-0.08852011417995365,0
0,-0.07024266777217697,0
0,-0.02060448328564929,0
0,-0.08067442548480291,0
1,-0.07917743652657294,0
0,-0.07584795833356617,0
0,-0.07578155190385072,0
0,-0.016870986279402478,0
0,0.00022110613828085768,1
0,0.035289161509704514,1
0,-0.05909030372462126,0
0,0.02196104593235093,1
0,0.006778481640609013,1
0,-0.05284987076481035,0
0,-0.06092719324340329,0
0,-0.035365591155797016,0
0,-0.0038426346023416325,0
0,-0.0846561554153073,0
1,-0.013414130836250093,0
0,0.09721126296171889,1
0,-0.008290998284776252,0
0,-0.07441633691481742,0
0,-0.023348582148632557,0
1,-0.01876606469855946,0
0,-0.04630734423185856,0
0,-0.059354899092797064,0
0,-0.07509877260885611,0
0,-0.008140665847338746,0
0,-0.05466108226088351,0
0,-0.01534742353516999,0
0,0.035289161509704514,1
0,-0.03100172414008623,0
0,-0.02514980303178138,0
0,0.0588091508691474,1
0,-0.0629990875802075,0
0,-0.05555971322304254,0
0,-0.03819615545144789,0
0,-0.011007118402267868,0
0,-0.01389391741243401,0
0,-0.07278780917652616,0
0,-0.04459259400105303,0
0,-0.04999781302672118,0
0,-0.07925761818374416,0
1,-0.01636851034352016,0
0,-0.06398003646234368,0
0,-0.07192798939037132,0
0,0.08457703992195953,1
0,-0.047835788411614344,0
0,-0.08920165059500534,0
1,-0.01636851034352016,0
0,-0.06361159824257645,0
1,-0.01636851034352016,0
0,0.026470276048069175,1
0,-0.06416774625414906,0
0,-0.046402290596871065,0
0,-0.05359736547791405,0
0,0.0033889259013587525,1
0,-0.04205333736770517,0
0,-0.024160532861166872,0
0,-0.06503221892737876,0
0,-0.04415997301350266,0
0,-0.00650286458770033,0
0,-0.023828129706719048,0
0,-0.06527365790639705,0
1,-0.04873156335965484,0
0,-0.014750995135180633,0
0,-0.010614360337462991,0
1,-0.06459168469162935,0
0,-0.05266984237796368,0
0,-0.020350572151094537,0
0,-0.06203776559169705,0
1,-0.019202241582551238,0
1,-0.017768194614598942,0
0,-0.04581074611477631,0
0,-0.0956420619661763,0
0,-0.08142019437261205,0
0,-0.0701564987686209,0
0,-0.084540547423827,0
0,-0.08285378563129675,0
0,-0.07894317065685641,0
0,-0.07750410232264038,0
0,-0.07316262520650246,0
0,-0.10048943301135987,0
0,-0.0880349354613369,0
0,-0.028334610844245323,0
0,-0.08736199957357854,0
1,0.00034727729939088015,1
0,-0.0656927491535107,0
0,-0.08186000375352886,0
0,-0.04075376339037168,0
1,-0.011240054006534994,0
0,-0.09186648171403955,0
0,-0.06453960699661432,0
0,-0.08897983457911596,0
0,-0.044418717055896006,0
1,-0.015359966390029234,0
0,0.1454821840900058,1
0,-0.06198948898565115,0
0,-0.0780014549128788,0
0,-0.05806188001856344,0
0,-0.06725572798558138,0
0,-0.05096124375894001,0
0,-0.0344355894236234,0
0,-0.0572181422084464,0
0,-0.08216473425649606,0
0,-0.08715034137742678,0
0,-0.07435280749854134,0
0,-0.05370182246249339,0
1,-0.012138363772458194,0
0,-0.07595884053689633,0
0,-0.027906752298838766,0
0,-0.08898591718485371,0
0,-0.08154035639392404,0
0,-0.05891766414518995,0
0,0.013780598956490753,1
0,-0.04163434288534912,0
0,-0.07651390991405133,0
0,-0.07318779958303107,0
0,-0.03850506320368213,0
0,-0.04858076346425888,0
0,-0.06313351622706376,0
1,-0.007425683277582196,0
0,-0.014906669853518628,0
0,0.035289161509704514,1
0,-0.020172445121288407,0
0,-0.019957737939627795,0
0,-0.04212024380669099,0
0,-0.05594948319499243,0
0,-0.07964304218212359,0
0,-0.06266948818140228,0
0,-0.05541802563186449,0
0,-0.06927832976908327,0
0,-0.05724725461270008,0
1,-0.015359966390029234,0
0,-0.07186205838838727,0
0,-0.05530803959052716,0
1,-0.007425683277582196,0
0,-0.04289289224678544,0
0,-0.04308043788002858,0
0,-0.02242655803769278,0
1,0.05033242951675776,1
0,-0.03997794692061368,0
0,-0.058893356334942304,0
1,-0.01670935978797633,0
0,0.08350640543325405,1
0,-0.08962794219362341,0
0,0.012273376537592973,1
0,-0.05559699899423354,0
0,0.05575744824889939,1
0,-0.07670888369487455,0
0,-0.03846934382351541,0
1,-0.01636851034352016,0
0,-0.05335259299343881,0
0,-0.018563634574250254,0
0,-0.08143640318595874,0
0,-0.0038426346023416325,0
0,-0.055577526011889644,0
0,-0.05682043840024653,0
1,-0.01684766364317286,0
0,-0.016263864760248103,0
0,-0.052414495728194954,0
0,-0.005661805061847325,0
0,-0.07381142217405678,0
0,-0.07244326296521209,0
0,-0.06507417361224344,0
0,-0.019458270206506256,0
1,-0.019202241582551238,0
0,0.006778481640609013,1
0,-0.06472520694857836,0
1,-0.015343559786735572,0
0,-0.06870633871887982,0
0,-0.030571083095799756,0
0,0.08071240401921631,1
1,-0.02006253071359887,0
0,-0.06846753230178332,0
0,-0.02948277075628203,0
0,-0.07522118304926584,0
0,-0.04565628663336435,0
0,-0.060971092666825655,0
1,-0.01670935978797633,0
1,-0.013414130836250093,0
1,-0.015183828558617052,0
0,-0.044112350536775036,0
0,-0.08001032650209855,0
0,-0.047344090829047,0
1,-0.019655415332032744,0
1,-0.012906365148818988,0
0,-0.052208613452103037,0
0,-0.09983556574659508,0
0,-0.023527236987227307,0
1,-0.02006253071359887,0
0,-0.05536342158477359,0
0,-0.07952603167552541,0
0,-0.07292869655318812,0
0,-0.08030312719850535,0
1,-0.039624405009123065,0
0,-0.0635092545357841,0
0,-0.08074853494314715,0
0,-0.06843686416250899,0
1,-0.01670935978797633,0
1,-0.01876606469855946,0
0,-0.06673045664855709,0
0,-0.0038426346023416325,0
1,-0.01738808843901385,0
0,0.1454821840900058,1
0,0.0588091508691474,1
0,-0.06490605494432405,0
0,-0.05958254287546172,0
0,-0.07210569376246595,0
0,-0.04628654820400285,0
0,-0.07612049996736253,0
1,-0.01670935978797633,0
1,-0.017768194614598942,0
0,-0.05948320486595671,0
0,-0.026769967819499196,0
0,-0.04923106995268656,0
0,-0.07517519074220458,0
0,-0.03671459721074932,0
0,-0.04408448723970276,0
0,-0.06587245790390123,0
0,-0.08053286402256932,0
0,-0.07459060372560583,0
1,-0.01876606469855946,0
0,-0.06383366320845107,0
0,0.0588091508691474,1
0,-0.08064711694077636,0
0,-0.05481372618722824,0
0,-0.04658123368950784,0
0,-0.030345666176418762,0
1,-0.02092016307943495,0
0,0.02196104593235093,1
0,-0.06290418416644461,0
0,-0.04354240616843097,0
0,-0.0808873647244876,0
1,-0.024164221369078254,0
0,-0.05968150408641015,0
1,-0.01670935978797633,0
0,-0.08662427962302854,0
1,-0.023911418541981644,0
0,-0.009759868879883837,0
0,0.11116238115833188,1
0,-0.024377278263774227,0
0,-0.05716445185739072,0
1,-0.015183828558617052,0
0,-0.05638894271866829,0
0,-0.06677027619847514,0
0,-0.060980629326287006,0
0,-0.08253293375362303,0
0,-0.07945749542096558,0
1,-0.01670935978797633,0
1,-0.01876606469855946,0
1,-0.01636851034352016,0
0,0.026470276048069175,1
0,-0.09441146861029504,0
0,0.026470276048069175,1
0,-0.0637148781948148,0
0,-0.04821602065660163,0
0,0.08435670382618121,1
0,-0.0969213639630121,0
0,-0.031408301405783656,0
1,-0.019202241582551238,0
0,-0.0038426346023416325,0
0,-0.010630815112534275,0
0,-0.06823434020610436,0
0,-0.08448160578947461,0
0,-0.06265565664313061,0
0,0.026470276048069175,1
0,-0.07597748870793558,0
0,-0.06579611713118477,0
0,0.10308688881055217,1
0,-0.04554219909499091,0
0,-0.0748990643245534,0
0,-0.07500636297331464,0
0,-0.07581430000459144,0
0,-0.08065457292290301,0
0,-0.053590350860968916,0
0,-0.05126493908045748,0
0,-0.03814167005919927,0
1,-0.013414130836250093,0
0,-0.04317994694461241,0
0,-0.048172253858319414,0
0,-0.04788684629621581,0
0,0.036006647586659724,1
0,-0.0666857759720928,0
0,-0.027556228045746478,0
0,-0.0935124424610938,0
0,-0.010748689795100519,0
0,-0.02681558585238747,0
0,-0.06574413727924272,0
1,-0.006270324465430688,0
0,-0.042526884587857305,0
0,-0.09028930371523836,0
0,-0.03844013798329304,0
0,-0.06564737668361736,0
0,-0.06465566548072349,0
1,-0.015359966390029234,0
0,-0.07670255046148783,0
0,-0.08382558501649467,0
0,-0.05596200179245486,0
0,-0.024486243797832097,0
0,-0.06413087357416941,0
0,-0.019225674888400768,0
1,0.010750291012373792,1
0,-0.06242568938734855,0
0,-0.035363601144015766,0
0,-0.08615287346999806,0
0,0.035289161509704514,1
0,-0.059466331578727494,0
0,-0.049627452225347646,0
0,-0.060980629326287006,0
0,-0.06817389538646829,0
1,0.0024301048252370894,1
0,-0.06777035381273416,0
1,-0.05263904624667748,0
1,-0.007425683277582196,0
0,-0.06262136162693216,0
0,-0.05614509836379522,0
0,-0.0676144177483774,0
0,-0.02849501729879622,0
0,0.1454821840900058,1
0,-0.07389828060794146,0
0,-0.07964304218212359,0
0,-0.022057281238687387,0
1,-0.02006253071359887,0
0,-0.06323723898519945,0
0,-0.020568500448033378,0
1,-0.07947137649056468,0
0,-0.08481553696417388,0
0,-0.0559759731845364,0
0,-0.07564892157620567,0
0,-0.08106095108854555,0
0,-0.06709250248278809,0
0,-0.036351769772028864,0
0,-0.04339465818098953,0
0,-0.015707082003193762,0
1,-0.03738011750806797,0
0,-0.04690667640723223,0
0,-0.0550087424494794,0
0,0.0588091508691474,1
0,-0.06056616792387565,0
0,-0.0648131645417494,0
1,-0.019202241582551238,0
0,-0.0628476289659824,0
0,-0.06656577481882159,0
0,-0.04348846812850443,0
0,-0.05604019055746157,0
0,-0.04925546797761432,0
0,-0.018756019195220353,0
1,-0.017043261177559443,0
0,-0.0038426346023416325,0
0,-0.06107009515265904,0
0,-0.08231996024226912,0
0,-0.08195993741205715,0
0,-0.025712281554060412,0
0,-0.01664781371346097,0
0,-0.054414190961162956,0
0,0.031598794038452116,1
1,-0.019505963821408123,0
0,-0.030179155458240348,0
0,-0.0552495849103497,0
0,-0.012787162204782765,0
0,-0.06029400599446605,0
1,-0.012906365148818988,0
1,-0.013379769724126078,0
0,-0.05666893325700961,0
0,-0.08525255770407181,0
0,-0.08320351786726654,0
1,-0.07322300931451453,0
0,-0.06574532465177685,0
0,-0.07578962849062415,0
0,0.035289161509704514,1
1,-0.012906365148818988,0
0,-0.05905666376812707,0
0,-0.06608274756908511,0
1,-0.015359966390029234,0
1,-0.015359966390029234,0
1,-0.013414130836250093,0
1,0.0018256640130435153,1
0,-0.09874735959465752,0
0,-0.055460908753202476,0
0,-0.07484947035534284,0
0,-0.057024531904957876,0
0,-0.0656294796292744,0
0,0.0588091508691474,1
0,-0.06323723898519945,0
1,-0.01738808843901385,0
1,-0.01636851034352016,0
0,-0.07737420796218952,0
0,-0.01721561988012449,0
0,-0.06262136162693216,0
1,-0.01876606469855946,0
0,-0.09155092564167527,0
0,-0.08359782735715982,0
0,-0.09122575714592768,0
0,-0.0527340507556564,0
0,-0.0527340507556564,0
1,-0.01684766364317286,0
0,-0.04680815765139956,0
0,-0.06101276861991278,0
0,-0.06191920615046509,0
0,-0.007663050904182511,0
0,-0.05594948319499243,0
0,-0.07188863293794023,0
0,0.1087339177634199,1
0,-0.055907942152411794,0
0,-0.05335259299343881,0
0,-0.068338363418054,0
0,-0.07343685475528333,0
0,-0.051635888566861576,0
0,0.031598794038452116,1
0,-0.0500386408882918,0
1,-0.015359966390029234,0
0,-0.05461877661969705,0
0,-0.010814498735542633,0
0,-0.04180257775857349,0
1,-0.01738808843901385,0
0,-0.0593120732038927,0
1,-0.01684766364317286,0
1,-0.013579780004946862,0
0,0.013552771301790667,1
0,-0.07550124586848378,0
1,-0.013414130836250093,0
0,-0.10182744178756375,0
0,-0.07978926232407063,0
0,-0.04348846812850443,0
0,-0.0730564389739718,0
1,0.01128504309981282,1
0,-0.061663641410605485,0
0,-0.006207016149836542,0
1,-0.015666438022868323,0
0,-0.047182604932153094,0
0,0.026470276048069175,1
0,-0.04611654388312436,0
0,-0.05115900511551891,0
0,0.07430313442724579,1
1,-0.015359966390029234,0
1,0.015830020202551087,1
0,-0.07156762869099692,0
0,-0.05800420681212948,0
0,0.010427805611739838,1
0,-0.05594948319499243,0
1,-0.01670935978797633,0
0,-0.07723718893865555,0
0,-0.03696560301409291,0
0,-0.04985716501529558,0
0,-0.058089164445987385,0
0,-0.06585474017547038,0
0,-0.04535718601118882,0
0,-0.01540768962165373,0
1,-0.015359966390029234,0
0,-0.07492875765198631,0
0,-0.0613957184031374,0
0,-0.051243878837437806,0
0,-0.03488539907770677,0
0,0.02196104593235093,1
0,-0.07757654169916556,0
0,-0.048768679525466485,0
1,0.0009670018451091167,1
0,-0.042678460527545814,0
1,-0.013414130836250093,0
1,-0.04327225609791929,0
0,-0.09760839654254333,0
1,-0.04961508892719246,0
0,-0.09588126895296861,0
0,-0.07876238629700161,0
1,-0.01684766364317286,0
0,-0.07749147771665632,0
1,-0.01684766364317286,0
0,-0.07827255475460237,0
0,-0.02640610109249031,0
0,-0.0785543224249095,0
1,-0.007425683277582196,0
1,-0.015359966390029234,0
0,-0.04053918866228645,0
0,0.0588091508691474,1
0,-0.08407331058247436,0
0,-0.05049939419611155,0
0,-0.07647319041941392,0
0,-0.05979330070401584,0
0,-0.08099976028775974,0
0,-0.024979056951629663,0
0,-0.0205909243461333,0
1,-0.007425683277582196,0
0,-0.08203392322915043,0
0,-0.0950761306093415,0
0,-0.05706844335047445,0
0,-0.036068882021474125,0
0,-0.07654767826516123,0
1,-0.054987987968704743,0
0,-0.06042118790858736,0
0,-0.037364792607529396,0
0,-0.07965752826517625,0
0,0.058445567371646856,1
0,-0.0237729473339382,0
0,0.0014900850172063773,1
0,-0.06722308625452428,0
1,-0.01636851034352016,0
0,0.035289161509704514,1
1,-0.015359966390029234,0
0,-0.0877800879089572,0
0,0.13789532397168736,1
1,-0.01670935978797633,0
0,-0.0038426346023416325,0
0,-0.036343832439249046,0
0,-0.10316488104464161,0
0,-0.042526884587857305,0
0,-0.020703887659477116,0
0,-0.027595570806137004,0
0,-0.07640440076285138,0
0,-0.07347178205123717,0
1,-0.020017010891274833,0
0,-0.08399776374493084,0
0,-0.020904642570546583,0
0,-0.007697156175768605,0
0,-0.08197532684371617,0
0,-0.002098340439209645,0
1,-0.015666438022868323,0
0,-0.08674864188314135,0
0,-0.06262136162693216,0
0,-0.0855139537972266,0
0,-0.06722297289701279,0
0,-0.06022267458272296,0
0,-0.05570385791531446,0
0,-0.07024959231692712,0
0,-0.009695057370223525,0
0,0.0588091508691474,1
0,-0.0548084672367643,0
0,-0.05948320486595671,0
0,-0.007001769395788171,0
0,-0.056568938070602814,0
0,-0.07958640800771327,0
0,-0.08715648395876674,0
0,-0.08075659010284647,0
0,-0.0639487931765953,0
1,-0.037117566961679505,0
0,-0.06404712418101233,0
1,-0.01876606469855946,0
0,-0.015869807337879738,0
0,-0.07609988370827164,0
0,-0.050585722794844745,0
0,-0.05551828035287254,0
1,-0.02577161821510443,0
0,-0.09383191105516209,0
0,-0.01409065165495127,0
1,-0.015183828558617052,0
0,-0.06629519583820642,0
0,-0.08376865814561113,0
0,0.0588091508691474,1
1,-0.01508493992152915,0
0,0.11823539363750624,1
1,-0.02973315584759323,0
0,-0.07401504816331794,0
0,-0.04584648853889067,0
0,-0.010413837612814392,0
0,-0.05803204237903287,0
0,-0.039697409881241874,0
0,-0.05433631106274672,0
0,-0.02624083680241085,0
0,-0.0741894586186233,0
0,-0.07359297776866469,0
0,-0.03380767284427405,0
0,-0.08314687220914546,0
0,-0.022046356299367298,0
0,-0.0733267668554986,0
0,-0.0839831867156906,0
0,0.12594821929593436,1
0,-0.0873351426509133,0
1,0.006344919523005976,1
0,-0.0632790977208873,0
0,-0.044073475968171405,0
0,-0.0815496378794982,0
0,-0.07081594768854738,0
0,-0.09763031601246663,0
0,-0.06321270766129533,0
0,-0.047392188526793,0
0,-0.056590920599309535,0
1,-0.006270324465430688,0
0,-0.02139884060414038,0
0,-0.006952393884923025,0
0,-0.08266321080346045,0
0,0.09943438793460357,1
0,-0.08119700596315443,0
0,-0.055436440601652925,0
0,-0.05909030372462126,0
1,-0.07173171105435283,0
0,-0.0775177721564983,0
0,-0.07347390420529543,0
1,-0.015359966390029234,0
0,-0.034979150911538914,0
0,-0.05735068823555195,0
0,-0.05753375486979312,0
1,-0.015359966390029234,0
0,-0.05201499480836419,0
0,-0.07474505366396167,0
0,0.0588091508691474,1
1,-0.015359966390029234,0
0,-0.05783264443122155,0
0,-0.05335259299343881,0
0,-0.05521758559829176,0
0,-0.0667012672287105,0
0,-0.07501952038651144,0
1,-0.017043261177559443,0
0,-0.05982695418653283,0
0,-0.014097268736691093,0
1,-0.015359966390029234,0
0,-0.06890535970933437,0
0,-0.0638911312227578,0
0,-0.04757188228613374,0
1,-0.037208217710232305,0
0,-0.08625195817177689,0
0,-0.07186773708777122,0
0,-0.05620958578122143,0
0,-0.08057027588980387,0
0,-0.06302236167364744,0
1,-0.019202241582551238,0
0,-0.03935942108301371,0
0,-0.06968027175269326,0
1,-0.016764872256409713,0
0,-0.03851980716219827,0
0,-0.04599228592358229,0
0,-0.06729098442778769,0
0,-0.05617976909431449,0
0,-0.04781823356537385,0
0,-0.07372559453112304,0
1,-0.012533536587400418,0
0,-0.027934446588374406,0
1,-0.04687576457946241,0
1,-0.04326560836024129,0
1,-0.017623788684232145,0
0,-0.0888360529678332,0
0,-0.09964302493785465,0
0,-0.018412547151552328,0
0,-0.07543911722452906,0
0,-0.05388618869958284,0
0,-0.04357690631477301,0
0,-0.0812691320414512,0
1,-0.0542005518066182,0
0,0.07297262922537884,1
1,-0.01670935978797633,0
0,-0.05602238650429492,0
0,-0.023497966362026168,0
0,-0.04763807599276093,0
0,-0.0849332973468474,0
0,-0.018262563368073137,0
0,-0.043098577893308454,0
0,-0.018661965870027664,0
1,-0.01684766364317286,0
0,0.026470276048069175,1
1,-0.08010417721529883,0
0,-0.08254207078338716,0
0,-0.0038426346023416325,0
0,-0.052749473374510025,0
0,-0.059436881199172786,0
1,-0.06858122688646356,0
0,-0.04624012030099772,0
0,-0.07024105108717082,0
0,0.1262938038417123,1
0,-0.07917003867858446,0
1,-0.015666438022868323,0
0,-0.012435151976509129,0
1,-0.015359966390029234,0
0,-0.021759038847461942,0
0,-0.01462297744754898,0
0,-0.053597024330275966,0
0,-0.060749637920067934,0
0,-0.035479294672263406,0
0,-0.047712504614474516,0
0,-0.033721383272396654,0
1,-0.015359966390029234,0
0,-0.05655412080667027,0
0,-0.04622361321796187,0
0,-0.034741261585139016,0
0,0.09721126296171889,1
0,-0.08582620614465525,0
0,0.09721126296171889,1
0,-0.026350098100154817,0
1,-0.012906365148818988,0
1,-0.02006253071359887,0
0,-0.04905269831146597,0
0,-0.06078232327769195,0
0,-0.08028205769317609,0
0,-0.08582065716382276,0
0,-0.033747124952014707,0
0,-0.05899318218935207,0
0,-0.0038426346023416325,0
0,-0.027251259044433096,0
0,-0.08019824658152197,0
1,-0.01636851034352016,0
0,-0.040412997641746995,0
0,-0.07431117391650893,0
0,0.026470276048069175,1
0,-0.07964304218212359,0
0,-0.07133847172381469,0
0,-0.08922655342039576,0
0,-0.017808645164937298,0
0,-0.05999053054042053,0
0,-0.10074985967476868,0
0,0.04738829124313637,1
1,-0.01876606469855946,0
0,-0.01626760123351756,0
0,-0.0038426346023416325,0
0,-0.07384165060807674,0
0,-0.07972214250884885,0
0,-0.030327506975374785,0
0,-0.06156477280162659,0
0,-0.07268330690056896,0
0,0.09943438793460357,1
0,-0.07922545223369232,0
0,-0.02646577787389387,0
0,-0.06277421204580508,0
0,-0.006012347969642118,0
0,-0.02884349681907611,0
1,-0.012906365148818988,0
0,-0.0668612501045438,0
0,-0.04208984723493575,0
0,-0.07069645015343101,0
0,0.03064770706313269,1
0,-0.07855681018024152,0
1,-0.01876606469855946,0
0,-0.08031774763003119,0
0,-0.10380807077161985,0
0,0.0588091508691474,1
0,-0.027498918906824044,0
1,-0.012906365148818988,0
0,-0.04362694238261183,0
0,0.015399680048199471,1
0,0.1262938038417123,1
1,-0.021485767064474748,0
0,-0.05365116508036383,0
0,-0.10069559030694164,0
0,-0.011142150076345947,0
0,0.014148272044090526,1
0,-0.01709498064096393,0
0,-0.013788915469091667,0
0,0.10308688881055217,1
0,-0.08079703191600973,0
0,-0.03235922317679529,0
1,-0.03466268020771385,0
0,-0.07848873850237631,0
0,-0.10185178199694406,0
0,-0.02037012156085205,0
0,-0.0038426346023416325,0
0,-0.05251620388552258,0
1,-0.015359966390029234,0
0,-0.047191771818437256,0
0,0.1387590907459595,1
0,0.12040229803687452,1
1,-0.015359966390029234,0
0,-0.08430456620356253,0
1,-0.05390941525469717,0
0,-0.05597034239811699,0
0,-0.04499961065631053,0
0,-0.054758479368600066,0
1,-0.007425683277582196,0
0,-0.05396636126532817,0
0,-0.08360967269846137,0
0,-0.07335469370239739,0
0,-0.026828799599559805,0
0,-0.08692455352281725,0
0,-0.0038426346023416325,0
1,-0.018518095911605192,0
0,-0.03973926123815441,0
1,-0.02006253071359887,0
0,-0.060980629326287006,0
0,-0.01702043762089117,0
0,-0.043616384275552034,0
0,-0.01696737975305279,0
0,-0.08984095733168529,0
1,-0.032271752652589636,0
0,-0.052260877297221175,0
0,-0.04593011837853067,0
0,-0.06343419969957587,0
0,-0.0779321065780259,0
0,-0.010856641251624222,0
0,-0.021899371864289585,0
0,-0.000938390107544651,0
0,-0.0250181398398171,0
1,-0.030927248613220104,0
0,-0.02157494213620864,0
0,-0.0518929527070216,0
0,-0.06021958934388327,0
1,-0.06368012081188429,0
0,-0.10463138899116525,0
0,-0.0813790802982629,0
0,-0.0718448200744054,0
0,-0.0586245405259444,0
0,-0.0593120732038927,0
0,-0.05551828035287254,0
0,-0.08626171440041513,0
0,-0.046547313129217616,0
0,-0.07559668023726362,0
0,-0.02296638174602683,0
0,-0.06546068527902643,0
1,-0.018518095911605192,0
1,-0.01670935978797633,0
0,-0.0397479579963792,0
0,-0.08252608864513111,0
0,-0.0038426346023416325,0
1,-0.015359966390029234,0
0,-0.08581739811995892,0
0,-0.05978384182703672,0
0,-0.08415600443813254,0
0,-0.03213023261963305,0
0,-0.02055743284231898,0
0,-0.07363446051671457,0
0,-0.018237936375055053,0
0,-0.06584836277776801,0
0,-0.044112350536775036,0
0,-0.05894477938994003,0
1,-0.012906365148818988,0
0,-0.07447355740474298,0
0,-0.043098577893308454,0
0,-0.04331279897719115,0
1,-0.015183828558617052,0
0,-0.04017664856906128,0
0,-0.06556869652106201,0
0,-0.08448522800184921,0
0,0.006778481640609013,1
0,-0.07497892591718536,0
0,-0.06824171429188003,0
0,-0.05806842412078339,0
1,-0.01876606469855946,0
0,-0.005461685186438581,0
0,-0.03867747376466685,0
0,0.0588091508691474,1
0,-0.07981610817427226,0
0,-0.10006681890296193,0
0,0.111414400531199,1
0,-0.028506701334406526,0
0,-0.09090235853427714,0
0,0.09943438793460357,1
0,0.05513963763497176,1
1,-0.04840394723119479,0
0,-0.011277041353531192,0
1,-0.017043261177559443,0
1,-0.0843777220287244,0
0,-0.02455986825208545,0
0,-0.0038426346023416325,0
0,-0.06931983657720159,0
0,0.1454821840900058,1
1,-0.012906365148818988,0
0,-0.08256213512941396,0
0,-0.009390493271843992,0
0,-0.053827232432672456,0
0,-0.09684722024228709,0
0,-0.06169620207577231,0
0,0.00230529897959586,1
0,-0.06062507667975875,0
0,-0.05432140075087716,0
0,-0.0038903220266522376,0
0,-0.0667091592682123,0
0,-0.036946500131178395,0
0,0.031598794038452116,1
0,-0.07815476226098156,0
0,-0.06046705177513667,0
0,-0.07436277565967137,0
0,-0.026606747888481608,0
0,-0.08858223742979482,0
0,-0.04592086379716698,0
0,-0.07664751902877293,0
0,-0.08451567668987298,0
0,0.05497359777956323,1
0,-0.0674025668735444,0
0,-0.0734749538761813,0
0,-0.08079703191600973,0
0,-0.060312098414602944,0
0,-0.08325070196556494,0
0,-0.0527340507556564,0
0,0.035289161509704514,1
1,-0.015183828558617052,0
0,-0.042293882240071135,0
0,-0.056755796179659534,0
0,-0.055463688619176776,0
0,-0.06310552685091642,0
0,-0.08698716842798315,0
0,-0.06859578109688452,0
0,-0.048467591975545676,0
0,-0.03187384097584178,0
0,0.059814628993183905,1
0,-0.011629130293892898,0
0,-0.060315186930197884,0
1,-0.05889462754823577,0
1,-0.015359966390029234,0
0,-0.053266760190099516,0
0,-0.08139250015404748,0
0,-0.05276076582877831,0
0,-0.0793691168683846,0
0,0.12594821929593436,1
0,-0.04833073429216145,0
0,-0.06251382142404655,0
0,-0.042995521856183105,0
0,-0.08153845112861463,0
0,-0.06968717527192808,0
0,-0.06546068527902643,0
0,-0.016552891617350907,0
0,-0.054122251830622914,0
0,-0.0740145199258681,0
0,-0.03696560301409291,0
0,-0.06996872169609031,0
0,-0.045207928714483314,0
0,0.05745286763896418,1
0,-0.05846794577327541,0
0,-0.03129382258904867,0
1,0.00034727729939088015,1
1,-0.01876606469855946,0
0,-0.05371189242544161,0
1,-0.015359966390029234,0
0,-0.04517882808848139,0
0,0.02196104593235093,1
0,-0.06682436708520939,0
0,-0.018606972518153186,0
0,-0.07298058823655407,0
0,-0.08180809434268899,0
0,-0.053590350860968916,0
0,-0.05576747748919619,0
0,-0.052211878385637955,0
0,-0.08236788970066983,0
0,0.09721126296171889,1
0,-0.07887618490684561,0
0,-0.06056616792387565,0
0,-0.07075795466919294,0
0,-0.07091165222999712,0
0,-0.0750078519903819,0
0,-0.072818251499837,0
0,-0.060980629326287006,0
0,-0.024941707346427644,0
0,-0.08532544417181309,0
0,-0.06101276861991278,0
0,-0.08516385376403912,0
0,-0.07643440771434462,0
0,-0.0038426346023416325,0
0,-0.04946609333989116,0
0,-0.04554219909499091,0
0,0.111414400531199,1
0,-0.057699140331612664,0
0,-0.05285409844529082,0
0,-0.08653782750004718,0
0,-0.04110838130976591,0
0,-0.06580793874236185,0
0,-0.07504233533174004,0
0,-0.034065882089912014,0
1,-0.007425683277582196,0
0,-0.04348846812850443,0
1,-0.031665584255263335,0
1,-0.019202241582551238,0
0,-0.05058011662730327,0
0,-0.01981955018276349,0
0,0.035289161509704514,1
1,-0.055455348739440635,0
0,-0.07452395724854388,0
0,-0.021395622034478368,0
0,-0.0541983986927459,0
0,-0.02673792768914135,0
0,-0.08302635244822698,0
0,-0.06252911498618513,0
1,-0.017768194614598942,0
0,-0.07178427587442104,0
0,0.00010512151190744667,1
0,-0.08983176619231309,0
0,-0.04328273074416372,0
0,-0.0740953392652437,0
0,-0.04209605502454333,0
0,-0.081807161809477,0
0,-0.03713049861744183,0
1,-0.015359966390029234,0
1,-0.014079871046721537,0
0,-0.10256329196221259,0
1,-0.018518095911605192,0
0,-0.051505928372046816,0
0,-0.05010048737606404,0
0,0.1387590907459595,1
1,-0.09096407533319278,0
0,-0.04778768558481927,0
0,-0.07102277122791284,0
0,-0.04983907210691413,0
0,-0.06682546968843278,0
0,-0.01032600460218841,0
0,-0.05442149000660912,0
0,-0.03845342334280821,0
1,-0.015359966390029234,0
0,0.026470276048069175,1
0,-0.06604366374037152,0
0,-0.04357931039631657,0
0,-0.05869820328949166,0
0,-0.07897001192302217,0
1,-0.015183828558617052,0
0,-0.04202107939163968,0
0,-0.055290788365681465,0
1,-0.008958714677025248,0
0,-0.08494391340307339,0
0,-0.06056616792387565,0
1,-0.015666438022868323,0
0,-0.016123411859013836,0
0,-0.06513131906380981,0
1,-0.013414130836250093,0
0,-0.08022155445573687,0
0,-0.06982495827603241,0
0,-0.025124536020013966,0
0,-0.07663230587573555,0
0,-0.07794155629483435,0
0,-0.0527340507556564,0
0,0.016736787493825678,1
0,-0.08450398565447725,0
0,-0.04331279897719115,0
0,-0.073868140666495,0
0,-0.08700332624966484,0
0,-0.0038426346023416325,0
0,-0.026677221278533336,0
0,-0.07456715656205831,0
1,-0.055138178962984674,0
0,0.06626396962815828,1
1,-0.012906365148818988,0
0,-0.07696593665621232,0
0,-0.07537207329021461,0
0,0.02196104593235093,1
0,-0.06630682344614075,0
0,-0.06121073247217407,0
0,-0.04778768558481927,0
0,-0.07523823369187427,0
0,-0.03020329433696195,0
0,0.031598794038452116,1
0,-0.06581064355295924,0
0,-0.026391023606775643,0
0,-0.06338605225428257,0
0,-0.08305593226680619,0
0,-0.041857286750186684,0
1,-0.015359966390029234,0
0,-0.044872987804800035,0
1,-0.01670935978797633,0
0,-0.07985986973355969,0
0,-0.010227056658359046,0
0,-0.07668146404787962,0
0,-0.03398891607268972,0
0,-0.03453487466238553,0
0,-0.08683679705143388,0
0,-0.05541802563186449,0
0,-0.0901674344775184,0
0,0.111414400531199,1
0,-0.09298052246408145,0
0,-0.07364098869470947,0
0,-0.07750608990034025,0
1,-0.0039855397880645405,0
0,-0.06973901289352791,0
0,-0.0038426346023416325,0
0,-0.048118245511814206,0
0,-0.07474568240389118,0
0,-0.06632841916853816,0
0,-0.08417621462133851,0
1,-0.015359966390029234,0
1,-0.01636851034352016,0
0,-0.053590350860968916,0
0,-0.009600625640253435,0
0,-0.08936539511976449,0
0,-0.03678285295399997,0
0,-0.01507612046588036,0
0,0.026470276048069175,1
0,-0.06490605494432405,0
0,-0.053624635912624785,0
1,-0.05916644564219187,0
0,-0.07329429870837795,0
1,-0.012906365148818988,0
0,-0.02910694870049335,0
0,-0.0789687541388504,0
1,-0.015359966390029234,0
0,-0.07845069870323723,0
0,-0.053794043320215645,0
1,-0.015183828558617052,0
1,-0.04287013816561819,0
0,-0.06077302069884111,0
0,-0.023521432880320492,0
0,-0.049440665242109993,0
0,-0.015730953260897296,0
0,-0.04871668558822684,0
0,-0.07955443553949254,0
0,-0.059189730334646695,0
0,-0.04017664856906128,0
0,-0.05125582881975538,0
0,-0.008012464582877632,0
0,-0.07672121929719555,0
0,-0.06077302069884111,0
1,-0.01636851034352016,0
0,-0.07579247298700087,0
0,-0.08162947037375484,0
0,-0.06597035511549332,0
0,-0.08004602363591845,0
0,-0.07069701935151113,0
0,-0.07375237062791368,0
0,-0.06424371967293624,0
0,-0.023281648179827696,0
0,-0.05017603203860588,0
0,-0.09501220203503041,0
0,-0.05985130279863349,0
0,0.026470276048069175,1
0,-0.04482216732993077,0
0,-0.054100864864419174,0
1,-0.050218076147599044,0
1,-0.033712174736592604,0
0,-0.035119882726003415,0
0,-0.06691269107946435,0
0,-0.055290788365681465,0
0,-0.06953297967708738,0
0,-0.07004142823108228,0
1,-0.0417323053213679,0
0,-0.05574973049093568,0
1,-0.01738808843901385,0
0,-0.051432623888739926,0
0,0.0588091508691474,1
0,-0.06262136162693216,0
0,-0.08462617891638535,0
0,-0.023491339801964828,0
0,-0.09030148677781219,0
0,-0.08431206333868174,0
1,-0.015183828558617052,0
1,-0.013414130836250093,0
0,-0.042039633642671326,0
0,0.029532869839952403,1
1,-0.018518095911605192,0
0,-0.04584344021588349,0
0,-0.05944101958416376,0
0,-0.05622148319701159,0
0,-0.08331547146441626,0
0,0.02196104593235093,1
1,-0.007425683277582196,0
0,-0.0038426346023416325,0
0,-0.05626813021884086,0
0,-0.07231025286150361,0
0,-0.05068706721629207,0
0,0.1454821840900058,1
0,-0.0689428558142251,0
0,-0.07763484240693908,0
0,-0.052865701512709695,0
0,-0.060347349902606706,0
0,-0.10027171791447886,0
0,-0.0075062770366401965,0
0,-0.02662058379491017,0
0,-0.082202611929097,0
0,-0.06638328654147735,0
0,-0.09147014201612907,0
0,-0.07821541913522706,0
0,0.02196104593235093,1
1,-0.01670935978797633,0
0,-0.017764401445114042,0
0,-0.049380933772657454,0
1,-0.006288388275190682,0
0,-0.05336182466243794,0
0,-0.06397111648611181,0
0,-0.06079356415715742,0
0,-0.07474671096523999,0
0,-0.07712382458018369,0
0,-0.056704516037468844,0
0,0.026470276048069175,1
0,-0.03721510888576662,0
0,-0.06963479253546345,0
0,-0.05554619760667062,0
0,-0.0983369677494017,0
0,-0.03174801190440957,0
0,-0.07919465832498179,0
0,-0.06496295651606127,0
0,-0.09271501314036057,0
0,-0.06143065364078221,0
0,-0.06313987625476258,0
0,-0.044112350536775036,0
0,-0.05371189242544161,0
0,-0.1014319793812557,0
1,-0.07705404587742509,0
0,-0.04673876646148761,0
0,-0.0534741992909728,0
0,-0.04209605502454333,0
0,-0.01027546083506331,0
0,-0.005147996904774577,0
0,-0.07650465510906812,0
1,-0.05796552068683314,0
0,-0.04874948811067403,0
0,-0.06184377143403891,0
0,-0.06378067206614191,0
0,-0.03060227686428224,0
0,-0.05080652546290004,0
0,-0.0559759731845364,0
0,-0.07677418176720063,0
0,0.08356291934491078,1
0,-0.08089366337485582,0
0,-0.0742113649344428,0
0,-0.08930168417709305,0
0,-0.07103227025241171,0
0,-0.0730649439450653,0
0,-0.059905893341024974,0
0,-0.04337098679810847,0
0,-0.07197411658157837,0
0,-0.020842527651068143,0
0,-0.09609937475062619,0
0,0.06531130347241698,1
0,-0.028136435167351204,0
0,-0.05551828035287254,0
0,-0.07969301908663973,0
1,-0.017043261177559443,0
0,-0.06496295651606127,0
1,-0.01670935978797633,0
0,-0.05798454274573556,0
0,-0.06722668929784564,0
1,-0.015359966390029234,0
1,-0.0643877225007552,0
1,-0.06940199006893061,0
0,-0.07957742449882965,0
0,-0.05918432305062188,0
0,-0.09674892855181733,0
0,0.006778481640609013,1
0,-0.058335767012229756,0
0,0.006778481640609013,1
1,-0.015359966390029234,0
0,0.02196104593235093,1
0,-0.10250382954384857,0
1,-0.06321133188064548,0
0,-0.06323723898519945,0
0,0.11116238115833188,1
0,-0.006276630900015179,0
1,-0.012906365148818988,0
0,-0.06308056146215352,0
0,-0.060980629326287006,0
0,-0.06543962310860135,0
1,-0.01738808843901385,0
0,-0.00387950657038566,0
0,-0.09144792810243474,0
0,-0.09095020996016667,0
0,-0.03860607188810744,0
0,-0.05746396699374445,0
1,0.00034727729939088015,1
0,-0.07468986548558293,0
0,-0.08075659010284647,0
0,-0.05484165425003912,0
0,-0.011411123414963475,0
0,-0.04718403809335697,0
0,0.16608148388901844,1
0,-0.06222552011444232,0
0,-0.04136779491250864,0
0,-0.04887149764852394,0
1,-0.052526264321378635,0
0,-0.05378522572580474,0
0,-0.03806556731834543,0
0,-0.06857818583472297,0
0,-0.04695132198134183,0
0,-0.04069815303691132,0
0,-0.037987808359070396,0
0,-0.05985681141603394,0
0,-0.03942118909396336,0
0,-0.06302540188668354,0
0,-0.0722139618880398,0
1,-0.018518095911605192,0
0,-0.04212024380669099,0
0,-0.08649051009833691,0
0,-0.07267622321304079,0
0,-0.056588031906436576,0
0,0.12594821929593436,1
0,-0.08079703191600973,0
0,-0.06826882899655529,0
0,-0.05725373619648938,0
0,-0.05802184162278645,0
0,-0.06589403155787626,0
1,-0.019505963821408123,0
0,-0.05976316690182387,0
0,-0.027936169248722387,0
0,-0.07509321437313787,0
0,-0.046423869294688835,0
0,-0.05706183193404557,0
0,0.0023164577685372834,1
0,-0.06291723914509667,0
0,-0.05767787836088406,0
0,-0.045355356095643895,0
0,-0.06622106323252047,0
0,-0.03278297441135786,0
0,-0.08261862161650402,0
1,-0.012906365148818988,0
0,-0.013312754583236108,0
0,-0.05541802563186449,0
0,-0.03356972820757459,0
0,-0.07297844936200953,0
0,0.006778481640609013,1
0,-0.057992883343838175,0
0,-0.08299529815997653,0
1,-0.015359966390029234,0
0,-0.0799903441049149,0
1,-0.052897213175663815,0
0,-0.06698986751123365,0
0,-0.04848936842594309,0
0,-0.044949783930484266,0
0,-0.07328871281125893,0
0,-0.042739681547851516,0
1,-0.015359966390029234,0
0,-0.04484484536191463,0
1,-0.01670935978797633,0
1,-0.01684766364317286,0
0,-0.0886686498832403,0
0,-0.059354899092797064,0
0,-0.07087145284808888,0
0,-0.0818581034450403,0
0,-0.00987428018669917,0
0,-0.09173059280674645,0
0,-0.04501134010112806,0
0,-0.05438938423635692,0
0,-0.04654944427994717,0
0,-0.05649937494659346,0
0,-0.09208607781715694,0
0,0.013697618332219053,1
0,-0.08674268978665522,0
1,-0.0077234569141232945,0
1,-0.01876606469855946,0
1,-0.01738808843901385,0
1,-0.013414130836250093,0
0,-0.07067574207836419,0
0,-0.08079703191600973,0
1,-0.006270324465430688,0
0,0.0588091508691474,1
0,-0.037045185943668346,0
0,-0.0769482494882045,0
0,-0.07500505953004832,0
1,-0.012906365148818988,0
0,-0.07416151429359286,0
0,-0.08279722684104485,0
0,-0.015580174842920125,0
0,-0.06184377143403891,0
0,-0.053556500665532414,0
0,-0.09209057831136469,0
0,0.111414400531199,1
0,-0.06487151135489494,0
0,-0.07935734896143087,0
0,-0.052605137696744686,0
0,0.0588091508691474,1
0,-0.0038426346023416325,0
0,-0.05557367839606059,0
1,-0.07051061806853604,0
0,-0.09665212447978794,0
0,0.02196104593235093,1
0,-0.05905666376812707,0
0,-0.036347643478351344,0
0,-0.022523621757134293,0
0,-0.058379903319009,0
0,-0.04386322348040561,0
0,-0.05617976909431449,0
0,-0.03738721518854854,0
1,-0.015359966390029234,0
0,-0.023616360936784042,0
0,-0.05978945795716867,0
0,-0.016345603559283828,0
1,-0.033464208891596736,0
1,-0.02006253071359887,0
0,-0.06400755888916432,0
0,-0.07277213156083223,0
1,-0.01876606469855946,0
1,-0.01876606469855946,0
0,-0.04788684629621581,0
0,-0.04788966097300845,0
1,-0.018518095911605192,0
0,0.031598794038452116,1
0,-0.008466455225353053,0
0,0.11116238115833188,1
0,-0.05086661095824241,0
1,-0.02006253071359887,0
0,-0.04765976504863695,0
1,-0.012906365148818988,0
0,-0.08851186311209919,0
0,-0.05735068823555195,0
0,-0.08649158059779954,0
1,-0.07209019862927918,0
0,-0.01565640967704851,0
0,-0.06830730318357642,0
0,-0.07764834658673248,0
0,-0.05749451167544828,0
0,-0.07666887580705944,0
1,-0.01876606469855946,0
0,0.1454821840900058,1
0,-0.07570710590135837,0
0,-0.03954377101875073,0
0,-0.06414936013080408,0
0,-0.07164403810204623,0
0,-0.02384336389129582,0
0,-0.06673470267602571,0
0,0.0588091508691474,1
0,-0.08876961657036175,0
0,0.0588091508691474,1
0,-0.07884897197904339,0
1,-0.01738808843901385,0
0,-0.021932800995501545,0
1,-0.012533536587400418,0
0,-0.05655412080667038,0
0,-0.012194047038102396,0
0,-0.05218381808485084,0
0,-0.025231930266824076,0
0,-0.07287815148843929,0
0,-0.04790270619294856,0
0,0.035289161509704514,1
0,-0.05250975502259958,0
0,-0.0038426346023416325,0
0,-0.023384697081129446,0
0,-0.08724880556002806,0
0,-0.08079703191600973,0
0,-0.10475459285221334,0
0,-0.060980629326287006,0
0,0.09943438793460357,1
0,-0.010068976917428973,0
1,-0.01684766364317286,0
0,0.026470276048069175,1
1,-0.01876606469855946,0
0,-0.05276076582877831,0
0,-0.07624476626306187,0
0,-0.06711940657485438,0
0,-0.07707810836382178,0
0,-0.07952789313583652,0
0,-0.04283969643031166,0
0,-0.08061348964659798,0
0,-0.030066560676351606,0
0,-0.01691445426796334,0
0,-0.07656813834710119,0
0,-0.057777623477549334,0
0,-0.05564928897445903,0
0,0.026470276048069175,1
0,0.02196104593235093,1
0,0.006778481640609013,1
0,-0.0544965518722782,0
0,-0.04116705987222713,0
0,-0.06404712418101233,0
0,-0.05087067077640145,0
0,-0.06252398547994031,0
0,0.0035956030988003596,1
0,-0.04209605502454333,0
0,-0.05544220379636561,0
0,-0.08783510865292543,0
0,-0.06175559923292068,0
1,-0.01670935978797633,0
0,0.09063819770020742,1
0,-0.020944001107100263,0
0,-0.036874357896817034,0
1,-0.01876606469855946,0
1,-0.01670935978797633,0
0,-0.07421788776864036,0
0,-0.06016371187517899,0
0,-0.06899756881032554,0
0,-0.051221587326388596,0
1,-0.012906365148818988,0
0,-0.01197666829917049,0
0,-0.05654867342418218,0
0,-0.06586497569078376,0
0,-0.08156348022706994,0
0,0.12594821929593436,1
0,-0.03825406933071668,0
0,-0.00855182817285971,0
0,-0.05530803959052716,0
0,-0.09040562676196073,0
0,-0.055442262746309534,0
0,-0.03816444684614301,0
0,-0.05372290848781591,0
0,-0.002619565736116547,0
0,-0.10114974577039498,0
0,-0.04025844318774641,0
0,-0.04195899247223245,0
1,-0.018518095911605192,0
0,0.017301134443098554,1
0,-0.0711852856148315,0
1,-0.01738808843901385,0
0,-0.04348846812850443,0
0,-0.07927759588624622,0
0,-0.039958405394346974,0
0,0.0588091508691474,1
0,-0.051115616352638615,0
0,-0.053827769805896986,0
0,-0.020371939485444468,0
0,-0.07962381449900058,0
0,-0.06087794750975273,0
0,-0.05614509836379522,0
0,-0.021841587289144815,0
0,-0.07964304218212359,0
0,-0.0038426346023416325,0
0,-0.08946481558468872,0
0,-0.05735068823555195,0
0,-0.02555702209668298,0
0,-0.04692941893576852,0
1,-0.01684766364317286,0
1,-0.00019622769989091626,0
0,-0.07062943385527509,0
0,0.041451446717275076,1
0,-0.07964304218212359,0
1,0.006954369166321639,1
0,-0.07738931220173317,0
0,-0.010369548250347638,0
0,-0.023506945116111122,0
0,-0.0668546987369158,0
0,-0.08626084054786043,0
0,-0.0517240404745814,0
0,-0.05779521447064645,0
0,-0.08191344504157688,0
1,-0.01670935978797633,0
0,-0.06049468493144755,0
0,-0.07719904431263702,0
0,-0.07938239775183353,0
0,-0.07152132105438835,0
0,-0.05941144980415941,0
0,-0.07315663258030214,0
0,-0.07640196250152298,0
1,-0.015649776343674315,0
0,-0.05714373865083949,0
1,-0.01636851034352016,0
1,-0.003910254082305442,0
1,-0.015183828558617052,0
1,-0.01876606469855946,0
0,-0.07957055863812473,0
0,-0.019728796637981827,0
0,-0.06771793735569825,0
0,-0.0038426346023416325,0
0,-0.055009228954919054,0
0,-0.06941954124913435,0
0,-0.028712722985195782,0
0,-0.07764650533294692,0
0,0.06083237939479269,1
0,-0.08759474306760495,0
0,-0.05881997598205879,0
0,0.02196104593235093,1
0,-0.07960721017522776,0
0,-0.08036908586941444,0
0,-0.06056616792387565,0
0,-0.027628986950084533,0
0,-0.06313351622706376,0
0,-0.060672060234324476,0
0,-0.07257456004326673,0
1,-0.013414130836250093,0
1,-0.0766555923486984,0
0,-0.012463595403805205,0
0,-0.01656034390255906,0
0,-0.039147996763987836,0
0,-0.04846641565559118,0
0,-0.013101920064870765,0
1,-0.012138363772458194,0
0,0.12467864565587294,1
0,-0.04320302837940615,0
0,-0.07181928828252598,0
0,-0.0550087424494794,0
0,-0.07810682540263514,0
0,-0.07779282677285476,0
0,-0.06597316604472453,0
1,-0.07363144079148015,0
0,-0.04471051051850117,0
0,-0.011452854890154573,0
1,-0.017730800377338873,0
0,-0.0802488750822497,0
0,-0.03507478027084737,0
0,0.111414400531199,1
0,-0.052100767902621026,0
1,-0.012906365148818988,0
0,0.006778481640609013,1
1,-0.028959396115518454,0
1,-0.020120122682346975,0
0,-0.03410681361296514,0
0,-0.0786253268240415,0
0,-0.10157372540778892,0
0,-0.05968150408641015,0
0,0.015482447364290608,1
0,-0.08201773940885398,0
0,-0.035995884164178205,0
0,0.09721126296171889,1
0,-0.08225978876810064,0
0,-0.06626817840066973,0
1,-0.019505963821408123,0
0,-0.07304624860420755,0
0,-0.05882769774310226,0
1,-0.015359966390029234,0
0,-0.06416774625414906,0
1,0.0022072743091861025,1
0,-0.06322844610137968,0
0,-0.051087266586723856,0
0,-0.09013460961077069,0
0,-0.09696481475575525,0
0,-0.026807844005961368,0
0,-0.041846231356212515,0
0,-0.08891397736477696,0
0,-0.026551389757915878,0
0,-0.06377444265972732,0
0,-0.07176969657530508,0
0,0.09721126296171889,1
0,-0.05344924158130632,0
0,-0.011014005804715121,0
0,-0.0731073189877876,0
0,-0.04827676727461516,0
0,-0.06608274756908511,0
0,-0.08624081331670508,0
1,-0.012906365148818988,0
0,-0.05650450287084591,0
0,-0.04331279897719115,0
0,-0.0767043807621442,0
1,-0.018112772524855603,0
0,-0.08197561432823203,0
0,-0.045794221158960036,0
0,-0.07986764024086296,0
0,-0.009491372802943931,0
0,-0.08107864728077424,0
0,-0.07845614327617645,0
1,-0.017623788684232145,0
0,-0.0075251763629017865,0
0,-0.08265063436727788,0
1,-0.01202083562240075,0
0,-0.06770563871133273,0
0,-0.03790387285645991,0
1,-0.015930509145943017,0
0,-0.04209605502454333,0
0,-0.05501327716394283,0
0,-0.040857269292786935,0
0,-0.06496295651606127,0
0,-0.0038426346023416325,0
1,-0.013373746914196794,0
0,-0.09382044840135789,0
0,-0.06323723898519945,0
0,0.1454821840900058,1
0,0.09075271629853099,1
1,-0.013768175023950224,0
0,-0.07236688083113196,0
0,-0.0749334704106156,0
0,0.006778481640609013,1
0,-0.08630294351114642,0
0,-0.05761107922201969,0
0,-0.08795231300472756,0
0,-0.049277209401185684,0
0,-0.06855120156326433,0
1,-0.012533536587400418,0
0,-0.07827713092504629,0
0,-0.0527340507556564,0
0,-0.06131561093614718,0
0,-0.02111035280685969,0
1,-0.016764872256409713,0
0,-0.07977911626351641,0
0,-0.04742887137747581,0
0,-0.022810733780503245,0
1,-0.012906365148818988,0
0,-0.06581064355295924,0
0,-0.012234674762675146,0
0,-0.019883160644417475,0
0,-0.022572881451602633,0
0,-0.07397997956920171,0
0,-0.07667748254206946,0
1,-0.013532045090530076,0
0,-0.08121304219732423,0
0,-0.07750580503722476,0
0,-0.06358744499472796,0
0,-0.07366440182296441,0
0,-0.08750836332000039,0
0,-0.00813974506730658,0
0,-0.03710262204052733,0
0,-0.04461238822658803,0
0,-0.006760886995359705,0
0,-0.0799903441049149,0
0,-0.07690215646450604,0
0,-0.04010639301997593,0
0,-0.054767691160236553,0
0,0.08814453968938118,1
0,-0.03745080256116634,0
0,-0.07733755593742608,0
1,-0.015359966390029234,0
0,-0.04819870402697496,0
0,0.111414400531199,1
0,-0.032986078675493136,0
0,-0.03696560301409291,0
0,-0.09362402147034088,0
0,-0.05125506919934564,0
1,-0.015343559786735572,0
0,-0.04861624458092295,0
1,-0.01670935978797633,0
0,-0.07388858726495123,0
0,-0.02473721477068236,0
0,-0.05442329350235292,0
0,-0.06397111648611181,0
0,-0.05894477938994003,0
0,-0.011334470833403276,0
0,-0.002658097280102245,0
0,-0.08205189113396139,0
0,-0.06342829009625961,0
0,-0.036059373033207276,0
1,-0.019202241582551238,0
0,-0.07971590553389901,0
0,-0.019845037281999045,0
1,-0.01636851034352016,0
0,-0.08240452746962057,0
1,-0.07648301667244684,0
0,-0.03867747376466685,0
0,-0.05286161977075249,0
0,-0.07464009411353101,0
0,-0.07270685768134838,0
0,-0.07540976075587746,0
0,-0.05461007641770427,0
1,-0.053907840391971884,0
0,-0.08078393229439107,0
1,-0.012906365148818988,0
0,-0.01078500959442441,0
0,-0.06383366320845107,0
0,-0.09480581798690996,0
0,-0.08150855748335678,0
1,-0.05740599977789246,0
0,-0.08932250917045415,0
0,-0.07792134060139283,0
0,0.051812707336540975,1
1,-0.019202241582551238,0
0,-0.06564737668361736,0
0,-0.013961969346397984,0
0,-0.08396070123223065,0
0,-0.07646481479756562,0
0,-0.06623771350856084,0
0,-0.0013970352114646145,0
0,-0.08107864728077424,0
1,-0.012138363772458194,0
0,-0.05601255874991706,0
0,-0.05043120966948822,0
1,-0.01636851034352016,0
1,-0.07090543244662556,0
0,-0.04308132349192251,0
0,-0.04080301707912709,0
1,-0.01636851034352016,0
1,-0.015343559786735572,0
0,-0.08508141336640773,0
0,-0.013494078122024578,0
1,-0.015359966390029234,0
0,-0.08316519577511411,0
0,-0.00411548825573177,0
1,-0.07609014119834534,0
1,-0.022017812256706626,0
1,-0.015487024097411095,0
0,-0.076128400818336,0
0,-0.07055646468509402,0
0,-0.02896589242594677,0
1,-0.013414130836250093,0
0,-0.06672776535152852,0
0,-0.09171941124970207,0
0,-0.05905616880312614,0
1,-0.07026801295334995,0
0,-0.061473378724051175,0
0,-0.07842241215288537,0
0,-0.05274283665435059,0
1,0.0029935110783294583,1
0,-0.042875567605275444,0
0,-0.03443818455279418,0
0,-0.020522035208691725,0
0,-0.07630146166571522,0
0,-0.08851960525250135,0
0,0.111414400531199,1
1,-0.018050338748055228,0
0,-0.012471235652946222,0
0,-0.05541802563186449,0
0,-0.04261032855843472,0
0,-0.084983016757402,0
0,-0.04348846812850443,0
0,-0.054947632019416326,0
0,-0.04822607202917528,0
0,-0.037080226414166806,0
0,-0.04011350795929558,0
0,-0.0341447754426325,0
0,-0.07209015775275535,0
0,-0.08121086837650787,0
0,-0.08698712258822133,0
0,-0.05488174163222015,0
0,-0.053590350860968916,0
0,-0.07347924849865434,0
0,-0.08677161148847834,0
0,-0.09840927424796081,0
0,0.031598794038452116,1
0,-0.08127093795142115,0
0,-0.06107962966157182,0
0,-0.05694393993655322,0
0,-0.06788588636404347,0
0,-0.06916131324619501,0
0,-0.05864044148995334,0
1,-0.010546068665625852,0
0,0.08031330508025125,1
0,-0.015307355264266742,0
0,-0.0038426346023416325,0
0,-0.06147593361775561,0
0,-0.050585722794844745,0
0,-0.0927883226374121,0
0,0.11823539363750624,1
1,-0.013414130836250093,0
1,-0.017768194614598942,0
0,-0.07782651978388455,0
1,-0.013414130836250093,0
0,-0.05304955561108343,0
0,0.041451446717275076,1
0,-0.044244666073578964,0
0,-0.04072464050562491,0
1,-0.01876606469855946,0
1,-0.015359966390029234,0
0,-0.04568237831964317,0
1,-0.009834764484795644,0
1,-0.015962008411279427,0
0,-0.0038426346023416325,0
0,-0.008186538842883229,0
1,-0.01684766364317286,0
0,-0.040134509052009715,0
0,-0.08078645414762842,0
0,0.0588091508691474,1
1,-0.043191941016054836,0
1,-0.02613668019115578,0
0,-0.018300001161544954,0
1,-0.013414130836250093,0
0,-0.05276484849138957,0
0,-0.02049591771452336,0
0,0.07987174098896532,1
0,-0.05733882527245571,0
0,-0.08556127608253955,0
0,-0.04982577810829403,0
0,-0.08456077553014202,0
0,-0.004874564044150709,0
0,-0.03019251913491139,0
0,-0.08075659010284647,0
0,-0.02427869093069679,0
0,-0.05864044148995334,0
0,-0.06298826477456299,0
0,-0.012837219126389132,0
1,-0.012906365148818988,0
0,-0.06692221177656477,0
0,-0.08306759667476782,0
1,-0.015359966390029234,0
0,-0.037070018818069095,0
1,-0.012533536587400418,0
1,-0.01738808843901385,0
0,-0.07586543767447707,0
0,0.111414400531199,1
0,-0.0721807387879726,0
0,-0.06729786565441342,0
0,-0.08780126971723501,0
0,-0.012380775639637076,0
0,-0.05247712543353228,0
0,-0.0534741992909728,0
0,-0.036819959068952524,0
0,-0.047491643252658866,0
0,0.0991166928871362,1
0,-0.06308322343139605,0
0,-0.07876007968142273,0
1,-0.014926835742351319,0
1,0.0022072743091861025,1
0,-0.05891766414518995,0
0,0.0814946114252807,1
0,-0.06376237257122452,0
0,-0.038348542963783705,0
0,-0.07700053182956434,0
0,-0.08348142579734324,0
0,-0.043329210093869086,0
0,-0.02203686557042739,0
0,-0.07676897021914197,0
0,-0.08864384021152233,0
0,-0.06589403155787626,0
0,-0.04357931039631657,0
1,-0.015666438022868323,0
1,-0.03708957164756249,0
0,-0.014185296821587146,0
0,-0.008332973161341739,0
0,0.1454821840900058,1
0,-0.01982603778163633,0
0,-0.05233797448882599,0
0,-0.06672026628582617,0
0,-0.04372885957873651,0
1,-0.06825873376798575,0
0,-0.08389504145499299,0
1,0.002360851465725511,1
0,-0.07325637211774838,0
0,0.09721126296171889,1
0,-0.023590106393340804,0
0,-0.04368050107983351,0
1,-0.012533536587400418,0
0,-0.053827232432672456,0
0,-0.08285468756107811,0
0,-0.05591977209705368,0
0,-0.058494478859000776,0
0,-0.042318565216262316,0
0,-0.06486622724847518,0
1,-0.015183828558617052,0
0,0.021815012654221033,1
0,0.09721126296171889,1
0,-0.042199313894445256,0
0,-0.053590350860968916,0
0,-0.05617976909431449,0
0,-0.07703117370214696,0
1,-0.06824058671564076,0
0,-0.06682546968843278,0
0,-0.07601774682938617,0
0,0.006778481640609013,1
0,-0.022575688985882025,0
0,-0.05296762676639866,0
1,-0.05073570534473332,0
0,-0.06107009515265904,0
0,-0.04355264106214868,0
0,-0.0819229999423583,0
0,-0.08049968639740634,0
0,-0.07898441566393377,0
0,-0.06363622356135673,0
0,-0.08098415780801366,0
0,-0.10043522436027974,0
0,-0.057756226616157424,0
1,-0.01536220802121091,0
0,-0.0038426346023416325,0
0,-0.019888277769683382,0
0,-0.06564737668361736,0
1,-0.01876606469855946,0
0,-0.050200744137448794,0
0,-0.037807875196593455,0
0,-0.06252398547994031,0
0,-0.07964304218212359,0
0,-0.06898828511736876,0
0,-0.0578488188127832,0
0,-0.06770076602272923,0
1,-0.0547855274688569,0
0,0.12594821929593436,1
0,-0.10609625970362824,0
0,-0.07175479450676014,0
0,-0.03975736886250436,0
0,-0.030073451285506425,0
0,-0.06400151147966165,0
0,-0.04774198302949467,0
0,-0.07289111647317464,0
0,0.21835872012308,1
0,-0.04976428066540617,0
0,-0.06150202599132226,0
0,-0.019590548000252173,0
0,-0.047175350053534015,0
0,-0.09243278637381586,0
0,-0.08849124652834761,0
0,-0.009748843416639286,0
1,-0.015359966390029234,0
0,-0.043663775659120885,0
0,-0.10127888905619514,0
0,0.09721126296171889,1
0,-0.04985763848454228,0
0,-0.07874487014821491,0
0,-0.07941177678884825,0
0,-0.04778768558481927,0
0,-0.047907992464746196,0
0,-0.04328457999270774,0
1,0.011977260666379275,1
0,-0.05619216764796042,0
0,-0.07288117847774905,0
0,-0.04140246691218147,0
0,-0.07558782739018127,0
0,-0.04187622905259042,0
0,-0.05919384408640965,0
0,-0.04489004349865827,0
0,-0.07397213692730953,0
1,-0.043364446543904034,0
1,-0.061010027630417074,0
0,-0.0284419195626614,0
1,-0.02006253071359887,0
0,-0.05864044148995334,0
0,-0.07758210855425574,0
1,-0.01684766364317286,0
0,-0.08697168691162604,0
1,-0.013532045090530076,0
1,0.011977260666379275,1
0,-0.08155923631495743,0
1,-0.012906365148818988,0
1,-0.019202241582551238,0
1,-0.015359966390029234,0
0,0.111414400531199,1
0,-0.04360049713209396,0
0,-0.05172479753162684,0
0,-0.021619686482180933,0
0,-0.07433593381050513,0
0,-0.08921057762968937,0
1,-0.01670935978797633,0
0,-0.07924543126810746,0
1,-0.017623788684232145,0
0,-0.07512018403968768,0
0,-0.046399129645830706,0
0,-0.054271216825104995,0
1,-0.058944171330044315,0
0,-0.02847958730019806,0
0,0.006778481640609013,1
0,-0.08035974986198852,0
0,-0.05979330070401584,0
0,-0.041786148529541545,0
1,-0.01636851034352016,0
1,-0.01876606469855946,0
0,-0.05121458067989337,0
0,-0.07464565686825586,0
1,-0.01636851034352016,0
0,-0.07994665324134598,0
0,-0.05113380554616198,0
0,-0.06252398547994031,0
1,-0.03177699527924627,0
0,-0.009825807984853774,0
0,-0.07787375427460147,0
1,-0.05936623177399453,0
0,-0.06062507667975875,0
0,0.026470276048069175,1
0,-0.06194329538929377,0
0,-0.055755431688356616,0
1,-0.01670935978797633,0
0,0.0588091508691474,1
0,0.13381750445632845,1
0,-0.06424371967293624,0
0,-0.08002945922265342,0
0,-0.05193607060833688,0
0,-0.04149616027614106,0
0,-0.03435589276211398,0
0,-0.09248177948009223,0
1,-0.015666438022868323,0
1,-0.061900326956998986,0
0,-0.08039322091114476,0
0,-0.09521063994232826,0
0,-0.03465840043041096,0
0,0.09721126296171889,1
1,0.004666432805431664,1
0,-0.047175350053534015,0
0,-0.05145196574724775,0
0,-0.04783477150120208,0
0,-0.029751632623145008,0
0,-0.04260472032745677,0
0,0.006778481640609013,1
0,-0.07437716959747637,0
0,-0.008334258736205302,0
0,-0.0038426346023416325,0
0,-0.047214984880220745,0
1,-0.006270324465430688,0
0,-0.017266890223889608,0
0,-0.016393945001038523,0
1,-0.007425683277582196,0
0,-0.08710769495253612,0
0,-0.08572122253491132,0
0,-0.029126218686878425,0
0,-0.05615390109390889,0
0,-0.063577785794179,0
0,-0.0038426346023416325,0
0,-0.03555650118900544,0
0,-0.03996331626011873,0
1,-0.0730038679538475,0
0,0.035289161509704514,1
0,0.03843429902668527,1
1,-0.02006253071359887,0
1,-0.01636851034352016,0
0,-0.0963420234885975,0
0,-0.08079703191600973,0
1,-0.012906365148818988,0
0,-0.07903026177462269,0
0,-0.07955443553949254,0
0,0.006778481640609013,1
0,-0.0149877303800664,0
1,-0.015359966390029234,0
1,-0.02006253071359887,0
0,-0.06912908910904275,0
0,-0.08899705326892393,0
0,-0.03978259352898056,0
0,-0.04985763848454228,0
0,-0.025299293722120864,0
0,0.0588091508691474,1
0,-0.05263316803995438,0
0,-0.05918402920923238,0
0,-0.08212852416187472,0
0,-0.08061975516936282,0
0,-0.05993559735290915,0
0,-0.07862539843308658,0
1,-0.01644592340899681,0
0,-0.07762903179220954,0
0,-0.04873585492653981,0
0,0.026470276048069175,1
0,-0.003918631458259769,0
0,0.001511895896145199,1
0,-0.08107864728077424,0
0,0.07772953598752697,1
1,-0.012906365148818988,0
1,-0.013414130836250093,0
0,-0.05379621696659542,0
0,-0.03723243637855517,0
0,-0.015029454545470555,0
0,-0.08854816023205053,0
0,-0.06107009515265904,0
1,-0.01636851034352016,0
0,-0.09148610446550465,0
0,-0.10336756154732252,0
1,-0.019963689339438206,0
0,-0.043172622306109354,0
0,-0.05125582881975538,0
0,-0.031385952354858304,0
0,-0.08370640773510268,0
0,-0.06266038868299217,0
0,-0.07485380834557182,0
0,-0.08351253970865102,0
0,-0.0892863440606661,0
0,-0.036706148260797544,0
0,0.2410561483423288,1
0,-0.086090681850013,0
0,-0.07506779743336695,0
0,-0.031659509784167095,0
0,-0.005827196699945136,0
0,-0.04784345538829399,0
1,-0.07200456542547623,0
0,-0.01919780114211589,0
0,-0.040026588111718,0
0,-0.031825314311299646,0
0,-0.05914590147106047,0
0,-0.018106410682071417,0
0,-0.028407355813315494,0
1,-0.01684766364317286,0
0,-0.09299845814334401,0
0,-0.04010639301997593,0
0,-0.07714030634346997,0
0,0.0588091508691474,1
0,-0.055907942152411794,0
0,-0.04465419090468564,0
0,-0.07747330862912655,0
0,-0.05869820328949166,0
0,-0.06574532465177685,0
1,-0.015359966390029234,0
0,-0.08857308159027838,0
0,-0.06873149075464269,0
0,0.09721126296171889,1
0,-0.03621830109220997,0
0,-0.057024531904957876,0
0,-0.06308201875792419,0
0,-0.06741148939023545,0
0,-0.016515611735797353,0
0,-0.03726364617890471,0
0,-0.05396636126532817,0
0,-0.07005160135010763,0
0,-0.0648399729923414,0
1,-0.012138363772458194,0
0,-0.04210169622187038,0
0,-0.036349708254203694,0
0,-0.019246697269004187,0
0,-0.05498318026592208,0
0,-0.033721383272396654,0
0,-0.08075659010284647,0
0,-0.01075434277692544,0
1,-0.019505963821408123,0
0,0.111414400531199,1
1,-0.012906365148818988,0
1,-0.032170587571441145,0
0,-0.0806240237844143,0
0,-0.0038426346023416325,0
0,-0.006530846070822827,0
1,-0.009834764484795644,0
0,-0.034417023867119256,0
1,-0.035424312215847686,0
0,-0.09179702134022139,0
1,-0.06530362922277294,0
0,-0.057862495532280234,0
0,-0.015060720258427807,0
0,-0.08078673679001169,0
0,-0.07808817807848889,0
0,-0.08921281925861618,0
0,-0.09985430216111107,0
0,-0.049631942225456194,0
0,-0.07104278097996558,0
0,-0.06772002194643478,0
0,-0.01515128999669274,0
0,-0.041347190268993805,0
0,-0.07153935460877564,0
0,-0.060520314399781505,0
0,-0.07964304218212359,0
0,-0.05948320486595671,0
0,-0.08082221953285607,0
0,-0.07567652260693691,0
0,-0.0718206060360641,0
0,-0.025367894290775572,0
0,-0.0038426346023416325,0
1,-0.012906365148818988,0
0,-0.0849853802334099,0
0,-0.08871166268004227,0
0,-0.04404830437994556,0
0,-0.06878413786515652,0
0,-0.08333834029855403,0
1,0.008444131850959713,1
0,-0.08175718575385688,0
1,-0.01684766364317286,0
0,-0.0640939492791684,0
1,-0.048468190888914964,0
0,-0.05359169009617876,0
0,-0.036113944324709546,0
0,0.026470276048069175,1
0,-0.05450977364404436,0
0,-0.045861529949304924,0
0,-0.04443143011426698,0
1,-0.01636851034352016,0
0,-0.043608265995958906,0
0,-0.0655586753467216,0
0,-0.055192074030502636,0
0,-0.06722862020169956,0
1,-0.024794341646025397,0
1,-0.015183828558617052,0
0,-0.07199954981679885,0
0,-0.06953946525149218,0
1,-0.08407820775456143,0
0,-0.005336525861225738,0
0,-0.03819615545144789,0
0,-0.05371189242544161,0
0,-0.015026100636870043,0
0,-0.043329210093869086,0
1,-0.017768194614598942,0
1,-0.013414130836250093,0
0,-0.07623919463662082,0
0,-0.022834256959101795,0
0,0.003638144665695786,1
0,-0.06417640616395243,0
0,-0.02142685281055684,0
0,0.04047831058199969,1
0,-0.06483797812283704,0
0,-0.05643335329124394,0
0,-0.03261276757791537,0
0,-0.08309727177108323,0
0,-0.06807046741031969,0
0,-0.08906396122994037,0
0,-0.062293107688383254,0
0,-0.06727610931418482,0
0,-0.0035403688016610313,0
0,-0.011991253772519528,0
0,-0.10430352689305772,0
0,-0.06272977319145107,0
1,0.01396284971020667,1
0,-0.08934350960859866,0
0,-0.0931727913585233,0
0,-0.0664575185121069,0
0,-0.016264883084941784,0
1,-0.007425683277582196,0
0,-0.07347344020633662,0
0,-0.06589403155787626,0
0,-0.04498347702002914,0
0,-0.000658531416438124,0
0,-0.027019167788740472,0
0,-0.024110288924287182,0
1,-0.012906365148818988,0
0,-0.05026287112980021,0
0,-0.07964304218212359,0
0,-0.08437224749395089,0
1,-0.01684766364317286,0
1,-0.016764872256409713,0
1,-0.011874413339566237,0
0,-0.05679453712191068,0
0,-0.06406944245654789,0
0,-0.027491766936696083,0
0,-0.00917235497939245,0
0,-0.049744133974686966,0
0,0.02196104593235093,1
1,0.00072122416421605,1
0,-0.05662614764932744,0
0,-0.007181384174196559,0
0,-0.01967070322193698,0
0,-0.07577935529947905,0
0,-0.06282897075520139,0
0,-0.07695380515769179,0
0,0.06527916421367352,1
0,-0.08306973080288871,0
1,-0.009834764484795644,0
0,-0.08170758886626733,0
1,-0.015359966390029234,0
0,-0.04146829689391657,0
0,0.035289161509704514,1
0,-0.054454126740455355,0
0,-0.04056862550910678,0
0,0.02196104593235093,1
0,-0.07308060440567121,0
0,-0.047125230528387574,0
0,-0.0820277997282563,0
0,-0.012064047755279084,0
0,-0.07628294151335097,0
0,-0.07816072465898172,0
0,-0.0038426346023416325,0
0,-0.05905666376812707,0
0,-0.0038426346023416325,0
0,0.1454821840900058,1
0,-0.0637614179598836,0
0,-0.06615045416530524,0
1,-0.01876606469855946,0
0,-0.0879752000824825,0
0,-0.07108882242885867,0
0,-0.08034728536208935,0
0,-0.032665513809847724,0
0,-0.06580919958691545,0
0,-0.006789716891497433,0
0,-0.06718168116613993,0
0,-0.059516833145236814,0
1,-0.0701283642739991,0
0,-0.0108621668726529,0
0,0.09721126296171889,1
1,-0.012906365148818988,0
0,-0.015218275315356578,0
0,-0.08100488743145157,0
0,-0.07535693608564087,0
0,-0.08933291934934512,0
0,-0.09379473526642351,0
0,-0.062041592600430406,0
0,-0.08048573359262123,0
0,-0.08953570715997144,0
1,-0.01670935978797633,0
0,-0.06455303377235727,0
0,-0.05568025229902118,0
0,-0.08504579527907957,0
0,-0.053590350860968916,0
1,-0.01636851034352016,0
0,0.006778481640609013,1
1,-0.015359966390029234,0
0,-0.06323723898519945,0
0,-0.0761419980790245,0
0,-0.08636777396054574,0
0,-0.043817236322367836,0
0,-0.07136731472894947,0
0,-0.08065168166904696,0
0,-0.05396636126532817,0
0,-0.004147209368970062,0
0,-0.044009523160332575,0
0,0.09721126296171889,1
0,-0.055290788365681465,0
0,0.12594821929593436,1
0,-0.05328703586928424,0
0,-0.04982963012677455,0
0,-0.04834553245780143,0
0,-0.08121925751134951,0
0,-0.023305031669896892,0
0,-0.05655087590026131,0
0,-0.07696651371015995,0
0,0.026470276048069175,1
0,-0.08079703191600973,0
0,-0.0038426346023416325,0
0,-0.007886904594128552,0
0,-0.023216780294683104,0
0,-0.022986577012703457,0
0,-0.06039283169924503,0
0,0.05550876490514689,1
0,-0.07041735885775335,0
0,-0.019630671137056188,0
0,0.02666853737804875,1
0,-0.02424321497984605,0
0,-0.02779357173299818,0
0,-0.0682478983039545,0
0,-0.05869820328949166,0
0,-0.02663409001232564,0
0,-0.07500169172713284,0
0,-0.08484429574449592,0
0,-0.05309698797390344,0
0,0.0588091508691474,1
0,0.006778481640609013,1
0,-0.051154612684879475,0
0,0.041451446717275076,1
1,-0.013379769724126078,0
1,-0.012906365148818988,0
0,-0.07744054065448597,0
0,-0.05789563903468975,0
0,-0.0628525085741562,0
1,-0.012533536587400418,0
0,-0.05564928897445903,0
0,0.026470276048069175,1
0,-0.06689871185439678,0
0,-0.07879777895129791,0
0,-0.05932659056824513,0
0,-0.048368503157634524,0
1,-0.01636851034352016,0
0,0.09721126296171889,1
0,-0.05358693650922758,0
1,-0.018112772524855603,0
1,-0.012906365148818988,0
0,-0.080871942846725,0
0,-0.046443278689186906,0
0,-0.07043285989634995,0
0,-0.055743384542635555,0
0,0.09943438793460357,1
0,-0.06554110117219847,0
0,-0.016705268475534163,0
0,-0.008469946353315161,0
0,0.006778481640609013,1
0,-0.061885767024125904,0
0,-0.0723852507635121,0
0,-0.08525204511924045,0
0,-0.03738769772739542,0
0,-0.04361045049050105,0
1,-0.01684766364317286,0
0,0.035289161509704514,1
0,-0.0941022105596756,0
0,-0.10552450082623221,0
1,-0.015359966390029234,0
0,-0.0019118901556554602,0
0,0.05517202686279932,1
1,-0.012040981187190825,0
0,-0.06057261851951046,0
1,-0.01684766364317286,0
0,-0.0900779303995991,0
0,-0.04308043788002858,0
0,-0.013106561353075363,0
0,-0.04903954423639373,0
0,-0.08286365965760545,0
0,-0.05832276001770981,0
0,-0.08321499993546932,0
0,-0.06833473497380438,0
0,-0.04982460391653626,0
0,-0.0012276089920587596,0
0,-0.054874338610754025,0
0,-0.08336325341338979,0
0,-0.06703640396572275,0
1,-0.01636851034352016,0
0,-0.01766912686678218,0
0,-0.053514901923887026,0
1,-0.03719759451061411,0
0,-0.047371904757151584,0
1,-0.017768194614598942,0
0,-0.07377063165962044,0
0,-0.041846231356212515,0
1,-0.015359966390029234,0
0,-0.08136495413853034,0
0,-0.03272244326722712,0
0,-0.0629581039758515,0
1,-0.013414130836250093,0
0,-0.03964805898152185,0
0,0.006778481640609013,1
0,-0.05915698924100615,0
1,-0.042315525063491954,0
0,-0.03964805898152185,0
0,-0.05530803959052716,0
0,-0.06416774625414906,0
0,-0.026071239254077783,0
1,-0.012906365148818988,0
0,-0.06345724491731908,0
0,-0.08186365220116665,0
0,-0.030388067664265273,0
0,-0.04883608923954885,0
1,-0.06837524414754098,0
0,-0.0655586753467216,0
0,-0.05286439697060774,0
0,-0.06924558350148735,0
0,-0.019209029318319304,0
1,-0.042595011996024945,0
0,0.031598794038452116,1
0,-0.07964304218212359,0
0,-0.04222312566784897,0
0,-0.07934472330284187,0
0,-0.04611569311985442,0
0,-0.07232776569438598,0
0,-3.905554107558329e-05,0
0,-0.06597316604472453,0
0,-0.0572643127534484,0
0,-0.075504700568994,0
1,-0.015359966390029234,0
0,0.05917051287817998,1
0,-0.015606439082899437,0
0,-0.06513131906380981,0
0,-0.07949834267785938,0
0,-0.03735784909047907,0
1,-0.02006253071359887,0
0,-0.08276901944014836,0
0,-0.06078509456527087,0
0,-0.06161327014655854,0
0,-0.07627964713055208,0
0,-0.050125831941837895,0
0,-0.06887334058344435,0
0,0.02196104593235093,1
0,-0.0810065884288893,0
0,-0.06937459267464652,0
0,-0.06877394385562718,0
0,-0.101291969628866,0
0,-0.07964304218212359,0
1,0.03025351641098406,1
0,-0.07551161610253482,0
1,-0.052040219459813575,0
1,-0.0017087897601443802,0
1,-0.012906365148818988,0
0,-0.054271216825104995,0
0,0.09721126296171889,1
0,-0.04297865069248524,0
0,-0.0694900011133705,0
0,0.09721126296171889,1
0,-0.07378834254091521,0
1,-0.013414130836250093,0
0,-0.04459259400105303,0
1,-0.015359966390029234,0
0,-0.060980629326287006,0
1,-0.007050277768555713,0
0,-0.04395268590994733,0
0,-0.07794738941423945,0
0,-0.04508213589853288,0
1,-0.026828182625865116,0
0,-0.08171548603001477,0
0,-0.02757840116459609,0
0,0.11116238115833188,1
0,-0.047532537796871166,0
0,0.09907378395860933,1
0,-0.05191068864226672,0
0,-0.06365148137535848,0
0,-0.06405735104387672,0
0,-0.05881540439094418,0
0,-0.09482088011977402,0
0,0.026470276048069175,1
0,-0.08778177258091768,0
0,-0.0527597919924237,0
0,-0.039199783192781834,0
0,-0.015853999036076205,0
0,-0.06930548614828458,0
0,0.006778481640609013,1
0,-0.08241321609543306,0
0,-0.07403703386664906,0
0,-0.01565511641940276,0
1,-0.017043261177559443,0
0,-0.05541802563186449,0
0,-0.06101276861991278,0
0,-0.0635674952496903,0
0,-0.06287356769990748,0
0,0.09721126296171889,1
0,-0.06920244520086027,0
0,-0.06424371967293624,0
0,-0.022044677276326252,0
0,-0.06252398547994031,0
0,-0.07155360756013779,0
0,-0.055742883788081565,0
0,-0.0658404387617269,0
0,-0.06289900813169669,0
0,-0.08140841346005095,0
1,-0.014926835742351319,0
1,-0.04985429805698366,0
0,-0.05321239249191417,0
1,-0.018112772524855603,0
0,-0.08333579511321343,0
1,-0.01636851034352016,0
0,-0.049631942225456194,0
0,0.02196104593235093,1
0,-0.05465626147993369,0
0,-0.07651585810557682,0
0,0.09721126296171889,1
0,-0.04160097476035196,0
0,0.16608148388901844,1
0,-0.05371189242544161,0
0,-0.09129467511572936,0
0,-0.041658948451072375,0
0,0.11116238115833188,1
0,-0.08628056393689582,0
0,-0.06653693052518395,0
0,-0.037223182766948804,0
0,-0.03784725562546226,0
0,-0.03788247061330846,0
0,-0.07967936792155161,0
0,-0.051843341543496846,0
0,-0.0847860855828717,0
0,-0.014299701657556674,0
0,-0.005617118041298386,0
0,-0.06424371967293624,0
0,-0.08428481584006903,0
0,-0.061223413382276326,0
0,-0.07976270569489557,0
0,-0.07674438191299598,0
0,-0.0026762730922944566,0
1,-0.017768194614598942,0
0,-0.07372597176601514,0
0,-0.07761264913363852,0
0,-0.06572914904140287,0
1,-0.009834764484795644,0
0,-0.07272855024179686,0
0,-0.03976339425017339,0
0,-0.036523347913746174,0
0,-0.037793344661273875,0
0,-0.01731949485513118,0
0,-0.037159274048393975,0
0,-0.08186774715077683,0
0,-0.08709994356276862,0
0,-0.08552776428434583,0
0,-0.001452046991826328,0
0,-0.06490605494432405,0
0,-0.06149717804724508,0
0,0.09539063739308451,1
0,-0.01581023912612678,0
1,-0.01876606469855946,0
1,-0.013414130836250093,0
0,-0.07824882363290003,0
0,-0.07734502206489174,0
0,-0.07684551068166695,0
0,0.2290927744294824,1
0,0.031598794038452116,1
0,-0.0805962658645859,0
0,-0.05806188001856344,0
0,0.1454821840900058,1
0,-0.02200458223827695,0
0,-0.08263507508066559,0
0,-0.037159274048393975,0
0,0.035289161509704514,1
0,-0.048497282163813826,0
0,-0.0711286506351354,0
0,-0.031667263073602625,0
1,-0.03587154791776642,0
0,0.006778481640609013,1
0,-0.07672868180339992,0
0,-0.06809461109252407,0
0,-0.04348846812850443,0
1,-0.017623788684232145,0
0,0.2290927744294824,1
0,-0.04736761781200943,0
1,-0.012906365148818988,0
0,0.0588091508691474,1
1,-0.01684766364317286,0
0,0.09721126296171889,1
0,-0.08098415780801366,0
0,-0.011458729511245103,0
0,-0.008888144557445854,0
0,-0.05736315832764255,0
0,-0.040475242274138734,0
0,-0.03281430923143541,0
0,-0.060980629326287006,0
0,-0.016953000184333433,0
0,-0.058631389526166366,0
0,0.031166512801145463,1
0,-0.07515802202487143,0
0,-0.013889027046186275,0
0,-0.07298653869071114,0
0,-0.042995521856183105,0
0,-0.07619426158802511,0
0,-0.05490885941522761,0
1,-0.018518095911605192,0
0,-0.08617183919454735,0
0,-0.047139562539758706,0
0,-0.07834964152773766,0
1,-0.015359966390029234,0
0,-0.06252398547994031,0
0,-0.06042118790858736,0
1,-0.01670935978797633,0
0,-0.047581586839398005,0
0,-0.06809876192378411,0
0,-0.07708980875393079,0
0,-0.07327670231149275,0
0,-0.054247512779926954,0
0,-0.054827639757305036,0
0,0.026470276048069175,1
1,-0.015359966390029234,0
0,-0.08160629465416336,0
0,-0.036861163658693075,0
0,-0.0001902067388143136,0
1,0.00957159105749128,1
0,-0.0534741992909728,0
0,-0.014437450141149943,0
0,0.0588091508691474,1
0,-0.09127317324490614,0
0,-0.028178364024231017,0
0,-0.028440019471115963,0
0,-0.04501966126463264,0
0,-0.062035831907198635,0
0,-0.050585722794844745,0
0,-0.022579641374286197,0
0,-0.07994283372295319,0
0,-0.06341121873957828,0
0,-0.053827232432672456,0
0,-0.08061383099268787,0
0,-0.015413176563276676,0
0,-0.054454126740455355,0
0,-0.03898282629140759,0
1,-0.07679513077220318,0
0,-0.059256750490352506,0
0,-0.07532585750234722,0
0,-0.05993559735290915,0
0,-0.05136417257357373,0
0,-0.035166740690123766,0
1,-0.017768194614598942,0
0,-0.07282569777412073,0
0,-0.10248761627819186,0
0,-0.059354899092797064,0
0,-0.010845777543177948,0
0,-0.004675979343027992,0
0,-0.06160639239809346,0
0,-0.08427548964541909,0
0,-0.042875567605275444,0
0,-0.033805715276799986,0
1,-0.01636851034352016,0
1,-0.017768194614598942,0
0,-0.007980147700763163,0
0,-0.07224903207583289,0
0,-0.06744580903804098,0
0,-0.08416525649637602,0
0,-0.0730599184759097,0
0,-0.012811777600894247,0
0,-0.04030648208348908,0
1,-0.04192959559886822,0
0,-0.05331154177672437,0
0,-0.06322781258023652,0
0,-0.015153331958348337,0
0,-0.06597316604472453,0
0,-0.07974005304360116,0
0,0.057800960200625306,1
0,-0.05327274502993218,0
0,-0.04517882808848139,0
0,-0.08028917966528992,0
0,-0.0038426346023416325,0
0,-0.036895208270085855,0
0,-0.004322614959181792,0
0,-0.0650434645189727,0
0,-0.08174379199686266,0
0,0.026470276048069175,1
0,0.0004958173045799263,1
0,-0.07528139706913528,0
0,0.026470276048069175,1
0,-0.05620958578122143,0
0,-0.004333511998669826,0
0,0.059226923271752274,1
0,0.07172710538074212,1
0,0.09943438793460357,1
0,-0.03342140884291411,0
0,0.031598794038452116,1
1,-0.01670935978797633,0
0,-0.045963571159036154,0
0,-0.06923639909751356,0
1,-0.017043261177559443,0
0,-0.038042757552589956,0
0,-0.0704341711367763,0
0,-0.08387240880876046,0
0,-0.07131435826222166,0
0,-0.03313499522999358,0
0,-0.028473665419179672,0
0,-0.0038426346023416325,0
0,-0.08915411520024197,0
0,-0.06272977319145107,0
1,-0.01636851034352016,0
0,-0.04634244467033033,0
0,-0.08425322626134873,0
0,-0.026119361988998002,0
1,-0.01684766364317286,0
0,-0.06929414903089287,0
1,-0.01670935978797633,0
0,-0.029365428639259672,0
0,0.006778481640609013,1
0,-0.06478371831689772,0
0,-0.07765931533369036,0
1,-0.015359966390029234,0
0,-0.06077143851968925,0
0,-0.06253533702021868,0
0,-0.02114936971443543,0
1,-0.01876606469855946,0
0,-0.06564737668361736,0
0,-0.04345083628388163,0
0,-0.057012736102348804,0
0,-0.07358334110498427,0
0,-0.011204693833925472,0
0,-0.07514329141303183,0
0,-0.08490933327592509,0
0,-0.015413176563276676,0
1,-0.015359966390029234,0
1,-0.01670935978797633,0
0,0.09721126296171889,1
1,-0.01670935978797633,0
0,-0.01101551512016058,0
0,0.026470276048069175,1
0,-0.05898812759300315,0
0,-0.03964805898152185,0
0,-0.07472536516156553,0
0,-0.0859935034538375,0
0,-0.058936082692430725,0
0,-0.053590350860968916,0
0,-0.06068469258298914,0
0,-0.029948485924474022,0
0,-0.06898836395017377,0
0,-0.07242451793603855,0
0,0.03247722565745936,1
0,-0.06054120633234611,0
0,-0.0078262407221385,0
0,-0.08083710767198271,0
0,-0.013323643771000648,0
0,-0.006312142528638376,0
0,0.031598794038452116,1
0,-0.0936101097110506,0
0,-0.027052888443168333,0
0,-0.04646506262566191,0
0,-0.09214209133551321,0
0,-0.04459259400105303,0
0,0.035289161509704514,1
1,0.007175053893129113,1
0,-0.047891197656542595,0
0,0.11116238115833188,1
1,0.013425223301595901,1
0,-0.09980779019182834,0
0,-0.021065474609804014,0
0,-0.0790992283710576,0
0,-0.08048608698462323,0
1,-0.019202241582551238,0
1,-0.012906365148818988,0
0,-0.056768905894167665,0
0,-0.07822497436375042,0
0,-0.07613153836803027,0
0,-0.07138948362964759,0
1,-0.018518095911605192,0
0,-0.06564737668361736,0
0,-0.06993541038352685,0
0,0.004301703389035572,1
0,-0.04811868786231499,0
0,-0.07567679404972089,0
0,-0.054563310096642836,0
0,-0.0512407255764048,0
0,-0.050581859527297046,0
0,-0.08239790705107036,0
0,-0.060955491285814845,0
0,-0.0860949200580462,0
0,0.031598794038452116,1
0,-0.07808287793820129,0
0,-0.05614509836379522,0
0,-0.05963429576214008,0
0,-0.0797614818059112,0
0,-0.03393285677367508,0
0,-0.04469528989307231,0
0,0.026470276048069175,1
0,-0.023685471138658265,0
0,0.09889339839664002,1
0,-0.0922666299562806,0
0,-0.07355592149265788,0
0,-0.06709662274514777,0
1,-0.04323093869916478,0
0,-0.06914872211094047,0
1,-0.013414130836250093,0
1,0.002537729394204935,1
0,0.1262938038417123,1
0,-0.07989887077638846,0
0,-0.05101640788713352,0
0,-0.05238576340384826,0
0,-0.07181856131667808,0
0,-0.06759439971926162,0
0,-0.054947632019416326,0
0,-0.05909030372462126,0
0,0.035289161509704514,1
0,-0.08577063761983877,0
0,-0.0730775515795507,0
0,-0.05625074276992981,0
0,-0.037159274048393975,0
0,-0.05655412080667027,0
0,-0.0825322824235985,0
0,-0.047953728313279265,0
0,-0.10022807506639003,0
0,0.22873157492013851,1
0,-0.07496281254328757,0
0,-0.07855923262895653,0
0,-0.05555971322304254,0
0,-0.08508090688505249,0
0,-0.021907926763073737,0
0,-0.06794781864243477,0
1,-0.015359966390029234,0
0,-0.05993559735290915,0
0,0.0588091508691474,1
1,-0.015359966390029234,0
0,-0.09824778947420648,0
1,-0.0476961019836139,0
0,-0.05021746285173012,0
1,-0.012906365148818988,0
1,-0.017768194614598942,0
0,-0.0038426346023416325,0
1,-0.03047195743516873,0
0,-0.07884545791526731,0
0,-0.08431413774898039,0
0,-0.05554245306511679,0
1,-0.018655339338388977,0
0,-0.051014368592251114,0
0,-0.0783996438842196,0
0,-0.06719001607557895,0
0,-0.009357141120301227,0
0,-0.0491362452784308,0
0,-0.01903038078822189,0
0,-0.051334040595867714,0
0,-0.00893590790652865,0
0,-0.06959002428297789,0
1,-0.015359966390029234,0
1,-0.07856337538844438,0
0,-0.08907491686400121,0
0,-0.097519257710251,0
0,-0.03642156318248485,0
0,-0.044224084641113603,0
0,-0.08567931606127088,0
0,-0.07313434546642383,0
0,-0.05530803959052716,0
0,-0.07720670677817326,0
0,-0.07554606585657492,0
0,-0.031417827034247225,0
1,-0.018518095911605192,0
0,-0.07964304218212359,0
0,0.026470276048069175,1
1,-0.07025797005709883,0
0,-0.010373266776515788,0
0,-0.051944934491276906,0
0,-0.059354899092797064,0
0,-0.0038426346023416325,0
1,-0.015359966390029234,0
0,-0.08812133663244748,0
0,-0.005559023607697389,0
1,-0.015487024097411095,0
0,0.10308688881055217,1
0,-0.022343872552676003,0
0,-0.08453204117057184,0
0,-0.060523934950180436,0
0,-0.08182023721901704,0
0,0.1454821840900058,1
0,0.052778400386188196,1
0,-0.05121684128131776,0
0,-0.06697989539344928,0
0,0.111414400531199,1
0,-0.061006628392163476,0
0,-0.0775750837880787,0
0,0.031598794038452116,1
0,-0.07203417535438078,0
0,0.111414400531199,1
0,-0.05578521531796904,0
0,-0.047209460755754495,0
0,-0.04023401580447544,0
0,-0.05261288225599603,0
0,-0.07644896204064272,0
0,-0.07036087866790519,0
1,-0.03863557863248929,0
0,0.10308688881055217,1
0,-0.053794043320215645,0
0,-0.06636578778062768,0
0,-0.05655412080667027,0
0,-0.07045475879005603,0
0,-0.05869820328949166,0
0,-0.07944939498282139,0
0,-0.060980629326287006,0
0,-0.02744068557438306,0
0,-0.0400213201607893,0
0,-0.010751300940864184,0
1,-0.020120122682346975,0
1,-0.013414130836250093,0
0,0.026470276048069175,1
0,-0.0367191337412866,0
0,-0.06359219141921996,0
0,-0.04979341558262457,0
1,-0.015359966390029234,0
1,-0.019202241582551238,0
0,-0.06361605480483218,0
0,-0.08727721368164532,0
1,-0.017043261177559443,0
0,0.006778481640609013,1
1,-0.04039872745654843,0
0,0.1454821840900058,1
1,-0.014926835742351319,0
0,-0.05968150408641015,0
0,-0.06396543911760866,0
0,-0.0454960646797542,0
0,-0.07272474378983035,0
1,-0.017768194614598942,0
0,-0.07257097420012076,0
0,-0.005190547145764612,0
0,-0.05494418294894643,0
1,-0.01636851034352016,0
1,-0.01876606469855946,0
0,0.111414400531199,1
0,-0.06846088634997993,0
0,-0.04771387017610257,0
0,-0.03379250607775125,0
1,-0.01636851034352016,0
0,-0.03635013165837758,0
0,-0.06092853859316977,0
0,-0.010549414222295272,0
0,0.0936371044847325,1
0,0.111414400531199,1
0,-0.08911174413032685,0
0,-0.08175784308837913,0
0,-0.07408917868670195,0
1,-0.028218970406727717,0
0,-0.005215770018623722,0
0,-0.05263316803995438,0
0,-0.05694393993655322,0
0,0.031598794038452116,1
0,0.006778481640609013,1
0,-0.06838335187572686,0
0,-0.08018201539279107,0
0,-0.06513131906380981,0
0,-0.04159250686411259,0
1,-0.013414130836250093,0
0,-0.07810382531412385,0
0,0.0588091508691474,1
0,-0.08170340094079792,0
0,-0.07082380436809083,0
0,-0.07143805690815341,0
1,-0.01876606469855946,0
0,-0.04530040566019794,0
1,-0.01670935978797633,0
1,-0.009834764484795644,0
0,-0.07563798033815217,0
0,-0.026127608068301167,0
1,-0.01684766364317286,0
1,-0.01876606469855946,0
1,-0.015666438022868323,0
0,0.08673901328931644,1
0,0.08583229312782792,1
0,-0.08387512752196402,0
1,-0.01670935978797633,0
0,-0.03696560301409291,0
1,-0.012533536587400418,0
1,-0.009834764484795644,0
0,-0.057265473703839276,0
0,-0.01409584869226499,0
0,-0.07682464450656218,0
0,-0.07748688489047095,0
0,-0.023721011151240312,0
0,0.08367470481202277,1
0,-0.013576810142767348,0
0,-0.03738371016252445,0
0,-0.04025752805207994,0
0,-0.09091322502313981,0
0,-0.04545710247697077,0
1,-0.0904534309153977,0
0,-0.07935039508717434,0
0,-0.03572955663306804,0
0,-0.08522238116832592,0
0,-0.0966136395313068,0
0,-0.08467408819067501,0
0,-0.06597316604472453,0
0,-0.06806640485275645,0
0,-0.04417740770962664,0
0,0.2330245054875113,1
0,0.048711154504754495,1
0,-0.07034043227209652,0
0,0.11116238115833188,1
1,-0.03986616773091939,0
0,0.12594821929593436,1
0,-0.07231157208667732,0
0,-0.055667020155883984,0
0,-0.056599385819717185,0
0,-0.07878440641871148,0
0,-0.02860929743183005,0
0,-0.07039242582224303,0
0,-0.02258569335866417,0
0,-0.04052194680130966,0
0,-0.020851870530699257,0
1,-0.01636851034352016,0
0,-0.08708255250510877,0
1,-0.07148971808322202,0
0,-0.07830811646561309,0
0,-0.06878116141630625,0
0,-0.09030012227814327,0
0,-0.057862495532280234,0
0,-0.060347349902606706,0
0,-0.03412853961921475,0
1,-0.015359966390029234,0
0,-0.06107009515265904,0
0,-0.06552986844676034,0
0,-0.05027096153003824,0
1,-0.029491297955308193,0
0,-0.05904423881618931,0
0,-0.08220027301054372,0
1,-0.018518095911605192,0
0,-0.07640765750868095,0
0,-0.05716445185739072,0
1,-0.033309480697783056,0
0,-0.06769208936537185,0
0,-0.07553380851597696,0
0,-0.05949342079825515,0
0,-0.05363479312580072,0
0,-0.049304764246732746,0
1,-0.015359966390029234,0
1,-0.015183828558617052,0
0,-0.08915857568902513,0
0,-0.04261154461269695,0
0,-0.04976428066540617,0
0,-0.07735250135059613,0
0,-0.06378899206572608,0
1,-0.01670935978797633,0
0,-0.024079976104584844,0
0,-0.04172543081964358,0
0,-0.01003160033365258,0
0,-0.057291626014472574,0
0,-0.05019582824850016,0
0,-0.01602619089293411,0
0,-0.07380283048486874,0
0,-0.06765731541627495,0
0,-0.037159274048393975,0
0,-0.0572643127534484,0
1,-0.0013279221330768642,0
0,-0.06726507304897544,0
0,-0.013718026175503828,0
0,-0.08079421735886388,0
0,-0.06665744528700701,0
0,-0.054271216825104995,0
0,-0.05620958578122143,0
0,-0.04222312566784897,0
0,0.006778481640609013,1
0,-0.05627985203962599,0
0,-0.07856361382267024,0
0,-0.028352134419630193,0
1,-0.012533536587400418,0
0,-0.0038426346023416325,0
0,0.04650755703764409,1
0,-0.07939495828205173,0
0,-0.06554666229376899,0
0,-0.06615946388642896,0
0,-0.08245424841303306,0
0,-0.07813231537452608,0
0,-0.0678046460219775,0
0,0.010157417158524473,1
1,-0.05656542242447865,0
0,-0.07668480291443858,0
0,-0.042631243201088964,0
0,-0.010128332078483016,0
0,-0.05666893325700961,0
0,-0.04017909541648573,0
0,-0.05735371730895039,0
0,-0.05963418940877768,0
0,-0.05309698797390344,0
0,-0.02713642949463352,0
0,-0.05279451719954742,0
1,-0.015183828558617052,0
0,-0.04235772778765029,0
0,-0.07536107052194874,0
0,0.1454821840900058,1
1,-0.01876606469855946,0
0,-0.08365367980423644,0
0,-0.022093215991125847,0
0,-0.06687432469391702,0
0,-0.05919384408640965,0
0,-0.06100116307436382,0
0,-0.019832031474028955,0
1,-0.01684766364317286,0
0,-0.007208542711771182,0
0,0.031598794038452116,1
0,-0.012001833816245755,0
1,-0.015359966390029234,0
0,-0.06247629821890843,0
0,0.059332772664623,1
0,-0.06720864667320103,0
0,0.1454821840900058,1
0,0.0833816999336372,1
1,-0.0035939540892083177,0
0,-0.05745394174255203,0
0,-0.054570138448927885,0
1,-0.014568757388112474,0
0,0.031598794038452116,1
0,-0.07164428373687076,0
0,-0.08529301945367218,0
0,-0.015542417029733357,0
0,0.026470276048069175,1
0,-0.06725984227497939,0
0,-0.03479368525839954,0
0,-0.03828726967392465,0
0,-0.08977873426281674,0
0,-0.051516412875278694,0
0,-0.05286161977075249,0
1,-0.013379769724126078,0
0,-0.059809456455855003,0
0,-0.085608766719792,0
0,-0.0741224301866239,0
0,-0.08090837852377969,0
0,-0.06948179364171508,0
1,-0.016764872256409713,0
1,-0.00401224881638057,0
1,-0.019202241582551238,0
0,-0.06567418123405655,0
0,-0.03785220749523899,0
0,-0.03752948804413625,0
0,-0.06588324656217487,0
1,-0.027282975173327895,0
0,-0.05038518647726675,0
0,-0.03211272798707704,0
0,-0.07518223775940452,0
1,-0.013532045090530076,0
1,-0.05207365031100436,0
0,-0.06308878043085592,0
0,-0.07279135051991559,0
0,0.0588091508691474,1
1,-0.01738808843901385,0
0,-0.016803900470772404,0
0,-0.0523977719386966,0
1,-0.015359966390029234,0
0,-0.10249479468242462,0
0,-0.04341578346726538,0
0,-0.07084080232324919,0
0,-0.07659342600717461,0
0,-0.03986497292374097,0
0,-0.053515322278099964,0
0,-0.005555558272214989,0
0,0.006778481640609013,1
0,-0.04013497809861449,0
0,-0.06181895068200555,0
0,-0.06774360313178246,0
0,-0.039593586696368754,0
0,0.031598794038452116,1
0,-0.058936082692430725,0
0,0.0588091508691474,1
0,-0.07906369441509126,0
1,-0.01670935978797633,0
0,-0.04866796683590063,0
0,-0.0849487992137079,0
0,0.11116238115833188,1
0,-0.05327274502993218,0
0,-0.007980147700763163,0
0,-0.015650154006164596,0
0,-0.0283320636902763,0
0,0.0588091508691474,1
0,-0.05886719734020979,0
0,-0.08365177568044274,0
0,-0.0796480386614618,0
0,-0.03190988729201716,0
0,-0.08348515247053528,0
0,-0.027969622862963117,0
0,-0.0579323546476207,0
0,-0.06715783554520838,0
0,-0.027545543346732093,0
0,-0.015231251811612612,0
0,-0.06869911292974135,0
0,-0.05955558189672172,0
1,-0.024600017747307412,0
0,-0.06585879134130301,0
0,-0.08590846076994413,0
0,-0.04388927971882545,0
0,0.09721126296171889,1
0,-0.060980629326287006,0
0,-0.04985819609704362,0
0,-0.08746480646485039,0
0,-0.024792816784743932,0
0,-0.09041960136173638,0
0,-0.06964217395482042,0
1,-0.0161136413182989,0
0,0.035289161509704514,1
0,-0.04673876646148761,0
0,-0.03644882841080899,0
0,-0.0573310653146582,0
0,-0.06957820733767411,0
0,-0.011548010972494915,0
0,-0.019198146207265787,0
0,0.02196104593235093,1
0,-0.02471668294599505,0
0,-0.004944751541157533,0
0,-0.08903959529564354,0
0,-0.05570385791531446,0
0,-0.053624635912624785,0
0,-0.08428058741296257,0
0,-0.05151304688201164,0
0,-0.08471291404772902,0
0,-0.05570598470014332,0
0,0.1454821840900058,1
0,-0.07310750886001532,0
0,-0.03580463297604136,0
0,-0.03605972710976185,0
0,-0.07187324525584748,0
0,-0.01624951332559066,0
0,-0.07576290686843784,0
0,-0.07741254425953331,0
0,0.036324036696230855,1
0,-0.0038426346023416325,0
0,-0.028488412147588626,0
0,-0.08079703191600973,0
0,-0.015733469746668782,0
1,-0.015359966390029234,0
0,-0.014277927315961003,0
0,-0.06327493225451519,0
1,-0.01738808843901385,0
0,0.02196104593235093,1
0,-0.07713728263495201,0
0,-0.08079703191600973,0
0,-0.06398676295693301,0
0,-0.021916213025349296,0
0,-0.05603057516059856,0
0,-0.09439334945995753,0
0,-0.0781415527789252,0
1,-0.012533536587400418,0
0,0.09721126296171889,1
0,0.11823539363750624,1
0,-0.07712420906190959,0
0,-0.05385919714037812,0
0,-0.007442703344962498,0
0,-0.021740448133456935,0
0,-0.06253953519253191,0
0,-0.03135901730452906,0
0,-0.07275370656362479,0
0,-0.032888296508439774,0
0,-0.0379846445620976,0
1,-0.015359966390029234,0
1,-0.015487024097411095,0
0,-0.0550087424494794,0
0,-0.060327739658240565,0
0,-0.042502850312347684,0
0,-0.036708577607318715,0
0,-0.06486622724847518,0
0,-0.04790294948561924,0
0,-0.09036492193622686,0
0,-0.035921898967213095,0
0,-0.022480623308028636,0
0,-0.07769821724577036,0
1,-0.01876606469855946,0
0,-0.04488489026317399,0
0,-0.10122379321758651,0
0,-0.06453960699661432,0
0,-0.05655412080667038,0
0,-0.07928155864325237,0
0,-0.04208158584406663,0
1,-0.015359966390029234,0
0,-0.04051496177702396,0
0,-0.07777456068375055,0
0,-0.011716610781682346,0
0,-0.05887486751880322,0
1,-0.04382188343307075,0
0,-0.05057207176212658,0
1,-0.015359966390029234,0
0,-0.07746656451372724,0
0,-0.04348846812850443,0
1,-0.05297979826966248,0
0,-0.050200744137448794,0
1,-0.07500651507120698,0
1,-0.035939805111073364,0
0,-0.01623197076905758,0
0,-0.060347349902606706,0
0,-0.035110888698956955,0
0,-0.024596953453641768,0
0,-0.0640939492791684,0
1,-0.03668979334974687,0
1,-0.01670935978797633,0
0,-0.0674400865840003,0
0,-0.04302788388553941,0
0,-0.02091632213023703,0
0,-0.036672313923117206,0
0,-0.05776475790608526,0
1,-0.01684766364317286,0
0,-0.07483716942977947,0
0,-0.008805187172941376,0
1,-0.01636851034352016,0
0,-0.06252398547994031,0
1,-0.012906365148818988,0
0,-0.06168052580720024,0
0,-0.05908729707545435,0
0,-0.06053093398076981,0
0,-0.05365116508036383,0
0,-0.09292935460643248,0
0,-0.08079703191600973,0
0,-0.07605739980004705,0
0,-0.07517634750903346,0
0,-0.04548082983714913,0
0,-0.07950616985954784,0
0,-0.0038426346023416325,0
0,-0.04999781302672118,0
0,-0.05583680750326658,0
1,-0.030280833561359077,0
0,-0.08083902427012118,0
0,0.035289161509704514,1
1,-0.018518095911605192,0
0,0.035289161509704514,1
0,-0.09403602101614894,0
1,-0.02006253071359887,0
0,-0.05716445185739072,0
0,-0.03043738407046126,0
0,-0.04322620607680644,0
0,-0.0017552210266306711,0
0,-0.07999567475387287,0
0,-0.08489462445979973,0
0,-0.05694393993655322,0
1,-0.015359966390029234,0
0,-0.03905201226844346,0
0,-0.027356159137572167,0
0,-0.08695038377295411,0
0,-0.04266377720616338,0
0,-0.05519459254835868,0
0,-0.05891766414518995,0
0,-0.07034021227408005,0
0,-0.05365116508036383,0
1,-0.013414130836250093,0
0,-0.01398105275807826,0
0,-0.06225414420295805,0
0,-0.04274701768104194,0
0,-0.06362869820471379,0
0,-0.05365116508036383,0
0,-0.05327274502993218,0
0,-0.06690183303214292,0
0,0.026470276048069175,1
0,-0.06453388562827395,0
0,-0.06056616792387565,0
0,-0.06156477280162659,0
1,-0.024721469487478775,0
0,-0.05869820328949166,0
0,-0.09170902891686394,0
0,-0.08040465427789445,0
0,-0.08798941504057256,0
1,-0.012906365148818988,0
0,-0.06554637611963604,0
1,-0.007425683277582196,0
0,-0.04996140777676311,0
0,-0.07917841046165175,0
0,-0.0784492389633743,0
0,0.11823539363750624,1
0,-0.053915529426433295,0
0,-0.05335259299343881,0
0,-0.05553063154489046,0
1,-0.013414130836250093,0
0,-0.06359912777986942,0
0,0.026470276048069175,1
0,-0.06524812641879613,0
0,-0.09527172012271895,0
1,-0.01670935978797633,0
0,-0.007929098712089355,0
0,-0.07468378561913447,0
0,-0.052646303897224356,0
0,0.035289161509704514,1
0,-0.07973587246158886,0
1,-0.01684766364317286,0
0,-0.048244758527242304,0
0,-0.07472609466015606,0
0,-0.07582284060641697,0
0,-0.0416968763208419,0
0,-0.06062507667975875,0
0,-0.0916827948774871,0
0,-0.06101316370474397,0
0,-0.07947518169321455,0
0,-0.009104752592515475,0
0,-0.020115638981384465,0
0,-0.014161046058015547,0
0,-0.04630734423185856,0
0,-0.08298407644696515,0
0,-0.04968612520814103,0
0,-0.0402681498633784,0
0,-0.05530803959052716,0
0,-0.07940494651216423,0
0,-0.06626420319932635,0
0,-0.06608454199636249,0
0,-0.05614509836379522,0
0,0.013552771301790667,1
0,-0.029215525739842874,0
0,-0.08345246224052966,0
0,0.031598794038452116,1
0,-0.012520954677294083,0
0,0.1454821840900058,1
1,-0.013414130836250093,0
0,-0.09088274130305041,0
1,-0.012906365148818988,0
0,-0.07527193035981411,0
0,-0.042502850312347684,0
0,0.035289161509704514,1
0,-0.05563569629928666,0
0,-0.0817751472806722,0
0,-0.08009191036060603,0
0,-0.07833587873417697,0
1,-0.013414130836250093,0
0,-0.05747614701840986,0
1,-0.045687120049073326,0
0,-0.00533521220539146,0
0,-0.06597316604472453,0
0,-0.04802805914591152,0
0,0.008217080770683172,1
0,-0.05197941915540344,0
0,-0.01717542832502944,0
0,-0.06729617280772632,0
0,-0.03455719472886515,0
0,-0.07367317121316308,0
0,-0.0492551884996843,0
0,-0.06056616792387565,0
0,-0.05010048737606404,0
0,0.12594821929593436,1
0,-0.057902925281413886,0
0,-0.05400478802310765,0
1,-0.01684766364317286,0
0,-0.07345406202802107,0
0,-0.07657702881510514,0
0,-0.01014012763183264,0
0,-0.023886460086235406,0
0,-0.08734397350061762,0
0,-0.05153861942324861,0
1,-0.01738808843901385,0
0,-0.050724164304105424,0
0,-0.01490199681312876,0
1,-0.01590535797124265,0
0,-0.05993559735290915,0
0,0.22039986166027337,1
0,-0.07745051623879262,0
0,0.026470276048069175,1
0,-0.037070018818069095,0
0,-0.0020986823192025716,0
0,-0.006408083913387652,0
1,-0.016764872256409713,0
1,-0.01670935978797633,0
0,-0.06682546968843278,0
0,-0.059354899092797064,0
0,-0.06891198439762986,0
0,-0.043276179558862704,0
0,-0.074265519192451,0
0,-0.06571408360072728,0
0,-0.04331279897719115,0
0,0.041451446717275076,1
0,-0.06673045664855709,0
0,-0.0552495849103497,0
0,-0.053827232432672456,0
0,-0.05649937494659346,0
1,-0.01670935978797633,0
0,-0.07564079789572092,0
0,-0.008535328445542611,0
0,-0.04916155687508267,0
0,0.1262938038417123,1
0,-0.03440479270909186,0
1,-0.0018209639057869542,0
0,-0.07857571656773077,0
1,-0.01636851034352016,0
1,-0.018518095911605192,0
0,-0.07498290028454457,0
0,-0.06697790196701608,0
0,-0.057429222719551754,0
0,-0.04298889978507758,0
0,-0.07704095529587607,0
0,0.12594821929593436,1
0,-0.04924950148597512,0
1,-0.007425683277582196,0
0,-0.0527340507556564,0
0,-0.0038426346023416325,0
0,-0.07301619876823662,0
0,-0.059360289105531205,0
1,-0.01876606469855946,0
0,-0.07246211276974923,0
0,0.09943438793460357,1
0,-0.04800775038322913,0
0,-0.09159806367842038,0
0,-0.05335259299343881,0
0,-0.03365825427159874,0
0,-0.08188792255366201,0
1,-0.01876606469855946,0
0,-0.06460897621039208,0
0,0.2410561483423288,1
0,0.04694326859942244,1
0,-0.088074129517002,0
1,-0.049433699313603474,0
0,-0.03020759266970685,0
0,-0.08158275056488118,0
0,-0.06006450495078586,0
0,-0.08305712615798078,0
1,-0.01670935978797633,0
0,-0.0667560858767392,0
0,-0.06424326073752529,0
0,-0.08029246893439396,0
0,-0.06509958620176637,0
0,-0.0038426346023416325,0
1,-0.011874413339566237,0
0,-0.06810697693011747,0
0,-0.06514557752188277,0
0,-0.055408319113755156,0
0,-0.02213599320096682,0
0,-0.06398122321656796,0
0,0.035289161509704514,1
0,-0.0381831284259978,0
0,-0.06325214293430026,0
0,-0.07308145024285784,0
0,-0.04574405230456707,0
0,-0.04207844377116898,0
0,-0.07497540729215263,0
0,-0.042875567605275444,0
0,0.1454821840900058,1
0,-0.06599827542527165,0
0,-0.027931173903006423,0
0,-0.0038426346023416325,0
0,-0.072391254899343,0
0,-0.03141206613234404,0
0,0.035289161509704514,1
1,-0.015359966390029234,0
1,-0.02330646071227571,0
0,-0.0525322625697317,0
0,-0.07954947912554705,0
0,-0.057024531904957876,0
0,-0.07925284713566622,0
0,-0.033985366961206576,0
0,-0.0820110195568548,0
0,0.09721126296171889,1
0,-0.08692822437832437,0
0,0.006778481640609013,1
1,-0.05451753478291105,0
0,-0.05919384408640965,0
0,-0.08088002965181162,0
1,-0.01876606469855946,0
0,-0.08509872215532044,0
0,-0.06790750837513293,0
0,-0.05432140075087716,0
0,0.08269023111351914,1
0,-0.06507896153623594,0
0,-0.05963429576214008,0
0,-0.029618824501995766,0
0,-0.03914403226426061,0
0,-0.05359169009617876,0
0,-0.07856493709684759,0
0,-0.026682352235397888,0
1,-0.04085382340042898,0
0,-0.027718690772907784,0
0,-0.08122322489897338,0
0,-0.023394112599542438,0
0,0.12594821929593436,1
0,-0.06506821037582466,0
0,-0.05291026097788315,0
0,-0.047609386174305324,0
0,-0.10024372463506426,0
0,-0.04374155563131338,0
1,-0.015359966390029234,0
1,-0.01670935978797633,0
0,-0.07671599410337221,0
0,-0.04718747812908464,0
0,-0.04341146032470877,0
0,-0.017097064776792403,0
0,-0.06673045664855709,0
0,-0.07290964578735276,0
1,-0.016764872256409713,0
0,-0.07506489510638625,0
0,0.02196104593235093,1
0,-0.06689873942262137,0
1,-0.013414130836250093,0
0,-0.06564737668361736,0
0,-0.0527340507556564,0
0,-0.06200876375712494,0
0,-0.060769811755669145,0
0,-0.04235178888551727,0
0,-0.07374662608185123,0
0,-0.07202109719953342,0
1,-0.015359966390029234,0
0,0.026470276048069175,1
0,-0.07723785936167799,0
0,0.0588091508691474,1
0,-0.06482281049754013,0
0,-0.07020740777797796,0
0,-0.07249833874700512,0
0,-0.031845108168862046,0
0,-0.07286229190954202,0
0,-0.035019122596667895,0
0,0.02196104593235093,1
1,-0.08195575091162421,0
0,-0.039593586696368754,0
0,-0.08422955476707505,0
0,-0.047246574111221185,0
0,0.006778481640609013,1
0,-0.048050800209434696,0
0,-0.07971858026035794,0
0,0.09721126296171889,1
0,-0.07168375465743826,0
0,-0.10179603984319852,0
0,-0.060347349902606706,0
0,-0.06579611713118477,0
0,-0.09129967198053285,0
0,0.006778481640609013,1
0,-0.07433380837680131,0
0,0.11116238115833188,1
0,-0.06262136162693216,0
1,-0.04653385844575253,0
0,-0.04203223424517871,0
0,-0.0680862884458105,0
1,-0.036989015159841654,0
0,-0.07384302121220837,0
0,-0.01753779982540188,0
0,-0.050059302450724985,0
0,-0.0775596585500834,0
1,-0.015183828558617052,0
0,-0.055232771709372186,0
1,-0.015359966390029234,0
1,-0.007425683277582196,0
0,-0.05315859009802515,0
0,-0.027596866750715765,0
0,-0.0772596255002489,0
1,-0.019202241582551238,0
0,-0.07371777739466939,0
1,-0.01876606469855946,0
0,-0.09122643187081797,0
0,-0.08389966863351722,0
0,-0.0559759731845364,0
0,0.026470276048069175,1
0,-0.05968150408641015,0
1,-0.012906365148818988,0
0,-0.026642735610422075,0
0,-0.10438674930387704,0
0,0.16608148388901844,1
0,-0.07205506438943099,0
0,-0.005292609848478513,0
0,0.04841922786031183,1
1,-0.020120122682346975,0
0,-0.06944603970741048,0
0,-0.022711640690849966,0
0,-0.03665024132978684,0
0,-0.028455833683504017,0
0,-0.06541630169224733,0
0,-0.01776568681493451,0
1,-0.032065455085233396,0
0,-0.08276187060431767,0
0,-0.07890792559890364,0
0,-0.08861681270686916,0
0,-0.01223070443211921,0
0,-0.07726968647124721,0
0,0.006778481640609013,1
0,0.0588091508691474,1
0,-0.09325630017694941,0
0,-0.07321693167673049,0
0,-0.0038426346023416325,0
0,-0.07688657550267297,0
0,-0.038217210790767564,0
0,0.0021237794653056197,1
0,-0.06971604087880257,0
0,-0.07075589296288842,0
1,-0.007425683277582196,0
0,-0.07812890928814115,0
0,-0.07502400951845739,0
0,-0.080871942846725,0
0,-0.05418261376112071,0
0,-0.07531701395716583,0
1,-0.013620515427801072,0
0,-0.10111932442081428,0
0,-0.057570609036730225,0
0,-0.04225604515403325,0
1,-0.022868805547420656,0
0,-0.06895212343662349,0
0,0.031598794038452116,1
0,-0.026745600371943345,0
0,-0.057364234183228446,0
0,-0.07712782905887433,0
0,-0.0859696020245036,0
0,-0.052847613877507915,0
0,-0.06541977460244819,0
0,-0.07734502206489174,0
0,-0.03833624135369945,0
0,-0.04792269655730208,0
0,-0.0632202788684999,0
0,-0.05629127456610783,0
0,-0.04866796683590063,0
0,-0.04581662470861192,0
0,0.051056682662442565,1
1,-0.007425683277582196,0
0,-0.050372506826792784,0
0,-0.04889663027339192,0
0,-0.08098415780801366,0
0,-0.08261149334915802,0
1,-0.013414130836250093,0
0,-0.08906463212042409,0
1,-0.01738808843901385,0
0,-0.011022633862019238,0
1,-0.01876606469855946,0
0,-0.0473605068687889,0
1,-0.015359966390029234,0
0,-0.06077302069884111,0
1,-0.01684766364317286,0
1,-0.07940676507368488,0
0,-0.017705448659757317,0
0,-0.07035977573386831,0
1,-0.03203204565163248,0
0,-0.08353743640625594,0
0,-0.06950617821652055,0
0,-0.06745337708346455,0
0,-0.05382331504316562,0
0,-0.013277717259275679,0
0,-0.06334526135771984,0
0,-0.0788780795001765,0
0,-0.00839115962958481,0
0,-0.014254851805014845,0
0,-0.058797540314303176,0
0,0.026470276048069175,1
1,-0.0546542497411599,0
0,-0.04715593645148658,0
0,-0.04408448723970276,0
0,-0.013282127357361617,0
0,-0.08014048124876205,0
0,0.006778481640609013,1
0,-0.04459259400105303,0
0,-0.049573928739650885,0
0,0.12594821929593436,1
0,-0.06378899206572608,0
0,-0.03852638704944522,0
0,-0.05812619165387278,0
0,0.152373239136248,1
0,-0.08437738003343986,0
1,-0.019505963821408123,0
1,-0.015183828558617052,0
0,-0.09014266473320576,0
0,0.0588091508691474,1
0,-0.07542564969885229,0
0,-0.057862495532280234,0
0,0.026470276048069175,1
1,-0.013414130836250093,0
0,-0.07800130364074359,0
0,-0.043161810999842065,0
0,-0.08470748296655761,0
0,-0.07113061377264696,0
1,-0.015962008411279427,0
0,-0.08402730549944282,0
0,-0.06604011731818099,0
1,-0.0677159487709364,0
0,-0.03632906019968274,0
1,-0.03179158639504509,0
0,-0.060259279358925,0
0,0.16608148388901844,1
0,-0.04371602267976904,0
0,-0.08076181320755371,0
1,-0.018620829174384512,0
0,-0.02706713539004968,0
0,0.006778481640609013,1
0,-0.033851729862794944,0
0,-0.06513131906380981,0
0,-0.012924813894119647,0
1,-0.02018741141286845,0
0,-0.0038757103311845564,0
0,0.0588091508691474,1
0,-0.03964008271668046,0
0,-0.016718285628166907,0
0,-0.0772242529456294,0
0,-0.0838161051863221,0
0,0.1454821840900058,1
0,-0.04289289224678544,0
0,-0.057777623477549334,0
0,-0.040655388274292215,0
0,-0.010779122458390689,0
0,-0.08456159638811955,0
1,-0.015359966390029234,0
0,-0.037054878376310385,0
0,-0.085800472124128,0
0,-0.022479278633656785,0
0,-0.058936082692430725,0
0,-0.06888235572301882,0
0,0.12594821929593436,1
0,0.0002311126143291764,1
0,0.16608148388901844,1
0,-0.08613707388754344,0
1,-0.014311736850765033,0
0,-0.041627405797202754,0
1,-0.056524649103710745,0
0,-0.05309698797390344,0
1,-0.019202241582551238,0
1,-0.018518095911605192,0
0,0.02039277098118264,1
0,-0.0215987479600242,0
1,-0.01966619644336981,0
1,-0.03880528939873462,0
0,-0.05570385791531446,0
0,-0.06597035511549332,0
0,-0.07448579755841389,0
0,-0.0525322625697317,0
0,-0.08584740136729802,0
1,-0.07206440759052796,0
0,-0.0592649503456249,0
0,-0.0038426346023416325,0
1,-0.01684766364317286,0
0,-0.07624476626306187,0
0,0.026470276048069175,1
1,-0.012906365148818988,0
0,-0.07239590972118337,0
1,-0.015666438022868323,0
0,-0.07586473003815236,0
0,-0.047369185153096516,0
0,-0.07953111197983825,0
0,0.12053314670872894,1
0,-0.08262740294375126,0
1,0.00034727729939088015,1
0,-0.06634051301576904,0
0,-0.04676098327156525,0
0,-0.05570385791531446,0
0,-0.013381701202107465,0
0,-0.05556401660019317,0
0,-0.05794099128052588,0
0,-0.05072052209478439,0
0,-0.05669137040806882,0
0,-0.08000713632370532,0
0,-0.05887486751880322,0
0,-0.0757545293644839,0
0,-0.08057118446540712,0
0,-0.013207816201475042,0
0,-0.04214678573371705,0
0,-0.05649937494659346,0
0,-0.054918817882776305,0
0,0.07128600905450211,1
0,0.10308688881055217,1
0,-0.007177356949086611,0
0,-0.06573376432656991,0
0,-0.020251161130659112,0
0,-0.07477423999581623,0
0,-0.0757541240757606,0
0,-0.05339562548289223,0
0,-0.059865343442581154,0
1,-0.018518095911605192,0
0,-0.07656124573342737,0
0,-0.07855608891695204,0
0,0.02948102045043055,1
0,-0.08485704835538715,0
0,-0.06285934317393327,0
1,-0.08672906227664157,0
0,-0.03696741355212946,0
0,-0.047175350053534015,0
0,-0.08163946256859905,0
0,-0.0740508094294372,0
0,-0.060520314399781505,0
0,-0.04289244257433528,0
0,-0.04277419550165018,0
1,-0.01670935978797633,0
0,-0.006353329618375203,0
0,-0.033319798986731375,0
0,-0.028457927769332148,0
0,-0.07139511818419947,0
0,-0.059932325506125705,0
0,-0.06109338959599975,0
0,-0.06914236069390955,0
0,-0.02445845290387494,0
0,-0.07884768605134534,0
0,-0.07198550782310742,0
0,-0.052937651789742524,0
0,-0.06582515532891425,0
0,0.031598794038452116,1
0,-0.08083818499574813,0
0,-0.07550725882409615,0
0,-0.0727943340214125,0
0,-0.02352824877584392,0
0,-0.03068277378508849,0
0,-0.07964304218212359,0
0,-0.07786959337408889,0
0,-0.005068349327631783,0
0,-0.08663084306301244,0
0,-0.060980629326287006,0
0,0.006778481640609013,1
0,-0.06843123090591241,0
0,-0.0038426346023416325,0
0,-0.08468284902530249,0
0,-0.028219192900380663,0
0,-0.07475265051227686,0
0,-0.08313334782436993,0
0,-0.05253766882141736,0
0,-0.07831530265494868,0
0,-0.08117158756064069,0
1,-0.018518095911605192,0
0,-0.05535675184027011,0
1,-0.01670935978797633,0
1,-0.050541901494226105,0
0,-0.06932272622102048,0
0,-0.07670888369487455,0
0,0.09721126296171889,1
0,-0.05263316803995438,0
0,-0.01863642601805876,0
1,-0.015359966390029234,0
0,-0.02096606854940858,0
1,-0.017623788684232145,0
0,-0.03445062814180522,0
0,-0.07135562076752971,0
0,-0.09073782262038704,0
0,-0.042405761783839147,0
0,0.031598794038452116,1
0,-0.057531664978964836,0
0,-0.02117884238558143,0
0,-0.050473899329153415,0
0,-0.026595906861428487,0
1,-0.006317713892529775,0
1,-0.024721469487478775,0
0,-0.07131532544403085,0
0,0.11116238115833188,1
0,-0.0829639003495048,0
0,-0.07811873479333081,0
0,-0.07694063086427555,0
0,0.16608148388901844,1
0,-0.07898441566393377,0
1,-0.01738808843901385,0
1,-0.015183828558617052,0
0,-0.046359293201159335,0
0,-0.09824332944776154,0
0,-0.05714373865083949,0
0,-0.04347395816663463,0
0,-0.0675863776633221,0
0,-0.03215120047357861,0
0,-0.004006442621259543,0
0,-0.08417670773977465,0
0,-0.06785688674381307,0
0,0.09721126296171889,1
1,-0.022868805547420656,0
0,-0.03846934382351541,0
0,-0.0866904436192037,0
0,-0.04976428066540617,0
0,-0.05374916280379349,0
0,-0.050705061280814645,0
0,-0.006638461637685,0
0,0.0588091508691474,1
0,-0.08499814577542175,0
0,-0.052803901818917254,0
0,-0.06375458321738986,0
0,-0.06673045664855709,0
0,-0.01880950914772478,0
0,0.09943438793460357,1
0,-0.06381210820231781,0
0,-0.02083642986245532,0
0,-0.023808208375999396,0
0,-0.08407542192666695,0
0,-0.08258989134451822,0
0,-0.0885725892623116,0
1,-0.020120122682346975,0
0,-0.08193159096619151,0
0,-0.07262452359674626,0
0,-0.04776424484437192,0
1,-0.015359966390029234,0
0,-0.058631389526166366,0
0,-0.062352472073341825,0
1,-0.015359966390029234,0
0,-0.05602238650429492,0
0,-0.07471377709960647,0
0,-0.0016552050297950482,0
1,-0.04446721436894635,0
0,-0.05985260531595449,0
1,-0.014926835742351319,0
0,-0.05894477938994003,0
0,-0.0625452732628306,0
0,-0.08083113610004444,0
0,-0.061954395533007134,0
0,-0.0572643127534484,0
0,-0.07111389995467693,0
0,-0.042526884587857305,0
0,0.0588091508691474,1
0,-0.08228310609404588,0
1,-0.019963689339438206,0
0,-0.08588851964999422,0
0,0.111414400531199,1
0,-0.010685377357167514,0
0,0.010735453223010616,1
0,-0.06743535069233936,0
0,-0.031070995453083006,0
0,-0.02262586057470195,0
0,-0.10095027156688768,0
0,-0.09112011266255549,0
0,-0.07177130137194154,0
0,0.006778481640609013,1
0,-0.06561880689675342,0
0,-0.07375438598909478,0
0,0.0588091508691474,1
0,0.11823539363750624,1
0,-0.052126022727004784,0
0,-0.06413769074223691,0
0,-0.059961856846207695,0
0,0.09721126296171889,1
1,-0.01876606469855946,0
0,-0.0038426346023416325,0
1,-0.019202241582551238,0
0,0.006778481640609013,1
0,0.026470276048069175,1
1,0.011977260666379275,1
0,-0.033721383272396654,0
0,-0.08793943483311517,0
0,-0.07218150693914993,0
1,-0.015183828558617052,0
0,-0.022957307857848108,0
0,-0.07175702417634405,0
1,-0.020120122682346975,0
0,-0.05968150408641015,0
0,-0.08093679323869912,0
0,-0.09626161977552694,0
0,-0.08640359196540409,0
0,-0.07790801537729275,0
0,0.09721126296171889,1
0,-0.08591962886800847,0
0,-0.018448065428289306,0
0,-0.011148263032029537,0
0,-0.07488577658205287,0
0,-0.0753451089161068,0
0,-0.05602238650429492,0
1,-0.015183828558617052,0
0,-0.047698981703499066,0
0,-0.061223413382276326,0
0,-0.10215121691130397,0
0,-0.0732666776527639,0
0,-0.08891464638359431,0
0,-0.02983416100577113,0
1,-0.01670935978797633,0
0,-0.03612428823255265,0
0,-0.07449822950143992,0
0,-0.08183978166919709,0
0,-0.0655369902040876,0
0,-0.050428282216963494,0
0,-0.05176593983982891,0
0,0.09721126296171889,1
0,0.0588091508691474,1
0,-0.09539242305713391,0
0,-0.06006450495078586,0
0,-0.06043735412484519,0
1,-0.03320223964967001,0
0,0.1454821840900058,1
0,-0.022357935394812734,0
0,-0.08227747491391352,0
0,-0.006922012780792852,0
0,-0.0009588997105129393,0
0,-0.05834081870603919,0
1,-0.01684766364317286,0
0,-0.060618459506188827,0
0,-0.05941144980415941,0
0,-0.0597930541284149,0
0,-0.06266355072305291,0
1,-0.012533536587400418,0
0,-0.08195049649661129,0
0,-0.06429376529707936,0
1,-0.01636851034352016,0
0,-0.036790726403928775,0
0,0.01642663258204946,1
0,-0.0821924856738746,0
0,-0.049858136553579846,0
0,-0.0876698895511619,0
0,-0.07488183948357319,0
0,-0.07024454215630199,0
0,-0.08579995572857052,0
0,-0.05384806938991482,0
0,-0.07968910694955578,0
0,0.1262938038417123,1
0,-0.10112574038609434,0
0,-0.07419228401055866,0
0,-0.058086980387595744,0
0,0.09721126296171889,1
0,-0.006876910554307947,0
0,-0.0635298491196461,0
0,-0.0681678689634223,0
1,0.00034727729939088015,1
0,-0.05346877619601331,0
1,-0.012906365148818988,0
1,-0.015359966390029234,0
0,-0.05646892032986123,0
1,-0.06795532954893285,0
0,-0.0632327806550132,0
0,-0.06500478250834307,0
0,0.09943438793460357,1
0,-0.08009261130182971,0
0,-0.04212024380669099,0
0,-0.04511450710842724,0
0,-0.05170631799848335,0
0,-0.04189538344661781,0
0,-0.010757625598152687,0
1,-0.012533536587400418,0
0,-0.07627552247343816,0
0,-0.07353980659745424,0
1,-0.013059187704755781,0
0,-0.07955443553949254,0
1,-0.05219681060017339,0
1,-0.01684766364317286,0
0,-0.06301025870072169,0
0,-0.0057535024798402445,0
0,-0.07038824433328283,0
0,-0.00827989854413902,0
0,-0.0038426346023416325,0
0,0.11116238115833188,1
0,-0.004365994159075293,0
0,-0.04067423558712557,0
0,-0.08000687824274838,0
1,-0.012906365148818988,0
0,-0.05570385791531446,0
0,-0.038110014428884786,0
0,0.0588091508691474,1
0,-0.05783264443122155,0
0,-0.08189275375766097,0
0,-0.08328916424869814,0
1,-0.019963689339438206,0
0,-0.049959147091434786,0
0,-0.06136696867794733,0
0,0.16608148388901844,1
1,0.012191855107526406,1
0,-0.0038426346023416325,0
0,-0.06778951664118238,0
0,-0.06378899206572608,0
0,-0.014337843087443236,0
0,-0.06359219141921996,0
0,-0.04550268830404902,0
0,-0.03849548172247569,0
0,-0.08157684878418464,0
0,-0.07074800829337452,0
1,-0.019505963821408123,0
1,-0.015487024097411095,0
0,-0.08186158942673194,0
0,-0.06522938340468726,0
0,-0.07374021004052628,0
0,-0.037497614937203216,0
0,-0.07902891981763666,0
0,-0.017628973766362743,0
0,-0.07291711239843718,0
0,-0.07880660704298509,0
0,-0.05735371730895039,0
0,-0.055907942152411794,0
0,-0.0454281433599944,0
0,-0.07439753846016917,0
0,-0.0527597919924237,0
0,-0.08376624838372693,0
0,-0.03549022528288903,0
0,-0.039049255316423115,0
0,0.031598794038452116,1
0,-0.04619008042219419,0
0,-0.07248799732720207,0
0,-0.026809801007178058,0
1,-0.015666438022868323,0
0,0.12594821929593436,1
0,-0.005296786375783735,0
0,-0.059609710934624915,0
0,-0.052803901818917254,0
0,-0.025125147966691463,0
0,-0.0550087424494794,0
0,-0.08110783849891984,0
1,-0.07545268533847965,0
0,-0.003286469212146148,0
0,-0.0038426346023416325,0
0,-0.09127800079230425,0
0,-0.05669137040806882,0
0,0.07716026728877101,1
0,-0.056599385819717185,0
0,-0.03975724596424707,0
0,-0.0572643127534484,0
0,-0.0712714852756754,0
0,-0.06568042107779509,0
0,0.05913064791420619,1
0,-0.04654359702802546,0
0,-0.06841080233629615,0
0,-0.08687327844018039,0
0,0.08641215896539456,1
0,-0.05887486751880322,0
0,0.11823539363750624,1
0,-0.07502400951845739,0
0,-0.031755652964929215,0
1,-0.012533536587400418,0
0,0.006778481640609013,1
0,-0.036647853939146546,0
0,0.031598794038452116,1
0,-0.05046997374470291,0
1,-0.0039855397880645405,0
0,-0.038680768538799315,0
0,0.09721126296171889,1
0,-0.036539488226482286,0
0,-0.06252901113071607,0
0,-0.06678060784632783,0
0,-0.08046077396425078,0
0,-0.07760756038811367,0
0,-0.056193038772280324,0
0,-0.028283208470161192,0
0,-0.06223351578618547,0
0,-0.08631483312379057,0
0,-0.04348846812850443,0
0,-0.020570817379607975,0
0,-0.06410787739182405,0
0,-0.0399336449016825,0
0,-0.05993559735290915,0
0,-0.0694474682511329,0
0,-0.10206784014574194,0
0,-0.07843752790460057,0
0,-0.05714373865083949,0
0,-0.060980629326287006,0
0,-0.08381485764370289,0
1,0.00034727729939088015,1
0,-0.0057780241674451616,0
0,0.031598794038452116,1
0,-0.06673045664855709,0
0,-0.08020198761318337,0
0,-0.04738764511892046,0
0,-0.038396101131592475,0
0,-0.022061669391249095,0
0,-0.024481130001854146,0
0,-0.06323070066518433,0
1,-0.017623788684232145,0
0,-0.06767585746376514,0
0,-0.054963460376128204,0
0,-0.000676896684974837,0
1,0.049961300512957885,1
0,-0.07672868180339992,0
0,-0.008581493484645097,0
0,-0.06272977319145107,0
0,0.0588091508691474,1
0,-0.05024668987323411,0
0,-0.06546068527902643,0
0,-0.03932423041654032,0
0,-0.07308886891769789,0
0,-0.012064047755279084,0
0,-0.04574405230456707,0
0,-0.05948320486595671,0
0,-0.028261161548454317,0
1,-0.019505963821408123,0
0,-0.08868374393365958,0
0,0.09721126296171889,1
0,-0.07581494935997707,0
1,-0.013414130836250093,0
1,-0.01636851034352016,0
0,-0.032489146463604124,0
0,-0.0038426346023416325,0
0,-0.08107864728077424,0
0,-0.04879572605334381,0
0,-0.08106327556605097,0
0,-0.004430733558302091,0
0,-0.0669510570876955,0
0,-0.0033186256802734126,0
0,-0.04337203722174676,0
0,0.05052067065757082,1
0,-0.061309680918430476,0
0,-0.08237423396759336,0
0,-0.019666117737240862,0
0,-0.03357836812952891,0
0,-0.047166542057223704,0
0,-0.06462015474344568,0
0,-0.01858228351150698,0
0,0.1392963188594466,1
0,-0.04023401580447544,0
0,-0.06042118790858736,0
1,-0.06801123218055505,0
0,-0.01217730641650494,0
1,-0.04382866007839392,0
0,-0.059865343442581154,0
0,-0.07203344121327943,0
0,-0.04355366777379682,0
0,-0.06631437636987064,0
0,-0.039379103332816634,0
0,-0.05629127456610783,0
1,-0.019202241582551238,0
1,-0.01684766364317286,0
1,-0.07653119873054248,0
0,-0.055743570050563795,0
0,-0.005200238699645809,0
0,-0.06429404529214378,0
0,-0.09304055545698398,0
0,-0.05309776286062068,0
0,-0.05384806938991482,0
1,-0.02473891240388343,0
1,-0.015359966390029234,0
0,-0.03816444684614301,0
0,-0.05616084244138947,0
0,-0.015392053022197094,0
0,-0.09365232027600118,0
0,-0.018158205937856442,0
1,-0.012906365148818988,0
0,-0.04654533115718318,0
0,-0.08430219703898834,0
0,-0.055170444171477206,0
0,-0.07208683003509608,0
0,-0.061663641410605485,0
1,0.0011727789649422782,1
0,-0.09775847588544923,0
0,-0.05543527465703463,0
0,-0.03246037214727604,0
1,-0.017955315242183967,0
0,0.02196104593235093,1
1,-0.015359966390029234,0
0,-0.060980629326287006,0
0,-0.07960168406547796,0
0,-0.08129269785304938,0
0,-0.06273997995816116,0
1,-0.049545695737886974,0
0,-0.06783255358683482,0
1,-0.01684766364317286,0
1,-0.013414130836250093,0
0,-0.07066070856252277,0
0,0.05917051287817998,1
0,-0.012716318388015346,0
1,-0.03681190007663476,0
0,-0.06624245812765805,0
0,-0.08099881493125238,0
0,-0.09683755154918117,0
0,0.12594821929593436,1
0,-0.057364151130540275,0
0,-0.05371189242544161,0
0,-0.08147983071416665,0
1,-0.015183828558617052,0
0,-0.06775154327820465,0
0,-0.026354618343371383,0
0,-0.07569274115681235,0
0,0.08468210829361777,1
0,-0.02555831089768701,0
1,-0.03371650876023169,0
0,-0.05905666376812707,0
0,-0.05919384408640965,0
0,-0.023665108097259413,0
0,-0.02818503842185338,0
0,-0.059865343442581154,0
0,0.0588091508691474,1
0,-0.08258721780943662,0
0,-0.03513837094218941,0
0,-0.08619735818001106,0
1,-0.015343559786735572,0
0,-0.05233379525942922,0
0,-0.04353005085333078,0
0,-0.06652522106618203,0
0,-0.023457648278915333,0
0,-0.04319375539970555,0
0,-0.06912398532550368,0
0,-0.09696437143456449,0
0,0.002462081236621505,1
1,-0.08195575091162421,0
0,-0.07741631053796272,0
1,-0.01636851034352016,0
0,-0.06184377143403891,0
0,-0.07642169021712536,0
0,-0.07964304218212359,0
0,-0.067635915206468,0
0,-0.029493275637744787,0
0,-0.06571631437182635,0
0,-0.053720519557167445,0
0,-0.06079694204834113,0
0,-0.06053093398076981,0
0,0.111414400531199,1
0,-0.04195899247223245,0
0,-0.0891435983213073,0
0,-0.06890942603381045,0
0,-0.06262136162693216,0
0,-0.05425959550584586,0
0,-0.08300396928152248,0
1,-0.013414130836250093,0
0,-0.059354899092797064,0
0,-0.07684114506043166,0
0,-0.07205535920300798,0
0,-0.04593662655441827,0
0,-0.03307977289083763,0
0,0.22039986166027337,1
0,-0.08575883224260117,0
0,-0.08078848847858411,0
0,0.11116238115833188,1
0,-0.08846638149811004,0
0,-0.042526884587857305,0
1,-0.01876606469855946,0
1,-0.015359966390029234,0
0,-0.08936402188273013,0
0,0.006778481640609013,1
0,-0.013830904579508752,0
0,-0.041472206973257264,0
0,-0.06866371908989022,0
0,-0.04299597142723066,0
0,-0.07513469856864785,0
0,-0.073522742850405,0
0,-0.07818929064039215,0
0,-0.07474610096552675,0
0,-0.08011040174173295,0
1,-0.017768194614598942,0
0,-0.04815224125783013,0
0,-0.013721385398091257,0
1,-0.019202241582551238,0
0,-0.0801551755354955,0
0,-0.033646802341799564,0
0,-0.060749637920067934,0
0,0.02196104593235093,1
0,-0.07421319334453141,0
1,-0.01738808843901385,0
1,-0.01670935978797633,0
1,-0.014592810365958164,0
0,-0.020345653615957637,0
0,-0.05446550857764887,0
0,0.06944952137840044,1
0,-0.060980629326287006,0
0,-0.02141228417966845,0
1,-0.015359966390029234,0
0,-0.07955443553949254,0
0,-0.07964304218212359,0
1,-0.019505963821408123,0
1,-0.03627072643034196,0
0,-0.08083710767198271,0
0,-0.07864576261482764,0
0,-0.00927605274271548,0
0,-0.01282044904647256,0
0,-0.021659607241885592,0
0,-0.07705140750457778,0
0,0.040911737060482345,1
1,-0.012906365148818988,0
0,-0.04416221737604087,0
0,-0.05655412080667027,0
0,-0.08163067716789019,0
0,0.111414400531199,1
0,-0.06971993880120403,0
0,-0.08134827081330509,0
1,-0.012906365148818988,0
0,-0.0431947772290881,0
0,-0.08519195729428103,0
0,-0.06597316604472453,0
1,-0.01636851034352016,0
0,-0.08260599126102502,0
0,-0.08253518216011069,0
0,0.12594821929593436,1
1,-0.03254596927341469,0
0,-0.08499702215216826,0
0,0.005316012821014904,1
1,-0.01684766364317286,0
0,-0.02637493938497326,0
0,-0.046065957891124554,0
0,-0.01991166916931164,0
0,-0.07115661106102139,0
0,-0.0730648388906846,0
0,-0.025084593949439737,0
0,0.09324857788145469,1
1,-0.01670935978797633,0
0,-0.05334663894494107,0
0,-0.05851044969157965,0
0,-0.07408674632601164,0
0,-0.07652407014884621,0
0,-0.036258025567749375,0
0,-0.018135301130546733,0
0,-0.09610444337343549,0
0,-0.0818966171337131,0
0,0.21852074895325735,1
0,-0.04720306117811307,0
1,0.00034727729939088015,1
0,-0.057024531904957876,0
1,-0.01636851034352016,0
0,-0.0751492081555531,0
0,-0.024921649717807637,0
0,-0.05533306820575884,0
0,-0.06241029087989597,0
0,-0.05930646471391243,0
0,0.026470276048069175,1
0,-0.04144662166896079,0
0,0.0588091508691474,1
0,-0.06812516511601091,0
1,-0.040889944053010885,0
0,0.1343895387709514,1
0,-0.06479049543527388,0
1,-0.015343559786735572,0
0,-0.013948481789960665,0
0,-0.07366252516764826,0
1,-0.03460174705565494,0
0,-0.06861717670555173,0
0,-0.07550674178117489,0
0,-0.004577886425238875,0
0,-0.041033957732412585,0
0,0.11823539363750624,1
1,-0.019963689339438206,0
0,-0.014576250448592176,0
0,0.111414400531199,1
0,-0.04289289224678544,0
0,-0.0701470037561433,0
0,-0.0770717286339283,0
0,-0.04917566801133,0
0,0.0588091508691474,1
0,-0.05193318236909711,0
0,-0.07443787846996058,0
0,-0.1039154040525288,0
0,0.006778481640609013,1
0,-0.0550087424494794,0
0,-0.05841471498018114,0
1,-0.015359966390029234,0
0,-0.04246190390061583,0
0,-0.05106282669749834,0
0,-0.07109604724486673,0
0,-0.053590350860968916,0
0,-0.033721383272396654,0
0,-0.07964304218212359,0
0,-0.0054426664753476905,0
0,-0.05560364505210591,0
0,-0.05688203002795339,0
0,-0.00019688100110798468,0
0,-0.05358693650922758,0
0,-0.07354229357493075,0
0,-0.05617976909431449,0
0,-0.0542962992027457,0
0,-0.10067452011378913,0
0,-0.04386322348040561,0
0,0.04260715162039441,1
0,0.035289161509704514,1
1,-0.015183828558617052,0
0,-0.053399761049343575,0
0,-0.03445036085303821,0
0,-0.019369193136968943,0
0,-0.05649937494659346,0
0,0.026470276048069175,1
0,-0.06938456574516388,0
1,-0.0399114797495384,0
1,-0.01684766364317286,0
0,0.0588091508691474,1
0,-0.0658708483986114,0
0,0.006778481640609013,1
0,-0.03987418701204953,0
0,0.026470276048069175,1
1,-0.01670935978797633,0
0,-0.07213758453962388,0
1,-0.06906941944066342,0
0,0.09721126296171889,1
0,-0.09235653666766808,0
0,-0.09380979443412357,0
1,-0.014311736850765033,0
0,-0.08094698258139621,0
0,-0.07565436085664545,0
0,-0.011588179318259395,0
0,-0.060980629326287006,0
0,-0.0800562679643591,0
1,-0.01738808843901385,0
0,-0.06866446252739378,0
0,-0.034803130173848784,0
0,-0.025656845791484917,0
0,-0.05523062119180794,0
0,-0.05530803959052716,0
1,-0.015183828558617052,0
0,-0.053590350860968916,0
0,-0.048342015547841066,0
0,-0.04228103136290162,0
0,-0.0038426346023416325,0
1,-0.025040952815754802,0
0,-0.018884043501736225,0
0,-0.04493042595128782,0
0,-0.049347949108496214,0
0,-0.01460638219058713,0
0,-0.05117109140802323,0
0,-0.06319623742365976,0
0,-0.07301558345275988,0
0,-0.04459259400105303,0
1,-0.017043261177559443,0
0,-0.04261032855843472,0
0,-0.03133765656121856,0
0,0.0588091508691474,1
0,-0.03964805898152185,0
0,-0.03986497292374097,0
1,-0.01670935978797633,0
1,-0.016604910543930096,0
1,-0.0014952117148144817,0
0,-0.05067542125860336,0
0,-0.08185804423291931,0
0,-0.016608029782774758,0
0,-0.07332736474236301,0
0,-0.06698986751123365,0
1,-0.012533536587400418,0
0,-0.05259832902399891,0
0,-0.06579611713118477,0
0,0.049636740228931275,1
0,-0.10128169582186858,0
0,-0.1014663667321345,0
0,-0.02717288447761268,0
1,-0.015359966390029234,0
0,0.1262938038417123,1
0,-0.015540858333178698,0
1,-0.05543701913787896,0
0,-0.08569114774285802,0
1,-0.015359966390029234,0
0,-0.041692355270528,0
0,-0.027711672345174687,0
0,-0.05530803959052716,0
0,-0.044148555919375054,0
0,0.026470276048069175,1
0,-0.053667938282164596,0
1,-0.017623788684232145,0
0,-0.0544965518722782,0
0,-0.08310802456868399,0
0,-0.06252398547994031,0
1,-0.017623788684232145,0
0,-0.057043850558785913,0
0,-0.04241717889089036,0
0,-0.05289536353047469,0
0,-0.08432056901375101,0
0,0.0588091508691474,1
0,-0.0640939492791684,0
0,-0.08842914763065207,0
0,0.12594821929593436,1
0,-0.053887348661076584,0
0,-0.05336775833428725,0
0,-0.06709662274514777,0
0,-0.07511851736455188,0
0,-0.07397756103085773,0
1,-0.01684766364317286,0
0,-0.0808856502682796,0
0,-0.0941789971091101,0
0,-0.07510089678362847,0
0,0.22056235087850784,1
0,-0.080871942846725,0
0,-0.07903357832376723,0
0,-0.06308322343139605,0
0,-0.04095050500892533,0
0,-0.0123283944800337,0
0,0.08022272779271,1
0,-0.08243940116779946,0
0,-0.07382261050199213,0
1,-0.017043261177559443,0
1,-0.017623788684232145,0
0,-0.0784837401570116,0
0,-0.056518031691159654,0
0,-0.08948286706878245,0
1,0.004843192345564851,1
1,-0.015359966390029234,0
0,-0.08252659052614708,0
0,-0.012373122112896873,0
0,-0.06457091610943771,0
0,-0.05381344027723378,0
0,-0.08488929756525948,0
0,-0.06901345548988946,0
0,-0.08322671141060395,0
0,-0.04459259400105303,0
0,-0.07368915801542036,0
0,-0.08452391737962472,0
0,-0.05691767264662839,0
1,-0.01684766364317286,0
0,-0.07038169184310178,0
0,0.09721126296171889,1
0,-0.08808541645038165,0
0,-0.030653029777008067,0
0,-0.05629596687188604,0
0,-0.043329210093869086,0
0,-0.01585834848750367,0
1,-0.01636851034352016,0
0,-0.0857914946136375,0
0,-0.08144678372399539,0
0,-0.011887698350686704,0
0,0.1262938038417123,1
0,-0.0038426346023416325,0
0,-0.07818100029798442,0
0,-0.03247976498105465,0
0,0.026470276048069175,1
0,-0.04266837392493117,0
0,-0.07395581500203235,0
0,-0.07561642954777414,0
0,-0.04337203722174676,0
0,-0.07773421320419743,0
0,-0.038091993652325074,0
0,-0.052658915082765934,0
0,-0.05564928897445903,0
0,-0.07377702186702806,0
0,-0.07388162324309094,0
1,-0.015359966390029234,0
1,-0.015359966390029234,0
0,-0.03466918307186434,0
0,-0.0038426346023416325,0
0,-0.07672313524907709,0
0,-0.05762995685525102,0
1,-0.01684766364317286,0
0,-0.05541802563186449,0
0,-0.04089265737276654,0
0,-0.08005763937823751,0
0,-0.0805710560284687,0
0,-0.08107864728077424,0
0,0.09943438793460357,1
1,-0.01684766364317286,0
1,-0.015359966390029234,0
1,-0.02359104965103398,0
0,-0.080871942846725,0
0,0.12594821929593436,1
0,-0.06184377143403891,0
0,-0.04727800256627662,0
0,0.1262938038417123,1
0,-0.097519257710251,0
0,-0.026118341905740805,0
0,-0.07452798924871284,0
0,-0.03367074702095807,0
0,-0.020061121610956023,0
1,-0.018112772524855603,0
0,0.08270080825376391,1
0,-0.0882863057259784,0
0,-0.06181263995507774,0
0,0.005075235882769369,1
0,-0.025562847728080484,0
0,-0.01664639777379734,0
0,-0.06745353996620784,0
0,-0.06204742594310331,0
0,-0.038579607961854834,0
0,-0.0826319958632507,0
1,-0.07141074029383876,0
0,-0.048433127601541615,0
0,-0.019807767581837166,0
1,-0.015359966390029234,0
0,-0.06668064674853391,0
1,-0.012533536587400418,0
1,-0.015359966390029234,0
0,-0.05387843238160045,0
1,-0.061839489923750324,0
0,-0.04350521150897424,0
0,-0.05306733933239843,0
0,-0.04247213566872221,0
0,-0.0038426346023416325,0
0,-0.06056616792387565,0
0,-0.08541075518883001,0
1,-0.07647871984253823,0
1,-0.01876606469855946,0
0,-0.07963840925488386,0
0,-0.06673045664855709,0
0,-0.08058083504939273,0
0,-0.06156477280162659,0
0,-0.06262136162693216,0
0,-0.08816879073282219,0
0,-0.08079703191600973,0
0,-0.0909319293678395,0
0,-0.0038753044790450497,0
0,-0.08051414010298036,0
0,-0.05551828035287254,0
0,0.1262938038417123,1
0,-0.04895098525123931,0
0,0.026470276048069175,1
0,-0.04870914963243267,0
1,-0.01738808843901385,0
0,-0.03882299296508218,0
0,-0.03752854602858935,0
0,0.039375952404322456,1
0,0.1454821840900058,1
0,-0.018497919980793587,0
0,-0.07538943978920182,0
0,-0.006606089199641174,0
1,-0.04758153048579855,0
1,-0.017768194614598942,0
0,-0.03683950078537751,0
1,-0.02895501617093399,0
1,-0.018518095911605192,0
0,0.03072185027850738,1
1,-0.01670935978797633,0
0,-0.030134266396139975,0
1,-0.01843424250804515,0
0,0.11116238115833188,1
1,-0.013414130836250093,0
1,-0.02006253071359887,0
0,0.1392963188594466,1
1,-0.07594418093432165,0
0,-0.05658365854643893,0
0,-0.06480142460759941,0
0,-0.04261032855843472,0
0,-0.05433597649767702,0
0,-0.0610106360115808,0
0,0.035289161509704514,1
1,-0.015359966390029234,0
0,-0.06246277089584129,0
0,-0.06587245790390123,0
0,-0.05476470949862566,0
0,-0.01209396867081286,0
1,-0.014498838883160448,0
0,-0.05870754941087414,0
1,-0.015359966390029234,0
1,-0.017768194614598942,0
0,-0.08364363016204873,0
1,-0.007425683277582196,0
0,0.035289161509704514,1
0,-0.06570758121709092,0
0,-0.03905138426783589,0
0,0.035289161509704514,1
1,-0.05105562462032864,0
0,-0.06154186614036755,0
0,-0.07414797121928596,0
0,-0.038861460039460505,0
1,-0.019202241582551238,0
0,-0.07925471426932718,0
0,-0.055009228954919054,0
0,-0.07506222927586093,0
1,-0.01670935978797633,0
0,-0.05695099808669868,0
0,-0.07951019562331596,0
0,-0.051115616352638615,0
0,-0.08721609925561424,0
0,-0.06018066818670098,0
0,0.0588091508691474,1
0,0.06757632734095331,1
1,-0.061168607769543415,0
0,-0.07883190579188654,0
0,-0.06733517468050709,0
1,-0.017043261177559443,0
1,-0.015359966390029234,0
0,-0.06597316604472453,0
1,-0.008474185347606578,0
0,0.0588091508691474,1
0,-0.0725477609036857,0
0,-0.039825642773566594,0
1,-0.013414130836250093,0
0,-0.08829898608438647,0
1,-0.037179913358085404,0
0,-0.033319798986731375,0
0,-0.03726364617890471,0
1,-0.015359966390029234,0
0,-0.05894477938994003,0
0,-0.058936577792229716,0
0,-0.06599028776907384,0
0,-0.04578613920947233,0
0,-0.08427592425431696,0
0,-0.0825285430026782,0
0,-0.09191747210674622,0
0,-0.05589164374613387,0
0,-0.015792573751276517,0
0,-0.05523523236633621,0
0,-0.027647936269610984,0
0,-0.06868836507304876,0
0,-0.0038426346023416325,0
0,-0.004050966829607039,0
0,-0.026375793997191477,0
0,-0.0775283199571572,0
0,-0.06077302069884111,0
0,-0.02348595950801613,0
1,0.0063627370311688525,1
0,-0.06290307331244188,0
0,-0.019738708666130866,0
0,-0.0038426346023416325,0
0,-0.07463125541833371,0
0,-0.07009575298213938,0
0,-0.02037545659835427,0
0,-0.01444394863365317,0
1,-0.03485117560642442,0
0,0.12594821929593436,1
0,-0.04731473338583009,0
0,-0.0055736752874680495,0
0,-0.06574532465177685,0
1,-0.015359966390029234,0
0,-0.05864044148995334,0
0,-0.06270572759778509,0
0,-0.07842079222623494,0
0,-0.05979330070401584,0
0,-0.0747526759143744,0
0,-0.07648217874276364,0
1,-0.08434334784778891,0
0,-0.06419122173676223,0
0,-0.09152209174560982,0
0,-0.059189730334646695,0
0,0.13789532397168736,1
0,-0.04250028748331808,0
0,-0.07129845926999578,0
0,-0.0020896647667686397,0
0,0.0588091508691474,1
0,-0.057024531904957876,0
0,0.035289161509704514,1
0,-0.0533297263183522,0
0,-0.047945707389078385,0
0,-0.06513131906380981,0
0,-0.0824591528160612,0
0,-0.0038426346023416325,0
1,-0.058971228822670696,0
0,-0.06996714696567513,0
0,-0.017286718211650398,0
0,-0.0636967020881235,0
0,-0.04684097838444462,0
0,-0.08014601230324941,0
0,0.0588091508691474,1
0,-0.08202245805753106,0
0,-0.07016734594017854,0
0,-0.07271047916231105,0
0,-0.014145768654552915,0
0,-0.06998082869867,0
0,-0.08098415780801366,0
1,-0.01738808843901385,0
0,-0.05218903623935811,0
0,-0.07476009486757018,0
0,0.111414400531199,1
0,-0.0798487163266009,0
1,-0.014865012585459414,0
0,-0.032332500566423616,0
0,-0.07096816781502668,0
1,-0.019202241582551238,0
0,-0.0759489026859268,0
0,-0.09976411460167561,0
0,-0.08257414376041167,0
0,-0.0038426346023416325,0
0,-0.06015462030613555,0
1,-0.012906365148818988,0
0,0.09721126296171889,1
0,-0.05714373865083949,0
0,-0.07211335669272345,0
0,-0.08823107572466343,0
0,-0.07702267403030849,0
0,0.06383863098479414,1
0,-0.07766245476541545,0
0,-0.07529031008455855,0
0,-0.061954395533007134,0
0,-0.07931808711997307,0
1,-0.01615735505894006,0
0,-0.023284555123284367,0
0,-0.09673612338084825,0
0,-0.06455236409357162,0
0,-0.0684265814168501,0
0,-0.052007466725877194,0
1,-0.019505963821408123,0
1,-0.06596434480953617,0
0,-0.07889744482485972,0
0,-0.013068682746885663,0
0,-0.05722020137926942,0
0,0.09943438793460357,1
1,-0.019202241582551238,0
0,-0.06064022081278159,0
0,-0.06646842771852152,0
1,-0.07211248123642827,0
0,-0.03672437851031124,0
0,-0.047187212604461126,0
0,-0.02959887021383173,0
0,-0.06581064355295924,0
0,0.026470276048069175,1
0,-0.04121781741253849,0
0,-0.060980629326287006,0
0,-0.05358693650922758,0
0,-0.06006450495078586,0
0,-0.07580545026143581,0
0,-0.054826426994772914,0
0,-0.03307125065780264,0
1,-0.028610937402558045,0
1,-0.0559252554681835,0
0,-0.048631711544131984,0
0,-0.09977706835055555,0
1,-0.017317295319025205,0
0,-0.08165898215020773,0
1,-0.018518095911605192,0
0,-0.08781829258806284,0
0,0.08490623577808887,1
1,-0.04914731715268733,0
0,-0.07457116651155865,0
0,-0.07142496972942614,0
0,-0.007921810380766614,0
0,-0.07569249898659369,0
0,-0.033721383272396654,0
0,-0.0857729013687642,0
0,-0.08657684843969687,0
0,-0.08120165603590745,0
0,-0.08925878421288158,0
0,-0.06254444704239487,0
0,-0.03216652112134999,0
0,-0.06459931722914036,0
0,-0.031945332590095965,0
1,-0.015359966390029234,0
0,-0.0038426346023416325,0
0,-0.0038426346023416325,0
0,-0.06977335811560914,0
0,0.07774516407595733,1
1,-0.014926835742351319,0
0,-0.06739216658606295,0
0,-0.09166907889379966,0
0,-0.050471888126631725,0
0,-0.08078391059707285,0
0,-0.06581064355295924,0
0,-0.06608274756908511,0
0,-0.0774901080250594,0
0,-0.09956113035620184,0
0,-0.025923860741190574,0
0,-0.030923208936109836,0
1,-0.013414130836250093,0
0,0.035289161509704514,1
0,-0.04381967814815113,0
0,-0.07890912779873788,0
0,-0.06880581536222657,0
0,-0.08263098580695266,0
0,-0.07580833672862425,0
0,-0.05855867059951819,0
0,0.026470276048069175,1
0,-0.05985727630767923,0
0,-0.08627926718928369,0
0,-0.06818797062340415,0
0,-0.06050499566263717,0
1,-0.01670935978797633,0
0,-0.06416774625414906,0
0,-0.08485380022652833,0
0,-0.07617815972479164,0
1,-0.06784078001628524,0
1,-0.01636851034352016,0
0,-0.0038426346023416325,0
1,-0.01876606469855946,0
0,0.035289161509704514,1
0,-0.01655086156782304,0
0,0.11823539363750624,1
0,-0.06994841318769096,0
0,-0.07720162281319093,0
0,-0.0559759731845364,0
0,-0.05564928897445903,0
0,0.026470276048069175,1
1,-0.01636851034352016,0
1,-0.01636851034352016,0
0,-0.010743699215000402,0
0,-0.06267794556214867,0
0,-0.06564737668361736,0
1,-0.01636851034352016,0
0,-0.07879446363697712,0
0,-0.05650450287084591,0
1,0.00034727729939088015,1
0,-0.04389996048308392,0
0,-0.080871942846725,0
0,-0.08572257747698298,0
0,-0.02149111893061878,0
1,-0.01670935978797633,0
0,0.02196104593235093,1
0,-0.02298269573810402,0
0,-0.06373528405701412,0
1,-0.02695823124133545,0
0,-0.0669870676155313,0
1,-0.015343559786735572,0
0,-0.07049588750355518,0
0,-0.08316027794137554,0
0,0.11823539363750624,1
0,-0.08234559445038392,0
0,0.09721126296171889,1
0,0.0588091508691474,1
0,-0.05971429641395409,0
0,-0.04097442932789541,0
0,-0.08546028298489211,0
1,-0.01636851034352016,0
0,-0.07599637957102245,0
0,-0.054167502736082174,0
0,-0.036196263461240163,0
0,0.059430507668580934,1
0,-0.051290141912630094,0
0,-0.039398212597580806,0
0,-0.061663641410605485,0
0,-0.06062507667975875,0
0,-0.061278761099515966,0
0,-0.0852944775333106,0
1,-0.012533536587400418,0
0,-0.09197898814035077,0
1,-0.01670935978797633,0
1,-0.01738808843901385,0
0,-0.048400033590018876,0
1,-0.014926835742351319,0
0,-0.06190873733111163,0
0,-0.02193957211924913,0
0,-0.024054211156980088,0
1,-0.02308515538941308,0
0,-0.02642647151076216,0
0,-0.055339293245564414,0
0,-0.08678111979301184,0
0,-0.053827232432672456,0
0,-0.07301572757825942,0
0,-0.021300230064384917,0
0,-0.08079703191600973,0
0,-0.034269421136451816,0
1,-0.012533536587400418,0
0,-0.012234738177000659,0
0,0.02196104593235093,1
0,-0.07587344274841312,0
0,-0.0038426346023416325,0
0,-0.07767153275128885,0
0,-0.061143083134429566,0
0,-0.0719557308634377,0
0,-0.016512354805103047,0
0,-0.08739384435367514,0
0,0.031598794038452116,1
0,-0.06676295410076738,0
0,-0.07624476626306187,0
1,-0.011536587466991821,0
1,-0.05191173444909536,0
0,-0.06262136162693216,0
0,-0.10488192496270782,0
0,-0.0038426346023416325,0
0,-0.08667963470506934,0
1,-0.011827203487965898,0
0,-0.03069895090377156,0
0,-0.04328741088149157,0
0,-0.043133623489568285,0
0,-0.0662008878956078,0
0,0.04112757782059129,1
0,-0.07826777323019757,0
0,0.006778481640609013,1
0,-0.03935942108301371,0
0,-0.038542305563775525,0
0,-0.023194263398429227,0
1,-0.09305823190764001,0
0,-0.07469517005426002,0
0,-0.03581148439950643,0
0,-0.028788433172839523,0
0,-0.04327248054477195,0
0,0.031598794038452116,1
0,-0.07211444559323793,0
0,-0.035771287904565297,0
0,-0.06605547491455127,0
0,-0.0548228745450301,0
0,-0.005795121345650189,0
0,-0.057024531904957876,0
0,-0.05503172191265743,0
1,-0.018518095911605192,0
0,-0.07184980026932442,0
0,-0.08140490424925007,0
0,0.006778481640609013,1
0,-0.0038426346023416325,0
1,-0.01684766364317286,0
0,0.031598794038452116,1
0,-0.07602061609136368,0
0,-0.07006299311351344,0
0,-0.06803700960360598,0
0,-0.08157176080923345,0
0,-0.07999077571466245,0
0,0.09721126296171889,1
0,-0.05860795975305655,0
0,0.0588091508691474,1
0,-0.06136696867794733,0
0,-0.061651599172886484,0
0,-0.024166543570096843,0
1,-0.07528790184192802,0
0,-0.0655586753467216,0
0,-0.02867360369795885,0
0,-0.03688117286277348,0
0,-0.10300253951360072,0
0,-0.05188793747362502,0
0,-0.018850179731702332,0
1,-0.015359966390029234,0
0,-0.05570385791531446,0
0,-0.02933037332527172,0
0,-0.0828460020783528,0
0,0.041451446717275076,1
1,-0.02895463322648051,0
0,0.12594821929593436,1
0,-0.07239091231956396,0
0,0.22039986166027337,1
0,-0.05808280104861918,0
1,-0.01684766364317286,0
0,-0.0620712894203036,0
0,-0.010826538640596295,0
0,0.0588091508691474,1
0,-0.0636360066586712,0
1,-0.01684766364317286,0
0,-0.06538274357207285,0
0,-0.05166752649154693,0
0,-0.04541820864283752,0
1,-0.017623788684232145,0
1,-0.015359966390029234,0
1,-0.012906365148818988,0
1,-0.041997592224345404,0
0,-0.0076999526391393625,0
1,-0.01684766364317286,0
0,-0.07341984571839488,0
0,-0.07030644735290542,0
0,-0.07134787544284377,0
0,-0.026408668960240356,0
0,-0.07160997999125235,0
0,-0.073833088187166,0
1,-0.01684766364317286,0
0,-0.0038426346023416325,0
0,-0.05202484226214216,0
0,-0.0691509084788573,0
0,-0.0607968127582863,0
0,-0.06252398547994031,0
0,-0.047812405048627826,0
0,-0.0038426346023416325,0
0,0.0010630028948335202,1
0,0.07513320267917822,1
0,-0.06803001751355903,0
0,0.111414400531199,1
0,0.1454821840900058,1
0,0.006778481640609013,1
0,-0.019539176904456335,0
0,-0.05286161977075249,0
0,0.0588091508691474,1
0,-0.058251011695601485,0
0,-0.05455581232694384,0
1,-0.015666438022868323,0
0,-0.05894477938994003,0
0,-0.024008189776620337,0
0,-0.07837638515888673,0
0,0.11823539363750624,1
1,-0.017768194614598942,0
0,-0.08827616838416413,0
0,-0.04541421885582203,0
0,-0.07776335569490839,0
0,-0.06008321952314449,0
1,-0.04535576188582763,0
0,-0.04329143787290812,0
0,0.1262938038417123,1
0,0.035289161509704514,1
0,-0.07748197463489148,0
0,0.1262938038417123,1
0,-0.08831156481039326,0
0,-0.07781964125975727,0
0,-0.0783000508606892,0
0,-0.062352472073341825,0
0,-0.0038426346023416325,0
0,-0.019044434271496047,0
0,-0.07657269350621843,0
0,-0.030218452635043802,0
0,-0.03738963292782532,0
0,-0.07492785714262157,0
0,-0.041328526408244914,0
0,-0.080871942846725,0
0,-0.08335983627955318,0
1,-0.032235642054644076,0
0,-0.09580192373987367,0
1,-0.019963689339438206,0
0,-0.0696934910626768,0
0,-0.05928343468384778,0
0,0.035289161509704514,1
0,-0.06096282360027083,0
1,-0.015359966390029234,0
0,-0.08315766975409344,0
0,-0.07971570069435535,0
0,-0.03810022181565137,0
0,-0.1014540906388482,0
0,-0.03223042226141559,0
0,-0.06855067814913457,0
1,-0.01636851034352016,0
1,-0.01670935978797633,0
0,-0.10249236408873158,0
0,-0.062341529876572654,0
0,0.031598794038452116,1
0,-0.08107658610010471,0
1,-0.018518095911605192,0
0,-0.04297865069248524,0
0,-0.006332096935579845,0
0,-0.05466108226088351,0
0,-0.013862396311329184,0
0,-0.06359219141921996,0
0,-0.043081710534114415,0
0,-0.055009228954919054,0
0,-0.04745540690217015,0
0,-0.09953745936775377,0
0,-0.053590350860968916,0
0,-0.02394196468760984,0
1,-0.039231224206310755,0
1,-0.015359966390029234,0
0,-0.08055211133714346,0
0,-0.047581586839398005,0
0,-0.053915529426433295,0
0,-0.07202048281692897,0
1,-0.0788130242051725,0
1,-0.04758153048579855,0
0,0.08715521616869493,1
0,-0.036206852354682406,0
0,-0.05518378877078084,0
0,-0.06630945536652416,0
0,-0.019404037746083957,0
1,-0.01876606469855946,0
0,-0.040475242274138734,0
0,-0.07487286701126639,0
0,0.04455558880635435,1
0,-0.02858419601130463,0
0,0.1262938038417123,1
0,-0.011764999087102657,0
0,-0.06465153694898806,0
1,-0.01876606469855946,0
0,-0.07361067826304524,0
0,-0.060272135313578834,0
0,-0.062352472073341825,0
0,-0.039593586696368754,0
0,-0.08984388374778418,0
0,-0.05038518647726675,0
1,-0.015359966390029234,0
0,-0.037690652261196944,0
0,-0.06557666715815536,0
0,-0.0739133531514341,0
0,-0.059865343442581154,0
0,-0.04879704049812178,0
1,-0.01684766364317286,0
1,-0.01670935978797633,0
1,-0.01636851034352016,0
0,-0.0846651108421696,0
0,-0.054425536172240885,0
0,-0.04722983460716107,0
0,-0.09129789573014507,0
0,-0.07299411654256227,0
0,-0.0655586753467216,0
0,-0.08023704287144556,0
0,-0.012454819094533942,0
0,-0.06207365986382968,0
0,-0.05760790716630948,0
1,-0.018518095911605192,0
0,-0.07704653021147317,0
0,-0.053590350860968916,0
1,-0.05230824138092094,0
0,-0.08061348964659798,0
0,-0.058875923685973386,0
0,-0.06504552846420597,0
1,-0.004828412436722607,0
0,-0.01696914777286651,0
0,-0.07411011391437261,0
0,-0.03450575945604917,0
0,-0.046310840758299054,0
1,-0.017623788684232145,0
0,-0.06597316604472453,0
0,-0.0609260277618171,0
1,-0.01670935978797633,0
0,0.0588091508691474,1
0,-0.018513272065585118,0
0,-0.05555971322304254,0
0,-0.0370071924960666,0
0,-0.08216061425787041,0
1,0.00034727729939088015,1
0,-0.0336018095867594,0
0,-0.07910050558984716,0
0,0.09160740925991351,1
0,-0.04289289224678544,0
0,-0.0579323546476207,0
0,-0.09184164502289183,0
0,-0.06407081339717025,0
0,-0.07704095529587607,0
0,0.0391380139159071,1
0,-0.08681140827489897,0
0,-0.0730932094090525,0
1,-0.015359966390029234,0
0,-0.08396556253314869,0
0,-0.08680179999598625,0
0,-0.035777628194176014,0
0,-0.03826567350534538,0
0,-0.019494571605870148,0
0,-0.08400662351829641,0
0,-0.08469886148542233,0
0,-0.0827223194117972,0
0,0.0004799666171036998,1
0,-0.03919908945795897,0
0,-0.07175626364961657,0
0,-0.057024531904957876,0
0,-0.011547544896036988,0
0,-0.07137857329582314,0
1,-0.01876606469855946,0
0,-0.05353182433374687,0
0,-0.05947004887599072,0
0,-0.05993559735290915,0
1,-0.014321306427399816,0
0,-0.06169727850137613,0
0,-0.0784951658239823,0
1,-0.01670935978797633,0
0,-0.01386678444623024,0
0,-0.04955632944902838,0
0,-0.011868772650588943,0
0,-0.10293526906414996,0
0,0.09164233348302642,1
0,-0.006932066554349581,0
0,-0.05649937494659346,0
0,-0.08249319329049254,0
0,-0.08668924826725022,0
1,-0.012906365148818988,0
0,-0.04247213566872221,0
0,-0.06536595825233227,0
0,-0.044247882486475376,0
1,0.022697321689704508,1
0,-0.049631942225456194,0
0,-0.02656534849817188,0
0,-0.08462557162586193,0
1,-0.00907413325161277,0
0,-0.001887630602560808,0
1,-0.027974735343929802,0
0,-0.08119105438085955,0
0,-0.06587245790390123,0
0,-0.013722140088596624,0
1,-0.08049293285278658,0
0,-0.04377002698342103,0
0,-0.04219259091838351,0
0,-0.004692140531833089,0
0,-0.07045074099965642,0
0,-0.020950618120111897,0
0,0.1383270612556342,1
0,-0.04261032855843472,0
0,-0.05010048737606404,0
1,-0.01684766364317286,0
0,-0.07624476626306187,0
0,-0.08768734170261394,0
1,-0.08361912822615214,0
1,-0.01670935978797633,0
0,-0.06204266657784574,0
0,-0.04829680926106722,0
0,-0.0781349189525154,0
0,-0.0640939492791684,0
0,-0.07514163276695907,0
0,0.12594821929593436,1
0,-0.04142575227705325,0
0,-0.04233053743147536,0
0,-0.05947850747528083,0
0,-0.017214012269633205,0
1,-0.017768194614598942,0
0,-0.07408097446538053,0
1,-0.013414130836250093,0
0,-0.09025644402307831,0
0,-0.05068098384797526,0
1,-0.0792406617961306,0
1,-0.0359500151729375,0
0,-0.03374334251166178,0
0,-0.04261032855843472,0
0,-0.05264987426079143,0
0,-0.04469470061466846,0
0,-0.03467528475963577,0
0,-0.08641958417730017,0
0,0.003264345605969221,1
0,-0.014035167887334832,0
0,-0.04317316358053991,0
0,-0.08395567597205089,0
1,-0.012906365148818988,0
0,0.026470276048069175,1
0,-0.04829278892472261,0
0,-0.04654555393308707,0
0,-0.042390599206793,0
1,-0.019202241582551238,0
0,-0.08020962700209217,0
0,0.09721126296171889,1
0,-0.06175705885916477,0
0,-0.07115672861228844,0
0,-0.07695748577762557,0
0,-0.0515009060863455,0
0,0.1262938038417123,1
0,-0.028412853825400264,0
1,-0.01670935978797633,0
0,-0.06581064355295924,0
0,0.026470276048069175,1
0,-0.05529141265305121,0
1,-0.01876606469855946,0
0,-0.08282584973370122,0
0,-0.009641727826162516,0
0,-0.07833896484230718,0
0,-0.1010730364068908,0
1,-0.012906365148818988,0
1,-0.015359966390029234,0
0,-0.039886374092181265,0
0,-0.052966531791336424,0
0,-0.03566823872589259,0
0,-0.07060687899512136,0
0,-0.04589053060762166,0
0,-0.06564737668361736,0
0,-0.09895631829946794,0
1,-0.015359966390029234,0
0,-0.01193311051981144,0
1,-0.01670935978797633,0
0,-0.05556401660019317,0
1,-0.032613666943771435,0
0,-0.0842738977157173,0
0,-0.04818186911600819,0
0,0.02196104593235093,1
0,-0.1021120657383347,0
0,0.111414400531199,1
0,-0.07446404297517029,0
1,-0.012906365148818988,0
0,-0.0953510252748419,0
0,-0.07608941096705746,0
0,-0.06406944245654789,0
1,-0.012533536587400418,0
1,-0.01670935978797633,0
1,-0.04743249857165027,0
1,-0.01684766364317286,0
1,-0.09318938145266553,0
0,-0.04266749359451405,0
0,-0.0563006056517521,0
0,-0.08951505033237639,0
0,-0.027223869702116765,0
0,-0.0799903441049149,0
0,-0.08690186325984489,0
0,-0.09865296369940424,0
0,0.026470276048069175,1
0,-0.08162049557488033,0
0,0.026470276048069175,1
0,-0.0794842233623651,0
0,-0.08231917688652429,0
0,-0.0854015877220185,0
0,-0.06936757384344633,0
0,-0.06323723898519945,0
0,-0.08005115379435024,0
0,-0.01198005054218848,0
0,-0.01898640455033307,0
1,-0.01670935978797633,0
0,-0.0038426346023416325,0
0,-0.03619912885318016,0
0,-0.0818563438186477,0
0,-0.04298603668649137,0
0,-0.05238364302191373,0
0,-0.06698986751123365,0
0,-0.08312842651769531,0
0,-0.042595009109100135,0
0,-0.009488217087492479,0
0,-0.052957159893796624,0
0,-0.0778145683032862,0
1,-0.01670935978797633,0
0,-0.0814419547301723,0
0,-0.05570385791531446,0
0,-0.06190412879980911,0
0,-0.02776405460158854,0
0,-0.06546068527902643,0
0,-0.08905164260333476,0
0,-0.04237541966237174,0
1,-0.033309480697783056,0
0,-0.00787381757440736,0
0,-0.06764194568371779,0
0,-0.060957510601917175,0
0,-0.060955491285814845,0
0,-0.061612723203163244,0
0,-0.0776648971331555,0
0,-0.033417730582277594,0
0,-0.06402791033818711,0
0,-0.03408814041535374,0
0,-0.03832188831106281,0
0,-0.05544220379636561,0
0,-0.049141237326273235,0
0,-0.04554219909499091,0
0,-0.08130316564379231,0
0,0.08121014228468593,1
0,-0.06855535507831506,0
0,-0.04954044840986521,0
0,-0.0801147000724095,0
0,-0.005691244710570698,0
1,-0.05215604544965946,0
1,-0.01670935978797633,0
0,-0.05544220379636561,0
0,-0.03946402944100652,0
0,-0.07728162412899786,0
0,-0.08106095108854555,0
1,-0.030466100705328014,0
0,-0.04389996048308392,0
0,-0.07601374440450392,0
0,-0.04996140777676311,0
0,-0.05990772713821918,0
0,-0.05250975502259958,0
0,-0.017682690949406832,0
0,0.16608148388901844,1
0,-0.01354305943487949,0
1,-0.026754579372816167,0
1,-0.020120122682346975,0
0,-0.059865343442581154,0
0,-0.04348846812850443,0
0,-0.05321534436892744,0
1,-0.015359966390029234,0
0,-0.061356190877422945,0
0,-0.05800420681212948,0
1,-0.015359966390029234,0
0,-0.04195899247223245,0
0,-0.02713724536286538,0
0,-0.04351189603854605,0
0,-0.039157481033261,0
1,-0.027974735343929802,0
1,-0.04740920767260842,0
0,-0.0849125878558693,0
0,-0.07964304218212359,0
0,-0.03047573146428989,0
0,-0.089197821520903,0
1,-0.015359966390029234,0
0,-0.0658225825095552,0
0,-0.0492642317588558,0
0,-0.027559375111790907,0
0,-0.05228287294791922,0
0,-0.0486323441669525,0
0,-0.10036649957646332,0
0,-0.001735714731019966,0
0,-0.0222700580796793,0
0,-0.09240448373932647,0
0,0.11116238115833188,1
0,0.1262938038417123,1
0,-0.0529878216493988,0
1,-0.06976473076991285,0
0,-0.08560963642095121,0
0,-0.028590425153149912,0
0,-0.07306358345678843,0
0,-0.07275244040208623,0
1,-0.015183828558617052,0
0,-0.0038426346023416325,0
0,-0.07465781035193425,0
0,0.03019859443173556,1
0,-0.07816051627308102,0
0,-0.050244493227249776,0
0,-0.04632965498778935,0
0,-0.008533468767336183,0
0,-0.03968676962635875,0
0,-0.0772742408388063,0
0,-0.07927294511973398,0
0,-0.0657146336229601,0
0,-0.07532070521167944,0
0,0.22873157492013851,1
0,-0.08092200450791032,0
0,-0.08175265148306565,0
0,-0.07499066630714951,0
0,-0.07081303661309252,0
0,-0.0038426346023416325,0
0,-0.059865343442581154,0
0,-0.10246672533630136,0
0,-0.037261802182757764,0
0,-0.01530919541122372,0
0,-0.05486826802637246,0
1,-0.009834764484795644,0
0,-0.03667788674528949,0
0,-0.0038426346023416325,0
0,-0.029224174332574793,0
0,-0.0608216921487984,0
0,-0.01742188046434473,0
0,0.0588091508691474,1
0,0.09943438793460357,1
0,-0.045174716798696724,0
0,-0.020217886725320766,0
1,-0.032520523878257934,0
1,-0.03266963649312582,0
1,-0.07510025782190716,0
1,-0.01684766364317286,0
1,-0.09202343764077381,0
0,-0.058608014042913714,0
0,-0.07021848546714937,0
0,-0.025347220290174444,0
0,-0.0038926085077175543,0
0,-0.07591915724230774,0
0,-0.07995507706286309,0
0,-0.08061348964659798,0
0,-0.049631942225456194,0
0,-0.05735371730895039,0
0,-0.024091505307752503,0
1,-0.015359966390029234,0
0,0.05160818408460488,1
0,-0.044009523160332575,0
0,-0.0667514952182734,0
0,-0.06452058557573415,0
0,-0.080871942846725,0
0,-0.05188992691020139,0
0,-0.07968409493326306,0
0,-0.07375172968384636,0
0,-0.023360496501294403,0
0,-0.06519120839588666,0
0,-0.0038426346023416325,0
0,0.09738953054466626,1
1,-0.018518095911605192,0
0,-0.06848962836824735,0
0,-0.04776193643574067,0
0,-0.0038426346023416325,0
1,-0.03370792887796881,0
0,-0.06388769335834071,0
0,-0.05981419841588087,0
1,-0.01636851034352016,0
0,-0.07805731381440156,0
0,-0.05694393993655322,0
0,-0.05625074276992981,0
0,-0.0837237346191555,0
0,-0.05387258916550414,0
0,0.04291419524787965,1
0,-0.049146084142356106,0
1,-0.03646623541099553,0
0,-0.02130433670780041,0
0,0.031598794038452116,1
0,-0.07561714927547969,0
0,-0.05141855853136501,0
0,-0.07976759242215781,0
0,-0.04731473338583009,0
0,-0.0845413371174567,0
0,-0.01748325397051481,0
0,-0.07319978377439634,0
0,-0.0038426346023416325,0
0,-0.042293882240071135,0
0,0.08068171597424467,1
0,-0.05358693650922758,0
0,-0.05458832343671299,0
0,0.026470276048069175,1
0,-0.10372816530177892,0
1,-0.012533536587400418,0
0,-0.07462174279468936,0
0,-0.056400661348016135,0
1,-0.01636851034352016,0
0,-0.07414069548575086,0
0,-0.06273916524021644,0
0,-0.043497626896785824,0
0,-0.07581640942729173,0
0,-0.04812211641364289,0
0,-0.057862495532280234,0
0,-0.057500339449487736,0
0,-0.024582565871629547,0
0,-0.07129111008177386,0
0,-0.048850078268706076,0
0,-0.08862807989820443,0
0,-0.04886916426648058,0
0,-0.04704533308816555,0
0,0.035289161509704514,1
1,-0.03522709341337832,0
0,-0.08715007321906432,0
0,-0.04727810834832896,0
0,-0.0620854747324458,0
0,0.035289161509704514,1
0,-0.08358538211525346,0
0,-0.05541802563186449,0
0,-0.039815872884447434,0
0,-0.04333130906895033,0
0,-0.059354899092797064,0
0,-0.014157200002743453,0
1,-0.015359966390029234,0
0,-0.05551828035287254,0
0,-0.0806060404068425,0
0,-0.05232920660625656,0
1,-0.018518095911605192,0
0,-0.10130338503753894,0
0,-0.017432709186985085,0
1,-0.01670935978797633,0
0,-0.060347349902606706,0
0,-0.05883104444583881,0
0,-0.05620958578122143,0
0,0.059763549744557,1
0,-0.08050251403836794,0
0,-0.036538465649228635,0
0,-0.03540022195574527,0
1,-0.01636851034352016,0
1,-0.015359966390029234,0
0,-0.06160098344289844,0
1,-0.015359966390029234,0
0,-0.0058438879054508175,0
1,-0.01636851034352016,0
0,-0.0630716400697649,0
0,-0.039709828441459594,0
0,-0.06682546968843278,0
0,-0.05863478134948891,0
0,-0.08526176671062335,0
0,-0.07903503170378051,0
0,-0.04905990105172736,0
0,-0.042079290753242515,0
0,-0.06589403155787626,0
1,-0.015359966390029234,0
0,-0.05484165425003912,0
0,-0.049430194668008964,0
0,-0.0706110944234064,0
0,-0.08955881748617522,0
0,-0.05387489940051604,0
0,-0.05864044148995334,0
0,0.006778481640609013,1
0,-0.09197898814035077,0
1,-0.015183828558617052,0
0,-0.07276712492344278,0
1,0.016605691750184004,1
0,-0.05051831791341849,0
0,-0.06029471171462947,0
0,-0.042373569652677134,0
1,-0.016764872256409713,0
0,-0.08756425257520256,0
0,-0.07961669126936077,0
0,-0.045154991479374074,0
0,-0.10631158719814698,0
1,-0.01876606469855946,0
0,-0.03734613481120541,0
0,-0.08001387354612877,0
0,0.001280424662990498,1
1,-0.016764872256409713,0
0,-0.0779587272634154,0
0,-0.07209041328794225,0
0,-0.06011413677695465,0
0,-0.07088656781523622,0
0,-0.07095900019478524,0
0,-0.05968150408641015,0
0,-0.0803809388880084,0
0,-0.004588737073308535,0
0,-0.019343220132124972,0
0,-0.046443278689186906,0
0,-0.08054885530159045,0
0,-0.0038426346023416325,0
0,-0.06015462030613555,0
0,-0.05726454575481449,0
1,-0.018518095911605192,0
0,-0.033721383272396654,0
0,-0.06838904361952092,0
0,0.23352062765234427,1
0,-0.019952891362831626,0
0,-0.06889620963980803,0
0,-0.023264267145954254,0
0,-0.08074527897813988,0
0,0.11823539363750624,1
0,-0.009217893341425865,0
0,-0.0614326752767701,0
0,-0.0782797672983983,0
0,-0.053827232432672456,0
0,-0.07715570294730234,0
0,-0.05459775423560742,0
1,-0.011580802967313675,0
0,0.031598794038452116,1
0,-0.0833732018478418,0
0,-0.06760147728612442,0
1,-0.015359966390029234,0
0,-0.04191110097366685,0
1,-0.01636851034352016,0
0,0.026470276048069175,1
0,-0.04235179534624994,0
0,-0.009498469651644692,0
0,-0.07854776106875638,0
0,-0.05163401417218988,0
0,-0.07636509448898465,0
1,0.00034727729939088015,1
0,0.08130135168122976,1
0,-0.07502400951845739,0
0,-0.05279966308626255,0
1,-0.053907609008904234,0
0,-0.07783523119292213,0
0,0.02196104593235093,1
1,-0.01670935978797633,0
0,-0.07583941126488147,0
0,-0.0663542900689475,0
1,-0.015359966390029234,0
0,-0.03626241180624906,0
0,-0.08100789663839891,0
0,-0.07856283362349492,0
0,-0.049211205989545426,0
0,-0.054423121357559834,0
0,-0.05726499043173605,0
0,-0.04822193053161189,0
0,-0.004594094145969951,0
1,-0.0008651965727241029,0
0,-0.015591477606675397,0
0,-0.04228103136290162,0
0,-0.017975125172584205,0
0,-0.020598299253975993,0
0,-0.05043120966948822,0
0,-0.02435870944623797,0
0,-0.05060201925134544,0
0,-0.0637148781948148,0
0,-0.061223413382276326,0
0,-0.10186322015044957,0
0,-0.08212182726540479,0
1,-0.015359966390029234,0
0,-0.05614509836379522,0
0,0.031598794038452116,1
0,-0.03153929070092032,0
0,-0.025921023280554623,0
1,0.008733852881700477,1
0,-0.022801351932025926,0
1,-0.017623788684232145,0
0,-0.09359804704360614,0
0,-0.03467528475963577,0
1,-0.03151443657574765,0
0,-0.007860324589024636,0
0,-0.06383366320845107,0
1,-0.0789651655336715,0
1,-0.015183828558617052,0
0,-0.04884924924920425,0
1,-0.01670935978797633,0
0,0.1454821840900058,1
0,-0.019533659702039907,0
0,-0.015088022160397563,0
0,-0.06429888503902453,0
0,-0.009001877551655879,0
0,-0.012277627669920854,0
0,-0.08587632262860273,0
0,0.22039986166027337,1
1,-0.03551221458465381,0
0,-0.0689236560495402,0
0,-0.05327274502993218,0
0,-0.06439931810327443,0
0,-0.07590893328725312,0
0,-0.05454036429242709,0
1,-0.015359966390029234,0
0,-0.091179109219172,0
1,-0.019505963821408123,0
0,-0.0038426346023416325,0
0,-0.06121073247217407,0
0,-0.07984051973821266,0
0,0.11116238115833188,1
1,-0.012533536587400418,0
0,-0.0038426346023416325,0
0,-0.05121684128131776,0
0,-0.05655412080667038,0
0,-0.02285208542160505,0
1,0.0015431975319846192,1
0,-0.027401588039392077,0
0,-0.08653113139274099,0
0,0.026470276048069175,1
0,-0.016945100454756057,0
0,-0.08267563015820195,0
1,-0.05237151970876769,0
1,-0.012533536587400418,0
0,-0.07859062574225933,0
0,-0.09687686665424367,0
0,-0.05129869871269477,0
0,-0.06838126059935873,0
0,-0.06424371967293624,0
0,-0.06754664718483128,0
0,-0.05117109140802323,0
1,-0.05397176335187698,0
1,-0.007425683277582196,0
0,-0.07833101404150367,0
0,-0.06120680243447929,0
1,-0.06700687868039734,0
0,-0.05655412080667027,0
0,-0.08680121756634224,0
1,0.0769702456199235,1
0,-0.0878454812130921,0
0,-0.050585722794844745,0
0,-0.09388102679669563,0
1,-0.01684766364317286,0
1,-0.01738808843901385,0
0,0.11823539363750624,1
0,-0.02638542903514679,0
0,-0.06690403662975813,0
0,-0.059354899092797064,0
0,-0.08293481354767646,0
0,-0.07466473199670509,0
0,-0.055283398774421066,0
0,0.08249510349617806,1
1,-0.06753645745534642,0
0,-0.052780889084544536,0
0,0.053659645783188936,1
0,-0.08702211355792427,0
1,-0.01636851034352016,0
0,-0.07560690190140967,0
0,-0.08324994918663237,0
0,-0.06173434345737733,0
0,-0.08428639227892021,0
0,-0.05262457214648286,0
0,0.0588091508691474,1
0,-0.058522975481910766,0
1,-0.018518095911605192,0
0,-0.07667811973206279,0
0,-0.036861163658693075,0
0,-0.07594764604044896,0
0,-0.028843204307135717,0
0,-0.07734034031828085,0
0,0.2410561483423288,1
0,-0.05924497839934345,0
0,-0.05068706721629207,0
0,-0.05418250353724191,0
0,-0.08137807150220483,0
1,-0.04739014033400979,0
0,-0.08901137303040713,0
0,-0.08276846657780429,0
1,-0.04670773415875068,0
0,-0.05800420681212948,0
0,0.1000749079419474,1
1,-0.012906365148818988,0
0,0.035289161509704514,1
0,-0.06187704794671156,0
0,-0.06660823204093774,0
0,-0.039302870759278186,0
0,-0.004483827953953745,0
0,-0.009456990681327215,0
0,-0.0833133983136436,0
0,-0.09339391857819473,0
0,-0.026137192973744172,0
0,-0.07591423851216933,0
0,-0.05514844014524817,0
0,-0.07558219624113749,0
0,-0.08247144931297001,0
0,-0.08106095108854555,0
1,-0.013414130836250093,0
0,-0.04821461400995308,0
0,-0.0765045523582581,0
0,-0.06959454317163738,0
0,-0.044112350536775036,0
0,-0.05645870483488857,0
0,0.11116238115833188,1
1,-0.017768194614598942,0
1,-0.015183828558617052,0
0,-0.055685020805264884,0
1,-0.051015524764942144,0
1,-0.013414130836250093,0
0,-0.08691946891830582,0
0,-0.06581064355295924,0
0,-0.05306733933239843,0
0,-0.06408241982471591,0
0,0.07882293062093726,1
0,-0.05299618712021725,0
0,-0.09048347460543349,0
0,0.026470276048069175,1
0,-0.08643828492935524,0
0,-0.070834186427646,0
0,-0.05975007427508777,0
0,-0.06880421764487687,0
1,-0.03771335195208275,0
0,0.2410561483423288,1
0,-0.06195921801186993,0
1,-0.050204675010239175,0
1,-0.09542324860456314,0
0,-0.08832208482489334,0
0,-0.0038426346023416325,0
0,-0.05963429576214008,0
0,-0.08503927250991328,0
0,-0.0804218845038237,0
0,-0.06503221892737876,0
0,-0.047371904757151584,0
1,-0.01670935978797633,0
0,-0.031535798237982915,0
0,-0.07048255849744461,0
0,-0.06061941853762065,0
0,-0.04788684629621581,0
0,-0.0038426346023416325,0
0,-0.07661777105939749,0
1,-0.01834318630923565,0
0,-0.06414430442794011,0
0,-0.07511409196131114,0
0,-0.027813686690576822,0
0,-0.03151264038959517,0
0,-0.026475647489795473,0
0,-0.07397522214964491,0
1,-0.008329511311947146,0
0,-0.06755651506997556,0
0,-0.08944612147146136,0
0,-0.05010048737606404,0
0,-0.05455581232694384,0
0,0.10536967332058711,1
0,-0.058631389526166366,0
0,-0.04331279897719115,0
0,-0.09979583989544893,0
1,-0.02807949792481934,0
0,-0.07966264118920591,0
0,-0.018326691543338436,0
0,-0.046342478824005884,0
0,-0.08193302321404938,0
0,-0.02677525191155039,0
0,-0.0757276162269585,0
0,-0.03470160039856146,0
0,-0.04996140777676311,0
0,-0.0038426346023416325,0
0,-0.07644236026506551,0
0,-0.05428112672173707,0
0,-0.05365116508036383,0
0,-0.05556401660019317,0
0,-0.08986305888224783,0
0,-0.033417730582277594,0
0,-0.05993559735290915,0
0,-0.05263896523563644,0
0,-0.08296719548502829,0
0,-0.09786695339199647,0
0,0.13843182561442613,1
0,-0.003067728379221313,0
0,-0.014761514772369644,0
0,-0.016958989842460415,0
0,-0.04374155563131338,0
0,-0.04107952614219207,0
0,-0.08168721601979889,0
0,-0.0867575098684874,0
0,-0.06559437794670558,0
0,-0.06977419751590686,0
0,-0.0038426346023416325,0
0,-0.040005759897009774,0
1,-0.015359966390029234,0
1,-0.01738808843901385,0
0,-0.03437669792530906,0
0,-0.024714033858827422,0
0,-0.04420213599398648,0
0,0.12594821929593436,1
0,0.09922427756426155,1
0,-0.03043169837688714,0
0,-0.0808200876787834,0
0,-0.036333472024033864,0
0,-0.061663641410605485,0
0,-0.05490885941522761,0
0,-0.04017664856906128,0
0,-0.05869158840256289,0
0,-0.08402142052342554,0
0,-0.07934751560517334,0
0,0.13381750445632845,1
0,-0.05010048737606404,0
0,-0.092402659804533,0
0,0.05936143937521832,1
0,-0.07844739475975837,0
0,-0.06028826960698275,0
0,-0.06653058459645761,0
0,-0.07472913782312413,0
0,-0.060720202762646336,0
0,-0.038593100427248894,0
0,-0.0724843925721585,0
0,-0.05615390109390889,0
1,-0.013414130836250093,0
0,-0.08710174225979606,0
0,-0.08332494594994955,0
0,0.006778481640609013,1
0,-0.02754192948323614,0
0,-0.08059502521050937,0
1,-0.017768194614598942,0
0,-0.009676024167260211,0
1,-0.012906365148818988,0
0,-0.03662191724000158,0
0,-0.06052674076309905,0
0,-0.07811771257460265,0
0,-0.0029827535512923498,0
0,0.09943438793460357,1
0,-0.060980629326287006,0
0,-0.08577745024904088,0
0,-0.05432140075087716,0
0,-0.0594051544826425,0
0,0.1262938038417123,1
0,-0.05159528184694184,0
0,0.1262938038417123,1
0,-0.03751009624522578,0
0,-0.048118245511814206,0
0,0.0588091508691474,1
0,-0.060784742072768516,0
1,-0.01670935978797633,0
0,0.10308688881055217,1
0,-0.059354899092797064,0
0,-0.0038426346023416325,0
0,-0.04715773107858373,0
0,-0.03610046866807559,0
0,-0.05558583438984488,0
0,0.026470276048069175,1
0,-0.06046705177513667,0
0,-0.07957326723274782,0
0,0.0588091508691474,1
0,-0.07945082540367976,0
0,-0.07718166603521054,0
0,-0.03511288993326167,0
1,-0.01738808843901385,0
1,-0.01876606469855946,0
0,-0.047768149209364674,0
0,-0.023167843740842187,0
0,-0.052766046636209984,0
0,-0.04299597142723066,0
0,-0.0592932473477375,0
0,-0.04704205108557363,0
0,-0.052126022727004784,0
0,-0.02903984899628914,0
0,-0.08118755156010182,0
1,-0.015487024097411095,0
0,-0.01413829950141643,0
0,-0.04737955397040067,0
0,-0.058936577792229716,0
0,-0.07891646003729602,0
0,-0.03517349269524783,0
0,-0.08542163849538809,0
0,-0.06200432002119133,0
0,-0.06922391885316176,0
0,-0.03986497292374097,0
0,-0.04318439743644081,0
0,-0.047991053728442756,0
0,-0.08435502269474121,0
0,-0.05819465962712517,0
0,-0.0377287741046034,0
0,0.02196104593235093,1
0,-0.07702471306662984,0
0,-0.0592932473477375,0
0,-0.0809648629273565,0
1,-0.01670935978797633,0
0,-0.04698099123805949,0
0,-0.06065139189391655,0
0,-0.060980629326287006,0
0,-0.04321321670695527,0
0,-0.039593586696368754,0
0,-0.1027502104784288,0
0,0.09721126296171889,1
0,-0.04266600544556848,0
0,-0.06904661189098354,0
0,-0.0662008878956078,0
0,-0.04348846812850443,0
0,-0.012515750601611864,0
0,-0.08354305517134997,0
0,-0.07758958561147722,0
0,-0.07035993850137773,0
1,-0.015183828558617052,0
0,-0.027150158690117887,0
1,-0.04355876363452654,0
0,0.035289161509704514,1
0,-0.07865230673968177,0
1,-0.01684766364317286,0
0,-0.06890833454047929,0
0,0.041451446717275076,1
0,-0.059354899092797064,0
0,-0.06579981982365768,0
0,-0.060980629326287006,0
1,-0.017043261177559443,0
0,-0.07352866437805644,0
0,-0.07959782843358265,0
0,-0.02100173699315716,0
0,-0.027123152186527832,0
0,-0.05887478415545877,0
0,-0.07725348849372321,0
0,-0.0870770551330422,0
0,-0.058936577792229716,0
0,-0.0740220029191867,0
0,-0.08964443288138563,0
0,-0.04341291147067994,0
1,-0.01636851034352016,0
0,0.04786037776458196,1
0,-0.04212024380669099,0
0,-0.008892929084125811,0
0,-0.030166844725335484,0
0,-0.06056616792387565,0
0,-0.020765238302393962,0
0,-0.0736623667124992,0
0,-0.08434734099969393,0
0,-0.07376291615612107,0
0,-0.0037665950452165364,0
0,-0.08075659010284647,0
1,-0.01684766364317286,0
1,-0.015487024097411095,0
0,-0.07711698824332042,0
0,-0.08100274419692632,0
0,-0.07688081715405298,0
0,-0.0579323546476207,0
1,-0.013977047411596055,0
0,-0.06682546968843278,0
1,-0.007425683277582196,0
1,-0.01670935978797633,0
0,0.026470276048069175,1
0,-0.05803204237903287,0
0,-0.05680963237590919,0
0,-0.06334732181760055,0
0,-0.08079703191600973,0
0,-0.0764076929116645,0
0,-0.07017195645590474,0
0,-0.04459259400105303,0
0,-0.08021146636774357,0
0,-0.0716956806192669,0
0,-0.06355695535939271,0
0,-0.044203767234166025,0
1,-0.013414130836250093,0
0,-0.08111932006187611,0
0,-0.04173465448912944,0
0,-0.02680895118637222,0
1,-0.015359966390029234,0
1,-0.017768194614598942,0
0,-0.04175651925032864,0
0,-0.011782018934397231,0
0,-0.06932371002593318,0
0,-0.0754715306000096,0
1,-0.03868579088380181,0
1,-0.049296141934688786,0
0,-0.05649937494659346,0
0,-0.00665123979312926,0
0,-0.0886157350176992,0
0,-0.0676452870745517,0
0,0.04884874299010067,1
0,-0.045963571159036154,0
0,-0.08020962700209217,0
1,-0.05255379971260338,0
0,-0.06775957793345044,0
0,-0.07674844493745459,0
0,-0.07548596256506429,0
0,0.041451446717275076,1
0,-0.038391387437652025,0
1,-0.02592528937109756,0
1,-0.012533536587400418,0
0,-0.051547102969311365,0
0,-0.04530040566019794,0
0,-0.037622271655827266,0
0,-0.07554228077294806,0
1,0.01911977547158561,1
0,0.03443956276016069,1
0,-0.05338324475400841,0
1,-0.053356805577151334,0
0,-0.05263316803995438,0
0,-0.0389314458551292,0
0,-0.04432686363322513,0
0,-0.05309698797390344,0
0,-0.04619927885588543,0
0,-0.07693576630260329,0
1,-0.01670935978797633,0
0,-0.016662616977966227,0
0,-0.07324155974187169,0
0,-0.05233379525942922,0
1,0.010348690518586334,1
0,-0.04777539879966114,0
0,-0.061663641410605485,0
0,-0.061711357710546755,0
0,-0.07932355267325797,0
0,-0.06786866439611516,0
0,-0.056400661348016135,0
0,0.035289161509704514,1
0,0.026470276048069175,1
0,0.026470276048069175,1
1,-0.007425683277582196,0
0,0.057800960200625306,1
0,-0.08581484681655976,0
1,-0.015359966390029234,0
0,-0.0038426346023416325,0
1,-0.05508883789759045,0
0,-0.08406433319926604,0
0,0.06007181194845568,1
0,0.026470276048069175,1
0,-0.07832799937230922,0
0,-0.05877536989014559,0
0,-0.08179286553400777,0
0,-0.025689889132990307,0
1,-0.012533536587400418,0
0,-0.08479721100364246,0
1,-0.02724729515876745,0
0,-0.10235505845811393,0
0,0.09721126296171889,1
0,-0.04379665483942852,0
0,-0.010301151054043,0
0,-0.054518319011839345,0
0,-0.08613144275534995,0
0,-0.02358997950462738,0
0,-0.04230254947912687,0
0,-0.07313552102321969,0
1,-0.015359966390029234,0
0,-0.08361954119839282,0
0,-0.03305274064624297,0
0,-0.05327274502993218,0
1,-0.0012204384208997499,0
0,-0.02788168299902194,0
0,-0.05275075320918482,0
0,-0.07586564421165826,0
0,-0.08302923646009558,0
0,-0.07319079828294184,0
0,0.16608148388901844,1
0,-0.010357152843673056,0
0,-0.044009523160332575,0
0,-0.09802480039317096,0
0,0.08378462329561487,1
0,-0.07918756818917305,0
0,-0.061751750813804684,0
0,-0.05735371730895039,0
0,-0.05511257544144765,0
0,-0.021719381129491955,0
0,-0.05627985203962599,0
0,-0.06664858665745543,0
0,0.06898295387590447,1
0,-0.08311597804648219,0
0,-0.07948749203241429,0
0,-0.05918432305062188,0
0,0.02573997764853342,1
0,-0.05132764624387631,0
0,-0.03865589584750834,0
1,-0.014163691032909986,0
0,-0.04331806213696976,0
0,-0.05113661150562071,0
0,-0.017088326232928552,0
0,-0.06728435143914885,0
1,-0.017768194614598942,0
1,-0.03354288894961327,0
0,-0.04374155563131338,0
1,-0.03609115585554923,0
0,-0.060980629326287006,0
0,0.09721126296171889,1
0,-0.09851241491318563,0
0,-0.09112142233826132,0
0,-0.07099019685237101,0
0,-0.07322734997062708,0
0,-0.059354899092797064,0
0,0.007915186302315136,1
0,-0.05891766414518995,0
0,-0.06119257632981889,0
0,-0.04392419912942508,0
0,-0.08106095108854555,0
0,-0.05359169009617876,0
0,-0.04243009434037631,0
0,-0.034336607364245986,0
0,-0.04348846812850443,0
1,-0.01876606469855946,0
0,0.0018526389439579294,1
0,-0.037179857737808186,0
0,0.09721126296171889,1
0,-0.030166849734200585,0
0,-0.060980629326287006,0
0,-0.07617815972479164,0
0,-0.008401936008023136,0
0,-0.07604903531257134,0
0,-0.05681240852430042,0
0,-0.06084428600013947,0
1,-0.01876606469855946,0
0,-0.0548228745450301,0
0,-0.0878383498838129,0
1,-0.01876606469855946,0
0,-0.013715865887530099,0
1,-0.005545520262616066,0
0,-0.054236954606271204,0
0,-0.07778321629513191,0
0,-0.03819615545144789,0
0,-0.082807217603448,0
0,0.2410561483423288,1
0,-0.05970204758048642,0
0,-0.06760482657451133,0
0,-0.03562236008780961,0
0,-0.06346257274123906,0
1,-0.017918356759455023,0
0,-0.08510251680967579,0
0,-0.042199313894445256,0
0,0.026470276048069175,1
0,-0.00674292216680239,0
0,-0.04778989165598441,0
0,-0.019192442316807168,0
0,-0.024944961121762144,0
0,-0.006536602898923605,0
0,-0.0872521422755358,0
0,-0.06204266657784574,0
0,-0.05441130180169179,0
0,-0.061223413382276326,0
0,0.09365915340607422,1
0,-0.05603057516059856,0
0,0.006778481640609013,1
0,-0.07370438015844955,0
0,-0.042700229285586866,0
1,-0.02405563945820388,0
0,-0.102067528175604,0
0,0.1454821840900058,1
0,-0.07343007558360176,0
0,-0.0038426346023416325,0
0,-0.09945155109392784,0
1,-0.015183828558617052,0
0,-0.0038426346023416325,0
0,-0.06437174552852243,0
0,-0.1046418393608588,0
0,0.10308688881055217,1
0,-0.009324023872385623,0
0,-0.07394820375187638,0
1,-0.015359966390029234,0
0,0.035289161509704514,1
0,0.006778481640609013,1
0,-0.051310735788739625,0
0,0.026470276048069175,1
0,-0.07799536361777964,0
0,0.09091166045715515,1
1,-0.015359966390029234,0
0,-0.05468984319892578,0
0,8.2513131490769e-05,1
0,-0.0038426346023416325,0
0,-0.08123710587090621,0
0,-0.05465626147993369,0
0,-0.04890300581614698,0
0,-0.016524312524115625,0
0,-0.051054130660100505,0
0,0.006778481640609013,1
1,-0.012906365148818988,0
0,-0.05400724823072195,0
0,-0.03867747376466685,0
0,-0.06895542755371536,0
0,-0.0703001832108438,0
0,-0.07007912401955824,0
1,-0.015359966390029234,0
0,-0.07983816341014033,0
0,-0.05464961158827075,0
0,-0.07638664126536193,0
1,-0.01738808843901385,0
0,-0.0658404387617269,0
0,-0.0581627300050197,0
0,-0.022063167765991043,0
0,-0.07354936589841188,0
0,-0.05666893325700961,0
0,-0.08516947647335987,0
0,-0.08079703191600973,0
0,-0.06323723898519945,0
0,-0.05359169009617876,0
0,-0.08205473540836578,0
1,-0.019202241582551238,0
0,-0.04089415777358507,0
0,-0.016694913558579605,0
0,-0.06044155465572032,0
0,-0.049749896233487356,0
0,0.046774790318511394,1
0,-0.057964738672463934,0
0,-0.08576356243524164,0
0,-0.09803294980868221,0
0,-0.06757844514301625,0
0,-0.09653776044613283,0
0,-0.06164827748266771,0
0,-0.022970506547662695,0
0,-0.08923572709959154,0
1,-0.015183828558617052,0
0,-0.042689593933769976,0
0,0.09721126296171889,1
0,-0.06503221892737876,0
0,-0.0038426346023416325,0
0,-0.0698565327048068,0
0,-0.07964304218212359,0
1,-0.015359966390029234,0
0,0.09943438793460357,1
1,-0.018448207554442375,0
0,0.09943438793460357,1
0,-0.09776031570112592,0
1,-0.01670935978797633,0
0,-0.08317117534337137,0
0,-0.05968150408641015,0
1,-0.08392631336501893,0
0,-0.07166203734390192,0
0,-0.08315142491247957,0
0,0.006778481640609013,1
1,-0.018518095911605192,0
1,-0.015359966390029234,0
0,-0.0773097391529407,0
0,-0.05852236093464658,0
0,-0.030731595026590064,0
0,0.07827482837509503,1
0,-0.09965236895686258,0
0,-0.04089415777358507,0
1,-0.039862618191116805,0
0,-0.05329943784340618,0
0,-0.041302140991395286,0
0,-0.014590507269822528,0
0,-0.05638406916462907,0
0,-0.06911162570091434,0
0,-0.007828346688007193,0
0,-0.053597024330275966,0
0,0.006778481640609013,1
1,-0.06632662253256333,0
0,-0.054570138448927885,0
0,0.021518338970790696,1
0,-0.05273572604185006,0
0,-0.05968150408641015,0
0,-0.05563036410097505,0
0,-0.08179171343066849,0
0,-0.059566391171023914,0
0,-0.07313664870847425,0
0,-0.08849326247549782,0
0,-0.04017664856906128,0
0,-0.054518319011839345,0
0,-0.03904625061935557,0
0,-0.05767787836088406,0
0,0.08582944823783412,1
0,0.006778481640609013,1
1,-0.01738808843901385,0
0,-0.023413089033360368,0
0,-0.05328621588110605,0
0,-0.04417788464854572,0
0,-0.08443319543254008,0
0,-0.05541802563186449,0
0,-0.04322693100819097,0
0,-0.07173724266561748,0
1,-0.01876606469855946,0
0,-0.061952148092761394,0
0,-0.03722299736327528,0
0,-0.06084119238883973,0
0,-0.10575751855306348,0
0,-0.08627557681953058,0
1,-0.014163691032909986,0
0,-0.059573419938714456,0
0,-0.013134284196827495,0
0,-0.08463154546567958,0
0,-0.004925192601840489,0
1,-0.01636851034352016,0
0,-0.05614509836379522,0
0,-0.04704533308816555,0
0,-0.07670888369487455,0
0,0.09721126296171889,1
0,-0.07610779846823668,0
0,-0.05371189242544161,0
0,-0.021491976515570166,0
0,-0.07756819534021592,0
1,-0.05114046510557313,0
1,-0.012906365148818988,0
0,-0.09025020928419741,0
0,-0.014990365884793688,0
0,0.0036609923970777336,1
0,-0.052950704613323685,0
0,-0.08192192449971991,0
1,-0.012906365148818988,0
0,-0.06564737668361736,0
1,-0.018518095911605192,0
0,0.02196104593235093,1
0,-0.030079531021987405,0
0,-0.025037370602353115,0
0,-0.005152364306476753,0
1,-0.01684766364317286,0
0,-0.07691111817865537,0
0,-0.08691752770083266,0
0,-0.07107142511724318,0
0,-0.06519888644896193,0
0,-0.06343419969957587,0
1,-0.01636851034352016,0
0,-0.053590350860968916,0
0,0.11116238115833188,1
0,-0.0494666079346604,0
1,-0.015359966390029234,0
0,-0.058522975481910766,0
0,-0.07118550887508929,0
1,-0.018518095911605192,0
0,-0.07867474152332643,0
0,-0.08611249141693461,0
0,-0.05062960254823651,0
0,0.013552771301790667,1
0,-0.05395174881092757,0
0,-0.0680988228828831,0
0,-0.05655087590026131,0
0,-0.047609386174305324,0
0,-0.015776890064755078,0
0,-0.06862138248868938,0
1,-0.017768194614598942,0
0,-0.09991197595378831,0
0,-0.09345004197865642,0
0,0.09943438793460357,1
0,-0.034060458929321136,0
0,-0.06346257274123906,0
0,0.0588091508691474,1
0,-0.004889226799820401,0
0,-0.07297605628257792,0
0,-0.008315113224785009,0
0,-0.07367423717425764,0
0,-0.07901800804787323,0
0,-0.02289988042787927,0
0,0.10308688881055217,1
0,0.02196104593235093,1
0,-0.014315704689813191,0
0,-0.0275341664203419,0
0,-0.06845852125836244,0
1,-0.04285157778053206,0
1,-0.01924748393958592,0
0,-0.05273223019156276,0
0,-0.0851506644529697,0
1,-0.006055755156882281,0
0,-0.08617419969445533,0
0,-0.058026525158225484,0
1,-0.015359966390029234,0
0,-0.06653999699311869,0
0,-0.006968502608122928,0
0,-0.07828200423331949,0
0,-0.07711644771289006,0
0,-0.04102834907597036,0
0,-0.08301768763876721,0
0,0.0588091508691474,1
0,-0.03964805898152185,0
0,-0.07917167180510398,0
0,-0.06996707405131591,0
0,-0.0334341163451895,0
0,-0.0807235203632049,0
0,-0.03553924713107953,0
1,-0.04780406063402104,0
0,-0.07983136982277178,0
0,-0.02764171833276402,0
0,-0.05465626147993369,0
0,-0.0038426346023416325,0
0,-0.00822476772433589,0
0,-0.05819465962712517,0
0,-0.0515909477306884,0
0,-0.06132631774251934,0
0,0.0017515671473194994,1
0,-0.08223496829544896,0
0,-0.10276962069530537,0
0,-0.05968150408641015,0
0,-0.05275075320918482,0
0,-0.07968847807138646,0
0,-0.09113648356820025,0
0,-0.03099379024708071,0
0,-0.02075808902160181,0
0,-0.04771279601731615,0
0,-0.0973503477153988,0
0,-0.03694755961681229,0
0,-0.08401449243602022,0
1,-0.016764872256409713,0
0,-0.08353045889909622,0
0,-0.05716445185739072,0
1,-0.020120122682346975,0
0,-0.023050941230004007,0
1,-0.012906365148818988,0
0,-0.05749563450920203,0
0,-0.0578856822460071,0
0,0.01868027660753835,1
0,-0.06451839062956738,0
0,-0.011928044567303231,0
0,-0.022144560348049735,0
0,-0.004840624399007065,0
0,-0.06005541133110076,0
0,-0.06184377143403891,0
0,-0.0737391755548879,0
0,0.02196104593235093,1
1,-0.015359966390029234,0
0,-0.03335353285015913,0
1,-0.07979885311523599,0
0,-0.018050285560080703,0
0,-0.0824410407520077,0
1,-0.017768194614598942,0
1,-0.015359966390029234,0
1,-0.018518095911605192,0
0,-0.08070247892371935,0
0,-0.03277329008111701,0
1,-0.015487024097411095,0
1,-0.017768194614598942,0
0,-0.004930096088622993,0
1,-0.014995315432868306,0
0,-0.05307119988093112,0
0,0.1262938038417123,1
0,-0.05891766414518995,0
0,0.002262481936245453,1
0,0.1387590907459595,1
0,-0.05159080632828317,0
0,-0.07683388441307648,0
0,-0.05371189242544161,0
0,-0.0846984297518546,0
0,-0.08159648087021198,0
0,-0.05650450287084591,0
0,-0.07429916557887767,0
0,-0.06306247427444539,0
1,-0.03151250203102168,0
0,0.13847103860860366,1
0,-0.04983907210691413,0
0,-0.06614182397176865,0
0,-0.020102923838081155,0
0,-0.049518290175022905,0
0,-0.0450043590845392,0
1,-0.06586061634913176,0
0,-0.07908521065200369,0
0,-0.020460864998407047,0
0,-0.0782816679625355,0
0,-0.054271216825104995,0
1,-0.020120122682346975,0
0,-0.06013383490977192,0
0,-0.019458784912549043,0
0,0.026470276048069175,1
0,-0.06169627444949016,0
1,-0.06668046795258864,0
0,-0.04998870163851504,0
0,-0.07267997354630462,0
0,-0.06564815930272078,0
0,-0.07523548170453664,0
0,-0.0930792638754877,0
0,0.035289161509704514,1
0,-0.050059835780506934,0
0,-0.07560974951885768,0
0,0.12594821929593436,1
0,-0.05936836998708389,0
0,-0.05806188001856344,0
0,0.16608148388901844,1
0,-0.06806195160373835,0
0,-0.06200292088287629,0
0,-0.053720519557167445,0
1,-0.029357276325995996,0
0,-0.05855698508533136,0
1,-0.010213415305767692,0
0,-0.05555971322304254,0
0,-0.0038426346023416325,0
0,-0.07479369426541349,0
0,-0.00614381499955946,0
0,-0.07302116509165635,0
0,-0.07172382846363523,0
0,-0.011634229323098655,0
0,0.07997671979472043,1
0,-0.054419048352982446,0
0,-0.06378395569704104,0
0,0.13381750445632845,1
0,0.031598794038452116,1
0,-0.05408236629791169,0
0,-0.10227801363977668,0
0,-0.06406944245654789,0
1,-0.019202241582551238,0
0,-0.0523977719386966,0
1,-0.01670935978797633,0
1,-0.012533536587400418,0
0,-0.06608274756908511,0
0,-0.08914329344459565,0
0,-0.08805291493143991,0
0,-0.06574272361224942,0
0,-0.06252398547994031,0
0,-0.07571969616407187,0
0,-0.028966351964085424,0
0,-0.007020015304472549,0
1,-0.015666438022868323,0
1,-0.01636851034352016,0
0,-0.04925859417829592,0
0,-0.04067010524932013,0
0,-0.03630283918724597,0
0,-0.04386322348040561,0
1,-0.01636851034352016,0
0,-0.02625350581349828,0
0,-0.09394468651615334,0
0,-0.07888389243659699,0
0,-0.0608216921487984,0
0,-0.05976109407055574,0
1,-0.015359966390029234,0
0,-0.03986497292374097,0
1,-0.015359966390029234,0
0,-0.03514817255901043,0
0,-0.0873218684494737,0
0,-0.030513125634256233,0
0,-0.030944604858892055,0
0,-0.060980629326287006,0
0,-0.08099976028775974,0
0,-0.05883098482193028,0
0,-0.06579611713118477,0
0,0.026470276048069175,1
0,-0.05849892776071147,0
0,-0.08083710767198271,0
0,-0.07072657569487872,0
0,-0.043503933089978464,0
0,-0.055907942152411794,0
0,-0.07887542353128107,0
0,-0.08020767088393643,0
0,-0.047463086885582206,0
0,-0.07046710370463255,0
0,-0.03586336838167725,0
0,-0.09881880221957912,0
0,-0.06410353393436208,0
0,-0.06506105882325591,0
0,-0.08408919783531593,0
1,-0.06832241639778064,0
1,-0.08221759936451245,0
0,-0.08368261367857921,0
0,-0.09774932093740951,0
0,-0.0709949607775836,0
0,-0.04641080584776075,0
0,-0.07497070593264221,0
0,-0.07202936382402786,0
0,-0.04551979159750186,0
0,0.0588091508691474,1
1,-0.013532045090530076,0
0,0.0588091508691474,1
0,-0.03104990372722921,0
0,-0.055920580506567674,0
0,-0.06909860474834278,0
0,-0.0038426346023416325,0
0,0.007257999166683904,1
0,-0.05141922266414428,0
0,-0.008624249139747298,0
0,-0.07555152296037904,0
1,-0.014568757388112474,0
1,-0.007425683277582196,0
0,0.031598794038452116,1
0,-0.06161327014655854,0
0,-0.0038426346023416325,0
0,-0.0747285072675381,0
0,-0.05002043582373367,0
1,-0.012533536587400418,0
1,-0.06355582772691415,0
0,-0.08445650296244073,0
0,0.08119049200971773,1
0,0.031598794038452116,1
0,0.10336947326816504,1
0,-0.0038426346023416325,0
0,-0.0038426346023416325,0
0,0.09721126296171889,1
1,-0.046566762282249485,0
0,-0.06513131906380981,0
0,-0.038851661661410686,0
0,-0.06858774606823914,0
1,-0.013414130836250093,0
0,-0.04540294193832256,0
0,-0.008315113224785009,0
0,-0.05298450622760481,0
0,-0.06908496441311968,0
0,-0.04719859396678616,0
0,-0.062190687740097395,0
0,-0.06489677310827757,0
0,-0.04266377720616338,0
0,-0.028294354653146336,0
0,-0.05620958578122143,0
0,-0.06520120877263785,0
0,-0.056383721842530765,0
0,-0.05247801382991257,0
1,-0.01684766364317286,0
0,-0.05524163741883081,0
1,-0.012533536587400418,0
0,0.006778481640609013,1
0,-0.05869820328949166,0
0,-0.08012514568880635,0
0,-0.06597316604472453,0
0,-0.04245842844456943,0
0,-0.08687855760564445,0
1,-0.01636851034352016,0
0,-0.07690544652005998,0
0,-0.02197997557398762,0
0,-0.019800528083533664,0
0,0.10308688881055217,1
0,-0.07569723464928657,0
0,-0.060503499257969995,0
1,-0.015343559786735572,0
0,-0.044870819491329206,0
0,-0.05803204237903287,0
0,-0.047508371707858044,0
1,-0.017768194614598942,0
0,-0.07534944020007289,0
1,-0.015359966390029234,0
1,-0.08356209944117254,0
0,-0.08197279936946789,0
0,0.12594821929593436,1
0,-0.016690904637361448,0
0,-0.0038426346023416325,0
0,-0.07702871956225432,0
1,-0.016764872256409713,0
0,-0.06383366320845107,0
0,-0.08107864728077424,0
1,-0.042277285801223974,0
1,-0.01738808843901385,0
0,-0.08077573736703009,0
0,-0.05735068823555195,0
0,-0.07878295613840619,0
0,-0.06712976860443826,0
0,0.013552771301790667,1
1,-0.012906365148818988,0
0,-0.0641631459923318,0
1,-0.015359966390029234,0
0,0.035289161509704514,1
0,-0.029868829552219367,0
0,-0.04217195286135572,0
0,0.09584928716948904,1
0,-0.049631942225456194,0
0,-0.07034430967697047,0
0,-0.024849194699035237,0
0,-0.0013113416884479867,0
0,-0.027363269650849564,0
0,-0.07266413906251035,0
0,-0.056302010734052,0
0,-0.08162849084286783,0
0,-0.0743947243671762,0
0,-0.04803089929195037,0
0,0.035289161509704514,1
0,-0.05900019923979921,0
0,-0.05655087590026131,0
0,-0.04212024380669099,0
0,-0.07540125983369528,0
0,-0.07987327874837474,0
0,-0.05555971322304254,0
0,-0.07584199948127252,0
0,-0.0038426346023416325,0
0,-0.06168915775985501,0
0,-0.059354899092797064,0
0,-0.039688114750539794,0
0,-0.029909443365944866,0
0,0.0588091508691474,1
0,-0.015004371607656497,0
1,-0.012906365148818988,0
1,-0.015359966390029234,0
0,-0.050064346837405405,0
0,-0.08687984569152873,0
0,-0.07079400388021773,0
0,-0.08490780185995978,0
0,-0.07568782152584319,0
0,-0.02403603097384921,0
0,-0.04156913090618769,0
0,-0.04509944551790446,0
0,-0.07898444950660227,0
0,-0.04290580365273872,0
0,0.111414400531199,1
0,-0.05106073264502836,0
0,-0.06149717804724508,0
0,-0.07124740928674378,0
0,-0.03815151198438255,0
0,-0.08585113805593708,0
0,-0.02155467225115515,0
0,-0.03090941583905399,0
1,-0.015183828558617052,0
0,-0.050693707801177657,0
0,-0.06180352678344686,0
1,-0.015183828558617052,0
1,-0.02006253071359887,0
1,-0.01670935978797633,0
0,-0.021257761531601638,0
0,-0.06406710887640582,0
1,-0.018518095911605192,0
0,-0.0401143029029693,0
0,-0.023260916811663646,0
0,-0.06430201223495963,0
0,-0.05887486751880322,0
0,-0.04393351500541304,0
0,-0.07165133956392644,0
0,-0.07699119029928331,0
0,-0.07636928465548626,0
0,-0.06580919958691545,0
0,-0.03626537641405436,0
0,0.1454821840900058,1
0,-0.038443855073268585,0
0,0.1454821840900058,1
1,-0.01684766364317286,0
1,-0.00019622769989091626,0
0,-0.09788916273468118,0
0,-0.07336971333330566,0
0,-0.08099976028775974,0
0,-0.009951897499555162,0
0,-0.05335259299343881,0
0,-0.05207240403288699,0
1,-0.01738808843901385,0
0,-0.07718284310566559,0
0,-0.06053093398076981,0
1,-0.019202241582551238,0
0,-0.0071934322978075005,0
1,-0.030047412763176296,0
0,-0.05735371730895039,0
0,-0.05614509836379522,0
0,-0.06589403155787626,0
0,-0.10060110407717004,0
0,-0.0398136254134307,0
0,-0.055708763578717846,0
0,-0.06745337708346455,0
0,-0.059448968396971114,0
1,-0.007425683277582196,0
0,-0.0850420995221789,0
0,-0.06204266657784574,0
0,-0.06838227587368345,0
0,-0.07550649090167688,0
1,-0.01684766364317286,0
0,-0.07067545645513762,0
0,0.026470276048069175,1
0,-0.03392415038877622,0
0,0.1262938038417123,1
0,-0.10458833297458203,0
0,-0.01345485091051668,0
0,0.0014922092759246386,1
0,0.0588091508691474,1
1,-0.05311469682664838,0
0,-0.08210143854236446,0
1,-0.012906365148818988,0
0,-0.058026525158225484,0
0,-0.07467507311665683,0
0,0.02196104593235093,1
0,-0.07963872951283191,0
1,-0.015359966390029234,0
0,-0.0548084672367643,0
1,-0.01684766364317286,0
0,-0.04431233334567336,0
0,-0.06840164232569446,0
0,-0.05273572604185006,0
0,-0.002517646063056822,0
0,-0.07768326541584952,0
0,0.09405344680361694,1
1,-0.054529839742067154,0
1,-0.019505963821408123,0
1,-0.01738808843901385,0
0,-0.07646520984023641,0
0,-0.03502755746370256,0
0,-0.01055348188793409,0
0,-0.06308484463034442,0
0,-0.05511519492850053,0
0,-0.07790994636323312,0
0,-0.05649937494659346,0
0,-0.0804141626878338,0
0,-0.07250971606599449,0
0,-0.07651874432220163,0
0,-0.033417730582277594,0
0,-0.06959842256922011,0
0,-0.10468295433974834,0
0,-0.06564737668361736,0
0,-0.05666893325700961,0
0,-0.07750303530831215,0
0,-0.05620958578122143,0
0,-0.06589403155787626,0
0,-0.01836585121173323,0
1,-0.012906365148818988,0
0,-0.07778049140696708,0
0,-0.011571332992802386,0
0,-0.020933764583304593,0
0,-0.008986234068401933,0
0,-0.05464048293918372,0
0,-0.07872145363126914,0
0,-0.09964139694410701,0
0,-0.05161283616947676,0
1,-0.015183828558617052,0
0,-0.02630355124903122,0
0,-0.05803204237903287,0
0,-0.036487379660549435,0
0,-0.09375816745396665,0
0,-0.0699840479353882,0
0,-0.0786648046715705,0
0,-0.03832188831106281,0
0,0.031598794038452116,1
0,-0.06365148137535848,0
0,-0.07309488101898554,0
1,-0.014236834049275726,0
1,-0.015487024097411095,0
0,-0.046912195463998885,0
0,-0.06072526667928296,0
1,-0.015359966390029234,0
0,-0.06790125309186545,0
0,-0.055463772195188,0
0,-0.009969994419582462,0
0,-0.0727415271080285,0
0,-0.0685292650332966,0
0,-0.05013827874816057,0
1,-0.01684766364317286,0
0,-0.07420634380835728,0
0,-0.06846207762965095,0
1,-0.022868805547420656,0
0,-0.08476170185743809,0
1,-0.018518095911605192,0
0,-0.02471668294599505,0
0,-0.08229326579526985,0
0,-0.05556401660019317,0
0,-0.0737243519752141,0
0,-0.027766770864359025,0
0,-0.04356212537022519,0
1,-0.015359966390029234,0
1,-0.07574385395587208,0
0,-0.053590350860968916,0
1,0.009353048535798547,1
0,-0.05247956485050326,0
1,-0.016764872256409713,0
0,-0.08609715086158365,0
0,-0.07646481479756562,0
0,-0.05142003503074949,0
0,-0.0038426346023416325,0
0,0.09943438793460357,1
0,-0.05801872805308722,0
1,-0.015343559786735572,0
0,-0.06619127330008107,0
0,-0.04663643946343188,0
0,-0.060423302744316454,0
0,-0.028035795945131614,0
0,-0.07134629828711603,0
0,-0.07117132180411945,0
0,-0.021934345845565917,0
0,-0.060980629326287006,0
0,-0.08703748974249592,0
0,-0.03809208187347091,0
0,-0.04096764198513125,0
0,-0.07002086993781703,0
0,-0.029314630602880087,0
0,0.026470276048069175,1
0,0.07777356246054667,1
0,-0.023597532433166424,0
1,-0.01670935978797633,0
0,-0.08598671104374556,0
0,-0.03991946196425644,0
0,-0.05514223981210514,0
0,-0.039697409881241874,0
0,-0.06589403155787626,0
0,-0.08054889435866763,0
0,-0.05919384408640965,0
0,-0.054366136023344336,0
0,-0.05838689181466861,0
0,-0.06158429870541393,0
0,-0.0853893598689352,0
1,-0.06163573849379922,0
0,-0.06222552011444232,0
0,-0.06880788350212724,0
0,-0.04386322348040561,0
0,-0.06753498617445247,0
0,-0.08006993858827022,0
0,-0.06442872404056715,0
0,-0.07548567711724358,0
0,-0.01207852347003463,0
0,-0.053618244554898775,0
0,-0.034879460036109755,0
0,0.111414400531199,1
1,-0.015183828558617052,0
0,-0.019783070090037214,0
0,0.02196104593235093,1
0,-0.08108808892000852,0
0,-0.06567605928789616,0
1,-0.015359966390029234,0
1,-0.006270324465430688,0
0,-0.054826426994772914,0
0,-0.046832938490188825,0
0,-0.07336388257398913,0
0,0.0004171285488329124,1
0,-0.010248717526317785,0
0,-0.08544858357737761,0
0,-0.012343155523708793,0
0,0.031598794038452116,1
0,-0.053168124141022954,0
0,-0.05515988851690751,0
1,-0.015359966390029234,0
0,0.013552771301790667,1
0,-0.06424371967293624,0
0,-0.098149274169547,0
1,-0.018518095911605192,0
0,-0.019189903911997486,0
1,0.04313968759747311,1
0,-0.06657057261034494,0
1,-0.015359966390029234,0
0,-0.03100567623817213,0
0,0.1454821840900058,1
0,-0.06637496269715742,0
1,-0.08233412440120774,0
0,0.11116238115833188,1
0,-0.054637934398018784,0
0,-0.007218301600059429,0
0,-0.05996199254168033,0
0,0.0588091508691474,1
0,-0.06821010476428851,0
0,-0.08147423930259567,0
0,0.11116238115833188,1
1,-0.060712871855764516,0
0,-0.074128915743718,0
0,-0.01497400839336005,0
0,-0.05334126013864493,0
1,-0.01876606469855946,0
0,-0.047268555372986465,0
0,0.2290927744294824,1
0,-0.021249957324242397,0
0,-0.07539035133177813,0
0,-0.050027798110324484,0
0,-0.05675777548449412,0
0,-0.07177802102566211,0
0,-0.06263509899621222,0
1,0.00034727729939088015,1
1,-0.015359966390029234,0
0,-0.06559863247650194,0
1,-0.005427744266913448,0
0,-0.06761255230999236,0
0,-0.09004462406254093,0
1,-0.03420386524333113,0
0,-0.07633946604939268,0
1,-0.01684766364317286,0
1,-0.06231298596492857,0
0,0.1262938038417123,1
0,0.1262938038417123,1
0,-0.053590350860968916,0
0,-0.025274511689853563,0
0,-0.04712565177927491,0
0,-0.07487546270773893,0
0,-0.03424863565497632,0
0,-0.03185019884392859,0
0,-0.04303168174096589,0
0,-0.05044731309610234,0
1,-0.01684766364317286,0
0,-0.009247886521055737,0
0,0.026470276048069175,1
0,-0.06236169914280898,0
0,-0.04146890722270996,0
0,-0.07758195653770839,0
0,-0.05086811010960418,0
0,-0.04853053629408083,0
0,-0.01903175898301257,0
0,0.03564924484885357,1
0,-0.058797540314303176,0
0,0.0588091508691474,1
0,-0.011007118402267868,0
0,-0.05887486751880322,0
0,-0.04299096027135946,0
0,-0.07047367119592096,0
0,-0.016630174092640837,0
0,-0.07953285409201954,0
0,-0.08947456508826324,0
0,-0.04191125856901323,0
1,-0.019505963821408123,0
0,-0.03640508751245747,0
0,-0.07824106786838342,0
0,0.035289161509704514,1
0,-0.05240824723241844,0
0,-0.05958951193526951,0
0,-0.08108406635556858,0
0,-0.010883616662457907,0
0,-0.059887227901640416,0
0,-0.028452015364312577,0
1,-0.007425683277582196,0
0,-0.030251806496858102,0
0,-0.08254816719760333,0
0,0.0029863543772116197,1
0,-0.06691510041435272,0
1,-0.0035699441230174767,0
1,-0.01636851034352016,0
0,-0.03293122710924301,0
0,-0.09694227610840894,0
1,-0.015359966390029234,0
0,-0.08491014359859977,0
0,-0.07059557722730231,0
0,-0.04565628663336435,0
0,-0.022914171706837794,0
0,-0.051506150574521736,0
0,-0.012259743860273509,0
0,-0.07904227619060894,0
0,-0.06764711070380669,0
1,-0.015359966390029234,0
0,0.21852074895325735,1
0,-0.03795129978222017,0
0,-0.07777365509894502,0
0,-0.07408718803411746,0
0,-0.06389124139014457,0
0,-0.06397111648611181,0
0,-0.04796587582805717,0
0,-0.0721191999414813,0
1,-0.015359966390029234,0
1,-0.007425683277582196,0
1,-0.012906365148818988,0
0,-0.015544304514211404,0
0,-0.05358693650922758,0
0,-0.024790269280556554,0
0,0.16608148388901844,1
0,-0.08320896358581376,0
0,-0.030081723377974268,0
0,0.013552771301790667,1
1,-0.015183828558617052,0
0,-0.06244140580609142,0
0,-0.07288403901399859,0
0,-0.05422077557050786,0
0,-0.0534741992909728,0
0,-0.09465608636804018,0
0,-0.0991423365784645,0
0,-0.07464912974702803,0
0,-0.08131423561772838,0
0,-0.034946989114161886,0
0,-0.09873232383027075,0
1,-0.015183828558617052,0
0,0.09721126296171889,1
0,0.09721126296171889,1
0,-0.07006953167194169,0
0,-0.014722667112850307,0
1,-0.01636851034352016,0
0,-0.06004361985860346,0
0,0.2290927744294824,1
0,-0.10152001113739534,0
1,-0.01876606469855946,0
0,-0.0563006056517521,0
0,0.09943438793460357,1
0,-0.10364079561608919,0
0,-0.05620958578122143,0
1,-0.05612882100291544,0
0,-0.09592502301528544,0
0,-0.06507671495947132,0
1,-0.01684766364317286,0
0,-0.060980629326287006,0
0,-0.05388927621363426,0
1,-0.012906365148818988,0
0,-0.05413182165699415,0
0,-0.0033990395126882733,0
0,-0.003719198425576442,0
0,-0.05051831791341849,0
0,-0.07776436384478674,0
0,-0.05276076582877831,0
1,-0.01684766364317286,0
1,-0.015359966390029234,0
0,-0.08552782500653217,0
0,-0.08443383365975465,0
0,-0.08485157952293171,0
0,0.06841679576438553,1
0,-0.06712662654284157,0
1,-0.01684766364317286,0
1,-0.01670935978797633,0
1,-0.01636851034352016,0
0,-0.05655412080667038,0
0,-0.002096126214396865,0
0,-0.07613822236047812,0
0,-0.0038426346023416325,0
0,-0.08624703391710375,0
0,-0.05125582881975538,0
0,-0.051215699345420085,0
0,-0.047861977452945126,0
0,-0.012135722533098192,0
0,-0.04598919897949061,0
0,-0.054826426994772914,0
0,-0.058522975481910766,0
1,-0.05528190012320777,0
0,-0.005197883463187114,0
1,-0.011510869641621402,0
0,-0.07181019083779605,0
0,0.09943438793460357,1
1,-0.020120122682346975,0
0,-0.060980629326287006,0
0,-0.02502780728535864,0
0,-0.04558665878746787,0
0,-0.02883078508685094,0
0,-0.05554339529087171,0
0,-0.07826465825964674,0
0,-0.04731473338583009,0
0,-0.08679992696908273,0
0,0.11116238115833188,1
0,0.02196104593235093,1
0,-0.07861600628425824,0
0,-0.07492968102397196,0
0,-0.0038426346023416325,0
0,-0.052837942514860625,0
1,-0.015183828558617052,0
0,-0.0883267298079698,0
0,-0.07723561882991237,0
0,-0.06495817665298304,0
1,-0.018518095911605192,0
0,-0.06343419969957587,0
0,-0.07334036676790123,0
0,-0.07459499474048048,0
1,-0.025201069721943914,0
0,0.03202474076824824,1
0,-0.03964805898152185,0
0,-0.010507547603264389,0
1,-0.013414130836250093,0
0,0.020390946343332716,1
0,-0.0038426346023416325,0
0,-0.08524455061970598,0
0,-0.05879068599332038,0
0,-0.06084869034468682,0
0,-0.0639487931765953,0
1,-0.01876606469855946,0
0,-0.059865343442581154,0
0,-0.08020370973786883,0
0,-0.059865343442581154,0
0,-0.07757216903287012,0
0,-0.07503790065807009,0
0,-0.0696721307493483,0
0,-0.056126481060548794,0
0,-0.04827567521993825,0
1,-0.013414130836250093,0
0,0.055292056253241184,1
0,-0.06339530198427484,0
0,-0.05904423881618931,0
1,-0.01636851034352016,0
0,-0.0639487931765953,0
0,-0.01560219082440606,0
0,-0.06107009515265904,0
0,-0.08271477413536216,0
0,-0.06162142064476217,0
0,-0.07948251581389154,0
0,0.09721126296171889,1
0,-0.08765108980448472,0
0,-0.07537814889592537,0
0,-0.008214767103622511,0
0,-0.074009371724713,0
0,-0.06437910640012828,0
0,0.053032459859984504,1
0,-0.07964304218212359,0
0,-0.08278243472462793,0
0,0.0588091508691474,1
1,-0.01670935978797633,0
0,0.0588091508691474,1
0,-0.05368743086077943,0
0,-0.053515322278099964,0
1,-0.017768194614598942,0
0,-0.07296534879460442,0
0,0.12594821929593436,1
0,-0.07005019870497103,0
0,0.031598794038452116,1
0,-0.05180270879215754,0
0,-0.048234756187418015,0
0,-0.066858662619593,0
0,-0.029833432059567844,0
0,0.1262938038417123,1
0,-0.06446312337813032,0
0,-0.07515646886222982,0
0,-0.08881528189108828,0
1,-0.0522932198406339,0
0,-0.013750581355876312,0
0,-0.04222781193722036,0
1,-0.015359966390029234,0
0,-0.06326309214473508,0
0,-0.05371189242544161,0
1,-0.024800710242025847,0
0,-0.02989425068848872,0
0,-0.0875331825157259,0
0,-0.05328621588110605,0
0,0.026470276048069175,1
0,-0.0610302144484558,0
0,-0.03691574123625263,0
0,-0.0505877400508396,0
1,-0.01670935978797633,0
0,0.1262938038417123,1
0,-0.02583447284755125,0
0,-0.0381831284259978,0
0,-0.08618324626946394,0
0,-0.0834059427910463,0
0,-0.08147980588621007,0
1,-0.012906365148818988,0
1,-0.01636851034352016,0
1,0.0033207373210263347,1
0,-0.05518378877078084,0
0,-0.09098822331972567,0
1,-0.01876606469855946,0
0,-0.08196017381167181,0
0,-0.036343832439249046,0
0,-0.050471510256474506,0
0,-0.09784259201687567,0
0,-0.06015462030613555,0
0,-0.06214543384908422,0
0,-0.0034691894554086944,0
0,-0.05979330070401584,0
0,-0.02071478450575326,0
0,0.12594821929593436,1
0,-0.0025046285270312607,0
0,-0.03976428697364731,0
0,-0.07013276913083133,0
0,0.0588091508691474,1
0,-0.07773092167224371,0
0,-0.009394954117392718,0
0,-0.06200752837493961,0
1,-0.01684766364317286,0
0,-0.06527167415848018,0
1,-0.01636851034352016,0
1,-0.017768194614598942,0
0,0.013552771301790667,1
0,-0.03246859572092442,0
1,-0.018518095911605192,0
0,0.0588091508691474,1
0,-0.08684474238923362,0
0,0.09721126296171889,1
0,-0.05820612816537224,0
0,-0.012013120420781453,0
1,-0.018518095911605192,0
0,-0.0559759731845364,0
0,0.10308688881055217,1
0,-0.05715878424132392,0
0,-0.07014269561591507,0
0,-0.08061348964659798,0
0,-0.07565650309265104,0
0,-0.06589403155787626,0
0,-0.08260579148091529,0
0,-0.016514374691342038,0
0,0.02196104593235093,1
0,-0.060955491285814845,0
0,-0.093719405714427,0
1,-0.017768194614598942,0
0,-0.0038426346023416325,0
0,-0.06662669007824418,0
1,-0.017043261177559443,0
0,-0.07105925031801424,0
0,-0.04396608384791484,0
0,-0.0589946973012665,0
0,0.111414400531199,1
0,-0.010643119570209025,0
0,-0.055566061135567446,0
0,-0.006573937478020486,0
0,-0.006969653979356005,0
0,-0.10206784014574194,0
0,-0.0885559702014928,0
0,-0.04536055047347437,0
0,0.051451619513864344,1
0,-0.06819281273417171,0
0,-0.058522975481910766,0
0,-0.03407499421135618,0
1,-0.02006253071359887,0
0,-0.02963114947791584,0
0,-0.019973195799013188,0
0,-0.060980629326287006,0
0,-0.10065909507859594,0
0,-0.06044155465572032,0
0,-0.08610296379892729,0
0,-0.062207730736085154,0
0,-0.04491240750908371,0
0,-0.05004224992643569,0
0,-0.043329210093869086,0
0,-0.07898441566393377,0
0,0.031598794038452116,1
1,-0.04734599095287201,0
0,-0.08221807515358676,0
0,-0.05555971322304254,0
1,-0.015183828558617052,0
0,0.026470276048069175,1
0,-0.08713715424468405,0
1,-0.015962008411279427,0
0,0.031598794038452116,1
0,-0.08793803691993984,0
1,-0.015359966390029234,0
0,-0.08480321784489891,0
0,-0.025449357385779636,0
0,-0.0572643127534484,0
0,-0.05783264443122155,0
0,-0.06876986922540412,0
0,-0.028061329916096667,0
0,-0.0038426346023416325,0
0,-0.0803382969299446,0
1,-0.01670935978797633,0
0,-0.05233379525942922,0
0,-0.02336548799077126,0
0,-0.055930435989838656,0
0,-0.05564928897445903,0
0,-0.04308043788002858,0
0,-0.05454036429242709,0
1,-0.012533536587400418,0
0,-0.05043120966948822,0
0,-0.05285767665498675,0
0,-0.04434119275557641,0
0,-0.06808785464535999,0
0,-0.05602126839861399,0
1,0.009279184924483208,1
0,-0.08577745024904088,0
0,-0.04574405230456707,0
0,0.11823539363750624,1
0,0.02387177242706162,1
0,-0.03845342334280821,0
0,-0.04534408798681244,0
0,-0.05968150408641015,0
0,-0.0439193325125255,0
0,0.031598794038452116,1
0,-0.01929774237968046,0
0,-0.07350303909438222,0
0,-0.07034475141732444,0
0,-0.05363479312580072,0
0,-0.06065058586984601,0
0,-0.06107009515265904,0
0,-0.0878454812130921,0
0,-0.08655356403162118,0
0,0.08851147083431643,1
0,-0.043858034269302515,0
0,-0.0542613578520153,0
0,-0.08465611578082516,0
1,-0.01684766364317286,0
0,-0.06064718459513102,0
0,-0.05442730261544826,0
0,-0.08079703191600973,0
0,-0.054437920102142545,0
1,-0.017768194614598942,0
0,-0.08541469732208495,0
0,-0.06547823110814793,0
1,-0.06329739074261392,0
0,0.12594821929593436,1
0,0.006778481640609013,1
0,-0.05655412080667038,0
0,-0.05864044148995334,0
0,-0.0038426346023416325,0
0,-0.06903315038370395,0
0,-0.015659569151731334,0
0,0.035289161509704514,1
0,-0.026301950524016737,0
1,-0.01876606469855946,0
0,-0.0924232450332258,0
0,0.006778481640609013,1
0,-0.06603987858989396,0
0,-0.007793450743345143,0
0,-0.03401698453360885,0
0,0.09721126296171889,1
1,-0.01670935978797633,0
1,-0.019202241582551238,0
0,-0.027658586481374203,0
1,-0.017768194614598942,0
1,-0.015359966390029234,0
0,-0.0036111120524583984,0
0,0.015283742600604278,1
1,-0.01644592340899681,0
0,-0.10084524420835767,0
0,-0.07845802884220288,0
0,0.004466964610855939,1
0,-0.08789130941213841,0
1,-0.090109438227431,0
1,-0.015962008411279427,0
0,0.080695361861291,1
0,-0.0764928674793589,0
0,-0.04195899247223245,0
0,-0.078187451115382,0
0,-0.07439340783018761,0
0,-0.06359374861694767,0
0,-0.04023401580447544,0
1,-0.08474052521256731,0
0,0.011406041477254214,1
0,-0.07945619248727265,0
0,-0.07586459574099585,0
0,-0.07491369813662174,0
0,-0.06874706193936497,0
0,0.1262938038417123,1
1,-0.01636851034352016,0
0,-0.08927415121957905,0
0,-0.0237217134349183,0
0,0.0588091508691474,1
0,-0.003519114864475814,0
0,-0.052431334339855806,0
1,-0.018518095911605192,0
0,-0.03832188831106281,0
1,-0.015183828558617052,0
0,-0.04296393504076679,0
0,-0.01934327674983971,0
0,-0.05652567156055649,0
1,-0.015359966390029234,0
0,-0.06383366320845107,0
0,-0.07908589202184246,0
0,-0.084305494109915,0
1,-0.03461331915205135,0
1,-0.03378753991060762,0
0,-0.045963571159036154,0
0,-0.050084688468341354,0
0,-0.05248192401240154,0
0,-0.020212402695542253,0
0,-0.052920251856040545,0
0,-0.057265473703839276,0
0,-0.08200278291215118,0
0,-0.05625074276992981,0
0,-0.040982277625187524,0
0,-0.027528929860331064,0
0,-0.04688815101117494,0
0,-0.0712511502202211,0
0,-0.08558765161200604,0
1,-0.0478433260988419,0
0,-0.08263138926872943,0
0,-0.058936082692430725,0
0,-0.04459259400105303,0
0,-0.05173622113093562,0
0,-0.06424371967293624,0
1,-0.01636851034352016,0
0,-0.024444959887427176,0
0,-0.026033346066825225,0
0,-0.06576129834283873,0
1,-0.012906365148818988,0
0,-0.07424449153294727,0
0,0.006778481640609013,1
0,0.08348040224737818,1
0,-0.0796944909648622,0
0,-0.036861163658693075,0
0,-0.07986519462266994,0
0,-0.02395555042179548,0
0,-0.0618651041897153,0
0,-0.06184377143403891,0
0,0.0008898389079380342,1
0,-0.08727804879542922,0
0,-0.05541802563186449,0
0,0.006778481640609013,1
1,-0.034965211001162455,0
0,-0.07282314063052409,0
0,-0.06433732349156712,0
0,-0.015142876217420664,0
0,-0.07848065837252771,0
0,-0.04337098679810847,0
0,-0.060347349902606706,0
0,0.0032603294804488536,1
1,-0.01670935978797633,0
0,0.006778481640609013,1
0,0.026470276048069175,1
1,-0.011549539107440498,0
1,-0.015183828558617052,0
0,-0.0632293404205917,0
0,0.031598794038452116,1
1,-0.01636851034352016,0
0,-0.08320570138128447,0
0,-0.01330322034372533,0
0,-0.07326243637394497,0
0,-0.02042581557391132,0
0,-0.08093730960922524,0
0,-0.08014399172343178,0
0,-0.07081228123836963,0
1,-0.05247111681794775,0
0,-0.06815314600498223,0
0,-0.06896330520806243,0
0,-0.0372435170919489,0
0,-0.06062507667975875,0
0,-0.07539625458462845,0
0,-0.07348936615783747,0
0,-0.07995865450871131,0
0,0.10267426129613444,1
0,-0.0637148781948148,0
0,-0.06861123391923768,0
0,-0.05287161294932996,0
0,-0.02026976250670698,0
1,-0.016321943955556917,0
0,-0.04033189865109732,0
0,-0.05819465962712517,0
0,-0.06698986751123365,0
0,-0.0862178069033469,0
0,-0.10282278414497575,0
0,-0.07996186751643564,0
0,-0.08121304219732423,0
1,-0.03950655298320921,0
0,-0.05040182013202665,0
0,-0.006986215270182172,0
0,0.09721126296171889,1
0,-0.05640940193898869,0
0,-0.05993559735290915,0
0,0.049066959429878376,1
0,-0.014764959038711167,0
0,-0.02093965127739217,0
0,-0.07939009536516262,0
0,-0.09221385946332461,0
0,-0.058936577792229716,0
0,-0.0038426346023416325,0
0,-0.04325877523252514,0
0,-0.0655586753467216,0
0,-0.08079703191600973,0
1,-0.015359966390029234,0
0,-0.08542699770815249,0
0,-0.07337111641642374,0
0,-0.03405854826654575,0
0,-0.06516017584531686,0
0,-0.07281392775162965,0
0,-0.08910368744223163,0
0,-0.08009261130182971,0
1,-0.015359966390029234,0
0,-0.061143083134429566,0
0,0.035289161509704514,1
0,-0.05465626147993369,0
0,-0.06926148019256528,0
0,-0.027052153416649793,0
0,-0.008588329251805416,0
0,-0.07642169021712536,0
0,0.028186954991284652,1
0,-0.050471888126631725,0
0,0.035289161509704514,1
0,0.013552771301790667,1
0,0.026470276048069175,1
0,-0.023403047894535733,0
0,-0.0727992101365173,0
1,-0.01636851034352016,0
0,-0.07947088392880958,0
1,-0.02006253071359887,0
0,-0.005921277764679322,0
0,-0.018968562661969113,0
0,-0.03295085892856564,0
0,-0.010939225734158453,0
0,-0.06343419969957587,0
0,-0.07973775425063323,0
0,0.09721126296171889,1
0,-0.09419578320729155,0
0,-0.09831020803204371,0
0,-0.07641126111944663,0
1,-0.01670935978797633,0
0,-0.06346904281678417,0
0,-0.010324132248684281,0
0,-0.059865343442581154,0
0,-0.07286243627288003,0
0,-0.08736432576265485,0
1,-0.04307800710803661,0
0,-0.049418806852651986,0
0,-0.0624532156015713,0
0,-0.022202016479557385,0
0,-0.0686259244213383,0
0,-0.030264382098192544,0
0,-0.05518378877078084,0
0,-0.08711351955538443,0
0,-0.06658073591834457,0
0,-0.0038426346023416325,0
0,-0.0431947772290881,0
0,-0.079069167259388,0
0,-0.054769915630771104,0
1,-0.02006253071359887,0
0,-0.015273025986327238,0
0,-0.02597286423812345,0
0,-0.04601529943912369,0
0,0.1087339177634199,1
0,0.09721126296171889,1
0,-0.04668690455193364,0
0,0.111414400531199,1
0,-0.0784426408065047,0
0,-0.05228269175749711,0
0,-0.04077811107150103,0
0,-0.05283867664922859,0
0,-0.09109969751291075,0
0,-0.07672702295563749,0
1,-0.018518095911605192,0
0,-0.0987079531073285,0
0,-0.044696504043375995,0
0,-0.024491724451238983,0
1,-0.015359966390029234,0
0,-0.07488807716788137,0
1,-0.015359966390029234,0
0,-0.06005541133110076,0
0,-0.023804881505363584,0
1,0.015766593221077096,1
1,-0.019202241582551238,0
0,-0.07711644771289006,0
0,-0.043483290994663804,0
0,-0.0861535740741019,0
0,-0.050525922361562114,0
0,-0.0844859668958583,0
1,-0.03450546534262444,0
1,-0.019505963821408123,0
1,-0.023959169126231028,0
0,0.1383270612556342,1
0,-0.07144464696023745,0
0,-0.07750683230365613,0
0,0.031598794038452116,1
0,-0.07558980298074158,0
0,-0.057138664967729624,0
1,-0.01876606469855946,0
1,-0.06416398560744602,0
0,-0.06410583951819038,0
0,0.111414400531199,1
0,-0.07493444778379793,0
0,-0.07887180087235923,0
0,-0.06538274357207285,0
1,0.00034727729939088015,1
0,-0.011080590111015531,0
0,-0.0751677161821564,0
0,-0.071592990011966,0
0,-0.05170581443784977,0
0,-0.08804841004686925,0
0,-0.029237881782478492,0
1,-0.01876606469855946,0
0,-0.05452609573472178,0
0,-0.04357931039631657,0
0,-0.07594095276818225,0
0,-0.06700093090189796,0
1,-0.012906365148818988,0
0,-0.07672868180339992,0
0,-0.018276664062909065,0
0,-0.05645409972383253,0
0,-0.07849448262374009,0
0,-0.080871942846725,0
0,-0.06262136162693216,0
0,-0.016171182448008248,0
0,0.059873457153096554,1
0,-0.003582944786076514,0
0,0.11116238115833188,1
0,-0.06359219141921996,0
0,-0.04864340247086474,0
0,-0.06809797906969339,0
0,-0.04209605502454333,0
1,-0.015359966390029234,0
0,-0.06858374755550417,0
0,0.02740558878190491,1
0,-0.06067368130770506,0
1,-0.012533536587400418,0
1,-0.03352731766875616,0
0,-0.048543460084725376,0
0,-0.01724400165482254,0
0,-0.05387258916550414,0
0,-0.07574146046722435,0
1,-0.01636851034352016,0
0,-0.07336754839823018,0
0,-0.07848737139854156,0
1,-0.08475790197659572,0
0,-0.060347349902606706,0
0,-0.039579594013254116,0
0,-0.07186181496077032,0
0,-0.09449117901498738,0
0,0.0588091508691474,1
0,-0.06092711391306033,0
1,-0.0689328747779413,0
0,-0.08234993688461051,0
0,-0.05920273814742577,0
0,-0.04287774281150131,0
0,-0.07657623964143306,0
0,-0.031203329423267923,0
0,-0.06710840019160735,0
0,-0.08107864728077424,0
0,-0.05516298292062005,0
0,-0.013938540515524345,0
0,-0.06807845975772475,0
0,-0.08325097094479683,0
0,0.026470276048069175,1
1,-0.012906365148818988,0
0,-0.06416774625414906,0
0,-0.048287429410499516,0
0,0.11823539363750624,1
0,-0.07847600371810276,0
0,-0.08336113058885936,0
1,-0.03151443657574765,0
0,-0.005630983508882914,0
0,-0.03668177046742305,0
0,0.22873157492013851,1
0,-0.008337036716724977,0
0,-0.05735371730895039,0
0,-0.06356177116714246,0
1,-0.016673377391415112,0
0,-0.042784857231237705,0
0,-0.06581064355295924,0
0,-0.04605916087525819,0
0,0.05180506892135106,1
0,-0.0936448296221652,0
0,-0.0637148781948148,0
0,-0.04775797113777891,0
0,-0.01280786168149406,0
0,0.031598794038452116,1
0,-0.04347395816663463,0
0,-0.03692121934674275,0
0,-0.0850454385601222,0
0,0.026470276048069175,1
1,-0.01684766364317286,0
0,-0.06107009515265904,0
0,-0.08215920364356538,0
1,-0.01636851034352016,0
1,-0.01636851034352016,0
0,-0.02144642281664344,0
0,-0.05454036429242709,0
0,-0.09065483633283544,0
0,-0.06514131599259038,0
0,-0.06493190371724639,0
0,-0.06928108885427336,0
0,-0.07925667835768407,0
0,-0.08107864728077424,0
0,-0.07903834551741007,0
0,-0.04348846812850443,0
1,-0.019505963821408123,0
0,-0.09468841515506154,0
1,-0.04985429805698366,0
1,-0.01684766364317286,0
1,-0.017768194614598942,0
0,-0.05459775423560742,0
0,-0.029219550786896975,0
0,-0.059895946796636956,0
0,-0.07696180215197956,0
0,-0.04103984320283205,0
0,-0.026990839382840637,0
0,-0.05288029295329727,0
0,-0.05655412080667027,0
0,-0.0593120732038927,0
0,-0.06728176803906993,0
0,-0.03964805898152185,0
0,-0.08426725958376102,0
0,-0.092506201337757,0
0,-0.05908820985853719,0
0,-0.0715917168069431,0
0,-0.0038426346023416325,0
0,-0.08221005248344132,0
1,-0.06320492590459004,0
0,-0.02825123028862775,0
1,-0.015183828558617052,0
0,0.10308688881055217,1
0,0.09494967436143276,1
0,0.026470276048069175,1
0,0.04805593546163878,1
0,-0.04295091897185355,0
0,-0.04216895808384802,0
0,0.1454821840900058,1
1,-0.03244358325329094,0
1,-0.017043261177559443,0
0,-0.05475612377661698,0
1,-0.015359966390029234,0
0,-0.07239721983049241,0
0,-0.05655087590026131,0
0,-0.05758653171979711,0
0,-0.07718166603521054,0
0,-0.042526884587857305,0
1,-0.09231106979743275,0
0,-0.07146346469291653,0
0,-0.023781212104412808,0
0,-0.07346054732409929,0
0,0.11116238115833188,1
0,-0.07912156144257926,0
0,-0.0548084672367643,0
1,-0.015183828558617052,0
0,-0.07872938351211634,0
0,-0.07288244461370391,0
0,-0.06207365986382968,0
1,-0.019963689339438206,0
0,0.12594821929593436,1
1,-0.019202241582551238,0
0,-0.0476602998284007,0
1,-0.02006253071359887,0
0,-0.03269582944455679,0
0,-0.06581064355295924,0
0,-0.07169925980576841,0
0,-0.07196954700422648,0
0,-0.06107009515265904,0
0,-0.0493676242553191,0
0,-0.0870480542726571,0
0,-0.07200561754462731,0
1,-0.015359966390029234,0
0,-0.03879265467647186,0
0,-0.06107009515265904,0
0,-0.04289289224678544,0
0,-0.06338152412741044,0
1,-0.05641269006439287,0
0,-0.06341296077080688,0
0,-0.08092219959778585,0
0,-0.06699606974864508,0
0,-0.05811388841985515,0
0,0.02196104593235093,1
0,-0.05993559735290915,0
0,-0.04903954423639373,0
0,-0.04412006811683494,0
0,-0.05500415550972454,0
0,-0.0826716935912647,0
1,-0.015183828558617052,0
0,-0.10237090736121379,0
0,0.035818377852245176,1
0,-0.06886118515570899,0
0,-0.04741935583372603,0
0,-0.0431947772290881,0
0,-0.0719544315236158,0
0,-0.036706148260797544,0
0,-0.01684088562638736,0
0,-0.07709422741972177,0
0,-0.022192532410816257,0
1,-0.015359966390029234,0
0,-0.07389138836596598,0
1,-0.012906365148818988,0
0,-0.0874750932828276,0
0,-0.060601485783165765,0
1,-0.015359966390029234,0
0,-0.06589403155787626,0
0,0.02196104593235093,1
0,-0.0371847327584357,0
0,-0.07718166603521054,0
0,-0.0859848414597395,0
0,-0.005125239495066325,0
1,-0.016764872256409713,0
0,-0.101466759016485,0
0,-0.037445714258638296,0
0,-0.08764176938824758,0
0,-0.05350553437087163,0
1,-0.0888388959008472,0
0,-0.07616586034185713,0
0,0.08119246731839347,1
1,-0.016764872256409713,0
0,-0.04191110097366685,0
0,-0.07783209862378199,0
0,-0.07517781126121775,0
0,-0.03530268730306013,0
1,-0.01572552053447479,0
0,-0.07458621279250621,0
0,0.10308688881055217,1
0,-0.06200752837493961,0
0,-0.04831553432094848,0
0,-0.08701653158512868,0
0,-0.060310993828567305,0
0,0.0911507855137822,1
0,-0.02828455816069597,0
0,-0.059296129105397,0
0,-0.06580919958691545,0
0,0.11116238115833188,1
0,-0.09982525638704531,0
0,-0.08030362164134236,0
1,-0.01636851034352016,0
0,-0.08106095108854555,0
0,0.16608148388901844,1
0,0.22873157492013851,1
0,-0.07364436716489337,0
0,-0.0747328681197536,0
0,-0.0636428910388856,0
0,0.08486665048962205,1
0,-0.0510751286888822,0
1,-0.019202241582551238,0
0,-0.07315785205645808,0
0,-0.06581064355295924,0
0,-0.03828726967392465,0
0,-0.023935449896248573,0
0,-0.03042604968997409,0
0,-0.06732510449969131,0
0,0.11823539363750624,1
0,-0.08361567147838245,0
1,-0.018518095911605192,0
1,-0.01684766364317286,0
0,0.02196104593235093,1
0,-0.0807376574853888,0
1,-0.019505963821408123,0
1,-0.019202241582551238,0
0,-0.0746256825656742,0
0,-0.08648801765176617,0
0,-0.0847754096803836,0
0,-0.056768905894167665,0
0,0.1454821840900058,1
0,-0.07660244326161897,0
0,-0.07433205205874194,0
0,-0.04211353600386736,0
0,-0.0804215202181886,0
0,-0.06359219141921996,0
0,-0.053241633038236036,0
0,-0.05432989440890773,0
0,-0.08055513683112236,0
1,-0.029226183494923508,0
0,-0.048349269753273305,0
0,-0.04107142519928131,0
0,-0.05330824723846184,0
0,-0.09111741166068632,0
0,0.09721126296171889,1
0,-0.044364431509718416,0
0,0.0588091508691474,1
1,-0.016761639868348055,0
0,-0.047685687195652415,0
0,0.035289161509704514,1
0,-0.038161821629605464,0
1,-0.01636851034352016,0
0,-0.02477279516256342,0
0,-0.05716445185739072,0
0,-0.08132793884811107,0
0,-0.06042118790858736,0
0,-0.0635530611320429,0
0,-0.07707132374039821,0
1,-0.017768194614598942,0
0,-0.01863672447984005,0
0,-0.06689042245067767,0
0,-0.07760151851124125,0
0,-0.06682546968843278,0
1,-0.01684699577220483,0
0,-0.07873588774887247,0
0,-0.08287434329182147,0
0,-0.05524163741883081,0
0,-0.053794043320215645,0
0,-0.040966531225260894,0
0,-0.0038426346023416325,0
1,-0.015359966390029234,0
1,-0.06581791252234237,0
0,-0.04327575266225214,0
1,-0.024361165464620804,0
0,0.111414400531199,1
0,0.022520018530419406,1
1,-0.01876606469855946,0
1,0.008744176839284301,1
0,-0.016856813822683225,0
0,-0.0733557241894871,0
0,0.1454821840900058,1
0,-0.027973640296896973,0
0,-0.06025962375097699,0
0,-0.04320979125853208,0
0,-0.05300111000044394,0
0,-0.07616577048692513,0
0,0.035289161509704514,1
1,-0.012533536587400418,0
0,-0.048632542452092975,0
1,-0.019202241582551238,0
0,-0.0799903441049149,0
0,0.10308688881055217,1
0,0.09274553838841915,1
0,-0.08765191708521014,0
0,-0.04856367163635261,0
1,-0.015183828558617052,0
1,-0.01876606469855946,0
0,-0.07416765536999359,0
0,-0.04674617222211597,0
0,-0.08418559814672699,0
0,-0.0403495036369963,0
0,-0.06564151412173203,0
1,-0.04779125620230046,0
0,-0.08477688663760935,0
0,-0.04560337126977149,0
1,-0.015359966390029234,0
0,-0.06306299002789706,0
0,-0.010577693036678104,0
0,-0.04222781193722036,0
0,-0.061319452785231265,0
1,0.011977260666379275,1
0,-0.04631068042654485,0
0,-0.08421280025231687,0
1,-0.018448207554442375,0
0,-0.07595825118653121,0
0,-0.06942387744684103,0
0,-0.06454813047533325,0
0,-0.06240878519314824,0
1,-0.03314355764428539,0
0,-0.034906879936905555,0
0,-0.05563036410097505,0
0,-0.08327265128563399,0
1,-0.024721469487478775,0
0,-0.029844681339295187,0
1,-0.017768194614598942,0
0,-0.10518257168275358,0
0,-0.06797820349557232,0
0,-0.06517063292089115,0
0,-0.060496457218549904,0
0,-0.10139486467796249,0
0,-0.08860133417829402,0
0,-0.04228403453955332,0
0,-0.05695474318714833,0
0,-0.0795233400906184,0
0,-0.0398384760314362,0
0,0.11116238115833188,1
0,-0.020826689863128578,0
0,0.02187595119696284,1
1,-0.012906365148818988,0
0,-0.033528109931149463,0
1,-0.07929326173276974,0
0,-0.058936577792229716,0
1,-0.018112772524855603,0
0,-0.07505669289607864,0
0,-0.09526114728499524,0
0,0.09721126296171889,1
0,-0.0038426346023416325,0
1,-0.015359966390029234,0
0,-0.0784010353111847,0
1,-0.014926835742351319,0
0,0.026470276048069175,1
0,-0.08556565066526312,0
0,-0.03858950268644984,0
1,-0.01670935978797633,0
0,-0.09309464873288759,0
1,-0.01876606469855946,0
0,-0.03867747376466685,0
0,-0.03127250534978526,0
0,-0.01992846381100799,0
0,-0.060980629326287006,0
1,-0.02632400555960379,0
1,-0.01684766364317286,0
0,-0.08169345301683201,0
0,-0.03964805898152185,0
1,0.06701406630545959,1
0,-0.045584365255929016,0
0,-0.07127013474955696,0
0,-0.05979330070401584,0
0,-0.011843123497305874,0
0,-0.061663641410605485,0
0,0.02196104593235093,1
0,0.000522747281377467,1
0,-0.07419598619045259,0
0,-0.0510885360402521,0
1,-0.013414130836250093,0
1,-0.015359966390029234,0
0,-0.007592242823829587,0
1,-0.015359966390029234,0
0,-0.054506831232584874,0
0,-0.05068706721629207,0
0,-0.06839734404299991,0
0,-0.05263316803995438,0
0,0.0041879816695507,1
0,-0.05716445185739072,0
0,-0.09251798563038749,0
0,-0.09135372709293532,0
0,-0.0038426346023416325,0
0,-0.01958201021118522,0
1,-0.015359966390029234,0
0,-0.04123472551908647,0
0,-0.03827666302385885,0
0,-0.0639487931765953,0
0,-0.017222952585555396,0
0,0.11116238115833188,1
0,0.06315017592810668,1
0,-0.04443079739506689,0
1,-0.012906365148818988,0
0,-0.05608435188972083,0
0,-0.07780061185842946,0
0,0.2333818921269547,1
0,-0.04261032855843472,0
0,0.08735817108380395,1
0,0.2290927744294824,1
1,-0.013414130836250093,0
1,-0.01684766364317286,0
0,-0.05968150408641015,0
0,-0.06949309917473412,0
0,-0.09120829962731802,0
0,-0.0723979700029575,0
1,-0.01876606469855946,0
0,0.13789532397168736,1
0,-0.022570398612138887,0
0,0.026470276048069175,1
0,-0.009655802122701507,0
0,-0.06889287911929548,0
0,-0.019674107653739337,0
0,0.024319204603688416,1
0,-0.07814047118940992,0
0,0.2410561483423288,1
0,-0.052865701512709695,0
0,-0.046241754209582986,0
0,-0.020967862261440373,0
0,-0.07953785622738568,0
0,-0.05061397049029115,0
0,-0.0038426346023416325,0
1,-0.01615735505894006,0
0,-0.07105251880990893,0
0,-0.07558288241366734,0
0,-0.05327274502993218,0
0,-0.05716445185739072,0
0,0.02196104593235093,1
0,-0.07990831157019196,0
0,0.031598794038452116,1
0,-0.026428969247329626,0
0,-0.05077504646810399,0
0,-0.008394716593144724,0
0,-0.05241326276777308,0
0,-0.030241510054903276,0
1,-0.015359966390029234,0
1,-0.026806633216671816,0
1,-0.01536220802121091,0
0,-0.08781413230162732,0
0,-0.04228403453955332,0
0,-0.07955706695047965,0
1,-0.006270324465430688,0
0,-0.06193898136800052,0
0,-0.03934479482495662,0
0,-0.06065058586984601,0
0,-0.0757963200352158,0
0,-0.08297645847585616,0
1,-0.01636851034352016,0
0,-0.06634833125108547,0
0,-0.0945195867999094,0
1,-0.07891573441241906,0
1,-0.011536587466991821,0
1,-0.01876606469855946,0
0,-0.07917091874345256,0
0,-0.06647984743458213,0
0,0.026470276048069175,1
0,-0.07624476626306187,0
0,-0.05358693650922758,0
0,-0.08699398310327594,0
0,-0.08205649335422205,0
0,-0.043081710534114415,0
0,-0.08741035762796368,0
0,-0.06714973861981766,0
1,-0.015183828558617052,0
0,0.10308688881055217,1
0,-0.013626555994398382,0
0,-0.08174467060353396,0
0,-0.05694393993655322,0
0,-0.07357278163227654,0
0,0.06352994506743626,1
0,-0.08942311653081159,0
0,-0.07002122276038408,0
1,-0.015343559786735572,0
0,-0.057364151130540275,0
0,0.04930966202042597,1
0,-0.053827232432672456,0
0,0.006778481640609013,1
0,-0.041969251610843195,0
0,0.006778481640609013,1
1,-0.03179844522514674,0
0,-0.010005325529751474,0
1,-0.020120122682346975,0
0,-0.06869416751847557,0
0,-0.033721383272396654,0
0,-0.076881519363793,0
0,-0.051201455725177425,0
0,-0.03068667661850799,0
0,0.111414400531199,1
0,-0.08010320141314825,0
0,0.02539302371013097,1
0,-0.0038426346023416325,0
0,0.026470276048069175,1
0,-0.055463772195188,0
0,-0.016001899281817056,0
1,-0.012906365148818988,0
0,0.02196104593235093,1
0,-0.07446036578290521,0
1,-0.015183828558617052,0
0,-0.04169478911496971,0
0,-0.05452968965018257,0
0,-0.021902772160673767,0
0,-0.07871535262731633,0
0,-0.009562522559222908,0
0,-0.08885457590837503,0
0,-0.08037972308447044,0
0,-0.06468851845183049,0
0,-0.053615585805651456,0
1,-0.01876606469855946,0
0,-0.08664168543559653,0
1,-0.019202241582551238,0
0,-0.016862134352137792,0
0,-0.057923719392973305,0
0,0.10308688881055217,1
0,-0.10248408073692095,0
0,-0.08046032335176156,0
0,-0.05551828035287254,0
0,-0.07489287509903941,0
0,-0.06564737668361736,0
0,-0.005063976855171126,0
0,-0.026048432184464676,0
0,-0.055108650751181654,0
0,-0.05254484465905751,0
0,-0.07298645628796424,0
0,-0.06847730920476575,0
0,-0.04331279897719115,0
0,0.026470276048069175,1
0,-0.03900604241466993,0
0,-0.08799451436985367,0
0,-0.0516067671505136,0
0,-0.07963987812531848,0
0,-0.022697129679906114,0
1,-0.01636851034352016,0
1,-0.015359966390029234,0
0,-0.07580651308478348,0
0,-0.0422835226368144,0
0,-0.08205566361775601,0
0,-0.0815004336361203,0
0,-0.008541150182241442,0
0,-0.05541802563186449,0
1,-0.02562571375391809,0
0,-0.013840710077991647,0
0,0.0015526630207537417,1
0,0.13789532397168736,1
0,-0.07610161443394908,0
0,0.0588091508691474,1
0,-0.022564062765953352,0
1,-0.015359966390029234,0
0,-0.042014790526860746,0
0,-0.05102594147131362,0
0,-0.06709576464459366,0
0,0.11116238115833188,1
0,-0.04514208498966249,0
0,-0.06589403155787626,0
0,-0.060955491285814845,0
0,-0.07843492988466505,0
0,-0.09863537131606864,0
0,0.09721126296171889,1
0,-0.0629503483682829,0
0,-0.04357931039631657,0
1,-0.025117788842114963,0
0,-0.06386306935263508,0
0,-0.04812687073782518,0
0,-0.03845067382174738,0
0,-0.03964805898152185,0
1,-0.01684766364317286,0
0,-0.06204266657784574,0
0,-0.0718260857004977,0
0,-0.00271779702846886,0
1,-0.01684766364317286,0
0,-0.07543436054110136,0
0,-0.030120739881023983,0
0,0.07869407053909405,1
0,-0.08005115379435024,0
0,-0.06400029269784208,0
0,-0.043638644620520695,0
0,-0.09463990876238776,0
0,-0.08079703191600973,0
0,-0.09827877053985634,0
1,-0.06694255977065888,0
0,-0.03485538015308587,0
1,-0.01670935978797633,0
0,-0.0797117311219947,0
0,-0.08650478864522604,0
0,-0.058555660133071064,0
0,-0.05877536989014559,0
0,-0.08135559858792041,0
0,-0.0038426346023416325,0
0,-0.043099916734495924,0
0,0.09943438793460357,1
0,-0.023516526812198568,0
1,-0.015359966390029234,0
0,-0.0402681498633784,0
0,0.07920885023108093,1
0,-0.05749300900548365,0
0,0.026470276048069175,1
0,-0.02417285762960908,0
0,-0.01198224589360114,0
0,-0.059865343442581154,0
0,-0.06397111648611181,0
0,-0.03667910114644385,0
0,-0.04804387085672435,0
0,-0.0830915893287929,0
0,-0.0026392387001510365,0
0,-0.0568053087925402,0
0,-0.0548084672367643,0
1,-0.01636851034352016,0
0,-0.060980629326287006,0
0,-0.027799850856016495,0
1,-0.019202241582551238,0
0,-0.031394377999227174,0
0,-0.07716102865897723,0
0,-0.07438533260464031,0
0,-0.09420755999834873,0
0,-0.07965784162226036,0
0,-0.054271216825104995,0
0,-0.04299597142723066,0
0,-0.07938765224891059,0
0,-0.09475459010342957,0
0,-0.07588336574316024,0
0,-0.07654158151499818,0
0,-0.05714373865083949,0
0,-0.03328366598016064,0
0,-0.05640447059647402,0
0,-0.021006695379508056,0
0,-0.04019029966046933,0
0,-0.044009523160332575,0
0,-0.07230575372895665,0
0,-0.08510708853602833,0
0,-0.012370955144722029,0
0,-0.07785219367309942,0
0,-0.07502400951845739,0
1,-0.015359966390029234,0
0,-0.05968150408641015,0
0,-0.047214984880220745,0
0,-0.06546068527902643,0
0,-0.08587277164463286,0
1,-0.01684766364317286,0
0,-0.05612138708636211,0
1,-0.013414130836250093,0
0,-0.05955749631112295,0
0,-0.06262136162693216,0
0,-0.08160203974409574,0
0,-0.06393906755957868,0
1,-0.0011029415949114219,0
1,-0.008386382462877706,0
0,-0.05655412080667038,0
0,-0.010747200160394765,0
0,-0.05049939419611155,0
0,-0.08102474860356529,0
0,-0.042450735243222015,0
0,-0.06598487570808353,0
0,-0.04356822031796992,0
0,-0.0749301476541992,0
0,-0.0038426346023416325,0
0,-0.08261799068716985,0
0,-0.0677891599710514,0
0,-0.009861533415096546,0
0,-0.0796747175037989,0
0,-0.08043721379809321,0
0,0.07803153096828142,1
0,-0.05238576340384826,0
0,-0.07515014534099956,0
0,0.06532647233999689,1
0,-0.04294601021495409,0
0,-0.02934097210858544,0
0,-0.08469050679530105,0
0,-0.03692719873327255,0
0,-0.07684997900558066,0
1,-0.01876606469855946,0
0,-0.053590350860968916,0
0,-0.0028649496144557696,0
0,-0.08045175854034542,0
0,-0.059865343442581154,0
0,-0.04459259400105303,0
1,0.007346402899480964,1
0,-0.07668575889909646,0
0,-0.08203909094662759,0
0,-0.08720990714437304,0
0,-0.08698884716561522,0
0,-0.06954952262868336,0
0,-0.07432135965335462,0
0,-0.009366037727859267,0
0,-0.07803081980875776,0
0,-0.056275460457574755,0
0,-0.07502400951845739,0
0,0.035289161509704514,1
0,-0.08060790460460393,0
1,-0.06746627508673742,0
0,-0.05292995703997272,0
0,0.07429490704946118,1
0,-0.06554940662288172,0
0,-0.053556500665532414,0
0,0.07932288253340769,1
0,-0.024488581404608523,0
0,-0.07995851153279482,0
0,0.026470276048069175,1
0,-0.08036379593241888,0
0,-0.01868572442978106,0
0,-0.06226258204659468,0
1,-0.018518095911605192,0
1,-0.00938976112135892,0
1,-0.01876606469855946,0
0,-0.06062507667975875,0
0,-0.0756635811259691,0
1,0.0030239528077870004,1
1,-0.015666438022868323,0
0,-0.07605699348571837,0
0,-0.05263896523563644,0
0,0.013552771301790667,1
0,-0.04610010569622952,0
1,-0.013414130836250093,0
0,-0.07240964893279184,0
0,-0.08581252788614152,0
0,-0.051821060952204734,0
0,-0.020592530822765687,0
0,-0.08430334649849752,0
1,-0.01843424250804515,0
0,-0.042368938334918727,0
0,-0.06609101080782509,0
1,-0.012533536587400418,0
0,-0.040154386599825564,0
0,-0.03867747376466685,0
0,-0.05694393993655322,0
1,-0.041410271862015846,0
0,-0.06077302069884111,0
0,-0.07213616530345346,0
0,0.1454821840900058,1
0,0.035289161509704514,1
0,-0.04943691088308616,0
0,-0.08136810812275935,0
0,-0.044112350536775036,0
0,-0.061223413382276326,0
0,-0.0567742616448898,0
0,-0.022464502170911227,0
1,-0.01876606469855946,0
0,-0.052803901818917254,0
0,0.23357993455056036,1
0,0.06453114397890924,1
0,-0.007994762271165523,0
0,0.02196104593235093,1
0,-0.061143083134429566,0
0,-0.05098736697834516,0
0,-0.010597111378530144,0
0,-0.08725844435397989,0
0,-0.06625701253961735,0
0,-0.03867747376466685,0
0,-0.05396636126532817,0
0,-0.06411049368311533,0
0,-0.005031655880450514,0
1,-0.017043261177559443,0
0,-0.05918402920923238,0
0,-0.06843404089143884,0
0,-0.012021476740313286,0
0,0.08254664572402248,1
0,-0.04195899247223245,0
0,-0.08322233472641555,0
1,-0.01670935978797633,0
0,-0.007887464725615245,0
1,-0.013414130836250093,0
0,-0.10028123646484532,0
1,0.00034727729939088015,1
0,-0.06243044158841066,0
0,-0.0908575384013815,0
0,-0.03381914009899861,0
0,-0.041262388156240115,0
0,-0.04228403453955332,0
0,-0.08041869196665552,0
1,-0.020286148782196534,0
0,-0.04946749368233455,0
0,-0.050844563085880534,0
0,-0.07266687438408725,0
0,-0.08417772969389903,0
0,-0.059816519608971,0
0,-0.05941144980415941,0
0,-0.0038426346023416325,0
0,-0.07600294920045392,0
0,-0.03882925122194991,0
0,-0.06323198099668892,0
0,-0.07304033907543878,0
1,-0.04778210494771712,0
0,0.0588091508691474,1
0,0.0005166967963011748,1
0,0.057800960200625306,1
0,-0.07644557078245107,0
0,-0.08125602454107511,0
0,-0.06092408865613208,0
0,-0.043642785484584945,0
0,-0.020126207504394533,0
0,0.04405012320662338,1
0,-0.03983704345207756,0
1,0.03037055053797999,1
0,-0.033417730582277594,0
1,-0.01670935978797633,0
0,-0.05800420681212948,0
0,-0.03829641187524924,0
0,-0.047398507370846776,0
0,-0.05604972303380973,0
0,-0.049490515092359744,0
0,-0.07756796230128449,0
0,0.006570710201920349,1
0,-0.07104513328187811,0
0,-0.09821818901285378,0
0,-0.08090940604276475,0
0,-0.04802115237820842,0
0,-0.06620305931849452,0
0,-0.08584209366926998,0
0,-0.03853410212982594,0
1,-0.01684766364317286,0
0,-0.04990703752823744,0
0,-0.0038426346023416325,0
1,-0.01670935978797633,0
0,-0.07325998305397347,0
1,-0.018518095911605192,0
0,-0.04994730460752145,0
0,-0.10018919825749512,0
0,-0.0004168365621847192,0
0,-0.09426886523666905,0
0,-0.08015853415706209,0
0,0.0836951314735006,1
0,0.09721126296171889,1
0,-0.001141841517865838,0
0,-0.08171348269721046,0
0,-0.032441144053799775,0
0,-0.004602112362556865,0
0,-0.05943756108545778,0
0,-0.06673535454150636,0
0,-0.05622148319701159,0
0,0.08252618883022744,1
0,-0.07238715861708478,0
0,-0.02588036709521574,0
0,-0.05429555885509729,0
0,-0.055685020805264884,0
0,-0.09838319186507599,0
0,-0.06361946894111342,0
1,-0.01684766364317286,0
0,0.07925499041248962,1
0,0.042047585212452,1
0,-0.07704095529587607,0
1,-0.016761639868348055,0
0,-0.05335259299343881,0
0,-0.04348846812850443,0
0,0.07924814228240873,1
0,-0.04207858684383892,0
0,-0.05250975502259958,0
0,-0.022471915914795915,0
0,-0.06117210335422163,0
0,-0.08057232954164772,0
0,-0.08882933484380862,0
0,-0.06544485666457223,0
0,-0.03870399117610207,0
0,-0.05132214861200329,0
0,-0.07688603610417671,0
0,-0.07311145425771881,0
0,-0.025926164366844195,0
0,0.12594821929593436,1
0,-0.08191691306058185,0
1,-0.01684766364317286,0
0,-0.06365148137535848,0
0,0.1387590907459595,1
0,-0.0843390689583679,0
0,-0.02870685115098892,0
0,-0.010952057238203528,0
1,-0.01981254913869296,0
0,0.10308688881055217,1
0,-0.08127042204568369,0
0,-0.07036925349067658,0
0,-0.07294017793374619,0
0,-0.056430973090984826,0
0,-0.05475668798130384,0
0,-0.032214831203347505,0
0,-0.021302503549223584,0
0,-0.049726909555435794,0
0,-0.05694393993655322,0
0,-0.06425673952914152,0
0,0.027055817977184815,1
1,-0.012906365148818988,0
0,-0.07005649221422983,0
0,-0.05032320721189926,0
0,-0.04515641597160952,0
1,-0.01670935978797633,0
0,-0.09341073305603148,0
1,-0.01876606469855946,0
0,-0.05819465962712517,0
0,-0.046225965721449824,0
0,-0.08083902427012118,0
0,-0.06852782619971742,0
0,-0.09446312764392517,0
0,-0.010562644529575227,0
1,-0.01684766364317286,0
1,-0.01684766364317286,0
0,-0.09400372319620631,0
1,-0.01636851034352016,0
0,-0.053590350860968916,0
0,-0.05043120966948822,0
1,-0.01636851034352016,0
0,-0.06589403155787626,0
1,-0.017043261177559443,0
0,-0.06373528405701412,0
0,-0.07965346919566924,0
0,-0.0760056649324215,0
0,-0.01767354470431537,0
0,-0.057862495532280234,0
1,-0.01738808843901385,0
0,-0.06078232327769195,0
1,-0.07866940596615851,0
0,0.09943438793460357,1
0,-0.0038426346023416325,0
1,-0.012906365148818988,0
1,-0.015962008411279427,0
0,-0.07874575869355249,0
0,-0.08973613700208272,0
0,-0.07565238178778028,0
0,-0.04726424052349654,0
0,-0.0541339463200618,0
1,-0.052515737018223374,0
1,-0.019202241582551238,0
0,-0.055311909114103774,0
0,-0.05617976909431449,0
0,-0.05359169009617876,0
1,-0.027675743126304164,0
0,-0.05655412080667027,0
1,-0.0557245956776814,0
0,-0.05620958578122143,0
0,-0.08112826968723141,0
0,-0.014428583169212195,0
0,-0.10092704361131055,0
0,-0.07174625324550743,0
1,-0.018518095911605192,0
0,-0.06050097801976184,0
0,-0.008196420636450596,0
0,-0.038782206400569286,0
0,0.1454821840900058,1
0,-0.043696102839601236,0
0,-0.04528078366840693,0
0,-0.053152304100368475,0
0,-0.07239708766457653,0
0,-0.0709957848344594,0
1,-0.017043261177559443,0
0,-0.09264612347182449,0
0,-0.06589403155787626,0
0,-0.011622614119262187,0
0,-0.05268655660372884,0
0,-0.036861163658693075,0
0,0.08137164120114904,1
0,-0.08040465427789445,0
0,-0.08770446309444346,0
0,-0.08289536703958045,0
0,-0.04917148310045788,0
0,-0.08120094153031449,0
1,-0.006270324465430688,0
1,-0.015343559786735572,0
0,-0.09809258643201557,0
0,-0.05038518647726675,0
0,0.22873157492013851,1
0,-0.08025489598353353,0
1,-0.015183828558617052,0
1,-0.014926835742351319,0
0,-0.06531187001819921,0
0,0.13789532397168736,1
1,-0.03610473762417965,0
0,-0.0653229336990902,0
0,-0.08135337919378155,0
0,-0.06931428531788986,0
0,-0.09230548603383232,0
0,-0.04747125491453169,0
0,-0.036236284115046424,0
0,-0.08818937390612946,0
0,-0.06554940662288172,0
0,-0.055052472764533844,0
0,-0.01025284195277576,0
0,0.09721126296171889,1
0,0.1392963188594466,1
0,-0.05117945412717245,0
0,-0.04342898515593624,0
1,-0.015359966390029234,0
0,-0.06852255597169882,0
0,0.11823539363750624,1
0,-0.0759057053562876,0
0,-0.07351382020976033,0
0,-0.050729665660427636,0
1,-0.0483322127228375,0
1,-0.015359966390029234,0
0,-0.0038426346023416325,0
0,-0.06424371967293624,0
0,-0.04867989419824714,0
1,-0.015930509145943017,0
1,-0.012906365148818988,0
0,-0.030536830700197748,0
0,-0.06503221892737876,0
0,-0.01386678444623024,0
0,-0.008012464582877632,0
1,-0.01738808843901385,0
0,-0.043663775659120885,0
0,-0.0791160501469082,0
1,-0.03411150843986682,0
1,-0.07669558253322634,0
0,-0.07191475245325962,0
0,-0.07168978477779303,0
0,-0.060924201066678174,0
1,-0.020120122682346975,0
0,-0.08620832864144501,0
0,-0.07129770787394923,0
0,-0.09074988675180445,0
0,-0.07149239129031426,0
0,-0.07518471112618386,0
0,-0.07830913508584059,0
0,-0.0368290331383469,0
1,-0.034236827714854035,0
1,-0.05839485298065916,0
0,-0.0014553028554177283,0
1,-0.012339870853616375,0
0,-0.0038426346023416325,0
0,-0.07301337170974226,0
0,-0.021126761312964704,0
0,-0.062207730736085154,0
0,-0.060347349902606706,0
0,-0.07198647501762817,0
1,-0.015359966390029234,0
0,-0.035725851577343926,0
0,-0.08125698618956345,0
0,-0.014906451297367673,0
0,-0.08122256890825585,0
0,0.02196104593235093,1
0,-0.04339040109666625,0
0,-0.0633024713187128,0
1,-0.05651007648681017,0
0,-0.04556192748372895,0
0,0.08880536013291984,1
0,-0.08803886244404402,0
0,0.035289161509704514,1
0,-0.02615262637079896,0
0,-0.06383366320845107,0
0,-0.05948320486595671,0
0,-0.011630243467744772,0
1,-0.006270324465430688,0
0,-0.08245077643165821,0
0,-0.05263316803995438,0
0,0.026470276048069175,1
0,0.026470276048069175,1
0,-0.06172575147786591,0
0,-0.031251537695306475,0
0,-0.062352472073341825,0
0,-0.03819748618362373,0
1,-0.013532045090530076,0
1,-0.015359966390029234,0
0,-0.03703214506599595,0
1,-0.034417258307317455,0
1,-0.01738808843901385,0
0,-0.016029280535741985,0
0,-0.03515869937143018,0
0,-0.06105023089892975,0
0,-0.009013644423591594,0
0,-0.05557181254770566,0
0,-0.05998246646489763,0
1,-0.012906365148818988,0
1,-0.08948930770661473,0
0,-0.08107864728077424,0
0,0.026470276048069175,1
0,0.2290927744294824,1
0,-0.07563090783674764,0
0,-0.08392760123875392,0
0,-0.07409760441643315,0
0,0.1454821840900058,1
0,-0.08196624162949256,0
0,-0.019001870370638663,0
1,-0.030672889645252277,0
0,0.015261274636722,1
0,-0.07067328742843482,0
0,-0.0201570817217005,0
0,-0.06678060784632783,0
0,0.0588091508691474,1
1,-0.01684766364317286,0
0,-0.07624476626306187,0
0,-0.0344599858573682,0
0,-0.07894783262916433,0
0,0.026470276048069175,1
0,-0.0896087191143633,0
0,-0.05524163741883081,0
0,-0.06107009515265904,0
0,0.026470276048069175,1
0,-0.05614415247525145,0
0,-0.0856881716862058,0
0,0.22039986166027337,1
0,0.09943438793460357,1
1,-0.06780168874226794,0
0,-0.08884832016501076,0
1,-0.012533536587400418,0
0,-0.0827453137995805,0
0,-0.04318439743644081,0
0,-0.05941208550329058,0
0,-0.017937728646431672,0
0,-0.058777912493038265,0
0,-0.07780323092592073,0
0,-0.07245644073354601,0
0,-0.08751393174165317,0
0,-0.057785123368023605,0
0,-0.029205978749453465,0
0,-0.003025200178009224,0
0,-0.012627370647051273,0
0,-0.07242660330427031,0
0,-0.06395601069643486,0
0,-0.025062248281328026,0
0,-0.060896287132192695,0
0,-0.08254881875240289,0
0,-0.023594508681504922,0
0,-0.08938562420179064,0
0,-0.034094897437774774,0
0,-0.07934493060732378,0
0,-0.06255403869341342,0
0,-0.07174026465204814,0
0,-0.004322472918461162,0
0,-0.050662537080181536,0
0,-0.08717217176877001,0
0,0.00020269297264241537,1
0,0.09721126296171889,1
0,-0.060955491285814845,0
0,-0.08079703191600973,0
0,-0.10050509571123184,0
0,-0.06552986844676034,0
0,-0.05591415189764293,0
1,-0.019202241582551238,0
0,-0.0856629357482962,0
1,-0.019202241582551238,0
0,0.12594821929593436,1
0,-0.059865343442581154,0
0,-0.05947953042610715,0
1,-0.01670935978797633,0
0,-0.03943488905760917,0
1,-0.015359966390029234,0
0,-0.009769752915305019,0
0,-0.08038013235026648,0
0,-0.011629130293892898,0
0,-0.06564737668361736,0
0,-0.028293069838676854,0
1,-0.01670935978797633,0
0,-0.07704095529587607,0
0,-0.04853053629408083,0
0,0.02196104593235093,1
0,-0.05435537811932106,0
0,-0.07072220621127984,0
0,-0.04488106585197632,0
0,-0.06755323663190677,0
0,-0.07749296564080566,0
1,-0.017768194614598942,0
0,-0.048362127912783326,0
0,-0.08670231806645701,0
0,-0.04327248054477195,0
0,-0.05333281505000015,0
0,-0.020571691708728246,0
0,-0.01206367227101246,0
0,-0.05508722196634863,0
0,0.111414400531199,1
0,-0.008635343393428474,0
1,-0.012138363772458194,0
0,-0.058936082692430725,0
0,-0.024863047026935092,0
0,0.10308688881055217,1
1,-0.02006253071359887,0
0,-0.08818952164768473,0
1,0.00034727729939088015,1
0,-0.07295626307093933,0
1,-0.017653718166665,0
0,-0.015252997662720646,0
0,-0.04319323344386922,0
0,-0.029116962836296778,0
1,-0.01670935978797633,0
0,-0.04288537996247277,0
0,-0.060980629326287006,0
0,-0.0647516975483225,0
0,-0.08783337933099261,0
0,0.22039986166027337,1
1,-0.01684766364317286,0
0,-0.055685020805264884,0
0,-0.10321859948768108,0
1,-0.01670935978797633,0
1,-0.018112772524855603,0
0,-0.06852331586044663,0
0,-0.06343419969957587,0
0,-0.04025752805207994,0
0,-0.08059659197667174,0
0,-0.03203367086256781,0
0,-0.047905362338223956,0
0,-0.04333361681860354,0
0,-0.0811105572284167,0
0,-0.07901742380378535,0
0,0.02196104593235093,1
0,-0.018823173281605876,0
1,-0.016764872256409713,0
0,-0.015948981726698896,0
0,-0.08369767267100042,0
0,-0.059865343442581154,0
1,-0.017191180280191676,0
0,-0.0038426346023416325,0
0,-0.06262136162693216,0
0,0.09187528513271026,1
0,-0.06404712418101233,0
0,-0.00014673400295450723,0
1,-0.01670935978797633,0
1,-0.01439957868235614,0
1,-0.01684766364317286,0
0,-0.060335184606612524,0
0,-0.09089194259591515,0
0,-0.07704095529587607,0
0,-0.0058308792556369116,0
1,-0.01684766364317286,0
0,-0.05714373865083949,0
0,-0.06870156489929041,0
0,-0.07484166958568805,0
1,-0.01684766364317286,0
0,-0.10264539598142819,0
1,-0.015183828558617052,0
0,-0.05144518933603581,0
0,-0.08589765872435196,0
0,-0.05541802563186449,0
1,-0.06650397886275916,0
0,-0.05466108226088351,0
0,0.09721126296171889,1
0,-0.09191915137067275,0
0,-0.0521672747548072,0
0,-0.05655412080667027,0
1,-0.05372188115495896,0
0,-0.030154818127538396,0
0,-0.004000998837421721,0
0,-0.011214033193617579,0
0,-0.058936577792229716,0
0,-0.06940560148485614,0
0,-0.08075659010284647,0
0,-0.06432111616065894,0
1,-0.0035699441230174767,0
0,-0.06476268586645034,0
0,-0.0603219917290152,0
0,-0.03151774886991637,0
0,-0.08649777683017518,0
0,-0.02911575208307221,0
0,-0.08331339154103046,0
0,-0.07068111634637081,0
0,-0.08385952983535394,0
0,-0.04766115867903259,0
0,-0.08357283513703861,0
0,-0.056762161148050994,0
0,-0.04552749545611301,0
0,0.09721126296171889,1
0,-0.04250001465610154,0
0,0.11116238115833188,1
0,-0.08191344770881209,0
0,-0.07999550960495927,0
1,-0.010776164789540521,0
0,-0.02341940192954789,0
0,-0.06161327014655854,0
0,-0.02963394915501033,0
0,-0.05655087590026131,0
0,-0.0038426346023416325,0
0,-0.060980629326287006,0
0,-0.05908460131329413,0
0,-0.08663736495895147,0
0,-0.05919677123250183,0
0,-0.014932676084603747,0
0,-0.07424981562711369,0
0,-0.07003261812240791,0
1,-0.018518095911605192,0
0,-0.038455838202618275,0
0,-0.06131732444045662,0
0,-0.07126468954917159,0
0,-0.06643636996347002,0
1,-0.015359966390029234,0
0,-0.009195807766410713,0
0,-0.051054130660100505,0
0,-0.04329925964653236,0
0,-0.030473457708097007,0
1,-0.06744217188058538,0
0,-0.06936790271982962,0
0,-0.07956476730277479,0
0,0.041451446717275076,1
0,0.22873157492013851,1
0,0.09721126296171889,1
0,-0.07715068135304037,0
0,-0.10410037267530681,0
0,-0.03408034974152979,0
1,-0.012906365148818988,0
0,-0.0038426346023416325,0
0,-0.07580825817560471,0
0,-0.05327144439306569,0
0,0.00032851736795902475,1
0,-0.0626351806929974,0
0,-0.025441454642095906,0
1,-0.018112772524855603,0
0,-0.05022659515686467,0
0,-0.07876419969662057,0
0,-0.049631942225456194,0
1,-0.012906365148818988,0
0,-0.023127283029131418,0
0,-0.06107009515265904,0
0,-0.05803204237903287,0
0,-0.0639487931765953,0
0,-0.0733530747843415,0
0,-0.02391532383748557,0
0,-0.06564737668361736,0
0,-0.09929622331615146,0
0,-0.060347349902606706,0
0,-0.020894850583507873,0
0,-0.04152181890689244,0
1,-0.015359966390029234,0
1,-0.013532045090530076,0
0,-0.07072010590199507,0
0,-0.06184377143403891,0
0,0.026470276048069175,1
0,-0.08198967165284232,0
0,-0.0519661548895472,0
0,-0.005081021078717662,0
0,-0.06083980960724761,0
0,-0.08547367734611477,0
0,-0.048103034576662096,0
0,0.013552771301790667,1
0,-0.07472807068128778,0
1,-0.018518095911605192,0
0,-0.06014678055456324,0
1,-0.01644592340899681,0
1,-0.015359966390029234,0
0,-0.05655412080667027,0
0,-0.08160469383995533,0
0,-0.06564737668361736,0
0,-0.08612688740029795,0
0,-0.033721383272396654,0
0,-0.05371189242544161,0
0,-0.0009083232706215694,0
0,-0.025112074688538488,0
0,0.11116238115833188,1
0,-0.08539314978624957,0
0,-0.05534193191597031,0
0,-0.042293882240071135,0
1,-0.013964592081457727,0
0,-0.08464057193835306,0
0,-0.01252693147985423,0
0,-0.047371904757151584,0
0,-0.0654313135953351,0
0,-0.050822467728209864,0
0,0.11823539363750624,1
0,-0.04266377720616338,0
0,-0.06453960699661432,0
0,-0.078343082290738,0
0,-0.06979473000258435,0
1,-0.04185294707607584,0
0,-0.0929897194221877,0
0,0.04871380980287743,1
0,-0.08279073731455555,0
1,-0.015359966390029234,0
0,-0.042062282250197924,0
0,-0.08995579034756135,0
0,-0.05552895450112344,0
1,-0.025353876713489376,0
0,-0.06280799422351718,0
1,0.002537729394204935,1
0,-0.02137662617505315,0
1,-0.01684766364317286,0
1,-0.06856410649412087,0
0,-0.04818000381315496,0
0,-0.07759539494172679,0
0,0.12594821929593436,1
0,-0.08117436354210344,0
1,-0.008094901874808935,0
0,-0.07287859702653948,0
0,-0.019244193285601507,0
0,0.11116238115833188,1
0,-0.05551828035287254,0
0,-0.014882231838488413,0
0,0.006778481640609013,1
0,0.031598794038452116,1
0,-0.015198080115938595,0
1,-0.015359966390029234,0
0,-0.051115616352638615,0
1,-0.09527525533962283,0
0,-0.0637148781948148,0
0,-0.03599664593340551,0
0,-0.03194604961690589,0
0,-0.05714373865083949,0
0,-0.04609164011212635,0
0,-0.0666750186099308,0
0,-0.05859848772799314,0
0,0.030663825933544553,1
0,-0.06751026969723423,0
0,-0.08148639462000823,0
0,0.026470276048069175,1
0,-0.043696102839601236,0
1,-0.01670935978797633,0
0,-0.09053970147876855,0
1,-0.06545267028410551,0
1,-0.013414130836250093,0
1,-0.01684766364317286,0
0,-0.07600573954546525,0
0,-0.06768511915748932,0
0,-0.045024066534498974,0
0,-0.0888487950567004,0
0,-0.053618244554898775,0
0,-0.04408809481556192,0
0,-0.051557434503334776,0
0,-0.07357614982346683,0
1,-0.03007846528958158,0
0,-0.055290788365681465,0
0,-0.023518582464383653,0
0,-0.0208936969206448,0
0,0.12594821929593436,1
0,-0.01643103841127841,0
0,-0.042678460527545814,0
0,-0.007675564434008353,0
0,-0.05541802563186449,0
0,-0.02501671346958695,0
0,-0.07154887229825097,0
0,-0.06535182335726991,0
0,-0.004359973664575356,0
0,-0.05966955622665271,0
0,-0.07590207709271984,0
0,-0.06812424531929928,0
1,-0.018518095911605192,0
0,-0.04586323188945424,0
0,-0.0629298524232304,0
1,-0.008386382462877706,0
0,-0.055463688619176776,0
0,-0.04322620607680644,0
0,0.02196104593235093,1
0,-0.0810974620963022,0
0,0.0588091508691474,1
0,0.08218878731662793,1
1,-0.01636851034352016,0
0,-0.024338916286811785,0
0,-0.053797666842249126,0
0,-0.019177383339166187,0
0,-0.05806188001856344,0
0,-0.038024300920896814,0
0,0.08521392721418097,1
0,-0.07233841808669195,0
0,0.026470276048069175,1
0,0.10914990013417047,1
0,-0.014960028976831907,0
0,-0.004337659188758447,0
0,-0.03963894693514297,0
1,-0.06659867076555487,0
0,-0.0038426346023416325,0
0,0.031598794038452116,1
0,-0.08240495762613254,0
0,-0.060347349902606706,0
0,-0.03976428697364731,0
0,0.0588091508691474,1
0,-0.08643453153240493,0
0,0.031598794038452116,1
0,-0.015496863294850949,0
1,-0.0673972647844634,0
1,-0.04455854125149855,0
0,-0.053556500665532414,0
0,-0.09106759613451765,0
0,-0.06506105882325591,0
0,-0.07205352139297383,0
0,-0.0464447801111495,0
0,-0.0525300734223777,0
0,-0.07829276742879038,0
0,-0.09625343574556033,0
0,-0.03664515057614032,0
0,-0.07934718965187804,0
0,-0.038375692363261105,0
0,-0.04991123496651667,0
0,-0.0250031610018005,0
0,0.22873157492013851,1
0,-0.05666893325700961,0
0,-0.0920719110738355,0
0,-0.06894544562371174,0
0,-0.0038426346023416325,0
0,-0.07304620063895068,0
0,-0.07514512759790343,0
0,0.055238606111983724,1
0,-0.06409426127597018,0
0,-0.05841314126349184,0
0,-0.06851079591969611,0
0,-0.05533753518662221,0
0,-0.012705567188940614,0
0,-0.04453594914658221,0
0,-0.0707258465196704,0
0,-0.07949205563491285,0
0,-0.059199918856787215,0
1,-0.013414130836250093,0
0,-0.07312976404572252,0
0,-0.04017664856906128,0
0,0.006778481640609013,1
0,-0.047609386174305324,0
0,-0.06776878359793576,0
0,-0.10004725597024305,0
0,-0.015330463016184015,0
1,-0.01670935978797633,0
0,-0.05326706686907068,0
0,-0.058966728598634055,0
0,-0.0011696545547656978,0
0,-0.08508690452005552,0
0,-0.04280270413457277,0
0,-0.07492624497446909,0
0,-0.05173622113093562,0
1,-0.05368575699192735,0
0,-0.00820100643320254,0
0,-0.08073684011288002,0
0,-0.08200328033566079,0
0,-0.07062856394350336,0
0,-0.0757800659097157,0
0,0.026470276048069175,1
0,-0.008851483010645644,0
0,0.0030916667211099425,1
0,-0.08947747647189674,0
0,-0.08464301617356962,0
0,-0.06167457249753994,0
0,-0.025739515026996396,0
0,-0.05850776807279673,0
1,-0.01684766364317286,0
0,0.11116238115833188,1
0,-0.05273192036042129,0
0,-0.05298450622760481,0
0,-0.049298180227926036,0
0,-0.05734807458757796,0
1,-0.0009603076715875014,0
0,-0.043976133477208745,0
0,-0.04745972014834571,0
0,0.031598794038452116,1
0,-0.07765348615168782,0
0,-0.09371210320446366,0
1,-0.015666438022868323,0
0,-0.029104040617822735,0
0,-0.053590350860968916,0
0,-0.07502400951845739,0
0,-0.05359169009617876,0
0,-0.07276081359209763,0
0,-0.04985716501529558,0
0,-0.0454967628215554,0
1,-0.05767137306278086,0
0,-0.07584753524522642,0
0,-0.08140620147221489,0
0,-0.05684886833789826,0
0,-0.07396516336014608,0
1,-0.017043261177559443,0
0,0.08045136240568329,1
0,-0.07494651256036028,0
0,-0.08535527355588185,0
0,0.031598794038452116,1
0,-0.03714704318575551,0
0,0.006778481640609013,1
0,0.026470276048069175,1
0,-0.04828946908693166,0
0,-0.08196086517579904,0
0,-0.08939365354369788,0
0,-0.039076908265628485,0
0,-0.06305655604223537,0
0,-0.048506692857229416,0
0,-0.036113944324709546,0
0,0.13847103860860366,1
0,-0.006405062274785933,0
0,-0.08333970654076123,0
0,-0.07857386935886851,0
1,-0.07636564256039968,0
0,-0.07660227117117041,0
0,-0.02430324560099062,0
0,-0.06758101224946411,0
1,-0.02660452362325294,0
0,0.10308688881055217,1
0,-0.05925550973727961,0
0,-0.07888389243659699,0
0,0.006778481640609013,1
1,-0.015962008411279427,0
0,-0.08396748442379448,0
0,-0.053168124141022954,0
0,-0.06262136162693216,0
0,-0.034966960432513405,0
0,0.026470276048069175,1
0,0.035289161509704514,1
0,-0.08240934084884127,0
0,-0.0812536182083528,0
0,0.111414400531199,1
1,0.020075904815632595,1
0,-0.03330512127668378,0
0,-0.0655407649198178,0
1,-0.007425683277582196,0
0,-0.05564928897445903,0
0,-0.05371387052237736,0
0,0.13789532397168736,1
0,-0.07890135477010657,0
0,-0.06549740231147966,0
0,-0.07385286711897576,0
0,-0.03335353285015913,0
0,-0.06567775413296528,0
0,-0.061143083134429566,0
0,-0.05597580129493679,0
0,-0.05131087387542499,0
0,-0.07782386158767024,0
0,-0.07964304218212359,0
1,-0.01876606469855946,0
0,-0.05694393993655322,0
1,-0.02006253071359887,0
0,-0.048024502149537907,0
0,-0.05702987938729043,0
0,0.026470276048069175,1
0,-0.04630734423185856,0
1,-0.006270324465430688,0
0,-0.06126593610180836,0
0,-0.09008727486359297,0
0,-0.021046550337138592,0
0,-0.041439174462646,0
0,-0.015757375410008323,0
0,-0.05321239249191417,0
0,0.2330245054875113,1
1,-0.01636851034352016,0
0,-0.04063950313039688,0
1,-0.009834764484795644,0
0,-0.06974135074524962,0
0,0.11116238115833188,1
0,-0.09453192623657752,0
0,-0.022332238374447255,0
0,-0.07094287367807273,0
0,-0.06698986751123365,0
1,-0.015343559786735572,0
0,-0.06299663819175055,0
0,-0.06226959624654066,0
0,-0.0752527532375239,0
0,-0.06828106245305193,0
1,-0.06237929543482734,0
0,0.1454821840900058,1
0,-0.0717635244686543,0
0,0.0588091508691474,1
0,-0.04230254947912687,0
0,-0.08555961366109521,0
0,0.03258067093117034,1
0,-0.0581887464642315,0
0,-0.049141237326273235,0
0,-0.04035322788991352,0
0,-0.06197603429042381,0
0,-0.05475668798130384,0
1,-0.07934961731196366,0
0,-0.02883480759425655,0
0,0.09943438793460357,1
0,-0.07544243047167648,0
1,-0.01636851034352016,0
0,-0.06382536210558504,0
0,-0.027121657428900936,0
0,-0.053590350860968916,0
0,-0.07477729596437732,0
0,-0.05958254287546172,0
0,-0.0365163682440251,0
0,-0.011132232882268056,0
0,-0.03726364617890471,0
1,-0.01684766364317286,0
0,-0.08966324818424459,0
0,-0.010643991361555083,0
1,-0.020286148782196534,0
0,-0.04842943649286141,0
0,0.06019279084112561,1
0,0.06166880281424125,1
0,-0.07762124489889544,0
1,-0.015359966390029234,0
0,-0.05299618712021725,0
0,-0.07060963497747585,0
0,-0.08493151549206701,0
0,-0.02422048933145704,0
0,-0.06556335493381193,0
1,-0.044189921275270605,0
0,-0.07702140169879707,0
0,-0.05908460131329413,0
1,-0.01670935978797633,0
0,-0.08403591117368464,0
0,-0.03386605201673398,0
0,-0.03389916231295592,0
0,-0.008218255663799079,0
0,-0.049739464315127435,0
0,0.12594821929593436,1
0,-0.04289289224678544,0
0,-0.06546886001857638,0
0,-0.04487759901782973,0
0,-0.03771561541128354,0
1,-0.015359966390029234,0
0,0.03961116273750176,1
0,-0.010778555745959262,0
0,-0.058627281233683104,0
0,-0.04230254947912687,0
0,-0.0920577774652,0
0,-0.03373258271381091,0
0,-0.06770672345608453,0
0,-0.012372111783965078,0
0,-0.06252398547994031,0
0,-0.060980629326287006,0
0,-0.056112679401720045,0
0,-0.08089031338108554,0
0,0.026470276048069175,1
0,-0.07155629291367938,0
0,0.11116238115833188,1
1,-0.01636851034352016,0
0,-0.07313127594775554,0
0,-0.08317837418329266,0
0,-0.035189043894893246,0
0,-0.05556401660019317,0
0,-0.006537730126676522,0
0,-0.06313351622706376,0
1,-0.015359966390029234,0
1,-0.01670935978797633,0
0,-0.028578968053721454,0
0,-0.02059389283181673,0
0,-0.01640122793222898,0
0,-0.01014012763183264,0
0,-0.06894464482408286,0
1,-0.034535702143096814,0
0,-0.023417390288880846,0
0,-0.03937354759259837,0
1,-0.015183828558617052,0
0,-0.024941707346427644,0
0,-0.05068706721629207,0
0,-0.05812619165387278,0
0,-0.04209605502454333,0
0,-0.055463772195188,0
0,-0.07991513045740029,0
0,-0.03665256044837545,0
0,0.2410561483423288,1
1,-0.046034812516718204,0
1,-0.028947516401480022,0
0,-0.07543264048281056,0
0,-0.04357931039631657,0
0,-0.04590502242028277,0
0,-0.032758492121019,0
1,-0.009834764484795644,0
0,-0.04303057535712457,0
0,-0.05823418710901829,0
1,-0.030144876261176345,0
1,-0.015666438022868323,0
0,-0.053827232432672456,0
0,-0.05530482193978592,0
0,-0.0612155468082175,0
0,-0.06580919958691545,0
0,0.23285920601176402,1
0,-0.09754093055456486,0
0,-0.05442329350235292,0
0,-0.03837460343573457,0
0,-0.030653029777008067,0
0,-0.008579351515018818,0
0,-0.07670038653969108,0
0,-0.07438161167060942,0
0,-0.05058831288271953,0
0,-0.052581883100835,0
0,-0.061263644380125715,0
0,-0.06698986751123365,0
0,-0.0673362364258725,0
0,-0.0498810874865937,0
1,-0.01636851034352016,0
0,-0.07016080216482257,0
0,-0.05479861097601896,0
0,0.09943438793460357,1
0,-0.07618865786196544,0
0,-0.06208859835074154,0
0,-0.044009523160332575,0
0,-0.008329191393493529,0
0,-0.07133033790231902,0
0,0.1262938038417123,1
0,-0.09889563491300424,0
0,0.031598794038452116,1
0,-0.0746361398584941,0
0,-0.07864574473559044,0
0,-0.040655388274292215,0
0,-0.04966272810557176,0
0,0.0588091508691474,1
0,-0.05646892032986123,0
0,-0.08923367198201787,0
1,-0.01738808843901385,0
0,-0.04126225152568208,0
0,-0.051093677790880865,0
0,0.006778481640609013,1
0,-0.05372953640022271,0
0,-0.019724311448503618,0
0,-0.08098415780801366,0
0,-0.042191761278873585,0
1,-0.015359966390029234,0
0,-0.08593689882687999,0
1,-0.015666438022868323,0
0,-0.08088744793411334,0
0,-0.08383266479277723,0
0,0.09721126296171889,1
1,-0.018518095911605192,0
0,0.031598794038452116,1
0,-0.07352402183182355,0
1,-0.009834764484795644,0
0,-0.08472483030344141,0
0,-0.08079244177586448,0
0,-0.09613832797380922,0
0,-0.0764374397761613,0
0,-0.06791315206411724,0
1,0.013451931500172876,1
0,-0.03696560301409291,0
0,-0.056058899628394665,0
0,-0.04510201379348877,0
0,-0.05793342354444081,0
0,-0.05468227071453369,0
0,-0.0755192721687663,0
0,-0.07073860698916873,0
0,0.07927326868650297,1
0,0.1262938038417123,1
0,-0.055685020805264884,0
1,-0.017768194614598942,0
0,-0.07881300740412905,0
0,-0.03271492737497855,0
1,0.00034727729939088015,1
0,0.006778481640609013,1
0,0.1454821840900058,1
1,-0.018518095911605192,0
0,-0.07670141335263614,0
0,-0.08118935903041463,0
0,-0.070684940020949,0
0,-0.05919384408640965,0
0,-0.0835917056272279,0
0,-0.0038426346023416325,0
0,-0.06899672975370363,0
0,-0.05568853088202014,0
0,-0.06125837574423121,0
0,-0.04037109860807969,0
1,-0.06441216029581553,0
1,-0.015487024097411095,0
1,-0.016673377391415112,0
1,-0.012906365148818988,0
1,-0.015666438022868323,0
0,-0.026263111838698172,0
0,-0.0757049266968784,0
0,-0.05492456801514184,0
0,-0.062164270422623624,0
0,-0.06367127060154754,0
0,-0.003459495495774456,0
0,-0.058522975481910766,0
1,-0.02006253071359887,0
1,-0.01670935978797633,0
0,0.026173024363517428,1
0,-0.054934280506890365,0
1,-0.01684766364317286,0
1,-0.01876606469855946,0
0,-0.07620918196860843,0
1,-0.013620515427801072,0
0,-0.04341578346726538,0
0,-0.021715524162931266,0
0,-0.047209460755754495,0
0,-0.06669217197854155,0
0,0.0012817680552266175,1
0,-0.006688676463838195,0
0,-0.043329210093869086,0
0,0.16608148388901844,1
0,-0.06090928941440216,0
0,0.006778481640609013,1
0,-0.0571057548863792,0
0,0.11116238115833188,1
0,-0.05783264443122155,0
0,-0.07962294128662462,0
0,-0.08393073994558858,0
0,-0.07391984661510154,0
0,-0.03833686430499589,0
0,-0.07370164490000097,0
0,-0.0038426346023416325,0
0,-0.01575708376922208,0
0,0.11116238115833188,1
0,-0.08212095663389124,0
0,-0.016226332184325343,0
0,-0.033721383272396654,0
0,-0.0528267633898733,0
1,-0.01876606469855946,0
0,-0.07964304218212359,0
0,-0.05669137040806882,0
0,-0.05586484592483276,0
0,-0.0764366124104241,0
0,-0.04585859292601657,0
1,-0.03170796410308341,0
1,-0.008386382462877706,0
0,0.029219394841735746,1
1,-0.015359966390029234,0
0,-0.05165651960955364,0
1,-0.02996839396947476,0
0,-0.06721334449907052,0
0,0.06286848156054325,1
0,-0.08420304230383707,0
0,-0.06229836417513013,0
0,-0.06822577832554239,0
0,0.06888653622197616,1
1,-0.015359966390029234,0
1,-0.019202241582551238,0
0,-0.07439876362165465,0
0,-0.0354146790772899,0
0,-0.06006450495078586,0
0,-0.05968150408641015,0
1,-0.015666438022868323,0
1,-0.015359966390029234,0
0,0.22039986166027337,1
0,-0.0525300734223777,0
0,0.13847103860860366,1
0,-0.0548703966635018,0
0,0.035289161509704514,1
0,-0.05986819995942272,0
0,-0.04711050022455482,0
0,-0.0719456648419387,0
0,0.0588091508691474,1
0,-0.045450737838943656,0
0,-0.04611654388312436,0
0,-0.01458154102928505,0
0,-0.05544220379636561,0
0,-0.054100864864419174,0
1,-0.017768194614598942,0
0,-0.08703803586104147,0
0,-0.05622148319701159,0
0,-0.08586701937742869,0
0,-0.03788300036630532,0
0,-0.07615402488358908,0
0,-0.009254961941991713,0
1,-0.020120122682346975,0
0,-0.09202557860294552,0
0,-0.04761324259504418,0
0,0.06377444353516348,1
0,-0.04308043788002858,0
0,-0.07663073854402208,0
0,-0.023020482004910747,0
0,-0.05877357800693239,0
1,-0.018541179280398,0
0,-0.08196202222132559,0
0,0.0588091508691474,1
0,-0.06783188501581067,0
1,0.003544362561423875,1
0,-0.07119630199302152,0
0,-0.06343419969957587,0
1,-0.033309480697783056,0
1,-0.018518095911605192,0
0,-0.03600895297975698,0
0,-0.0038426346023416325,0
0,-0.08499226867844017,0
0,-0.07591012893868687,0
0,-0.07861831123801122,0
1,-0.07047858982052801,0
0,-0.08698233566302233,0
0,-0.08275002562493189,0
0,-0.011322557013440038,0
0,-0.05313639913688356,0
0,-0.06308322343139605,0
0,-0.08199555701701122,0
0,-0.08038484330464774,0
0,-0.06589403155787626,0
0,-0.029698753986163895,0
1,-0.017768194614598942,0
0,-0.05083788640041925,0
0,-0.05065996738344797,0
1,-0.015343559786735572,0
0,-0.04431872715541113,0
0,-0.03389799533306598,0
0,-0.05421997491770747,0
1,-0.013414130836250093,0
1,-0.015343559786735572,0
0,0.09676411941814367,1
0,-0.0020375172446870926,0
0,-0.07972997765864659,0
1,-0.01670935978797633,0
0,-0.07875212144010812,0
0,-0.04574405230456707,0
0,0.035289161509704514,1
1,0.07160522582600792,1
0,0.04649377570558988,1
0,-0.07025339941052622,0
0,-0.07038084437969688,0
0,-0.07157959181781565,0
0,-0.06733828729278951,0
0,-0.008751027008290002,0
0,-0.04000510893246151,0
0,-0.009003686148367385,0
0,0.10308688881055217,1
0,-0.08012922316180715,0
0,-0.07484849019523787,0
0,-0.06506600591705214,0
0,-0.03173011293132072,0
0,0.006778481640609013,1
1,-0.06867053771663623,0
0,0.0588091508691474,1
0,-0.058847046211324416,0
0,-0.06764224924925932,0
0,-0.015517419875560157,0
0,-0.07326463961276042,0
0,-0.0383308248629855,0
0,-0.08520367949440028,0
0,-0.06562831811160968,0
0,-0.09009261957127435,0
0,-0.058637113670854335,0
0,0.02196104593235093,1
0,-0.07606000919611877,0
0,-0.07853686548236294,0
0,-0.05429968956652226,0
0,-0.06322781258023652,0
0,-0.09760726866086566,0
1,-0.024339378446693483,0
0,-0.028204683299624556,0
0,0.041451446717275076,1
0,-0.06905527194280342,0
0,0.003939179453316455,1
0,-0.08888460235631979,0
0,-0.052576928408059,0
0,-0.004102227299650707,0
1,-0.01876606469855946,0
0,-0.09088472550184701,0
0,-0.009781314358808135,0
0,-0.056568938070602814,0
1,-0.01636851034352016,0
0,0.0588091508691474,1
0,-0.0344243223986892,0
0,0.111414400531199,1
1,-0.015666438022868323,0
0,-0.033721383272396654,0
1,-0.015359966390029234,0
0,-0.0672498217116802,0
0,0.09943438793460357,1
0,0.041451446717275076,1
0,-0.04712565177927491,0
0,-0.05263316803995438,0
0,0.035289161509704514,1
0,-0.04244135320316622,0
0,-0.06378899206572608,0
0,-0.033721383272396654,0
0,-0.04459899200940731,0
0,-0.0393623230849256,0
0,-0.07160474443875764,0
0,-0.10161800633270623,0
0,0.035289161509704514,1
0,0.12594821929593436,1
1,-0.01670935978797633,0
0,-0.05640447059647402,0
0,-0.08066733367774342,0
0,-0.028514947019824766,0
0,-0.021895258393012873,0
0,-0.08577667097496972,0
0,0.035289161509704514,1
0,-0.05563036410097505,0
0,-0.07298655920895886,0
0,-0.0437924311335639,0
0,0.026470276048069175,1
0,-0.052571913010579396,0
0,-0.07320760625950179,0
0,-0.014603644299296281,0
0,-0.022908031621684588,0
0,0.026470276048069175,1
0,-0.07381747396235872,0
0,-0.023555752214859116,0
0,0.006778481640609013,1
0,-0.015185239164542452,0
0,-0.05643335329124394,0
0,-0.04386322348040561,0
0,-0.08261985890472423,0
1,-0.01684766364317286,0
0,-0.014465198215739827,0
0,-0.07880032008273419,0
0,-0.0801740547392975,0
0,0.11116238115833188,1
1,-0.01684766364317286,0
0,-0.04540294193832256,0
0,-0.05869820328949166,0
0,-0.057762027419188955,0
1,-0.018518095911605192,0
1,-0.01684766364317286,0
0,-0.07476005620254916,0
1,-0.011874413339566237,0
0,-0.07423225111241422,0
0,-0.07778139812517021,0
0,-0.01094541069607241,0
0,-0.06252398547994031,0
0,0.11823539363750624,1
0,-0.06980184003411904,0
1,-0.012533536587400418,0
0,-0.07776530868787884,0
0,-0.054734485038930525,0
0,-0.07634220215039522,0
1,-0.01670935978797633,0
0,-0.01765075404741756,0
0,-0.04775214579112347,0
0,-0.04030764156917527,0
0,-0.05869820328949166,0
0,-0.011647863230685451,0
0,-0.0754999775865915,0
0,-0.06864070636925668,0
0,0.1454821840900058,1
0,-0.08107864728077424,0
0,-0.05426802717918622,0
0,-0.07964304218212359,0
0,-0.07924695343210614,0
1,-0.04317726114540471,0
0,-0.02962487761591609,0
0,-0.07836305040920749,0
0,-0.04347395816663463,0
0,0.02196104593235093,1
0,-0.05991578245488749,0
0,-0.06765426667676161,0
0,-0.013825724779806647,0
0,0.0588091508691474,1
0,-0.06965416590535345,0
0,-0.06585319612864327,0
0,-0.06600750226456215,0
0,-0.047609386174305324,0
0,-0.09907956210216512,0
0,-0.07855258531686082,0
0,-0.015283307710460936,0
0,-0.0038426346023416325,0
1,-0.01738808843901385,0
0,-0.018564876081472836,0
0,-0.0038426346023416325,0
0,-0.031889779609336255,0
1,-0.015343559786735572,0
0,-0.05305815593170066,0
1,-0.017768194614598942,0
0,0.07943994935002319,1
0,-0.06397111648611181,0
1,-0.01670935978797633,0
0,-0.08083710767198271,0
1,-0.015359966390029234,0
0,-0.05665383444649491,0
0,0.006778481640609013,1
0,-0.020904490494482786,0
0,-0.07086644730436314,0
0,-0.07043571098008716,0
0,-0.06252398547994031,0
0,0.041451446717275076,1
0,0.04619632667061735,1
0,-0.047077265706900406,0
0,-0.058544754560236945,0
0,-0.07421049566468979,0
0,-0.012607020146511827,0
0,-0.0733230068124559,0
1,-0.02006253071359887,0
0,-0.06165006147008728,0
0,-0.07117425984088777,0
0,-0.08963745580573268,0
0,-0.0811339191324123,0
0,-0.03306664787623009,0
0,-0.04374155563131338,0
0,-0.07160295559145413,0
0,0.041451446717275076,1
0,-0.06385475861084605,0
0,-0.07820452964903712,0
0,0.06002273836257743,1
0,0.16608148388901844,1
1,-0.015962008411279427,0
1,-0.013603213204861575,0
0,-0.05299618712021725,0
0,-0.05385919714037812,0
1,-0.04352388501939558,0
0,-0.06703106077829807,0
0,-0.04996140777676311,0
0,-0.08290133225023827,0
0,-0.08624361020560367,0
0,-0.05655087590026131,0
0,-0.07172408976110878,0
1,-0.017768194614598942,0
0,-0.04266377720616338,0
1,-0.015359966390029234,0
0,-0.05735068823555195,0
0,0.026470276048069175,1
0,-0.08919417301753929,0
1,-0.01670935978797633,0
0,-0.03986497292374097,0
0,-0.07597165978905429,0
0,0.03170236856391795,1
1,-0.015359966390029234,0
0,-0.08584682103055263,0
0,0.1262938038417123,1
0,-0.007429017528235382,0
0,-0.00887550272507348,0
0,-0.08034020851103219,0
0,-0.07856325054179214,0
0,-0.06200752837493961,0
0,-0.06929784358573271,0
0,-0.05822402228572193,0
0,0.09721126296171889,1
0,-0.045890470253224624,0
1,-0.018518095911605192,0
0,-0.07104091887410319,0
0,-0.0742434855359902,0
0,-0.056687880800433965,0
0,-0.04104598054078995,0
0,-0.05432989440890773,0
0,-0.08502004869041851,0
0,-0.06383366320845107,0
0,-0.03339150679649566,0
0,-0.04574405230456707,0
0,-0.0780717475528589,0
0,-0.03522017075816619,0
0,0.035289161509704514,1
0,-0.05723691366131972,0
0,-0.08175221785409459,0
0,-0.06424371967293624,0
1,-0.03794663631904843,0
0,0.035289161509704514,1
0,-0.06697716698301315,0
1,-0.0038225695902316947,0
0,-0.07964304218212359,0
1,-0.015036083260710709,0
1,-0.019202241582551238,0
0,-0.07442636256381313,0
0,-0.042526884587857305,0
0,-0.042939684345194906,0
0,-0.03321835186053518,0
0,-0.07928013644301696,0
0,-0.007351104694365618,0
0,-0.025386367498984652,0
1,-0.01636851034352016,0
0,-0.06534410028573256,0
0,-0.061433917860336584,0
0,-0.08061504205942766,0
0,-0.05968150408641015,0
0,-0.0673253754897255,0
0,-0.05439621948959655,0
0,-0.05859848772799314,0
0,-0.0593120732038927,0
0,-0.005763860600288773,0
0,0.013440773418260332,1
1,-0.0570692729816793,0
0,-0.04530040566019794,0
0,-0.07738822100170872,0
1,-0.01670935978797633,0
0,-0.05701500813306598,0
0,-0.05173622113093562,0
0,-0.07321031230481506,0
0,0.013552771301790667,1
0,-0.08100317737669749,0
0,-0.05934570266709188,0
0,-0.06062507667975875,0
0,-0.06969546845260938,0
0,-0.07073713931862924,0
0,-0.07422310067988969,0
0,0.11116238115833188,1
0,0.12594821929593436,1
0,-0.04767743963294224,0
0,-0.04386322348040561,0
0,-0.023238985426167924,0
0,-0.031457352817978124,0
0,-0.08061348964659798,0
0,-0.02780121502314542,0
1,-0.015487024097411095,0
0,-0.009763820052428929,0
1,-0.017150155755054686,0
0,-0.07902984560889997,0
0,-0.08564036041218892,0
0,0.006778481640609013,1
0,-0.07646081234509022,0
0,-0.07492924085976804,0
0,0.006778481640609013,1
0,-0.07806230731851183,0
0,-0.07939225287470925,0
0,0.09721126296171889,1
0,-0.0445849514646145,0
0,-0.03463106551081735,0
0,-0.04035322788991352,0
1,-0.012533536587400418,0
0,-0.09954336628118149,0
0,-0.03900230242247971,0
1,-0.017043261177559443,0
0,-0.07683388441307648,0
0,-0.01656993277567964,0
0,-0.03964805898152185,0
1,-0.058361328799740875,0
0,-0.052833334188396364,0
0,-0.06759839936320211,0
1,-0.015343559786735572,0
0,-0.04733037643080146,0
0,-0.06062507667975875,0
0,-0.04999627592847822,0
0,-0.058246394463957574,0
1,-0.015343559786735572,0
0,-0.04787498861009554,0
0,-0.07068147177329631,0
1,-0.080647089004796,0
0,-0.07030026349463442,0
1,-0.01670935978797633,0
0,-0.06383366320845107,0
0,-0.05454036429242709,0
0,-0.08249052603635543,0
0,-0.08152810700871876,0
0,0.12594821929593436,1
0,-0.07067725624942972,0
0,0.041451446717275076,1
0,-0.04321892853034365,0
1,-0.07327614284762396,0
1,0.00034727729939088015,1
0,-0.02026501780134421,0
0,-0.0778347482914653,0
0,-0.04300760582587315,0
0,-0.06552055854796845,0
0,-0.06979855164742638,0
1,-0.04961493150892282,0
0,-0.07842137503328966,0
0,-0.025023897229723757,0
0,-0.06989122931170749,0
0,-0.05655087590026131,0
0,-0.0038426346023416325,0
1,-0.017768194614598942,0
0,-0.08490680339275153,0
1,-0.06465039783215287,0
0,-0.07120424603277559,0
1,-0.01792847735131836,0
0,-0.049578882319941286,0
1,-0.040036831291921315,0
0,-0.0784876907291126,0
0,-0.019462688418266316,0
1,-0.015359966390029234,0
1,-0.015666438022868323,0
0,-0.07844171414553874,0
0,-0.07405294194468232,0
0,-0.05694393993655322,0
0,-0.05571472380432291,0
0,-0.08561315612629772,0
0,0.2290927744294824,1
0,-0.016774113376620214,0
0,-0.023770234084623643,0
0,-0.0807098719158087,0
0,-0.06142523464278471,0
1,-0.0190737033677581,0
0,-0.04055883917226627,0
0,0.006778481640609013,1
0,-0.06290418416644461,0
1,-0.058739247637566716,0
0,-0.0873460978022444,0
1,-0.0692746961321013,0
0,0.12594821929593436,1
0,-0.06589403155787626,0
0,-0.03643609945457521,0
0,-0.05570385791531446,0
0,-0.07762728165480176,0
0,-0.04718406228012029,0
1,0.00304077177405071,1
0,-0.07637444424293283,0
1,-0.01684766364317286,0
0,-0.0567822011823656,0
0,-0.07987009717415428,0
0,-0.03738025758292152,0
0,-0.007705221204613477,0
0,0.031598794038452116,1
0,-0.030835307691941483,0
1,-0.01684766364317286,0
0,-0.02286240598438688,0
0,0.026470276048069175,1
0,-0.04845877924430114,0
0,-0.02143654746956064,0
1,-0.01636851034352016,0
0,-0.0045190125264291114,0
0,-0.023440400375354775,0
0,-0.07518346822111766,0
0,-0.07287629804041695,0
0,-0.04492930278346413,0
1,-0.018518095911605192,0
0,0.13789532397168736,1
0,-0.04348846812850443,0
0,-0.0559759731845364,0
0,-0.0038426346023416325,0
0,-0.07482185815348669,0
0,-0.07887574325206476,0
0,-0.07636928465548626,0
0,-0.060039063635117185,0
0,-0.05465626147993369,0
1,-0.007425683277582196,0
1,-0.013414130836250093,0
0,0.0588091508691474,1
0,-0.05045431202669365,0
0,-0.042875567605275444,0
0,-0.045791467121363116,0
0,-0.05570385791531446,0
0,-0.012800961135139344,0
0,-0.09788669810183215,0
0,0.09721126296171889,1
0,-0.07811530228547292,0
0,-0.08075659010284647,0
1,-0.015359966390029234,0
0,0.0588091508691474,1
0,-0.06925374061266149,0
1,-0.015183828558617052,0
0,-0.029260504240819107,0
0,-0.005776546021753481,0
0,-0.06520120877263785,0
0,-0.0856510190632942,0
0,-0.015452337779633285,0
1,-0.036488717482925426,0
0,-0.048417008025975095,0
0,0.035289161509704514,1
0,-0.08098415780801366,0
0,-0.06359219141921996,0
0,-0.020463620226844836,0
1,-0.045198094454144855,0
0,0.11116238115833188,1
1,-0.027041098696269472,0
0,0.035289161509704514,1
0,-0.05800420681212948,0
0,-0.04602830762067839,0
0,-0.06257174870107912,0
0,-0.06781412966966244,0
0,-0.047579569439751,0
0,-0.023308622357920805,0
0,0.0588091508691474,1
1,-0.015487024097411095,0
0,-0.08268338770540107,0
0,-0.07187910012999699,0
0,-0.0669026786361952,0
0,0.08444995673671807,1
0,-0.08165296740464095,0
0,-0.05271257151870323,0
0,-0.05358693650922758,0
0,-0.01122105992526451,0
1,-0.015359966390029234,0
0,-0.07280349410616099,0
1,-0.015359966390029234,0
1,0.041443942738591755,1
0,0.035289161509704514,1
0,-0.07487681606744229,0
0,-0.07870100931050322,0
0,-0.05672139511678931,0
1,-0.01738808843901385,0
0,-0.03976428697364731,0
0,0.111414400531199,1
0,-0.10084800332854704,0
0,-0.042030249285888444,0
0,-0.08241638485784386,0
1,-0.018112772524855603,0
1,-0.05119186444237467,0
0,-0.046520495510069815,0
0,-0.05547125479319098,0
0,-0.042199313894445256,0
1,-0.03851709500405598,0
0,-0.0038426346023416325,0
0,-0.033229768668903925,0
0,-0.06491056749157231,0
0,-0.05082183611853902,0
0,-0.0711187265264745,0
0,-0.06506105882325591,0
0,-0.03400599743790589,0
0,-0.0648563184379583,0
1,-0.015183828558617052,0
0,-0.06589403155787626,0
1,-0.016764872256409713,0
0,-0.06055905052380345,0
0,0.026470276048069175,1
0,-0.03964805898152185,0
1,-0.01876606469855946,0
1,-0.019505963821408123,0
0,0.005173600521940491,1
0,0.006778481640609013,1
0,-0.038857485973139816,0
0,-0.00788991890997992,0
0,-0.082805118493887,0
0,-0.08210302893863008,0
0,-0.04102169024706387,0
0,-0.04123294632249569,0
0,-0.07718166603521054,0
0,-0.04975784715962206,0
0,0.02196104593235093,1
1,-0.01684766364317286,0
0,-0.05454036429242709,0
0,-0.06806438104836932,0
0,-0.07246148408375169,0
0,-0.03564652080473507,0
0,-0.05082183611853902,0
0,0.0588091508691474,1
1,-0.0712328228974991,0
0,0.0588091508691474,1
0,-0.08551528426032395,0
0,-0.05928343468384778,0
0,-0.06650488929130338,0
0,-0.10255028098353902,0
0,-0.08104351926151193,0
1,-0.06355216621033966,0
0,-0.07850305216258335,0
0,-0.06156477280162659,0
1,-0.015666438022868323,0
0,-0.0677462101949231,0
0,-0.05336312870869869,0
0,-0.08556306237431205,0
0,-0.05655412080667038,0
0,-0.044009523160332575,0
0,-0.05620958578122143,0
0,-0.08673189845888962,0
0,-0.03843249779981278,0
1,-0.013414130836250093,0
0,-0.07753055066531361,0
0,-0.05985681141603394,0
0,-0.08552450649710824,0
0,-0.06777542713113,0
0,-0.04889803524703068,0
0,-0.0038426346023416325,0
0,-0.03714704318575551,0
0,-0.07322831700308252,0
0,-0.04029866413238392,0
0,-0.04331279897719115,0
0,0.026470276048069175,1
0,-0.05351667227773249,0
0,-0.05764293960450945,0
0,-0.06056616792387565,0
0,-0.04209605502454333,0
0,-0.059354899092797064,0
0,-0.05358693650922758,0
0,0.11116238115833188,1
1,-0.015343559786735572,0
1,-0.015666438022868323,0
0,0.05183486916521696,1
0,-0.08887162863461878,0
0,-0.042142905235783346,0
0,-0.06217168122012423,0
1,-0.01670935978797633,0
0,-0.06262136162693216,0
0,0.05670249375597014,1
0,-0.0539945125908976,0
0,0.006778481640609013,1
0,-0.08829020832187429,0
0,-0.047801454932795806,0
0,0.0588091508691474,1
0,-0.03229230201212946,0
0,-0.07487463400147504,0
0,-0.08129367159382178,0
0,-0.054833782228698225,0
0,-0.08606805776260856,0
0,-0.012633909326844439,0
1,-0.007425683277582196,0
0,-0.04222781193722036,0
1,-0.015666438022868323,0
0,0.048164047401982546,1
1,-0.015359966390029234,0
1,-0.01670935978797633,0
0,-0.0896708716412607,0
0,-0.05392635422319092,0
0,-0.07364167310494574,0
0,0.10308688881055217,1
1,-0.01636851034352016,0
0,-0.04748289295534347,0
0,-0.05423721225806949,0
1,-0.012906365148818988,0
0,-0.08244306915032112,0
0,-0.04281659109836866,0
1,-0.01636851034352016,0
0,-0.08155325834073207,0
1,-0.018112772524855603,0
0,-0.024940489542493505,0
0,-0.03718263921962356,0
0,-0.07424874563049083,0
0,-0.0606832558837021,0
1,-0.008474185347606578,0
0,-0.06951942498178348,0
0,-0.04449029897416856,0
0,-0.05958254287546172,0
0,0.0044947367702696805,1
0,-0.02113802284479499,0
0,-0.04996140777676311,0
0,-0.06739456342497918,0
0,-0.08689033057845491,0
0,-0.05859848772799314,0
0,-0.04411782645118312,0
0,-0.0038426346023416325,0
0,-0.055907942152411794,0
0,-0.03279737209811756,0
0,0.16608148388901844,1
1,-0.01670935978797633,0
0,-0.05551828035287254,0
0,-0.017151536982719262,0
0,-0.0870940131155622,0
0,-0.02887124166245192,0
0,-0.08818031193816578,0
0,-0.08139602049105477,0
0,-0.04780647518505643,0
1,-0.032794427540491666,0
0,-0.08685104423746715,0
0,-0.08040465427789445,0
0,-0.007020809650967796,0
0,-0.08718581163272182,0
0,-0.0525300734223777,0
0,-0.07259302009481783,0
1,-0.009834764484795644,0
0,-0.06397111648611181,0
0,-0.0406307938481032,0
0,-0.07410361521637765,0
0,-0.05463895037299615,0
0,-0.022662073418163564,0
0,-0.05454036429242709,0
0,-0.05286161977075249,0
1,-0.018518095911605192,0
0,-0.07888407765244698,0
0,-0.07343071440578713,0
0,-0.08019933915699451,0
0,-0.08357076238714123,0
0,0.02196104593235093,1
1,-0.030672889645252277,0
0,-0.06383366320845107,0
0,-0.07704095529587607,0
0,0.12594821929593436,1
0,-0.0841185708743295,0
0,-0.06564737668361736,0
0,0.02354277375335312,1
0,0.12594821929593436,1
0,-0.0495336856464344,0
0,-0.022120034498902208,0
0,-0.06685657524100269,0
0,0.13789532397168736,1
0,-0.08678104986506624,0
0,0.1392963188594466,1
0,-0.07105316441686627,0
0,-0.07427903071276992,0
0,-0.06597316604472453,0
0,-0.06448813487040478,0
0,-0.06579611713118477,0
1,-0.009286668510726237,0
0,-0.07153302391247657,0
1,-0.01876606469855946,0
1,-0.015359966390029234,0
0,-0.04362694238261183,0
0,-0.07263918295069594,0
0,-0.03835281199181023,0
1,-0.019202241582551238,0
0,-0.0725561861891113,0
0,-0.053915529426433295,0
0,-0.04673876646148761,0
1,-0.01876606469855946,0
0,-0.0881334447854854,0
0,0.11116238115833188,1
0,-0.07933374949959648,0
0,-0.10180426445779023,0
0,-0.06284882641435102,0
0,-0.07290749633007665,0
0,-0.05957025316973469,0
0,-0.006870235198603136,0
0,-0.0017974571898746183,0
0,-0.037033224563814304,0
1,-0.012906365148818988,0
0,-0.058896884180175746,0
0,-0.044870819491329206,0
0,-0.0791241857266991,0
1,-0.01738808843901385,0
0,-0.04616832153466266,0
0,-0.013978546913912204,0
0,-0.05365116508036383,0
1,0.003871821354874516,1
0,-0.010549683231573237,0
0,-0.07523724804876142,0
0,-0.08197152318904866,0
0,-0.019016260473734448,0
1,-0.02006253071359887,0
0,0.041451446717275076,1
0,-0.044009523160332575,0
1,-0.04717149295512074,0
1,-0.012533536587400418,0
0,-0.08098415780801366,0
0,-0.07622698837596481,0
0,-0.016919044096248947,0
0,-0.06469576764709212,0
0,-0.018822943467578457,0
1,-0.015183828558617052,0
0,-0.05046886215132351,0
0,-0.028257994689788457,0
0,0.021770259477528198,1
0,-0.08420573720025287,0
0,-0.06676629342853063,0
0,-0.03902468995137942,0
0,-0.05602126839861399,0
1,-0.015359966390029234,0
0,-0.06144895684289342,0
0,-0.05533306820575884,0
0,-0.029819476319784988,0
0,-0.009488044968727183,0
0,-0.07561921361576662,0
1,-0.022868805547420656,0
1,-0.03228058027738678,0
0,0.006778481640609013,1
0,-0.0478137712807043,0
0,-0.07704095529587607,0
0,0.006778481640609013,1
0,-0.08315867573125774,0
1,-0.018112772524855603,0
0,-0.053590350860968916,0
0,-0.039005308883178325,0
0,-0.0038426346023416325,0
0,-0.07176976073148345,0
0,-0.05711658880856285,0
1,-0.011603042728973889,0
0,0.0588091508691474,1
0,-0.07998951146505989,0
1,-0.020120122682346975,0
0,0.007154514150120583,1
0,-0.02729989681313366,0
0,-0.028527995986722454,0
0,-0.058964522945874176,0
0,-0.01920260687943548,0
0,-0.05309698797390344,0
1,-0.012906365148818988,0
0,-0.016186396557739235,0
0,-0.03618041768104985,0
1,-0.015343559786735572,0
0,-0.034182897643735444,0
0,-0.041646803088612905,0
0,-0.037548652110456215,0
0,-0.04664448973059765,0
0,-0.04903954423639373,0
0,-0.042691421462757506,0
0,-0.05921267418881587,0
1,-0.019202241582551238,0
1,-0.03004654680370622,0
1,-0.012138363772458194,0
0,-0.08235522429345832,0
0,-0.03325941845416963,0
0,-0.08598046537134263,0
0,-0.06744730289106182,0
0,-0.07625003906256306,0
0,-0.0752061574012588,0
1,0.00034727729939088015,1
0,0.035289161509704514,1
1,-0.01876606469855946,0
0,-0.03460056499508479,0
0,0.02196104593235093,1
0,-0.07060221433044256,0
1,-0.012533536587400418,0
0,-0.05336932621937801,0
0,-0.05292907620568088,0
0,-0.06661318373649044,0
0,-0.09431997322475039,0
0,-0.03718994404232412,0
0,-0.08762703469418381,0
0,-0.08994273618300258,0
0,-0.07533014667716909,0
0,0.041451446717275076,1
0,0.1262938038417123,1
0,-0.08404984926356324,0
0,-0.0054924346607434504,0
1,-0.01684766364317286,0
0,-0.02438362282029688,0
0,-0.04701436827813621,0
0,-0.04357931039631657,0
0,-0.07022663147095348,0
0,-0.06582009309042913,0
0,-0.056599385819717185,0
0,-0.03696560301409291,0
0,0.0069666460227157945,1
1,-0.03285305609514283,0
0,-0.019615983247287805,0
0,-0.07389742263129978,0
0,-0.07474112806595806,0
1,-0.01670935978797633,0
1,-0.015359966390029234,0
0,-0.049525140502019394,0
1,-0.0622326151850201,0
0,-0.08099976028775974,0
0,-0.07422054923774413,0
0,0.09101051311281538,1
0,-0.03915019723034324,0
1,-0.01684766364317286,0
0,-0.020302930903312644,0
1,-0.015359966390029234,0
0,-0.028155873840431056,0
1,-0.025074701274935884,0
1,-0.02236125297676317,0
0,-0.057703275885757965,0
0,-0.08685775312935184,0
0,-0.06893440995038252,0
0,0.1454821840900058,1
0,-0.05018701796787517,0
0,-0.07601008233423312,0
1,-0.0718969245509149,0
0,-0.05123817638052247,0
0,-0.04611654388312436,0
0,-0.0720309108368909,0
0,-0.08048156940273088,0
0,0.07365521499255134,1
0,0.09721126296171889,1
0,0.21835872012308,1
0,-0.05296317365802883,0
0,-0.06923686569118948,0
0,-0.007999013024308277,0
0,-0.06029050168308919,0
0,-0.06997273977584934,0
1,-0.01684766364317286,0
0,-0.05622148319701159,0
0,-0.10258560357841684,0
0,-0.06792971536330861,0
1,-0.033309480697783056,0
0,-0.038778233134338536,0
0,-0.08122398069833403,0
0,-0.04852651255742346,0
1,-0.014926835742351319,0
0,-0.037823054551241964,0
0,-0.03391531542676873,0
0,-0.06581064355295924,0
0,-0.049460795719534434,0
1,-0.01670935978797633,0
0,-0.020571691708728246,0
0,-0.05248698222479253,0
0,-0.047175350053534015,0
1,-0.019505963821408123,0
0,-0.06682546968843278,0
0,-0.06763228470751109,0
0,0.2410561483423288,1
0,-0.060980629326287006,0
0,-0.02472800842629269,0
0,-0.06917463816710734,0
0,-0.06107009515265904,0
0,-0.07711644771289006,0
0,-0.05544220379636561,0
0,-0.0326889729166035,0
0,-0.08725742490788568,0
0,-0.04280843997846151,0
0,-0.03270213972231628,0
0,-0.06371510012537279,0
0,-0.06506105882325591,0
0,-0.06215502332750289,0
0,-0.08106095108854555,0
1,-0.01876606469855946,0
0,-0.07163671825787876,0
0,-0.05555192112879648,0
0,-0.041401488647526075,0
0,-0.04282714621976075,0
0,-0.06203776559169705,0
1,-0.03179158639504509,0
0,-0.05026654178725626,0
0,-0.05371189242544161,0
0,-0.07584795833356617,0
0,-0.0832322006527112,0
0,-0.07406455488603453,0
0,-0.03509411132414775,0
0,-0.058964522945874176,0
0,-0.022410925089314637,0
0,-0.04797369712604893,0
0,-0.07624476626306187,0
0,-0.05894477938994003,0
0,-0.08830303447813309,0
0,-0.06184862209493219,0
0,-0.07276174578459238,0
0,-0.001304662017497793,0
0,-0.05655087590026131,0
0,-0.06706643609268176,0
0,-0.019268989740049813,0
0,-0.005877989910984871,0
0,-0.07970193707687123,0
0,-0.040015304250836325,0
0,-0.0544965518722782,0
0,-0.07029526158625476,0
0,0.0588091508691474,1
0,-0.04350521150897424,0
0,-0.02100173699315716,0
0,0.2410561483423288,1
0,-0.035722151943501035,0
0,-0.07833844246885491,0
0,-0.06275452613664989,0
0,-0.009374075310836505,0
0,0.08174696833095174,1
0,0.07209061655996685,1
0,-0.01335702552826723,0
1,-0.06861014331149767,0
0,-0.04516386622806129,0
0,-0.025331196805967737,0
1,-0.01876606469855946,0
0,-0.06580919958691545,0
1,0.042256573514236284,1
0,-0.0793615163708638,0
0,-0.04275480626978995,0
0,0.16608148388901844,1
0,-0.030236559580388178,0
0,-0.07455172443989766,0
0,-0.04744812894542111,0
0,-0.053590350860968916,0
1,-0.015183828558617052,0
0,-0.08593426630799061,0
0,-0.0038426346023416325,0
0,-0.07230625129554086,0
0,-0.05648897849462853,0
1,-0.0007858962815558423,0
1,-0.007054779850267978,0
0,-0.09896461196972878,0
0,-0.06508439605096283,0
0,-0.07585984129821294,0
0,0.2410561483423288,1
0,0.1262938038417123,1
0,-0.042789340042521884,0
1,-0.01684766364317286,0
0,-0.04242254873160928,0
0,-0.08474681425440284,0
0,-0.08704948701458054,0
1,-0.015183828558617052,0
0,-0.015050070648463254,0
1,-0.01005214448354319,0
0,-0.07908210106557989,0
0,-0.0038426346023416325,0
0,-0.04646989599652507,0
0,-0.014425064403116139,0
0,-0.05918402920923238,0
0,-0.025287405807527086,0
1,0.00034727729939088015,1
0,-0.012443098013235954,0
1,-0.01738808843901385,0
0,-0.07553089121095158,0
0,-0.014120444274249133,0
1,-0.0008651965727241029,0
0,-0.07725280701912846,0
0,-0.0819539781904639,0
0,-0.06044155465572032,0
0,-0.06607104054629431,0
1,-0.01670935978797633,0
0,-0.07584718310393801,0
0,0.031598794038452116,1
0,-0.018804382606526393,0
0,-0.06666592935020499,0
0,0.0588091508691474,1
0,-0.06935610817091409,0
0,-0.04357931039631657,0
0,-0.07521503132963209,0
0,-0.07497257237091787,0
0,0.026470276048069175,1
0,-0.027157864779038643,0
0,-0.057024531904957876,0
0,-0.05233797448882599,0
0,-0.06899645780591929,0
1,-0.01684766364317286,0
0,0.006778481640609013,1
0,-0.08755058505878488,0
0,-0.08265431898434072,0
0,-0.08309322864018004,0
1,-0.015359966390029234,0
0,-0.03457289271885189,0
0,-0.042554901453724814,0
0,0.0588091508691474,1
0,-0.020357514326106163,0
0,-0.055874729648426325,0
0,0.031598794038452116,1
1,-0.015666438022868323,0
1,-0.01684766364317286,0
0,0.030584213466006815,1
0,-0.05968150408641015,0
0,0.16608148388901844,1
1,-0.01636851034352016,0
0,-0.06520579263179088,0
0,-0.056729351141357354,0
0,-0.06740017164242607,0
0,-0.053915529426433295,0
1,-0.03439735262145549,0
0,0.08018254527682722,1
0,-0.08297292388845501,0
0,-0.08195511288754204,0
0,-0.06056616792387565,0
0,-0.07837904215729186,0
0,-0.0661966442444073,0
0,-0.06235527383079453,0
0,-0.003549952195509909,0
0,-0.08269012021122629,0
0,-0.003063651932700029,0
0,-0.08854204866334914,0
1,-0.06748271728921146,0
1,-0.015359966390029234,0
0,0.08746258278738994,1
0,-0.06895439956610266,0
0,-0.05735371730895039,0
0,-0.02840334029452618,0
0,-0.04553115293296339,0
0,-0.0702414276764114,0
0,-0.04861358520953818,0
0,-0.059354899092797064,0
0,-0.011933080085396064,0
0,-0.05804382027102595,0
1,-0.012533536587400418,0
0,-0.07337388665729455,0
1,-0.01876606469855946,0
0,-0.04495915641002435,0
0,-0.09443132262696569,0
0,-0.053943514374696855,0
1,0.00868210125054425,1
0,-0.03982413342373159,0
0,-0.05233379525942922,0
0,-0.042502850312347684,0
0,-0.08531524642408689,0
0,-0.04985854723700017,0
0,-0.017651397409545633,0
0,0.09943438793460357,1
0,-0.06812078523543086,0
1,-0.027546437047203998,0
0,-0.06208055486790909,0
0,0.035289161509704514,1
0,-0.01655714744841047,0
0,-0.07642169021712536,0
0,-0.06998661998228412,0
0,-0.0808832316732242,0
0,-0.05655412080667038,0
0,-0.07777941318845993,0
1,-0.013414130836250093,0
0,-0.06305290406637637,0
0,-0.028796436912586154,0
0,-0.05071485057574393,0
0,-0.046687401912355375,0
0,-0.06652847211311819,0
0,-0.05541802563186449,0
0,-0.06327469478390702,0
0,0.12594821929593436,1
1,-0.012906365148818988,0
0,-0.06576924849969251,0
0,0.1262938038417123,1
0,-0.06050938689407337,0
1,-0.006270324465430688,0
1,-0.005530666082188218,0
1,-0.015666438022868323,0
1,0.00034727729939088015,1
0,-0.012411718602288346,0
1,-0.012533536587400418,0
0,-0.05806684109304233,0
0,-0.05260278222801318,0
0,0.035289161509704514,1
0,-0.061679939046673016,0
0,-0.04634244467033033,0
0,-0.052988058321930764,0
1,-0.015359966390029234,0
0,-0.06252398547994031,0
0,-0.07827489693293299,0
0,-0.05687545813940936,0
0,-0.08516399374217248,0
0,-0.10301962398945352,0
0,-0.052647780873504024,0
0,0.0947226984640882,1
1,-0.0613401617454048,0
0,-0.05973165375468281,0
1,-0.015487024097411095,0
1,-0.015183828558617052,0
0,-0.05614509836379522,0
0,-0.038219535342699285,0
0,-0.02215885579503435,0
0,-0.05494170735197906,0
0,-0.08598451547701758,0
0,-0.037961696819780066,0
0,0.023356876658057857,1
0,-0.06107009515265904,0
0,-0.06190873733111163,0
0,-0.05803204237903287,0
0,-0.08083277785625781,0
0,0.0069666460227157945,1
0,-0.08552301236778959,0
0,0.0588091508691474,1
0,-0.09036188154688574,0
0,-0.07136312709170206,0
0,-0.053276803613666546,0
0,-0.0873154354630461,0
0,-0.023260210139374626,0
0,-0.05318464601924611,0
0,0.09721126296171889,1
1,-0.08025454563953216,0
0,-0.07498489748869813,0
0,-0.07313532927349337,0
0,-0.046635206785245964,0
0,-0.07364100077735136,0
0,-0.0588164591122628,0
0,0.0575889024742654,1
0,-0.1037633550980942,0
0,0.05767120834992123,1
1,-0.01636851034352016,0
0,-0.08289621517445739,0
1,-0.012138363772458194,0
1,-0.02613668019115578,0
0,-0.07553962333554332,0
0,-0.03836964334869003,0
1,-0.015183828558617052,0
0,-0.09601907744736254,0
0,-0.0007244434825043333,0
0,-0.048362127912783326,0
0,-0.05607595592564946,0
0,-0.08159004031714762,0
1,-0.012533536587400418,0
1,-0.01684766364317286,0
0,-0.00979610096561434,0
0,-0.05432989440890773,0
1,-0.012533536587400418,0
0,0.047474931144617094,1
0,-0.08440553047688187,0
0,-0.0556763693595031,0
0,-0.06207365986382968,0
0,-0.011225773759321378,0
0,0.10825522983940372,1
0,-0.1023123664354541,0
0,-0.01891727543183297,0
0,-0.05335259299343881,0
0,-0.07040456350146101,0
0,-0.051467383300919045,0
0,0.10308688881055217,1
0,-0.009824508004260324,0
0,-0.04633483997634685,0
0,-0.06394111337314362,0
0,-0.07803262575086833,0
0,-0.06201131544181643,0
0,-0.04328327231094131,0
1,-0.018518095911605192,0
1,-0.038088266696260586,0
0,-0.05339157394555988,0
0,0.026470276048069175,1
0,-0.031796892406590394,0
0,-0.03571391534924723,0
0,-0.0833186967335025,0
0,-0.08806248908989672,0
0,-0.0793433126034146,0
1,-0.01670935978797633,0
0,-0.08057403572537819,0
0,0.21852074895325735,1
0,0.1387590907459595,1
0,-0.007297857656778872,0
0,-0.07789778560387622,0
0,-0.06383366320845107,0
0,-0.05614509836379522,0
0,-0.09255960214041647,0
0,-0.033721383272396654,0
1,-0.01636851034352016,0
1,-0.03253825039590086,0
0,-0.0962372311068237,0
0,0.008418598594829074,1
0,-0.0655586753467216,0
0,-0.016721270696357426,0
0,-0.054167502736082174,0
0,-0.05544220379636561,0
0,-0.0655354935229081,0
0,-0.07081264586402747,0
1,-0.01670935978797633,0
0,-0.060955491285814845,0
0,-0.04138281131513266,0
0,-0.039886374092181265,0
0,-0.07871406486596538,0
0,-0.058297213521309454,0
0,-0.07203280640816545,0
0,-0.08454663863176426,0
0,0.0588091508691474,1
0,-0.042382535171812064,0
0,-0.0843765011836613,0
0,-0.05645409972383253,0
0,-0.05123526880407647,0
0,-0.07700443454636996,0
0,-0.07850112648360419,0
0,0.0777551434880106,1
0,-0.10008055991705034,0
1,-0.012906365148818988,0
0,-0.044009523160332575,0
0,-0.07730142199057971,0
0,-0.05725467249313321,0
0,-0.05806842412078339,0
0,-0.08092370010564837,0
0,-0.07865878181517089,0
0,-0.04619009237403554,0
0,-0.0038426346023416325,0
0,-0.04631512860945741,0
1,-0.06455940984362185,0
0,-0.09016251208637516,0
0,-0.05534193191597031,0
1,-0.015359966390029234,0
1,-0.019202241582551238,0
0,-0.06289754076329657,0
0,-0.05649937494659346,0
1,-0.0008651965727241029,0
0,-0.07934566317978525,0
1,-0.01876606469855946,0
0,-0.06931738351181016,0
0,-0.0769744848898758,0
1,-0.015343559786735572,0
0,0.02196104593235093,1
0,-0.01895395096786906,0
1,-0.015359966390029234,0
0,0.0020276545722153205,1
1,-0.012533536587400418,0
0,-0.08123970430702848,0
0,-0.037622271655827266,0
0,-0.05371189242544161,0
1,-0.013532045090530076,0
0,0.0588091508691474,1
0,-0.06456122815780385,0
1,-0.042070356772417605,0
0,-0.07748462976957926,0
1,-0.014163691032909986,0
0,-0.03798051609756792,0
0,-0.036150072777339115,0
1,-0.01876606469855946,0
0,-0.05707137024747827,0
0,-0.042043539801610186,0
0,-0.06025615982466859,0
0,-0.05919384408640965,0
1,-0.01670935978797633,0
0,-0.08116557688317572,0
0,-0.06464521495953657,0
0,-0.05237003533583556,0
0,-0.08660424667730116,0
0,0.035289161509704514,1
0,-0.02139585910813052,0
0,-0.012412177800804114,0
0,-0.06056616792387565,0
0,-0.07316952187579112,0
1,-0.03619334074571984,0
1,-0.01876606469855946,0
0,-0.03425401072435025,0
0,-0.05335259299343881,0
0,-0.08615743021221528,0
0,-0.0535920134328679,0
0,-0.05918402920923238,0
0,-0.04304897627915544,0
0,0.02851026588309402,1
0,-0.024901027405423826,0
0,0.026470276048069175,1
0,-0.06646254383385836,0
0,-0.0038426346023416325,0
0,0.031598794038452116,1
0,-0.07355363354483357,0
0,-0.07617815972479164,0
0,-0.02014025716626877,0
1,-0.017768194614598942,0
0,-0.03446394724086582,0
0,-0.08107864728077424,0
1,-0.013414130836250093,0
0,-0.0860891701734765,0
0,-0.03868063124726995,0
0,0.006778481640609013,1
0,-0.0653382675466031,0
0,0.16608148388901844,1
0,-0.06496295651606127,0
0,-0.024631606564713526,0
0,0.1262938038417123,1
1,-0.015183828558617052,0
0,-0.09059162899088963,0
0,-0.06204266657784574,0
0,-0.0038426346023416325,0
0,-0.04608762385940496,0
0,-0.06750387039303424,0
0,-0.04925028612728527,0
0,-0.05052432359347231,0
0,-0.06453960699661432,0
0,0.031598794038452116,1
1,-0.015359966390029234,0
0,-0.04432536835609929,0
0,0.21835872012308,1
1,-0.02062002895601006,0
0,-0.0681597237953755,0
0,-0.06262136162693216,0
0,-0.07620161443898749,0
0,-0.07839432146912112,0
0,-0.043098577893308454,0
0,0.09721126296171889,1
0,-0.07580507827752059,0
0,-0.07034938610186886,0
0,-0.0794947504896178,0
1,-0.019202241582551238,0
0,-0.08089581625865899,0
0,-0.033148219836919124,0
0,0.21755766495148166,1
0,-0.07841228343570078,0
0,-0.05051803978014929,0
0,-0.07977094681571817,0
0,-0.0043694438347062214,0
1,-0.06448611082672928,0
0,0.007202597776168607,1
0,-0.09742491409251902,0
0,-0.00702834163805216,0
0,-0.05655087590026131,0
0,-0.0038426346023416325,0
0,-0.050926745460825484,0
0,-0.07854819292260284,0
0,-0.014261974722054982,0
0,-0.0024763927894719817,0
0,-0.08110790456293143,0
1,-0.015359966390029234,0
0,-0.07050867942179123,0
1,-0.01738808843901385,0
0,-0.07466703374773642,0
0,-0.009768712752608322,0
0,-0.058246394463957574,0
0,-0.08310000763807235,0
0,-0.07901471763916529,0
0,-0.07469483261965881,0
0,-0.08083710767198271,0
0,-0.0604939975961819,0
0,-0.0650501743745811,0
1,-0.015359966390029234,0
0,-0.09006894118102926,0
0,-0.04825806004688321,0
0,-0.04574405230456707,0
0,-0.05788430948126283,0
0,-0.052065982696790636,0
0,-0.02177457321253179,0
0,-0.05334649501628247,0
0,-0.05694393993655322,0
0,-0.05541802563186449,0
0,-0.0676775969656424,0
0,-0.09232598633887124,0
0,-0.05284674835863984,0
0,-0.05128797922853462,0
0,-0.04561414916059692,0
0,-0.08364823767906915,0
0,0.12053314670872894,1
0,-0.06343419969957587,0
1,-0.012906365148818988,0
0,-0.011938524526613037,0
0,-0.05264987426079143,0
0,-0.05233797448882599,0
0,-0.05455895158590368,0
1,-0.015591189785313042,0
0,-0.015953845297969782,0
0,-0.060955491285814845,0
0,-0.07209874716473386,0
0,-0.0878454812130921,0
0,-0.025769895808707977,0
0,0.08432942586760983,1
0,-0.06252398547994031,0
0,-0.07090921560879737,0
0,-0.05319707823879777,0
0,-0.05432989440890773,0
0,-0.020011305760064657,0
0,0.0588091508691474,1
0,-0.07141042435409445,0
0,0.111414400531199,1
1,-0.013414130836250093,0
0,-0.060873211233005264,0
0,-0.015140990922199948,0
0,-0.01757487825281112,0
0,-0.04089415777358507,0
0,-0.08712307410716297,0
0,-0.03227238649302583,0
0,-0.08747662080021495,0
1,-0.09073696267627407,0
0,-0.04817222952213229,0
0,0.031598794038452116,1
0,-0.04616832153466266,0
0,-0.0771269433316486,0
0,-0.06356076199204952,0
0,0.111414400531199,1
0,-0.04990517946712453,0
0,-0.05617976909431449,0
0,-0.061072436774307126,0
1,-0.03476438061771031,0
0,-0.054478534203052986,0
0,-0.021878953833886827,0
0,-0.013834816268045835,0
0,0.006701452566009403,1
0,-0.09287464629060704,0
1,-0.015359966390029234,0
1,-0.01670935978797633,0
0,-0.02715328183484267,0
1,-0.015666438022868323,0
0,0.12594821929593436,1
1,-0.047799892646602116,0
0,-0.009679133178356891,0
0,-0.059865343442581154,0
0,0.13789532397168736,1
0,0.05990424726079191,1
0,-0.07853595119489742,0
0,-0.055463688619176776,0
0,-0.08455213421882041,0
1,-0.03857208340986418,0
0,0.0588091508691474,1
1,-0.009717352355753495,0
0,0.16608148388901844,1
0,0.16608148388901844,1
1,-0.04249261265644022,0
0,-0.06243044158841066,0
0,-0.03531075537288497,0
1,-0.047799892646602116,0
1,0.05180282067823949,1
0,-0.08271206097811962,0
0,-0.06254660456242672,0
0,0.02196104593235093,1
1,-0.01684766364317286,0
0,-0.05467039885369801,0
0,-0.011955791031172447,0
0,-0.06546068527902643,0
0,-0.07271624281632144,0
0,-0.04575717001888974,0
1,-0.01670935978797633,0
0,-0.08167512313315684,0
0,-0.0746902687836789,0
0,-0.06799671909287724,0
0,-0.039973971968577326,0
0,0.026470276048069175,1
0,-0.0827491607384111,0
0,-0.0827503447028689,0
0,-0.05655412080667027,0
0,-0.06619915971091961,0
0,-0.06921324126940048,0
0,-0.07861559723658829,0
1,-0.018518095911605192,0
0,-0.024437933374093557,0
0,0.035289161509704514,1
0,-0.059613698080160316,0
1,-0.07237865155692852,0
0,-0.09962138107584301,0
0,-0.08606499136578277,0
0,-0.051077912727061914,0
1,-0.01636851034352016,0
0,-0.0033829246138581404,0
0,-0.013959856399511195,0
0,-0.08075659010284647,0
0,-0.024465568230724766,0
0,0.035289161509704514,1
1,-0.0530124977663286,0
0,-0.0038426346023416325,0
1,-0.03598450629799771,0
0,-0.06807356140831244,0
0,-0.08428368787126939,0
0,0.006778481640609013,1
0,-0.02255056090330443,0
0,-0.047227776458299786,0
0,-0.06580919958691545,0
1,-0.01876606469855946,0
0,-0.06591126513672546,0
0,-0.06335866512544991,0
0,-0.08811888802845841,0
1,-0.02006253071359887,0
0,-0.0781437592481084,0
1,-0.01636851034352016,0
0,-0.08262574568989184,0
0,-0.052738069839798674,0
0,-0.042138245329602364,0
0,-0.05106073264502836,0
0,-0.07707563392291156,0
0,-0.08215967536283386,0
0,-0.04049485474656428,0
0,-0.047175350053534015,0
1,-0.010262749687056205,0
1,-0.015666438022868323,0
0,0.16608148388901844,1
0,-0.009532188739785619,0
1,-0.041262910231431305,0
0,-0.05859848772799314,0
0,-0.0038426346023416325,0
0,-0.04684097838444462,0
0,-0.10304018268726356,0
0,0.056061366602688234,1
0,-0.06193521782576705,0
0,-0.057364151130540275,0
0,0.026470276048069175,1
0,-0.014204432008022627,0
0,-0.053618244554898775,0
0,-0.050165757802494104,0
0,-0.033465085966426944,0
0,-0.08262860107283904,0
0,-0.06056616792387565,0
0,-0.04406358724573195,0
0,-0.0038426346023416325,0
0,0.1262938038417123,1
0,-0.042526884587857305,0
0,0.026470276048069175,1
0,-0.10125510468059162,0
0,-0.08769040434661934,0
1,-0.022868805547420656,0
1,-0.06729434511964616,0
0,0.11116238115833188,1
0,-0.0017586374544742434,0
0,0.02196104593235093,1
1,-0.01738808843901385,0
0,-0.011689257450789359,0
0,0.111414400531199,1
0,-0.05761342390421231,0
0,-0.07112797040928104,0
0,-0.0559759731845364,0
0,-0.07901964900300085,0
0,-0.08817999411278499,0
0,-0.09300922275641188,0
0,0.02196104593235093,1
0,0.006778481640609013,1
0,-0.05374124613400161,0
0,-0.004323335793600724,0
0,-0.08337273066862522,0
0,0.06619094870036757,1
0,-0.07382369732393557,0
1,0.0014466353345249372,1
1,0.04922486727731723,1
0,-0.08236766710638671,0
0,0.0588091508691474,1
0,-0.04838658707584126,0
1,-0.015442188178504457,0
0,-0.039610346587271195,0
0,-0.029309008206891807,0
0,-0.06760609012631552,0
0,-0.06733202398349125,0
0,0.1262938038417123,1
0,-0.05745321901615802,0
0,-0.08233543093379148,0
1,-0.06001422470437029,0
0,-0.04999781302672118,0
0,-0.0828644777487414,0
0,-0.0762056207320328,0
0,-0.08105236993196663,0
1,-0.04549292528140192,0
0,0.006778481640609013,1
0,-0.0770004425107283,0
0,-0.07801253960794186,0
1,-0.015487024097411095,0
0,0.13789532397168736,1
0,-0.08024169055182206,0
0,-0.058104747729051,0
0,-0.06747854448438662,0
0,-0.07883512287421968,0
0,-0.076768487262934,0
0,-0.05239115060580474,0
0,-0.06686244773773925,0
0,-0.054524235984014624,0
0,-0.05783264443122155,0
0,0.052821673965783744,1
1,-0.018518095911605192,0
0,-0.06453628505373238,0
0,-0.07510207171221212,0
0,-0.06342148685819915,0
1,-0.017768194614598942,0
1,-0.01738808843901385,0
0,-0.04022614794578844,0
0,-0.04856007908142779,0
0,0.035289161509704514,1
0,-0.0651952063971794,0
0,-0.055357232834057246,0
0,-0.07285242020815841,0
1,-0.01684766364317286,0
0,-0.052865701512709695,0
0,-0.04340224718977087,0
0,-0.051889250070659365,0
0,-0.07548928835310054,0
0,-0.06745337708346455,0
0,-0.016939163308455185,0
0,0.0588091508691474,1
0,-0.07624432838533152,0
0,-0.0637156535332774,0
0,-0.05465626147993369,0
0,0.09721126296171889,1
0,-0.07351315379331769,0
0,-0.05299618712021725,0
0,-0.0548323589627463,0
1,-0.01684766364317286,0
0,-0.05864044148995334,0
0,0.0588091508691474,1
0,-0.08547707889101958,0
0,0.09721126296171889,1
1,-0.014926835742351319,0
0,-0.07976685695107677,0
1,-0.05957347714458866,0
0,-0.07798383630476852,0
1,-0.019202241582551238,0
0,-0.07194550790228321,0
1,-0.017768194614598942,0
0,-0.01631194719724005,0
0,-0.05556401660019317,0
1,-0.015666438022868323,0
1,-0.02006253071359887,0
0,-0.07201058641666996,0
1,-0.020120122682346975,0
0,-0.04283026007428109,0
0,-0.06252911498618513,0
1,-0.01684766364317286,0
0,-0.007929098712089355,0
0,-0.057812838871168226,0
0,-0.05010048737606404,0
1,-0.08133474355681442,0
0,0.026470276048069175,1
0,0.08126238935741403,1
0,-0.07728080430317946,0
1,-0.07493972929047327,0
0,-0.05250919466977044,0
0,-0.05121684128131776,0
0,-0.0038426346023416325,0
1,-0.016604910543930096,0
0,-0.053915529426433295,0
0,-0.038430360259038565,0
0,-0.0737381331797281,0
0,-0.058770871075015774,0
0,-0.05819465962712517,0
0,-0.058096508911468836,0
0,-0.07670888369487455,0
0,-0.07458649178741639,0
0,-0.05049939419611155,0
0,0.10308688881055217,1
1,-0.01636851034352016,0
1,-0.025117788842114963,0
0,-0.03380603937566812,0
0,-0.0559759731845364,0
0,0.024979432794092205,1
0,-0.02059389283181673,0
0,-0.06194471842894883,0
0,-0.05120011883096287,0
0,-0.05820672268692256,0
0,-0.05919384408640965,0
0,-0.07370636549175952,0
0,-0.02134934649779968,0
0,-0.05244807315484423,0
0,0.13818311637003922,1
0,-0.04616875575570778,0
0,-0.07338376510498795,0
0,-0.08290040290229944,0
1,-0.039181418748485464,0
0,-0.05476150767515142,0
0,-0.06194388345958718,0
0,-0.06574532465177685,0
0,-0.07464009773843644,0
0,-0.05908460131329413,0
1,-0.015359966390029234,0
0,-0.06062507667975875,0
0,-0.055463688619176776,0
0,-0.06184377143403891,0
0,-0.07862290241420994,0
0,-0.06172575147786591,0
0,-0.039411400102927596,0
1,-0.07056670294094974,0
0,-0.013081705001900978,0
0,-0.08847196668607255,0
0,-0.07727535921947748,0
0,-0.0038426346023416325,0
0,-0.06209110132404422,0
0,0.006778481640609013,1
0,-0.07175603077827869,0
0,-0.05981266576395883,0
0,-0.006924423068531138,0
0,0.07678464977571176,1
0,-0.06156477280162659,0
1,-0.015359966390029234,0
0,-0.08061348964659798,0
0,0.13381750445632845,1
0,-0.08164468389435303,0
0,-0.05758637782094461,0
0,-0.0826170829908981,0
0,-0.06301430537601765,0
0,-0.07877463190512157,0
0,-0.013410234528609177,0
0,-0.07754017635303917,0
0,0.0028554967346647864,1
0,-0.006604234703470435,0
0,-0.05620958578122143,0
0,-0.005268242578187032,0
0,-0.01592854493892054,0
0,-0.0038426346023416325,0
0,-0.020748969965937503,0
0,-0.04402870604444503,0
0,-0.026020724157565178,0
0,-0.056830951327153933,0
0,-0.06658441356132044,0
0,-0.024315673074569,0
1,-0.015359966390029234,0
0,-0.05746396699374445,0
0,-0.037427894614656954,0
1,0.015922410290852396,1
0,-0.0890155729926399,0
0,-0.041446233022350065,0
0,-0.07318868942170748,0
1,-0.022868805547420656,0
0,-0.05010048737606404,0
0,0.0588091508691474,1
0,-0.07666751050588988,0
0,-0.0897865313401065,0
0,-0.08107864728077424,0
1,-0.007425683277582196,0
0,-0.05458778611430143,0
0,-0.05908697106358274,0
0,0.031598794038452116,1
0,-0.013045246201917826,0
0,-0.043638644620520695,0
0,-0.05819465962712517,0
0,-0.07584140295867214,0
0,-0.07718160432243454,0
0,-0.047991191009697676,0
0,-0.06065058586984601,0
0,-0.04359674728114049,0
1,-0.06911303317390277,0
1,-0.013414130836250093,0
0,-0.058026525158225484,0
0,-0.034628280125859445,0
0,-0.06629662999278668,0
0,-0.07018376721060243,0
1,-0.01684766364317286,0
0,-0.05558524767657136,0
0,-0.0038426346023416325,0
0,0.006778481640609013,1
0,-0.007879878109814886,0
0,-0.08874888378273543,0
0,-0.05811680935456809,0
0,-0.024166543570096843,0
0,-0.07859238279818775,0
0,-0.02616329294134423,0
0,-0.06870260214354873,0
1,0.007346402899480964,1
0,-0.06172858905898182,0
0,-0.03210124481078275,0
0,-0.05673394961714279,0
0,-0.05617976909431449,0
0,0.013552771301790667,1
0,-0.006484725510748635,0
0,-0.06056616792387565,0
0,-0.03631333720786928,0
0,-0.07033511912050477,0
0,0.23335521629939082,1
1,-0.0005797756724835179,0
0,0.026470276048069175,1
0,-0.0847046115259949,0
0,-0.009122251712225582,0
1,-0.01636851034352016,0
0,-0.024579897503828052,0
0,-0.08058680537852475,0
1,-0.015183828558617052,0
1,-0.01636851034352016,0
0,-0.0510751286888822,0
0,0.026470276048069175,1
0,-0.04735763333576726,0
1,-0.015359966390029234,0
0,0.09943438793460357,1
0,-0.01224943544591195,0
0,-0.07264686034794182,0
1,0.00034727729939088015,1
1,-0.06352891425481916,0
0,-0.06100116307436382,0
0,-0.08120443200954641,0
0,-0.0662994807103221,0
0,-0.061941285333841356,0
0,-0.06992481464876521,0
0,0.0820400611253409,1
0,-0.05650450287084591,0
0,0.006778481640609013,1
0,-0.07630731600913104,0
0,-0.066591311752008,0
0,-0.05888244736915732,0
1,-0.029052784929311015,0
0,-0.0455152738413519,0
0,-0.09345441828794798,0
0,-0.07862822751441972,0
1,-0.013414130836250093,0
0,0.026470276048069175,1
1,-0.015359966390029234,0
1,-0.03224930757860972,0
0,-0.06353608062992855,0
0,0.11823539363750624,1
0,-0.05958254287546172,0
0,-0.06252398547994031,0
0,-0.05996129342241813,0
0,-0.05732971211489801,0
0,-0.06350629080239178,0
0,-0.07809473069637995,0
0,0.10308688881055217,1
0,-0.08040465427789445,0
1,-0.008676219798128493,0
0,-0.023022290419943803,0
0,-0.05263896523563644,0
0,0.011195733089003568,1
0,-0.007856803503417165,0
0,0.013552771301790667,1
1,-0.015359966390029234,0
0,-0.05787728737575659,0
0,0.006778481640609013,1
0,-0.05869820328949166,0
1,-0.01670935978797633,0
0,-0.0973505969830254,0
0,0.12594821929593436,1
1,-0.018518095911605192,0
1,-0.015183828558617052,0
0,-0.08809430959901693,0
0,-0.05497129783105431,0
0,-0.05365116508036383,0
0,0.09721126296171889,1
0,-0.02138681832102063,0
0,-0.07981660442365496,0
1,-0.053411096045292594,0
0,0.05424584937961141,1
0,-0.08265442778511256,0
0,-0.07142099181139594,0
0,-0.06600754148409799,0
0,-0.043638644620520695,0
0,-0.04198489529990068,0
0,-0.08996892104491339,0
0,-0.0790241965388625,0
0,-0.08001876737141855,0
1,-0.06836846893846521,0
0,-0.08018383436889504,0
1,-0.01536220802121091,0
0,0.006778481640609013,1
0,-0.07830025523990064,0
0,0.09249729529693906,1
0,-0.053556500665532414,0
0,-0.042299250535649036,0
0,-0.057364151130540275,0
1,-0.01636851034352016,0
1,-0.05552398331982117,0
0,-0.04348846812850443,0
0,0.026470276048069175,1
0,-0.04755060741332745,0
0,-0.05845735265121882,0
0,-0.015210203502413089,0
0,0.02196104593235093,1
0,-0.06730732333403211,0
0,-0.02756206590075777,0
0,-0.06682546968843278,0
0,-0.037612544825619765,0
0,-0.07807036485601643,0
1,-0.050460104404505546,0
0,-0.06713033141264957,0
0,-0.08982842860729479,0
0,-0.06547289353146418,0
0,-0.07646481479756562,0
1,0.014917269823240042,1
0,-0.049937299619336184,0
0,-0.08138406022518174,0
0,-0.07623302744269156,0
0,0.01360955061204483,1
0,-0.04238446160130954,0
0,-0.04476276095772197,0
1,-0.015359966390029234,0
0,-0.059425615506299656,0
1,-0.01684766364317286,0
0,0.02196104593235093,1
0,-0.08949720431323388,0
0,-0.07312941232106651,0
0,-0.06520120877263785,0
0,0.007409979375402442,1
0,-0.08018730182130701,0
0,-0.019113272177228136,0
0,0.061299659704597165,1
0,0.1454821840900058,1
0,-0.07397302854992527,0
0,0.11116238115833188,1
0,0.028480047510561657,1
0,-0.055708763578717846,0
0,-0.08075659010284647,0
0,0.060854604429185,1
0,-0.06802475606645414,0
0,-0.030771090792310163,0
1,-0.01684766364317286,0
0,-0.07164657211853681,0
0,-0.03380767284427405,0
1,-0.04599533304181108,0
0,-0.05614509836379522,0
0,-0.07583020489405085,0
0,-0.02461433984646233,0
0,-0.0321107925038685,0
0,-0.07888389243659699,0
0,0.029960792027887484,1
0,-0.061111151185121004,0
0,-0.04834086650261904,0
0,0.013552771301790667,1
0,-0.07265564431188748,0
1,-0.019505963821408123,0
0,0.16608148388901844,1
0,-0.0982459325022832,0
0,-0.0737543539531742,0
1,-0.012339870853616375,0
1,0.010992656777110144,1
0,-0.07615668583711771,0
0,-0.05044731309610234,0
0,-0.044553782654678464,0
0,-0.056768905894167665,0
0,-0.06682546968843278,0
1,-0.01636851034352016,0
0,-0.05299618712021725,0
0,-0.04519784625458456,0
0,-0.0358671712358522,0
1,-0.01684766364317286,0
0,-0.05218381808485084,0
0,-0.06546068527902643,0
1,-0.015359966390029234,0
1,-0.04258844320427957,0
1,-0.015359966390029234,0
1,-0.05695387133387808,0
0,-0.06450195574445167,0
0,-0.08048690319624269,0
0,-0.07216030920324668,0
0,-0.07709276331397502,0
0,-0.055685020805264884,0
0,-0.02019139139893117,0
0,-0.05363479312580072,0
1,-0.012906365148818988,0
0,-0.05371189242544161,0
0,-0.05865520730701318,0
1,-0.017768194614598942,0
0,-0.05948320486595671,0
0,-0.039886374092181265,0
0,-0.05238576340384826,0
1,-0.011536587466991821,0
0,-0.08243478951673922,0
0,-0.08063124253301379,0
0,-0.03828726967392465,0
1,-0.01670935978797633,0
0,-0.013747237367147058,0
0,-0.06864114188477827,0
0,-0.07635895433630152,0
0,-0.07786376573600928,0
0,-0.07463531050527572,0
0,-0.06520120877263785,0
0,-0.06599204260545566,0
0,-0.03696560301409291,0
0,-0.07174620732079517,0
0,-0.053607454916974495,0
0,-0.022291268450362556,0
0,-0.07510224630625606,0
0,0.047350765236601866,1
1,-0.012906365148818988,0
0,-0.05583680750326658,0
1,-0.014926835742351319,0
0,-0.08941240190534311,0
0,0.1454821840900058,1
0,-0.033721383272396654,0
0,-0.0683918111345811,0
0,-0.01398105275807826,0
0,-0.06038796482069603,0
1,-0.019505963821408123,0
0,0.16608148388901844,1
1,-0.01636851034352016,0
1,-0.07333120202801252,0
0,-0.057468197606107774,0
1,-0.01636851034352016,0
0,0.035289161509704514,1
0,0.03143891454135095,1
0,-0.09181205865964215,0
0,0.09943438793460357,1
0,-0.04410820095881812,0
0,-0.06156477280162659,0
0,-0.027696318910509388,0
1,-0.07230011220239696,0
0,-0.08296655072909287,0
0,0.11116238115833188,1
0,-0.04423911222225707,0
1,-0.057215110059588736,0
0,-0.008619357265990502,0
1,-0.014592810365958164,0
0,-0.06947196104612446,0
0,-0.0865731239212536,0
0,-0.0038426346023416325,0
0,-0.06454930435428158,0
1,-0.080726673190878,0
0,-0.061480330061057686,0
0,-0.05806188001856344,0
0,-0.08484619538508664,0
0,-0.06920707032301587,0
0,-0.015074782063696113,0
0,-0.054760498811987746,0
1,-0.012906365148818988,0
1,-0.033794475370310384,0
0,-0.09364227658415675,0
0,-0.05643335329124394,0
0,0.13789532397168736,1
0,0.035289161509704514,1
0,-0.06609665300828388,0
0,-0.07524147800048175,0
0,-0.04768500145060073,0
0,-0.0785005053803493,0
0,-0.041846231356212515,0
0,-0.035738460959493346,0
0,-0.08431366437230464,0
0,0.12594821929593436,1
0,0.026470276048069175,1
0,-0.006121909500072131,0
1,-0.013414130836250093,0
1,-0.018518095911605192,0
0,-0.03879737351851409,0
0,-0.047581586839398005,0
0,-0.07676459418533055,0
1,-0.08136350087048272,0
0,0.0588091508691474,1
1,-0.017768194614598942,0
0,-0.0038426346023416325,0
0,-0.08121194437685203,0
0,-0.0182685917001158,0
0,0.1454821840900058,1
1,-0.05322866763835954,0
0,-0.05426802717918622,0
0,-0.03509645368711073,0
0,-0.07639053382902777,0
1,-0.015359966390029234,0
0,-0.07919326882852062,0
0,-0.02869222218031614,0
0,0.1454821840900058,1
0,-0.0815697175309183,0
0,-0.06814234701560062,0
0,-0.053590350860968916,0
1,-0.017768194614598942,0
0,-0.044326179243341535,0
1,-0.015343559786735572,0
0,-0.08204535894003268,0
0,-0.06062507667975875,0
0,-0.07596199540771215,0
1,-0.018518095911605192,0
0,-0.03303068219189775,0
0,-0.0882731786541206,0
0,-0.08761937877650877,0
0,-0.03870610887540604,0
0,-0.04299597142723066,0
0,-0.034919468496366235,0
1,-0.01684766364317286,0
1,-0.015666438022868323,0
0,-0.005153253497208965,0
0,-0.05622148319701159,0
0,-0.0827156310383178,0
0,0.026470276048069175,1
0,-0.05554245306511679,0
0,-0.06589403155787626,0
0,-0.08272559079031577,0
0,0.09721126296171889,1
0,-0.076390763833455,0
1,-0.023677974559904613,0
0,-0.07764744509642335,0
0,-0.014510450614246384,0
1,-0.01670935978797633,0
0,-0.06610580932728216,0
0,-0.07646481479756562,0
0,-0.042293882240071135,0
0,-0.08680420907016817,0
0,-0.0799903441049149,0
0,0.1498047573721586,1
0,0.026470276048069175,1
0,-0.07563589032893508,0
1,-0.01670935978797633,0
0,-0.03098260775271805,0
0,-0.038395686542557095,0
0,-0.046106428434329494,0
0,-0.05423545510306266,0
0,-0.07751338064860464,0
0,-0.07988816177696334,0
1,-0.05431943375360998,0
0,-0.0638854511695528,0
0,-0.07568553723677574,0
0,-0.05432989440890773,0
0,-0.049484219823232645,0
0,-0.003753988803203101,0
0,-0.0887982148930212,0
0,-0.06077302069884111,0
0,-0.0722043116005715,0
0,0.11116238115833188,1
0,-0.0038426346023416325,0
0,-0.04278754755695785,0
0,-0.06488253012399459,0
0,0.026470276048069175,1
0,-0.06820714851693094,0
1,-0.016764872256409713,0
0,0.06178155708326938,1
0,-0.08137682716403805,0
0,-0.018551267428543183,0
0,-0.08259294703383518,0
0,0.09803614536554828,1
0,0.02196104593235093,1
0,-0.08604573783180852,0
0,0.12594821929593436,1
0,-0.07394589159278497,0
0,0.11116238115833188,1
0,-0.07209015775275535,0
0,-0.033721383272396654,0
0,-0.06533190351289203,0
0,-0.07148921628910859,0
0,-0.03719605828487432,0
1,-0.017768194614598942,0
0,0.0826194749428737,1
0,-0.04247213566872221,0
0,-0.06077363855637807,0
1,-0.002503781053464549,0
0,-0.03777869519058563,0
0,-0.07859219284573815,0
0,-0.05908460131329413,0
0,-0.051969081788234395,0
0,-0.0179904872508303,0
1,-0.01670935978797633,0
0,0.07926425052869435,1
0,-0.09498723428800354,0
0,-0.08479618195249555,0
0,-0.08112802135650393,0
0,-0.05299618712021725,0
0,-0.08360845622543539,0
0,-0.042875567605275444,0
0,0.035289161509704514,1
1,-0.0570399124989579,0
0,-0.053590350860968916,0
0,0.002740346659767745,1
1,-0.018518095911605192,0
0,-0.060980629326287006,0
0,-0.06845830790729829,0
0,-0.08432440616012477,0
0,-0.05564928897445903,0
0,0.02196104593235093,1
0,-0.028674003547406846,0
0,-0.07726180329979465,0
0,-0.07874324664675464,0
0,-0.06297375245657899,0
1,-0.0006968199555656973,0
0,-0.055009228954919054,0
0,-0.006176625640585631,0
0,-0.07532629281988301,0
0,-0.05690153244991636,0
1,-0.012533536587400418,0
0,0.10308688881055217,1
0,-0.043096647107069785,0
0,-0.06783863148194957,0
0,-0.028085970356860668,0
0,-0.08161348821777714,0
1,-0.006270324465430688,0
1,-0.017768194614598942,0
0,0.10086375408768478,1
1,-0.015359966390029234,0
0,-0.008751027008290002,0
0,-0.06360805869653602,0
0,-0.0122520611247815,0
0,-0.07013145898319678,0
0,-0.07861485484339914,0
1,-0.035058336389563405,0
0,0.031598794038452116,1
0,-0.09095882849583714,0
0,-0.016352808927381612,0
0,-0.05803204237903287,0
0,-0.05993559735290915,0
0,-0.05803204237903287,0
0,-0.05521862495259061,0
1,0.021768446950833353,1
0,-0.07536491524975703,0
0,-0.08059964415920623,0
0,-0.06620648456071021,0
0,-0.005793319828949817,0
0,-0.05836004703655473,0
0,0.035289161509704514,1
0,0.040847455430530144,1
0,-0.04996140777676311,0
0,-0.06062854371853171,0
0,-0.04372566349612139,0
0,-0.07361229787288842,0
0,-0.04574405230456707,0
0,-0.0038426346023416325,0
0,-0.08779154554152224,0
0,-0.01623554238502789,0
0,-0.08020516294273528,0
1,-0.045583337904665955,0
0,-0.02189426707565789,0
0,0.111414400531199,1
0,-0.05189326810831191,0
0,-0.06252398547994031,0
0,-0.018601160644008297,0
0,-0.02461595223896801,0
0,-0.033396532906331544,0
0,-0.08300897074640512,0
0,-0.03843281757375683,0
0,0.09721126296171889,1
0,-0.0682490781050929,0
0,0.10308688881055217,1
0,-0.04342323614037785,0
0,-0.05819291365222057,0
0,-0.03788451141507243,0
0,-0.08719972011397503,0
0,-0.03345509604677871,0
1,-0.011603042728973889,0
0,-0.043329210093869086,0
0,-0.07029985782143611,0
0,-0.047581586839398005,0
0,-0.06956680473970112,0
0,0.1262938038417123,1
0,-0.06129355758989302,0
0,-0.08373558190421326,0
0,-0.08581435538324267,0
0,-0.0038426346023416325,0
0,-0.074718018295095,0
0,-0.03402727567788427,0
0,-0.05602126839861399,0
0,-0.032789062856917184,0
0,-0.055479997488752875,0
0,-0.04357690631477301,0
0,-0.00699897015948675,0
0,-0.09174658401489538,0
1,-0.012906365148818988,0
0,-0.09307735034977627,0
1,-0.07779386507742492,0
1,-0.01636851034352016,0
1,-0.025117788842114963,0
0,-0.056568938070602814,0
0,-0.06156477280162659,0
0,-0.069023178450212,0
0,-0.07203950557991895,0
0,-0.031684102799550584,0
0,-0.048971754911143195,0
0,0.006778481640609013,1
1,-0.038504763502194894,0
0,-0.0859265703095608,0
0,-0.07239360552652241,0
0,-0.04467602744093707,0
0,-0.011623379441756065,0
1,0.01582562377438801,1
0,-0.08816875094405063,0
0,-0.051476179303735325,0
1,-0.015359966390029234,0
0,-0.05865520730701318,0
0,-0.047812405048627826,0
0,-0.062352472073341825,0
0,-0.047698981703499066,0
0,0.09943438793460357,1
0,-0.060980629326287006,0
0,-0.05919384408640965,0
0,-0.04656184367945809,0
0,-0.05554245306511679,0
0,-0.060347349902606706,0
0,-0.06323723898519945,0
0,-0.07471566560659137,0
0,0.031598794038452116,1
0,0.01929544454113785,1
0,-0.06107141045087361,0
0,0.09721126296171889,1
0,-0.03686677306159908,0
0,-0.05536342158477359,0
0,-0.07761048115601016,0
1,0.002096966862403571,1
0,-0.003455553667589095,0
0,-0.09626926048978102,0
0,-0.042199313894445256,0
0,-0.060174298184893504,0
0,0.031598794038452116,1
1,-0.019202241582551238,0
0,-0.008629012079760578,0
0,-0.09163485176389446,0
0,-0.04664400455159512,0
0,-0.07730447025197124,0
0,-0.07865872113282568,0
1,-0.06919119029076776,0
0,-0.0038426346023416325,0
1,-0.03218738320257725,0
0,-0.02480346040521253,0
0,-0.053590350860968916,0
1,-0.01684766364317286,0
0,-0.07576509134967185,0
0,-0.07072337585423866,0
0,-0.04565628663336435,0
0,-0.09853140194639448,0
0,-0.05438938423635692,0
0,-0.06383366320845107,0
0,-0.009245640796432475,0
0,0.1383270612556342,1
0,-0.0752037613019671,0
1,0.00034727729939088015,1
0,0.032228355394245956,1
1,-0.02660452362325294,0
0,-0.09107708963797556,0
0,-0.07658947910286767,0
0,-0.08229630386869236,0
0,-0.04535228560399618,0
0,-0.06498777948780782,0
0,-0.09457157568079544,0
0,-0.07446923440536957,0
0,-0.05622148319701159,0
0,-0.08157555769837999,0
0,-0.10369540408567507,0
0,-0.0559759731845364,0
0,-0.08276578760591818,0
0,-0.056844006779059486,0
0,-0.07065731913753448,0
0,-0.08798338292520991,0
1,-0.01738808843901385,0
0,-0.07828236162231,0
0,-0.007185882382898856,0
0,-0.0862455446321066,0
0,-0.0338334242712206,0
1,-0.013122142754089516,0
0,-0.04728293088530611,0
0,-0.07672868180339992,0
0,-0.03748192938825795,0
0,-0.04261032855843472,0
0,-0.03987418701204953,0
0,-0.04376033991230799,0
0,0.026470276048069175,1
0,-0.016617016122450534,0
0,-0.06761542435129791,0
0,-0.06993651637876097,0
0,-0.06490331607857414,0
0,-0.06491178549060239,0
0,-0.05614509836379522,0
0,-0.08453809603712914,0
0,-0.01759394701450917,0
1,-0.02006253071359887,0
0,-0.009755735990604919,0
0,-0.04394580673642884,0
0,-0.07416885529134648,0
0,0.09721126296171889,1
0,-0.030158538321182315,0
0,-0.07708705149456202,0
0,-0.028652394794003944,0
0,-0.08486633373838348,0
0,-0.06100348161594543,0
0,-0.04322620607680644,0
0,-0.027993011296702897,0
0,-0.04105711731530998,0
0,-0.05530803959052716,0
0,-0.06444207236677324,0
0,-0.03272998757118423,0
0,-0.05857400621785608,0
0,0.0588091508691474,1
0,-0.05560364505210591,0
1,-0.015359966390029234,0
0,-0.0038426346023416325,0
0,-0.08532809136740921,0
0,-0.05289536353047469,0
0,-0.005240726965515086,0
0,-0.043096647107069785,0
0,-0.06824865952287584,0
0,-0.04097083938326107,0
0,0.035289161509704514,1
0,-0.07493423814771727,0
0,-0.0688353612342078,0
0,-0.02679485667799153,0
0,-0.06682546968843278,0
1,-0.012533536587400418,0
1,-0.01670935978797633,0
1,-0.015359966390029234,0
0,-0.02763107688281774,0
0,-0.03981791636037363,0
0,-0.053827232432672456,0
0,-0.07553479482352965,0
0,-0.05591622213950187,0
0,-0.05836004703655473,0
0,-0.055290788365681465,0
0,-0.09626491497422962,0
1,-0.012533536587400418,0
0,-0.005872905901155023,0
0,-0.06814055609824593,0
0,-0.0413396107143818,0
0,-0.07204298659192115,0
0,-0.07626168654344406,0
1,-0.017623788684232145,0
0,-0.002724803178742574,0
0,-0.0880090670194752,0
0,-0.08124238381090987,0
0,-0.07310188010646884,0
1,-0.06903919691385885,0
0,-0.00839870008589777,0
0,-0.04278559816855515,0
0,-0.09880429067796126,0
0,-0.05508547440666628,0
0,-0.06009660176510512,0
0,0.06269178398078157,1
0,0.11116238115833188,1
0,-0.05654106566047046,0
0,0.08349909946471601,1
0,0.017891813559873015,1
0,-0.03845342334280821,0
0,-0.013461806644208874,0
0,-0.0619050184228751,0
0,-0.10120060752936044,0
1,-0.01684766364317286,0
0,-0.050083669066641634,0
0,-0.05867174558124161,0
0,-0.03976428697364731,0
0,-0.04328273074416372,0
0,0.006778481640609013,1
1,-0.01670935978797633,0
0,-0.023512606949095405,0
0,-0.09081272205384172,0
0,-0.0731560959575433,0
0,-0.043663775659120885,0
0,-0.06698986751123365,0
0,-0.05589322918879297,0
0,-0.0859690567587813,0
0,-0.05905666376812707,0
0,-0.04459259400105303,0
0,-0.04421095842722228,0
0,-0.04714445367208603,0
0,-0.04831146012674814,0
0,-0.08151514657155112,0
1,-0.015183828558617052,0
0,-0.07761630681158083,0
0,-0.06698986751123365,0
0,-0.04261032855843472,0
0,-0.0814740176824133,0
0,-0.021977605858496896,0
0,-0.0038426346023416325,0
0,-0.056058899628394665,0
1,-0.033053891478000474,0
1,-0.012906365148818988,0
0,-0.08741863440901909,0
0,-0.10432132679737516,0
1,-0.03111171227931564,0
0,-0.07725072368837965,0
0,-0.08218148903324735,0
0,-0.01741580341803889,0
1,-0.012906365148818988,0
0,-0.028978757102347708,0
0,-0.03477615672125739,0
0,-0.06682546968843278,0
0,-0.0847779913735403,0
0,-0.06567347456845862,0
0,-0.06765112671686163,0
0,-0.015989598520045778,0
0,-0.033906436956378516,0
0,-0.04802115237820842,0
0,0.041451446717275076,1
0,-0.06463780477054043,0
0,-0.05655087590026131,0
0,-0.00728313706699224,0
0,-0.07769484123123488,0
0,-0.004484335537685069,0
0,-0.07110558489615937,0
0,0.09943438793460357,1
1,-0.01738808843901385,0
0,-0.08336236556738547,0
0,-0.07832260641955335,0
0,-0.050152070573852015,0
0,-0.04046694553259844,0
0,-0.05679240996930646,0
0,-0.08647414243187201,0
0,-0.09501461052305865,0
0,-0.06488934277426506,0
0,-0.04469528989307231,0
0,-0.05074140995833676,0
0,-0.0467064373207125,0
0,-0.06810341325438063,0
0,-0.07077964261395514,0
0,0.026470276048069175,1
0,-0.001634549713594169,0
0,-0.06842616091131815,0
0,-0.0785992634387378,0
0,-0.01425870194172052,0
0,-0.0748427406089438,0
0,-0.019815281885566305,0
0,-0.08570179673087208,0
0,-0.048835590639417226,0
0,-0.0544965518722782,0
0,-0.10389914281784057,0
0,-0.028644198324106973,0
0,-0.04962948684974411,0
1,-0.015007623183607044,0
0,0.0588091508691474,1
1,-0.04367526055459947,0
1,-0.0192179137443399,0
0,-0.060347349902606706,0
0,-0.08064036438755073,0
0,0.026470276048069175,1
0,-0.011750510437784578,0
0,-0.05714373865083949,0
0,-0.04395305407912353,0
0,-0.05411017260383166,0
0,-0.07491780505513496,0
1,-0.013414130836250093,0
1,-0.007425683277582196,0
1,-0.030432159783858048,0
0,-0.03218394648279854,0
0,-0.02978563360614006,0
0,-0.04109824569780457,0
1,-0.01670935978797633,0
0,-0.04386322348040561,0
0,-0.04254186276700411,0
0,0.1262938038417123,1
0,-0.07822982315691368,0
0,-0.054167502736082174,0
0,-0.05713279908357821,0
0,-0.009406142652139071,0
0,-0.10388734480225986,0
0,-0.08488739115272931,0
0,-0.03435713499072296,0
0,-0.08481720235788165,0
1,-0.01636851034352016,0
0,-0.08340398083918577,0
0,-0.047917418332281914,0
0,-0.09757933785711248,0
1,-0.012378265996433324,0
0,-0.08074527897813988,0
1,-0.01876606469855946,0
0,-0.07143436628660366,0
0,-0.05080652546290004,0
1,-0.018518095911605192,0
0,-0.041853286821969427,0
0,-0.08178570486185721,0
0,-0.052833334188396364,0
0,-0.05335259299343881,0
0,-0.0834893656598798,0
0,-0.08716960525805811,0
0,-0.0632230431211715,0
0,-0.06280357959446764,0
0,-0.08335541776905275,0
1,-0.02405563945820388,0
1,-0.05572591425415091,0
1,-0.01876606469855946,0
1,-0.01670935978797633,0
0,-0.05888947666718963,0
0,-0.039096495772757034,0
1,-0.01636851034352016,0
0,-0.03691598494698778,0
0,-0.07050680858331027,0
0,0.04546706353446461,1
0,-0.03725825262230992,0
0,-0.06262136162693216,0
0,-0.04946584716445268,0
0,-0.0701464637155727,0
0,-0.0038426346023416325,0
1,-0.018518095911605192,0
0,0.1392963188594466,1
0,-0.05715878424132392,0
0,-0.07459435603997833,0
1,-0.015359966390029234,0
0,-0.056399341515596835,0
0,-0.08187122592046242,0
0,0.1262938038417123,1
1,-0.01670935978797633,0
0,-0.08230849304668159,0
0,-0.02457709409084291,0
0,-0.05276484849138957,0
0,0.08064123202396078,1
0,-0.03665319176824949,0
0,-0.07530135322963771,0
0,-0.02784735148138512,0
0,-0.08106095108854555,0
1,-0.01670935978797633,0
0,-0.0028852349162332147,0
0,-0.07950675743167684,0
0,-0.04216991872040349,0
0,-0.06362836079527723,0
0,-0.04931197804646176,0
0,0.03791036520374913,1
0,-0.0684660095602787,0
0,-0.09426824549658447,0
0,-0.0038426346023416325,0
0,-0.05049939419611155,0
0,0.006778481640609013,1
0,-0.10102918441751402,0
0,0.09721126296171889,1
0,-0.06858505194208625,0
1,-0.05303070066617033,0
1,-0.01636851034352016,0
1,-0.01876606469855946,0
0,-0.027691268211851472,0
0,-0.06698986751123365,0
0,-0.08296467160948257,0
1,-0.012318749171042642,0
0,0.05917051287817998,1
0,-0.00441622638168343,0
0,-0.03865589584750834,0
0,-0.04893184259568367,0
0,-0.060939766527426276,0
1,-0.061030723027423184,0
1,-0.05755206968993515,0
0,-0.01806090345665967,0
0,-0.02357123952368506,0
0,-0.0038426346023416325,0
0,-0.08182936580526662,0
0,-0.07436916999160759,0
0,-0.09417962211110492,0
0,0.0588091508691474,1
0,-0.04365851933436243,0
0,-0.06870471670645423,0
1,-0.015183828558617052,0
1,-0.015359966390029234,0
1,-0.015555539087051873,0
0,-0.05814527432630473,0
0,-0.05373263732250827,0
1,-0.01636851034352016,0
0,-0.046664588052212796,0
0,-0.013912936016762467,0
1,-0.03620067881764372,0
0,0.006778481640609013,1
0,-0.08397766006951407,0
0,0.1454821840900058,1
0,0.09721126296171889,1
0,-0.049459554263915795,0
0,-0.06307984606356842,0
0,0.0928031521612287,1
0,0.11116238115833188,1
0,-0.010772576084178587,0
0,-0.08061348964659798,0
0,-0.05927846503994155,0
0,-0.06179177325627905,0
0,0.013552771301790667,1
0,-0.08960105171698868,0
1,-0.017768194614598942,0
0,-0.09048855394562583,0
0,-0.012680063103118588,0
1,-0.05595541503056217,0
0,-0.056058899628394665,0
0,-0.04266377720616338,0
1,-0.015359966390029234,0
0,-0.04348846812850443,0
0,-0.07440475025749238,0
0,-0.04191110097366685,0
0,-0.05200086164543033,0
0,-0.0544965518722782,0
0,-0.0811892434612459,0
0,0.012391655100251198,1
0,-0.07860694557022935,0
1,-0.01670935978797633,0
0,-0.08076358776601517,0
0,-0.05466108226088351,0
0,-0.05095696351586143,0
0,-0.039353789819137064,0
1,-0.016764872256409713,0
0,-0.075140346310624,0
1,-0.018112772524855603,0
0,-0.05594948319499243,0
0,-0.06498967308460679,0
1,-0.01636851034352016,0
0,-0.056720396058364764,0
0,-0.09271091343535448,0
0,-0.03962271289175223,0
0,-0.07669975056325762,0
0,-0.017226301571221903,0
0,-0.025688784989199298,0
0,-0.07799285736056766,0
0,-0.0798020966623938,0
0,0.0588091508691474,1
0,-0.08681178718651361,0
0,-0.06121073247217407,0
1,-0.016764872256409713,0
0,-0.07200916681830094,0
0,-0.05984644031513031,0
0,-0.024350184757480076,0
0,-0.08669674760995727,0
0,-0.09101211166560919,0
0,-0.038135512850019704,0
0,0.013552771301790667,1
0,-0.08038013235026648,0
0,-0.06605849956945187,0
0,-0.07976256278589539,0
0,-0.060980629326287006,0
0,-0.07325094771934715,0
0,0.031598794038452116,1
0,-0.05533306820575884,0
0,-0.05438938423635692,0
1,-0.019505963821408123,0
0,-0.015623224072173314,0
0,-0.08549383853999837,0
0,-0.05299618712021725,0
0,-0.07781112008783697,0
0,-0.025008479707645137,0
0,-0.04673876646148761,0
0,-0.0931982130313484,0
0,-0.03366483100667428,0
0,-0.05963429576214008,0
0,-0.052966531791336424,0
0,-0.08997455505393753,0
0,-0.07306476597121492,0
0,0.0981383255110988,1
0,-0.07201400432448946,0
0,-0.059403897067322464,0
0,-0.06496733410213362,0
0,-0.0534741992909728,0
0,-0.06698986751123365,0
0,-0.05516298292062005,0
0,-0.08389219434396245,0
0,0.006778481640609013,1
0,-0.07646481479756562,0
0,-0.03254943193013493,0
0,0.10308688881055217,1
0,-0.0038426346023416325,0
1,-0.05000673561233687,0
0,-0.01928164561259038,0
0,-0.04885824693501678,0
0,-0.05650450287084591,0
0,-0.07084586983831825,0
0,-0.036212325970188974,0
0,-0.019595140926399968,0
0,-0.048314562876449474,0
1,-0.015359966390029234,0
0,-0.09104120513893404,0
0,-0.07988707616783308,0
0,-0.02295572615419761,0
0,-0.05948320486595671,0
1,-0.019963689339438206,0
0,-0.03437396548301824,0
0,-0.09421397775775919,0
1,-0.015183828558617052,0
0,-0.06574532465177685,0
0,-0.08756008599210657,0
0,-0.055040748674706985,0
0,-0.05173622113093562,0
0,-0.019709130059025526,0
0,-0.052537504208234,0
0,0.08265672937937274,1
0,-0.05426562143133773,0
0,-0.08380321803536878,0
0,-0.005142605302442815,0
0,-0.06498469879047059,0
0,-0.0758284028206977,0
1,-0.019963689339438206,0
1,-0.015183828558617052,0
0,-0.04513040281472214,0
0,-0.051166502115181534,0
0,-0.07978941210731672,0
0,-0.04274841189764006,0
0,-0.0038426346023416325,0
0,-0.05384806938991482,0
1,-0.02660452362325294,0
1,-0.01636851034352016,0
1,-0.019505963821408123,0
0,-0.07373964926807175,0
0,-0.06552986844676034,0
0,-0.0723358380689394,0
0,-0.06185795538366501,0
1,-0.041122157476914445,0
0,-0.058283639227559525,0
0,-0.06520120877263785,0
0,-0.05128066466022008,0
0,-0.03295916209166666,0
0,0.026470276048069175,1
0,-0.08056921684924562,0
1,-0.04030772461022941,0
0,-0.085218333149572,0
0,-0.06883534660729995,0
0,-0.07724391427518013,0
1,-0.015359966390029234,0
0,-0.06355753602446518,0
0,-0.05578521531796904,0
0,-0.040475242274138734,0
1,-0.037483196678580244,0
0,0.09721126296171889,1
0,-0.08763946602964257,0
0,0.22873157492013851,1
1,-0.010969591781788302,0
0,-0.05655412080667038,0
0,-0.059430051469013256,0
0,-0.07719536164319629,0
0,-0.08277995622731282,0
0,-0.057468197606107774,0
0,-0.09004186565756528,0
1,-0.03759171593437477,0
0,-0.06567504058329982,0
1,-0.015183828558617052,0
0,-0.042502850312347684,0
0,-0.07382709015606786,0
0,-0.05516298292062005,0
0,-0.01681332010725184,0
0,-0.048326851653576586,0
0,-0.05629127456610783,0
0,-0.08131232719157538,0
0,-0.07395749335778484,0
0,-0.07305377906770588,0
0,-0.07353885866129306,0
0,-0.07454083375685505,0
0,0.09943438793460357,1
0,-0.0335679559512671,0
0,0.1454821840900058,1
1,-0.01670935978797633,0
0,-0.047175350053534015,0
0,-0.036113588794804474,0
0,-0.06882369397547494,0
0,-0.008405154187351604,0
0,-0.07950519241772852,0
1,-0.01670935978797633,0
0,-0.04289289224678544,0
0,-0.08037732149853877,0
0,-0.078523241587997,0
0,-0.06581064355295924,0
0,0.00496156914551249,1
0,-0.0534741992909728,0
0,-0.0779204941242081,0
0,-0.06540524308290768,0
0,-0.07321103114014937,0
0,-0.0929070205144441,0
0,-0.042875567605275444,0
0,0.09943438793460357,1
1,-0.018518095911605192,0
0,-0.0038426346023416325,0
0,0.11116238115833188,1
0,0.08497813156051504,1
0,-0.03813182455866093,0
0,-0.0401318913967299,0
1,-0.013532045090530076,0
0,-0.07246965644595094,0
0,-0.08991284896569829,0
0,-0.037700062557835756,0
0,0.11116238115833188,1
0,-0.0581125313993488,0
0,-0.053556500665532414,0
0,-0.08107293306918589,0
0,-0.051266980427667974,0
0,0.0588091508691474,1
0,-0.02442050077902369,0
1,-0.018518095911605192,0
0,-0.06424944808103256,0
0,-0.05614509836379522,0
0,-0.07179731240683718,0
0,-0.052846943086407305,0
0,-0.06121073247217407,0
1,0.0028983734367405978,1
1,-0.01684766364317286,0
0,-0.055685020805264884,0
0,-0.061845078060380865,0
1,-0.015183828558617052,0
0,-0.06634359141074458,0
1,-0.01684766364317286,0
0,-0.05200191666837878,0
0,-0.04469528989307231,0
0,-0.0689585437482681,0
0,-0.04010639301997593,0
0,-0.08070247892371935,0
1,-0.01636851034352016,0
0,-0.04711631445261255,0
0,0.004719363574355762,1
0,-0.07968399015487304,0
0,0.09721126296171889,1
0,-0.05798454274573556,0
0,-0.08594636917203291,0
0,-0.06906800686623044,0
0,-0.08114597403455748,0
0,-0.07254808000102492,0
1,-0.01876606469855946,0
0,-0.04573983467311177,0
0,-0.07545987811740967,0
1,-0.019202241582551238,0
1,-0.019202241582551238,0
0,-0.0742220132443226,0
0,-0.055241777997968367,0
0,-0.058494336844093,0
1,-0.01876606469855946,0
0,-0.052658915082765934,0
0,-0.06069967797604803,0
0,-0.038372205889717625,0
0,-0.08517840972431867,0
0,0.006778481640609013,1
0,-0.05010048737606404,0
0,-0.09074538267841076,0
0,-0.03774676049454895,0
0,0.12594821929593436,1
0,-0.01325815694270277,0
1,-0.015359966390029234,0
1,-0.015359966390029234,0
1,-0.01670935978797633,0
0,0.0588091508691474,1
1,-0.051551602815472664,0
0,0.08147331030929028,1
0,-0.0918815163646628,0
1,-0.015343559786735572,0
0,-0.06988934840292338,0
0,-0.08079703191600973,0
0,-0.01148420549209933,0
0,-0.08090778343835742,0
1,-0.015183828558617052,0
0,-0.05564928897445903,0
0,0.1454821840900058,1
0,0.12594821929593436,1
0,0.02196104593235093,1
0,-0.06506105882325591,0
0,-0.043329210093869086,0
0,-0.0816602405694738,0
1,-0.018518095911605192,0
1,-0.015359966390029234,0
0,-0.06416774625414906,0
0,-0.06100116307436382,0
1,-0.019202241582551238,0
0,-0.05101410809071916,0
0,-0.08952332858234069,0
0,-0.07487612646013586,0
0,-0.06964582054698792,0
0,0.0588091508691474,1
0,-0.058936577792229716,0
0,-0.03411355054275028,0
0,0.026470276048069175,1
1,-0.05709607252038762,0
1,-0.01966619644336981,0
1,-0.01738808843901385,0
0,-0.06608274756908511,0
0,-0.0784375307982832,0
1,-0.007425683277582196,0
0,-0.07338265268801841,0
0,-0.04882601390699787,0
0,-0.0038426346023416325,0
0,-0.04831553432094848,0
0,0.07396619309770225,1
0,-0.07409415689237003,0
0,-0.02076404926087555,0
0,-0.07180330657853262,0
0,-0.05544220379636561,0
0,0.0588091508691474,1
0,-0.0808856502682796,0
0,-0.060902145040610256,0
0,-0.09753422123127786,0
0,-0.0565293957625827,0
0,-0.04565263584867918,0
0,-0.0487806244059002,0
0,-0.08280876583693325,0
0,-0.04913987932779096,0
0,-0.012055576061931694,0
0,-0.07161502781422024,0
0,-0.05233797448882599,0
0,-0.04708877313557969,0
0,-0.02005656667333572,0
1,-0.07935421479026183,0
0,-0.038287720367258915,0
1,-0.014926835742351319,0
1,-0.015183828558617052,0
0,-0.06800099087878075,0
0,-0.0038426346023416325,0
0,-0.0501104524840944,0
0,-0.05314817268889471,0
0,-0.02926378378643496,0
1,-0.0891203429760567,0
0,-0.040875621030779075,0
0,0.0588091508691474,1
0,-0.08405408502170014,0
0,-0.08228287687013941,0
0,-0.04554219909499091,0
1,0.0021496995753200743,1
0,-0.07046167239882856,0
0,0.051937562070777044,1
1,-0.014186628727106465,0
0,-0.07617815972479164,0
0,-0.07117410149305997,0
0,-0.0525081724342078,0
1,-0.036331763692058816,0
0,-0.017926077270900287,0
0,-0.09005925506532636,0
0,-0.024819600921986817,0
0,-0.07124535645779023,0
0,0.026470276048069175,1
0,-0.07764103501840736,0
1,-0.01738808843901385,0
0,-0.052610665568349424,0
0,-0.06546068527902643,0
0,-0.08708990847879972,0
0,-0.05476150767515142,0
0,-0.04372451829136298,0
1,-0.008094901874808935,0
0,-0.06383366320845107,0
0,-0.08969827551977233,0
0,-0.06535333046659808,0
0,-0.02197997557398762,0
0,-0.08988923462826676,0
0,-0.067194243903477,0
0,-0.09210174826079892,0
0,-0.018752032073750813,0
0,-0.042502850312347684,0
0,-0.10363114505906929,0
0,-0.05426802717918622,0
1,-0.01738808843901385,0
0,-0.07711147601253127,0
0,-0.05001055057166187,0
0,-0.039697409881241874,0
0,-0.05655087590026131,0
0,-0.05562501494690952,0
0,-0.035122344364814206,0
1,-0.01684766364317286,0
0,-0.011401443157716074,0
0,-0.08248505337666545,0
0,-0.054753587226916256,0
0,0.09721126296171889,1
0,-0.04230254947912687,0
0,0.16608148388901844,1
0,-0.002421182398295585,0
0,-0.08416964958841927,0
0,-0.0730026616231989,0
0,-0.09958141857020303,0
1,-0.020120122682346975,0
0,-0.07974532551760782,0
0,-0.07015156473004303,0
0,-0.07035866454224227,0
0,-0.08241371008863152,0
1,-0.014819237914527772,0
1,-0.01738808843901385,0
0,-0.07099742693687017,0
0,-0.049631942225456194,0
0,-0.0751392488890602,0
1,-0.06454616212299963,0
0,-0.06798056661973434,0
0,0.043676613074774995,1
1,-0.015359966390029234,0
0,-0.07608548096781392,0
0,0.11823539363750624,1
1,-0.00401224881638057,0
0,-0.07176163471761421,0
0,-0.06480390418951015,0
1,-0.08983127041237937,0
0,-0.05396636126532817,0
0,-0.055186932718846615,0
0,-0.06237058659926176,0
0,-0.07727913645057227,0
1,-0.01738808843901385,0
0,0.0588091508691474,1
1,-0.029201035721553803,0
0,0.045147482836942476,1
0,-0.0038426346023416325,0
1,-0.012906365148818988,0
1,-0.012954926910107134,0
0,-0.013981213844218188,0
0,-0.0714180212485851,0
0,-0.013123494953834913,0
1,-0.05314713491240619,0
0,-0.08355595743837768,0
0,-0.07614165735142542,0
0,-0.0571554180842026,0
0,-0.08369583433188377,0
0,0.006778481640609013,1
0,-0.03919022093471941,0
0,-0.06656106462531391,0
1,-0.015359966390029234,0
0,0.12594821929593436,1
0,-0.0512332532402614,0
1,-0.015666438022868323,0
1,-0.009834764484795644,0
0,-0.023156829261018197,0
0,-0.0038426346023416325,0
0,0.1454821840900058,1
0,0.12594821929593436,1
0,-0.05436558986724416,0
1,-0.0641471226173927,0
0,-0.10122435791661444,0
0,-0.006131711170675791,0
0,-0.04377002698342103,0
1,0.017771629228819252,1
0,-0.0984156433407628,0
0,-0.05344179486188039,0
0,0.08457009000110682,1
0,-0.01012627078299333,0
0,0.1454821840900058,1
0,0.11116238115833188,1
0,-0.08617399545461424,0
0,-0.024610802967637402,0
0,-0.006841975487938079,0
0,-0.09331314911403893,0
0,-0.06042118790858736,0
0,-0.04627512855497795,0
0,-0.04805802909846235,0
0,-0.08431300937111713,0
0,-0.058964522945874176,0
0,-0.042199313894445256,0
0,-0.07139723191905656,0
0,-0.06938535811789781,0
0,-0.03711649377199017,0
1,-0.01946620285903411,0
0,-0.07535075072919944,0
0,-0.03139227379180842,0
0,-0.09347382283658623,0
0,-0.07240636799674532,0
0,-0.01754686739496597,0
0,-0.08964880051800533,0
0,0.10308688881055217,1
0,-0.0889130303063917,0
0,0.0711178063041269,1
0,-0.01863135275361294,0
0,-0.07795663803289626,0
0,-0.06483945924931567,0
0,-0.05184725653709621,0
0,0.035289161509704514,1
0,-0.0068160688584762985,0
1,-0.018518095911605192,0
0,-0.0593120732038927,0
0,-0.043916699240575285,0
0,-0.08038013235026648,0
0,-0.01268362906750714,0
0,0.035289161509704514,1
0,-0.043096647107069785,0
0,-0.07678252633549315,0
0,0.0588091508691474,1
0,-0.08642659259744429,0
0,-0.04752654745412832,0
0,-0.07996590345252913,0
1,-0.015359966390029234,0
0,-0.02622448828068219,0
1,-0.012906365148818988,0
1,-0.013414130836250093,0
0,-0.07290317240471994,0
0,-0.08377724954560073,0
0,-0.041959239614868415,0
1,-0.01636851034352016,0
0,-0.07471047397225178,0
0,-0.059944849057651406,0
0,-0.05775029032072487,0
0,-0.04803958757096144,0
0,-0.08525676388830039,0
0,-0.07980452546468769,0
0,0.03406109585233519,1
0,-0.05332053689453509,0
0,-0.05338402172815043,0
0,-0.08832759390530293,0
0,-0.07881829522072842,0
0,-0.02936825115649777,0
1,-0.03540728532877746,0
0,-0.05406038693741927,0
0,-0.09299794459114857,0
0,-0.014840096164811745,0
0,-0.07396738700763511,0
1,-0.012906365148818988,0
0,-0.02105499956627177,0
0,-0.07757900341723284,0
0,-0.06882553237378414,0
0,-0.07713633397398123,0
0,-0.0038426346023416325,0
1,-0.01684766364317286,0
1,-0.015359966390029234,0
0,-0.08628871588583015,0
0,-0.05694393993655322,0
0,-0.013930875216270788,0
0,-0.07136265188865426,0
1,-0.01508493992152915,0
0,-0.08809119544112504,0
0,-0.06107009515265904,0
1,-0.029226183494923508,0
0,-0.06005972704309198,0
1,-0.012906365148818988,0
1,-0.015359966390029234,0
1,-0.019202241582551238,0
0,-0.08627876563329262,0
1,-0.017317295319025205,0
1,-0.012138363772458194,0
0,-0.005587476875164754,0
0,-0.08424816956242714,0
0,-0.05957025316973469,0
0,0.0588091508691474,1
0,-0.031767424911131104,0
1,-0.03176170880536966,0
0,-0.05655412080667038,0
0,-0.05468819069675607,0
1,-0.026210513860445483,0
0,-0.07584342641303587,0
0,-0.040799960240512134,0
0,-0.06313351622706376,0
0,-0.06780294998927855,0
0,-0.08257778591359077,0
0,-0.005421313815196838,0
0,0.035289161509704514,1
0,-0.08359421255749228,0
0,-0.055306818665333546,0
1,-0.02745989890572409,0
0,0.02196104593235093,1
0,-0.04209605502454333,0
0,-0.05117945412717245,0
0,-0.014981163923292407,0
0,-0.07944541889353535,0
1,-0.01876606469855946,0
0,-0.04657644886466927,0
0,-0.08033019241105588,0
0,-0.03531075537288497,0
0,-0.07083095233025716,0
0,-0.0805285270514094,0
0,-0.06597316604472453,0
0,-0.07300623916815291,0
0,-0.03904894831514494,0
0,-0.033721383272396654,0
0,-0.08535513036851694,0
1,-0.015359966390029234,0
0,-0.07434239144420013,0
0,-0.05615390109390889,0
0,-0.056112679401720045,0
0,-0.001126514678199686,0
1,-0.01636851034352016,0
1,-0.03745922793353057,0
0,-0.05442329350235292,0
0,-0.025588304990467714,0
0,-0.0182477927141918,0
0,0.16608148388901844,1
0,-0.06535132546438227,0
0,-0.03289963499297677,0
1,-0.01738808843901385,0
1,-0.0425997639022726,0
0,-0.04405922547539437,0
0,-0.050635450782124725,0
0,-0.04312536058650335,0
1,-0.01876606469855946,0
0,-0.08871244013314228,0
0,-0.06107009515265904,0
0,-0.04976428066540617,0
0,-0.08697276192253706,0
0,-0.043850490999707614,0
0,-0.05642724842880109,0
0,-0.08804105543421037,0
0,-0.0494170840999652,0
0,-0.053590350860968916,0
0,-0.06817545976890643,0
1,-0.01636851034352016,0
0,-0.04392834097992615,0
0,-0.050059835780506934,0
0,-0.05233038334519324,0
0,-0.05667786426849841,0
0,-0.03228193062057255,0
0,-0.05869820328949166,0
0,0.11116238115833188,1
0,-0.0772365532319989,0
0,-0.004408287116228815,0
0,-0.035205942759640674,0
1,-0.002204150059399501,0
0,-0.09164461071669988,0
0,-0.05624374047610492,0
0,-0.04027952477561392,0
0,-0.08422718923056677,0
1,-0.01670935978797633,0
0,-0.053590350860968916,0
0,-0.07032519550823618,0
0,-0.08527825105364922,0
1,-0.018518095911605192,0
0,0.1387590907459595,1
0,-0.07535268208178264,0
0,-0.0042791531039211295,0
0,-0.04396608384791484,0
0,-0.07161532458400915,0
0,-0.0859022168059057,0
0,-0.07281300224835119,0
1,-0.012906365148818988,0
0,-0.01672602060077555,0
0,0.1262938038417123,1
1,-0.012533536587400418,0
0,-0.05201726221273539,0
0,-0.07784178841226935,0
1,-0.012533536587400418,0
1,-0.015183828558617052,0
0,-0.0031361794110785213,0
0,-0.03948974009373968,0
0,-0.06632859320936813,0
1,-0.01670935978797633,0
0,-0.012652187654680236,0
0,-0.0820080200633383,0
0,-0.06673045664855709,0
0,-0.07954136193920086,0
0,-0.033524369128352605,0
0,0.006778481640609013,1
0,-0.03395217273584866,0
0,-0.07619317184936691,0
0,0.09144943335866895,1
1,0.009112495225032768,1
0,-0.03768317585374331,0
0,-0.0038426346023416325,0
0,-0.03875253568178533,0
1,-0.012906365148818988,0
0,-0.01536861117042071,0
0,-0.017443002578066247,0
0,-0.05968150408641015,0
0,-0.06494857989034891,0
0,-0.04923279088863125,0
0,-0.013500939006890367,0
0,-0.08503278493497363,0
0,-0.07550037434362084,0
1,-0.015359966390029234,0
0,-0.034415924882376436,0
0,-0.0964010116674972,0
0,-0.07056765675886773,0
0,-0.03393533923087105,0
0,-0.047835788411614344,0
0,-0.042448572572153564,0
0,-0.038537704335688205,0
0,-0.04687765667571869,0
0,-0.08801181958475923,0
0,-0.04123077521235019,0
0,-0.058936577792229716,0
0,-0.06200752837493961,0
0,-0.020140518678360697,0
0,-0.08494840336790566,0
0,-0.042773036154080124,0
1,-0.03007846528958158,0
0,-0.05714373865083949,0
0,-0.04673328669868054,0
1,-0.019202241582551238,0
0,-0.07348047989849577,0
0,-0.06564737668361736,0
0,-0.07655251361621218,0
0,-0.07731130613849779,0
0,-0.0038426346023416325,0
0,-0.03418540660324382,0
0,-0.07399421419193059,0
0,-0.09803799669198887,0
0,-0.0743822711153978,0
0,-0.020974488198838126,0
0,-0.053615585805651456,0
0,-0.07391201232870859,0
0,-0.037987808359070396,0
0,-0.08381490605566971,0
0,0.02196104593235093,1
0,-0.0655586753467216,0
1,-0.01738808843901385,0
0,-0.0612321526351875,0
0,0.11116238115833188,1
1,-0.012906365148818988,0
0,0.02196104593235093,1
0,-0.0007547580148425381,0
0,-0.05894477938994003,0
0,-0.058846689960916354,0
0,-0.06696855361626752,0
1,-0.015343559786735572,0
0,-0.08913733502296367,0
0,-0.0589743094162381,0
0,-0.06351966909471679,0
0,-0.07898441566393377,0
0,-0.047609386174305324,0
0,-0.046555412840095456,0
0,-0.0671826391733723,0
0,-0.057868268221470565,0
0,-0.05556065396610238,0
0,-0.05549778549222434,0
0,-0.08350116321245532,0
0,-0.033693116175981364,0
1,-0.013414130836250093,0
0,-0.022298914550788196,0
0,-0.055003010758310156,0
0,-0.06546068527902643,0
0,-0.0688210460928872,0
0,-0.0549221922981189,0
0,-0.06590321760937173,0
0,-0.009810546540722054,0
0,-0.07460103763152942,0
0,-0.0743586520820051,0
0,-0.08050603767385961,0
0,-0.03846934382351541,0
0,-0.06513131906380981,0
0,-0.020758667334475234,0
0,0.02798715736117874,1
0,-0.042062282250197924,0
1,-0.012906365148818988,0
0,-0.05555971322304254,0
0,-0.01919899842264261,0
0,-0.06673045664855709,0
0,-0.0038426346023416325,0
0,-0.0628746659732658,0
0,-0.015264047755843613,0
0,-0.0523977719386966,0
0,-0.05578521531796904,0
0,-0.07938352736261578,0
0,-0.048991154467664666,0
0,-0.05708812643436273,0
0,-0.07817398031509676,0
0,-0.07316111676528991,0
0,-0.04009272084967885,0
0,-0.0038426346023416325,0
0,-0.0519787775964185,0
0,-0.04343724505353125,0
0,-0.03504802475340879,0
0,-0.07750059154259908,0
0,-0.037663282074129556,0
0,-0.05221005453879585,0
0,-0.05384371859399345,0
1,-0.01876606469855946,0
0,-0.07445253277334862,0
0,0.0789941421891801,1
0,-0.07759765626931159,0
1,-0.015183828558617052,0
0,-0.07964304218212359,0
0,0.035289161509704514,1
1,-0.014926835742351319,0
0,-0.060980629326287006,0
0,-0.06262136162693216,0
0,-0.06733818759992516,0
0,0.026470276048069175,1
1,-0.027974735343929802,0
0,-0.0881077737653509,0
0,-0.05530859900241791,0
0,-0.05335259299343881,0
0,-0.006111064562004054,0
0,-0.06296657657846427,0
0,-0.06458481058596344,0
0,-0.06581064355295924,0
0,-0.045147668760585125,0
0,-0.04569125362265142,0
0,-0.07835173528612166,0
0,-0.04315309346457252,0
0,-0.08816436609748596,0
0,0.12594821929593436,1
0,0.031598794038452116,1
0,-0.051706043651550015,0
0,0.08444540207952522,1
0,-0.052431334339855806,0
0,-0.04357931039631657,0
0,0.026470276048069175,1
0,-0.05735068823555195,0
0,-0.0777975721214405,0
0,-0.05397319238760018,0
0,-0.01833918106461474,0
0,-0.061031176647433794,0
0,-0.06990858270557598,0
0,-0.0657973340591389,0
0,-0.06490718601450235,0
0,0.035289161509704514,1
0,-0.054401235047559504,0
0,-0.08706174337205907,0
1,-0.019202241582551238,0
0,-0.06588275674846855,0
1,-0.018802882348211092,0
1,-0.012906365148818988,0
0,-0.05290474603358153,0
1,-0.04589113337059603,0
0,-0.0692135210938371,0
0,-0.042293882240071135,0
0,-0.05869820328949166,0
0,-0.04975360397628181,0
0,-0.08313599634760044,0
0,-0.07180425735477614,0
0,-0.05449232228884937,0
0,0.05218114757574577,1
0,-0.07756907627164428,0
0,-0.013610065038510366,0
0,-0.04870484666159414,0
0,-0.04247213566872221,0
0,-0.05735371730895039,0
0,-0.02273224829003373,0
0,-0.01686586863516809,0
0,-0.08541898171412954,0
0,-0.050693707801177657,0
0,-0.05020194121971994,0
0,-0.060347349902606706,0
0,-0.07971749230070196,0
0,-0.021022546132059394,0
0,-0.08472096764693626,0
0,-0.05776113961086088,0
0,-0.09930147385317728,0
0,0.031598794038452116,1
0,-0.05993559735290915,0
0,-0.0398918523866007,0
0,-0.08282369863231698,0
1,-0.012906365148818988,0
0,0.031598794038452116,1
0,-0.06397111648611181,0
0,-0.047609386174305324,0
0,-0.06014691145788209,0
1,-0.013374596564392438,0
0,-0.05626173065786011,0
0,-0.06290307331244188,0
1,-0.01738808843901385,0
0,-0.04519784625458456,0
0,-0.07360337801025596,0
1,-0.018112772524855603,0
0,-0.06945328516510524,0
1,-0.017043261177559443,0
1,-0.07143291383600964,0
0,-0.02973207578493925,0
1,-0.03303012855670251,0
1,-0.01636851034352016,0
0,-0.03684720848376516,0
1,-0.015183828558617052,0
0,-0.08660576643219392,0
0,-0.08426936862901907,0
0,0.02196104593235093,1
0,-0.013410234528609177,0
0,-0.07617815972479164,0
0,-0.06873091970905326,0
0,-0.05432279180245603,0
0,-0.005734179881237644,0
0,-0.05978945795716867,0
1,-0.007546335525675518,0
0,-0.00996324596188064,0
0,-0.033721383272396654,0
0,-0.07678633031564147,0
0,-0.07806555227325057,0
0,-0.05494170735197906,0
0,-0.05617976909431449,0
0,0.026470276048069175,1
0,-0.08672606817554163,0
0,-0.0705097304957707,0
1,-0.009834764484795644,0
0,0.014964017926690776,1
0,-0.07627642902244608,0
0,-0.04141499348292321,0
0,-0.06107009515265904,0
0,-0.042502850312347684,0
0,-0.056768905894167665,0
0,-0.06720559655299002,0
0,-0.05306733933239843,0
0,0.026470276048069175,1
1,-0.018518095911605192,0
0,-0.044707285904382,0
0,-0.07833946342901449,0
0,-0.05812619165387278,0
1,-0.011874413339566237,0
0,-0.041865586752822426,0
0,-0.027829912004945168,0
0,-0.05033597237396792,0
0,-0.07298872404359502,0
0,-0.049615369551212096,0
0,-0.027016202633395436,0
0,0.07794654970579507,1
0,0.02196104593235093,1
0,-0.053590350860968916,0
0,-0.042272834353924205,0
0,-0.0804621955374693,0
0,-0.04408649824629779,0
0,-0.002430520350151899,0
0,-0.039493181122871424,0
0,-0.007643494731936595,0
0,-0.05767787836088406,0
1,-0.05113925524833318,0
0,-0.03462030648723663,0
1,-0.018518095911605192,0
0,-0.0038426346023416325,0
1,-0.01636851034352016,0
0,-0.07819702623398805,0
0,0.035289161509704514,1
0,-0.07443030154763308,0
0,-0.08634786469064792,0
0,-0.06461175568339805,0
0,-0.0443566907207828,0
0,-0.060681780582514444,0
0,-0.08378725853811564,0
1,0.0050513212698068966,1
0,0.0588091508691474,1
0,-0.055611249427906906,0
0,-0.10021101466684001,0
0,-0.0594478651674295,0
0,-0.07395795631103819,0
0,-0.008176424441248442,0
1,-0.012339870853616375,0
0,-0.10395558513645414,0
0,-0.03281967366817207,0
0,-0.07362375864001086,0
0,-0.006033240504069892,0
0,0.02196104593235093,1
0,-0.0626184832823991,0
0,0.11116238115833188,1
0,-0.053590350860968916,0
0,-0.05101505310716731,0
0,-0.03175762839405322,0
0,-0.06581064355295924,0
0,-0.06748612854893671,0
0,0.023982795210958363,1
1,-0.012906365148818988,0
0,-0.06809326715500696,0
0,-0.0039957800634436436,0
0,-0.018024696962833153,0
0,-0.08354072771768212,0
0,-0.05041135987417128,0
0,-0.025265272319258958,0
0,-0.019974936786791464,0
0,-0.0038426346023416325,0
0,-0.016820770886894876,0
0,-0.043096647107069785,0
1,-0.0643121889225125,0
1,-0.012906365148818988,0
0,-0.06005541133110076,0
0,-0.07827355913527156,0
0,-0.03738963292782532,0
0,0.15970919639567738,1
0,-0.0771269433316486,0
0,-0.07539944187288,0
0,-0.08952231906019098,0
0,0.0588091508691474,1
0,-0.05442329350235292,0
1,-0.0339815447304857,0
0,-0.038917601581286265,0
0,-0.06237517740609516,0
0,-0.005680125651222168,0
0,0.035289161509704514,1
0,-0.007791018985424114,0
0,0.22873157492013851,1
0,-0.008759952190743991,0
1,-0.013414130836250093,0
0,-0.03922860735758793,0
0,-0.08556284618688675,0
1,-0.08064436320960927,0
0,-0.05322289269757202,0
0,-0.06200752837493961,0
0,-0.0733079277903732,0
0,-0.04289289224678544,0
1,-0.06248561116966622,0
0,-0.04348846812850443,0
0,-0.047322811988919355,0
1,-0.01670935978797633,0
0,-0.05671934783745086,0
0,-0.03324627566512128,0
1,-0.08129867999151302,0
0,-0.05694393993655322,0
0,-0.005902873587796342,0
1,0.0012305204660770785,1
1,-0.019202241582551238,0
0,-0.08142271964310577,0
0,-0.055463688619176776,0
1,-0.01670935978797633,0
0,-0.04495493534758482,0
0,-0.011343523732221306,0
1,-0.01670935978797633,0
0,-0.06445263687591857,0
0,-0.09606087093151194,0
0,0.08064956215016417,1
0,-0.007404154385236561,0
0,-0.07001783513504012,0
0,-0.05564928897445903,0
0,-0.06819575897507774,0
0,-0.059865343442581154,0
0,0.10308688881055217,1
0,-0.06581064355295924,0
0,-0.05049939419611155,0
0,-0.02744068557438306,0
0,-0.07555938843798554,0
1,-0.01670935978797633,0
1,-0.019963689339438206,0
1,-0.01636851034352016,0
0,-0.06382777996537342,0
0,-0.07547417403690626,0
0,-0.07760664876936285,0
0,-0.08220623580338698,0
0,-0.019959917915027214,0
0,-0.0780871102547685,0
0,-0.06200752837493961,0
0,-0.07226725126428374,0
0,-0.10509146581854595,0
0,-0.05928343468384778,0
0,-0.10165651916991125,0
1,-0.018112772524855603,0
0,-0.07831431054174592,0
0,-0.0856678815355999,0
0,-0.08533892358736095,0
0,-0.059613698080160316,0
0,-0.07200532629737566,0
1,-0.015359966390029234,0
0,-0.0544965518722782,0
0,0.1454821840900058,1
0,-0.06587245790390123,0
0,-0.055851031220271685,0
0,-0.03378788214083639,0
1,-0.018518095911605192,0
0,-0.05365116508036383,0
0,-0.004579157530120392,0
0,0.22056235087850784,1
1,-0.019202241582551238,0
0,-0.07281011055286524,0
0,0.059929229163072306,1
0,-0.05165803550517312,0
0,-0.08222075045135885,0
1,-0.01738808843901385,0
0,-0.047227776458299786,0
0,-0.07152185965429841,0
0,-0.07929677427691367,0
0,-0.024443776578197796,0
0,-0.08337087858798481,0
0,-0.057364151130540275,0
0,-0.0712550053506083,0
0,-0.042993757479683814,0
0,-0.06935552510234572,0
0,-0.07988428564225436,0
0,-0.0024344750456259945,0
0,-0.07795637803794092,0
1,-0.046478867897154996,0
0,-0.07011492022085797,0
0,-0.029042634945724122,0
0,-0.05032195591915889,0
0,-0.06741749591811758,0
1,-0.01876606469855946,0
0,-0.05376876565305777,0
0,0.01441277331455304,1
0,-0.08252540572774641,0
0,-0.056004728725348674,0
0,-0.10326384049415316,0
0,-0.10204414414854523,0
0,-0.04732580164481781,0
0,-0.05111159194738546,0
1,-0.06929133697534484,0
0,-0.08991666386403147,0
0,-0.06951615584465565,0
0,-0.07432570693760432,0
0,0.08364312954873565,1
0,-0.043638644620520695,0
0,0.10308688881055217,1
0,-0.06682546968843278,0
0,-0.0469148616415333,0
1,-0.01656578693274402,0
0,0.031598794038452116,1
1,-0.015359966390029234,0
0,-0.08067625861643757,0
0,-0.08317672431413764,0
1,-0.015359966390029234,0
0,-0.05739223280061295,0
0,-0.09362361089991966,0
0,-0.06830699158070269,0
0,-0.047052935623897285,0
0,-0.014135035721586142,0
0,-0.06397111648611181,0
0,-0.052933717692757565,0
1,-0.012533536587400418,0
0,-0.07502283958443273,0
0,-0.025272045442925217,0
0,0.1454821840900058,1
1,-0.015359966390029234,0
0,-0.0579323546476207,0
0,-0.010999321578882282,0
1,-0.01684766364317286,0
0,-0.033721383272396654,0
0,-0.02979190171999041,0
0,-0.05228480213046943,0
0,0.03904759473477992,1
0,0.0588091508691474,1
0,-0.07526743945610898,0
0,-0.05958716705399425,0
0,-0.018345298314781155,0
1,-0.01636851034352016,0
0,-0.05233379525942922,0
0,-0.07470813710673724,0
0,-0.07960581909304693,0
0,-0.0494666079346604,0
0,-0.039593586696368754,0
0,0.111414400531199,1
0,-0.0554031887940068,0
0,-0.04497338354675828,0
0,-0.02073172512776411,0
0,-0.06546068527902643,0
0,-0.07178113523566604,0
0,-0.0527340507556564,0
0,-0.09964063317402161,0
1,0.0861309879970853,1
1,-0.04178255506444367,0
0,-0.06204266657784574,0
0,-0.06110264164932688,0
0,-0.025052017175572816,0
0,-0.07379495585521145,0
1,8.698741832924295e-05,1
0,0.026470276048069175,1
0,-0.08587834680122786,0
0,-0.011617211071276723,0
0,-0.06416774625414906,0
0,-0.06692046530598983,0
0,-0.06397111648611181,0
0,-0.08415823121586391,0
0,-0.0757108348836028,0
0,-0.07537108908838702,0
1,-0.05117178176113146,0
0,-0.032739218645877366,0
0,-0.05650450287084591,0
0,-0.03884353510242283,0
0,-0.025945816758818796,0
1,-0.013414130836250093,0
0,-0.06589403155787626,0
1,-0.015359966390029234,0
1,-0.01684766364317286,0
0,-0.04702350406559924,0
0,-0.06942243475075921,0
0,-0.09067062238101237,0
0,-0.06266039253213923,0
1,-0.02271806172311236,0
1,-0.015359966390029234,0
0,0.1262938038417123,1
0,-0.06308322343139605,0
0,-0.05541802563186449,0
0,-0.07206819153419247,0
0,-0.0742689923990783,0
0,-0.01347578903609059,0
0,-0.0639487931765953,0
0,-0.08725805415953003,0
0,-0.027757890103938365,0
0,-0.0862169984128977,0
1,-0.015359966390029234,0
0,-0.07416202962237484,0
0,-0.06893998717713268,0
0,-0.03931887321556948,0
0,-0.07175884834367957,0
0,-0.04105117440500061,0
0,-0.08038013235026648,0
0,-0.005877019658560079,0
0,-0.040769125442730425,0
1,-0.015343559786735572,0
0,-0.024712421984738553,0
0,-0.07182336163914177,0
0,-0.08109183827770333,0
0,-0.08004981190066524,0
0,0.006778481640609013,1
0,-0.07989388747894288,0
0,-0.09353846558464984,0
0,-0.0488133784092421,0
1,-0.015359966390029234,0
0,-0.012181762793595452,0
0,-0.0579323546476207,0
0,-0.057445397735663706,0
0,-0.08799441567756477,0
0,-0.0612672557668722,0
1,-0.018518095911605192,0
0,-0.06951600822730036,0
0,-0.07569264244380647,0
0,0.02196104593235093,1
1,-0.012533536587400418,0
0,-0.003054812586884059,0
0,-0.06662573696496304,0
0,-0.06989129290881302,0
0,0.09810645448915045,1
0,-0.05877989622637242,0
0,-0.09728279609498691,0
0,-0.0289777666315163,0
0,-0.061642496573177,0
0,-0.08431208744224467,0
0,-0.04554219909499091,0
0,-0.08941244340277671,0
0,-0.08561978325146546,0
0,-0.08108406635556858,0
0,-0.03746001548906974,0
0,-0.025629391516638622,0
0,-0.08324832732477283,0
0,-0.09619744616750003,0
0,-0.06564737668361736,0
0,-0.060347349902606706,0
0,-0.07363229026006513,0
0,-0.09074082928688876,0
0,-0.07438751241562613,0
0,0.06047871896689305,1
0,-0.06575740826884963,0
0,-0.06608727401905051,0
0,-0.046500507197329344,0
0,-0.0431947772290881,0
1,-0.07627774829239808,0
0,-0.022469954318964647,0
0,-0.06735989864062436,0
0,-0.033366817937762805,0
0,-0.06698986751123365,0
1,-0.05538178093926466,0
0,-0.05466108226088351,0
0,0.015093188785068046,1
0,0.1498047573721586,1
0,-0.09209660025611172,0
0,-0.08252283855382553,0
1,-0.01684766364317286,0
0,-0.0719056965151822,0
0,0.09943438793460357,1
0,-0.08098415780801366,0
0,-0.07964314355165597,0
0,-0.06089913442398914,0
0,-0.01242993994079139,0
0,-0.07079695563874078,0
0,-0.05211505920222459,0
0,-0.07922876651095578,0
0,-0.07134310144950862,0
1,-0.01876606469855946,0
0,-0.08757598406683254,0
0,-0.07562875573045325,0
0,-0.05454036429242709,0
1,-0.01670935978797633,0
0,-0.05694393993655322,0
0,-0.04023401580447544,0
0,-0.05905666376812707,0
1,-0.017768194614598942,0
0,-0.06597316604472453,0
0,-0.04716402466848213,0
1,-0.018518095911605192,0
0,-0.05233797448882599,0
1,-0.05313748833328591,0
0,-0.08549808538539999,0
0,-0.07746533207668083,0
0,-0.032488153952260734,0
0,0.07870357004251627,1
0,-0.04771249336836447,0
0,-0.05989256878587296,0
0,0.12594821929593436,1
0,-0.08139033048761629,0
0,-0.04284223382341529,0
0,-0.03341984783606994,0
0,-0.08258403187174346,0
0,-0.029438365834931035,0
1,-0.01175686289169997,0
1,-0.051349604051355524,0
0,-0.05925550973727961,0
0,0.12040229803687452,1
0,-0.04351874473399281,0
0,-0.05423578974359483,0
0,0.026470276048069175,1
0,-0.08287979431806536,0
0,-0.055930435989838656,0
0,-0.050734577864822605,0
0,-0.07189336358543408,0
0,-0.019187018344537288,0
0,-0.08080234238453043,0
0,-0.05655087590026131,0
0,-0.055907942152411794,0
0,-0.03648379781004618,0
0,-0.05615390109390889,0
0,-0.0075024458119847814,0
0,-0.06142523464278471,0
0,-0.05065325913623936,0
0,-0.05263741158537599,0
0,-0.010439651128002936,0
0,-0.045412347892316574,0
0,-0.05655412080667027,0
0,-0.060955491285814845,0
0,-0.018568700544304484,0
0,-0.010984827252994545,0
0,0.006778481640609013,1
0,-0.003790365617811431,0
0,0.026470276048069175,1
0,-0.028121524736593573,0
1,-0.018112772524855603,0
0,0.09721126296171889,1
0,-0.043655948138930534,0
0,-0.039697409881241874,0
0,-0.05622148319701159,0
0,0.0588091508691474,1
0,-0.06589403155787626,0
0,0.026470276048069175,1
1,-0.04002287134622895,0
0,0.03665410685190584,1
1,-0.012906365148818988,0
0,0.0588091508691474,1
1,-0.01670935978797633,0
0,-0.05091414828194335,0
0,-0.05476375684243284,0
1,-0.012138363772458194,0
0,-0.0805852975144461,0
0,-0.05140722671185455,0
0,-0.02476272407505653,0
0,-0.0822290064267917,0
0,-0.05909577360411111,0
0,0.031598794038452116,1
0,0.035289161509704514,1
1,-0.015359966390029234,0
0,-0.05654602886636784,0
0,-0.0688516140787308,0
1,-0.015359966390029234,0
0,-0.08079703191600973,0
0,0.0823389181399844,1
0,0.006778481640609013,1
0,-0.04926995923358679,0
0,0.035289161509704514,1
0,0.013552771301790667,1
0,-0.0606832558837021,0
0,0.2410561483423288,1
0,-0.07318032890653858,0
0,-0.0038426346023416325,0
0,-0.07555549566613767,0
0,0.12594821929593436,1
0,-0.05335259299343881,0
0,-0.060980629326287006,0
1,-0.01684766364317286,0
0,-0.04455633745819726,0
0,-0.07964240299126712,0
0,-0.04722179459879322,0
0,-0.06100116307436382,0
0,-0.06416774625414906,0
0,-0.07658323347611068,0
0,-0.027311480829357748,0
0,-0.037159274048393975,0
0,-0.07706713919624114,0
0,-0.09061518160116677,0
0,-0.05961468359852856,0
0,0.12594821929593436,1
0,-0.02585347448217007,0
0,0.0588091508691474,1
1,-0.018112772524855603,0
0,-0.058265562938977666,0
0,-0.06343419969957587,0
1,-0.03814431022735848,0
0,-0.04170997584055336,0
0,-0.06393579061242732,0
1,-0.018518095911605192,0
0,0.035289161509704514,1
0,-0.0812679192214446,0
0,-0.0824077815189323,0
0,0.12594821929593436,1
0,-0.018774277127575234,0
1,-0.04413389799883405,0
0,-0.07123867639864095,0
0,-0.0901774029938271,0
0,-0.07031858630393445,0
0,-0.02779083308736008,0
0,-0.0439080983112175,0
0,-0.049946208711536044,0
0,-0.0694325541849623,0
1,-0.01876606469855946,0
0,-0.05908460131329413,0
1,-0.01670935978797633,0
0,-0.055616035301756406,0
0,-0.08522732365592145,0
0,-0.029822783602780734,0
0,-0.050902805725738964,0
1,-0.059745741371975525,0
1,-0.009834764484795644,0
0,-0.06490742353912804,0
0,-0.0038426346023416325,0
0,-0.07040768060464736,0
0,-0.08397169832501772,0
1,-0.02990317933873915,0
0,-0.09108380554803858,0
1,0.004121669889559532,1
0,-0.010308747694074027,0
0,-0.08550730281520619,0
0,-0.10412877520983504,0
1,-0.01636851034352016,0
0,-0.019146207546679672,0
0,0.10242176951837101,1
0,-0.0038426346023416325,0
0,-0.10069114850813854,0
0,0.12594821929593436,1
0,-0.04971353380567223,0
0,-0.06397111648611181,0
0,0.1383270612556342,1
1,-0.018518095911605192,0
0,-0.07723885845930994,0
0,-0.03407332300893273,0
0,-0.08809305442474946,0
0,0.035289161509704514,1
0,-0.06531833177535867,0
0,-0.07926987156915727,0
0,-0.07305568830086684,0
0,-0.09122182172966875,0
1,-0.015359966390029234,0
0,-0.04934624534323018,0
0,-0.1044780722019853,0
0,-0.07261065750767065,0
0,-0.01402708174326689,0
0,0.031598794038452116,1
0,-0.01776568681493451,0
0,0.026470276048069175,1
0,-0.04464452999623053,0
1,-0.015359966390029234,0
1,-0.017623788684232145,0
0,-0.08508730303623024,0
1,-0.01738808843901385,0
0,-0.06262136162693216,0
0,-0.0380041203084861,0
0,-0.016954125538577502,0
0,-0.09177034523225941,0
0,-0.010811867389487972,0
0,-0.034132742396555116,0
0,-0.027109984897388306,0
0,-0.042459594264110334,0
0,-0.04915961093306265,0
0,-0.07492685805273458,0
0,-0.0593120732038927,0
0,-0.06284882641435102,0
1,-0.013279690438949887,0
0,-0.000474926114016172,0
0,0.0745721073418597,1
0,0.041451446717275076,1
0,-0.06745337708346455,0
0,-0.059865343442581154,0
1,-0.007425683277582196,0
0,-0.07157620055066688,0
0,-0.03881325232029831,0
0,-0.03650674561193212,0
0,-0.06581064355295924,0
1,-0.01684766364317286,0
1,-0.03350008430184026,0
0,-0.08957983955430587,0
0,-0.0265466635909114,0
0,-0.04831553432094848,0
0,-0.07935293642771774,0
0,-0.05345133884167336,0
0,-0.0823673447821735,0
0,-0.0872253875821572,0
0,0.2290927744294824,1
0,-0.07893747337692364,0
0,-0.04201006397646301,0
1,-0.017768194614598942,0
0,-0.0694808689395276,0
0,-0.016570912448932995,0
0,-0.08099976028775974,0
0,-0.06289882132606556,0
0,-0.06991955620100015,0
0,-0.04893551353887521,0
0,-0.055463688619176776,0
0,-0.04187378424485877,0
0,0.111414400531199,1
1,-0.015359966390029234,0
0,-0.06372588593980172,0
0,-0.08626117416160262,0
0,-0.06199391347527078,0
0,-0.08962302125176236,0
0,-0.052095295731593216,0
1,-0.03250151134036633,0
0,-0.06564737668361736,0
0,-0.05870099670864315,0
0,0.10308688881055217,1
1,-0.018518095911605192,0
0,-0.07004841045460924,0
0,-0.0794421608485868,0
0,-0.026347152290327025,0
0,-0.05106073264502836,0
0,0.08707755360912095,1
0,-0.07986252204269056,0
0,0.13789532397168736,1
1,0.00034727729939088015,1
0,-0.045714181738375714,0
0,-0.0378849638908938,0
0,-0.05613297205336043,0
0,-0.04343513287698114,0
0,-0.060347349902606706,0
0,-0.05233379525942922,0
0,-0.08433796904245139,0
0,-0.05968150408641015,0
0,-0.0038426346023416325,0
0,-0.06161327014655854,0
0,-0.03915019723034324,0
0,-0.08760088597200305,0
0,-0.06699289303218159,0
0,-0.08107864728077424,0
0,0.02196104593235093,1
0,-0.0855413377981169,0
0,-0.044522070972361605,0
0,-0.034744118225369935,0
0,-0.051115616352638615,0
0,-0.06931356572506775,0
1,-0.013414130836250093,0
0,0.003267180354908694,1
1,-0.00401224881638057,0
0,-0.041627405797202754,0
0,-0.05044365858201638,0
0,-0.08302766470016248,0
0,-0.06000217429042254,0
0,-0.08392556741671497,0
0,-0.03827318984837064,0
0,-0.09061271698357537,0
1,-0.03421764020327711,0
0,-0.07199904304763699,0
0,-0.05767787836088406,0
0,-0.07171889661458525,0
1,-0.016604910543930096,0
0,-0.07719487628017035,0
0,-0.057341458656241795,0
0,-0.0076429400550250826,0
1,-0.035232028783609703,0
0,-0.01916434666891642,0
0,-0.057457622103046,0
0,-0.04765168843781675,0
0,0.035289161509704514,1
0,-0.0263815830207752,0
0,-0.04247213566872221,0
0,-0.08039564090914353,0
0,-0.06915149642218144,0
1,-0.014926835742351319,0
0,-0.05570598470014332,0
1,-0.015183828558617052,0
1,-0.01738808843901385,0
0,-0.09101761016250393,0
0,-0.03822973367445737,0
0,-0.05498318026592208,0
0,-0.07648147151444096,0
1,-0.004902017290339289,0
0,-0.04080062977027632,0
0,-0.06430954372645886,0
0,-0.05371189242544161,0
1,-0.01636851034352016,0
1,-0.019505963821408123,0
0,-0.07587225795232799,0
0,-0.03671077763693703,0
0,-0.051206697918215194,0
0,0.13789532397168736,1
0,-0.05273247386649016,0
0,-0.06006450495078586,0
0,-0.024185251717354306,0
0,-0.06738397646978789,0
0,-0.05317762015032523,0
0,0.13789532397168736,1
1,0.018241695442831274,1
0,0.0010037010932322232,1
0,-0.0456132626971637,0
0,-0.04362694238261183,0
0,-0.08577522338451338,0
0,-0.08342349222316703,0
0,-0.05570598470014332,0
0,-0.09402144548285041,0
0,-0.07234292505268308,0
0,-0.07989759367043253,0
1,-0.01684766364317286,0
0,-0.05859967610490363,0
0,-0.06792856784299367,0
0,-0.05969401023182541,0
0,-0.037070018818069095,0
1,-0.007425683277582196,0
1,-0.039889449206946814,0
0,-0.07954441403681706,0
1,-0.010572883026401358,0
0,-0.08758219634032594,0
0,-0.039593586696368754,0
0,-0.06207365986382968,0
1,-0.01670935978797633,0
0,-0.07527876944731421,0
0,-0.08772554538716981,0
0,-0.08286629320917122,0
0,-0.03905022248988438,0
0,-0.057540138908376115,0
0,-0.04247213566872221,0
1,-0.019505963821408123,0
0,-0.09090028763955993,0
0,-0.03715244627614267,0
0,-0.008745311372469478,0
1,-0.0673840418543265,0
1,-0.01876606469855946,0
0,-0.04518110122671848,0
0,-0.036661519111343965,0
1,-0.015359966390029234,0
0,-0.06251569140595747,0
1,0.002360851465725511,1
1,-0.01684766364317286,0
0,-0.0882565441401042,0
0,-0.05717993750567685,0
1,-0.024721469487478775,0
0,0.006778481640609013,1
0,-0.07907819652097475,0
0,-0.05877536989014559,0
0,-0.0579323546476207,0
0,-0.019532680862559604,0
0,-0.07252714124828624,0
0,-0.047581586839398005,0
0,-0.038369796139080925,0
0,-0.023589777666461254,0
0,-0.04013952242825197,0
1,-0.01876606469855946,0
0,-0.01739634846276139,0
0,-0.07641663931423809,0
0,-0.08171250131783059,0
0,-0.0639487931765953,0
0,-0.039461539743170126,0
0,-0.04917692291988218,0
1,-0.015183828558617052,0
0,-0.07292302756993446,0
0,-0.05919384408640965,0
1,-0.019202241582551238,0
0,-0.07962885357272365,0
0,-0.05803204237903287,0
0,-0.03467332749127083,0
0,-0.0810358180614944,0
0,-0.06182486127373993,0
0,-0.06647708836225452,0
1,-0.015359966390029234,0
0,-0.05905616880312614,0
0,-0.046912195463998885,0
0,-0.10241740004428712,0
0,-0.08099976028775974,0
0,-0.07462480091657203,0
0,-0.020291396374163995,0
1,-0.08020849852883749,0
0,-0.07899004446940766,0
0,-0.05803204237903287,0
0,-0.07117174879574284,0
0,0.10308688881055217,1
1,-0.015359966390029234,0
0,-0.053601158031769514,0
0,-0.05396636126532817,0
0,-0.07928620134773268,0
0,-0.07308929588712976,0
0,0.21835872012308,1
0,-0.05716445185739072,0
0,-0.05203892423555506,0
0,-0.0591295678924364,0
0,-0.0038426346023416325,0
0,-0.07636928465548626,0
0,0.026470276048069175,1
0,-0.0559759731845364,0
0,-0.0739633977228441,0
1,-0.03679032553751732,0
0,-0.08094274318423056,0
0,-0.0790692120028183,0
0,-0.0015438636387206106,0
0,-0.056568938070602814,0
1,-0.012533536587400418,0
1,-0.007425683277582196,0
0,-0.07798754419865939,0
0,-0.033194653735075574,0
0,0.006778481640609013,1
1,-0.017653718166665,0
0,-0.040802857075119214,0
0,0.014782826161513385,1
0,-0.06416774625414906,0
0,-0.02333473726555796,0
0,-0.053152304100368475,0
0,-0.07919616909062732,0
0,-0.01883369370771909,0
0,-0.08833696688141679,0
0,-0.03964008271668046,0
0,-0.052511917747594505,0
1,-0.019202241582551238,0
1,-0.017693559032307016,0
1,-0.019505963821408123,0
0,-0.06444905192377226,0
0,-0.06100116307436382,0
0,-0.06204266657784574,0
0,0.026470276048069175,1
1,-0.04700878155148569,0
1,-0.01876606469855946,0
1,-0.01636851034352016,0
0,-0.08421372829873736,0
0,-0.06792445481741977,0
1,-0.01636851034352016,0
0,-0.05524163741883081,0
0,0.111414400531199,1
0,-0.01480660532660627,0
0,-0.10644646059872492,0
0,-0.002554756370265421,0
0,-0.054834855954613126,0
0,-0.07567945208115834,0
1,-0.015666438022868323,0
0,-0.09521619270152404,0
0,-0.09182253139090385,0
0,-0.05806842412078339,0
0,0.1262938038417123,1
0,-0.07324700966832459,0
0,-0.049459554263915795,0
0,-0.08038013235026648,0
0,-0.023455320503594723,0
0,-0.058522975481910766,0
0,-0.07707402747586584,0
0,-0.07420038980226884,0
0,0.09721126296171889,1
0,-0.03261280507006947,0
0,-0.021865746971794553,0
0,-0.029338188945184418,0
0,-0.06382777996537342,0
0,-0.06046705177513667,0
0,-0.06873980219529319,0
0,-0.017328837417826926,0
0,0.026470276048069175,1
0,-0.06534769198602436,0
1,-0.015359966390029234,0
0,-0.083654060352219,0
0,-0.03070113051286333,0
0,-0.06608274756908511,0
0,-0.04386322348040561,0
0,-0.059865343442581154,0
0,-0.08614769019127722,0
0,-0.060955491285814845,0
0,-0.05541802563186449,0
1,-0.015359966390029234,0
0,-0.011391551995560745,0
0,0.006778481640609013,1
0,-0.03339932117545363,0
0,-0.07633771304184944,0
0,-0.07692106083989314,0
0,-0.030061047185332535,0
0,-0.08209508271306626,0
0,-0.030818613168666464,0
0,-0.0728019224791096,0
0,-0.04898417633700386,0
0,-0.07927246375865127,0
1,-0.015183828558617052,0
0,-0.07585982187673035,0
0,-0.05895726017827885,0
0,-0.059466331578727494,0
1,-0.015359966390029234,0
0,-0.06202801409304831,0
0,-0.04801632168182901,0
0,-0.08986173116879254,0
0,-0.04498204128433353,0
0,-0.01890954466973538,0
1,-0.015359966390029234,0
1,0.015830020202551087,1
0,-0.08366749616714958,0
1,-0.053391175335350094,0
0,-0.04228403453955332,0
1,-0.01670935978797633,0
0,-0.09933124061137177,0
0,-0.04357690631477301,0
0,-0.055843259377282295,0
0,-0.08661785992962218,0
1,-0.012906365148818988,0
0,-0.024315738260153208,0
0,-0.09995917548427952,0
1,-0.037979511834368096,0
0,-0.08339822990975265,0
0,0.013552771301790667,1
0,-0.08615138755463947,0
0,-0.024767372080614025,0
0,-0.08065141295276174,0
0,0.06860724881286973,1
0,-0.04299552185618316,0
0,-0.07990948033210543,0
0,-0.08211628780659436,0
0,0.0587254486289438,1
1,-0.08507004810206364,0
0,-0.01639040798944852,0
0,-0.05570385791531446,0
1,-0.01670935978797633,0
0,-0.0672508193153874,0
0,-0.017360430909936664,0
0,-0.044938051402225065,0
0,-0.07474414548670927,0
0,-0.06608274756908511,0
0,-0.09365602428405001,0
1,-0.061567995731155234,0
0,-0.06937328172788498,0
1,-0.015487024097411095,0
0,0.0790158450480346,1
1,-0.016764872256409713,0
0,-0.0007690528213529779,0
1,-0.015962008411279427,0
0,-0.0660131528036621,0
0,0.0588091508691474,1
0,-0.08349316689650388,0
1,-0.015359966390029234,0
0,-0.047311566535575,0
0,-0.07006251946413056,0
0,-0.10550708324001462,0
0,-0.04213257902566431,0
0,-0.03403702873137371,0
0,-0.05694393993655322,0
0,-0.0646327613226299,0
0,-0.021686607443264005,0
0,-0.04776488282263924,0
0,-0.0063857293267496895,0
0,-0.07648665893830031,0
0,-0.04266377720616338,0
0,-0.06190412879980911,0
1,-0.019202241582551238,0
0,-0.07677675456073746,0
0,-0.0621448249633722,0
0,0.035289161509704514,1
1,-0.00019622769989091626,0
0,-0.04283026007428109,0
0,0.03097011913284431,1
0,-0.06269612881744252,0
1,-0.02006253071359887,0
0,0.026470276048069175,1
0,-0.08161018522388586,0
0,0.019661116027161807,1
1,-0.012533536587400418,0
0,-0.06139813706390812,0
0,-0.04152193234612228,0
0,-0.0398136254134307,0
0,-0.08869814771321693,0
0,-0.04609354848631225,0
0,-0.011588558896570511,0
1,-0.06400421863860101,0
0,-0.08194860565242357,0
0,-0.054401235047559504,0
1,-0.01636851034352016,0
1,-0.033053891478000474,0
0,-0.012019562453565114,0
0,-0.044160643559170265,0
0,0.111414400531199,1
0,-0.07680473491701678,0
0,-0.07718166603521054,0
1,-0.07227272810797108,0
0,-0.0995110897878631,0
0,0.013552771301790667,1
1,-0.019202241582551238,0
0,-0.048104678534397316,0
0,0.026470276048069175,1
0,-0.01579890060693301,0
0,-0.08754532522904751,0
1,-0.012906365148818988,0
0,-0.06589403155787626,0
0,-0.07713080347470308,0
0,-0.04242369960290282,0
0,-0.053514901923887026,0
1,-0.017043261177559443,0
0,-0.08761163754633577,0
0,0.006778481640609013,1
0,-0.05396636126532817,0
0,-0.03542810463580276,0
0,-0.025287405807527086,0
0,-0.09712961234061618,0
0,-0.06564737668361736,0
0,-0.04057138255741194,0
0,0.026470276048069175,1
1,-0.013414130836250093,0
0,-0.059354899092797064,0
0,-0.06682546968843278,0
0,0.0030448851572080216,1
1,-0.05110529373797151,0
1,-0.01738808843901385,0
0,-0.1057023486350297,0
0,-0.0749401431388384,0
0,-0.0881617284199524,0
1,-0.015666438022868323,0
1,0.021854326003906688,1
1,-0.01636851034352016,0
0,-0.07885208553660406,0
0,-0.037987808359070396,0
0,-0.07777236072274607,0
1,-0.01636851034352016,0
0,-0.07868371501645044,0
0,-0.021782458023001605,0
0,-0.05536334069327725,0
0,-0.06499525294153286,0
0,-0.08543591736857192,0
0,-0.0672154446960434,0
0,-0.07149699643171747,0
0,0.12594821929593436,1
0,-0.08459751180367836,0
0,0.052565855343152834,1
0,0.031598794038452116,1
0,-0.06787542230989635,0
0,0.2290927744294824,1
0,-0.08553237928285201,0
0,-0.07670888369487455,0
0,-0.013299262809501444,0
0,-0.09685849554225068,0
0,-0.09059323657450302,0
1,-0.015359966390029234,0
0,-0.10046467177376711,0
0,-0.0038426346023416325,0
0,-0.07185333060886612,0
0,-0.0653918065863287,0
0,0.035289161509704514,1
0,-0.10465550878373553,0
0,-0.05933859151528764,0
0,-0.07483815724603021,0
0,-0.06673045664855709,0
0,-0.0772997075177222,0
0,-0.09688549672507901,0
1,-0.012533536587400418,0
1,-0.015359966390029234,0
1,-0.01684766364317286,0
1,-0.01876606469855946,0
0,-0.04611654388312436,0
0,-0.0024795861017132825,0
0,0.006778481640609013,1
0,-0.05411017260383166,0
0,-0.04389863207722622,0
0,0.026470276048069175,1
0,-0.03827222732219415,0
0,-0.0659146743641637,0
1,-0.015183828558617052,0
0,-0.03211305395974129,0
1,-0.020120122682346975,0
0,-0.055009228954919054,0
0,-0.03611870312326537,0
0,-0.0815802218018824,0
0,-0.05820270557571272,0
0,-0.046975138316359466,0
0,-0.061309680918430476,0
0,-0.010056297294754268,0
0,-0.07400382490273083,0
0,-0.054419048352982446,0
0,-0.019772851304220518,0
1,-0.01876606469855946,0
0,-0.06123157560201903,0
1,-0.0484359051639458,0
0,-0.010720754390062426,0
1,-0.017768194614598942,0
0,-0.08255830202513992,0
0,-0.06860975465263192,0
0,-0.05922337597284283,0
0,-0.07955364260552406,0
1,-0.08940379275594806,0
0,-0.05365116508036383,0
0,-0.04210307519369555,0
0,-0.008374635074196501,0
0,-0.08294527224495662,0
0,-0.04976428066540617,0
0,0.08440381736961045,1
1,-0.05290305220311137,0
0,-0.07721418636916155,0
0,0.1387590907459595,1
0,-0.07259000356294132,0
0,0.0588091508691474,1
0,-0.027114234324815634,0
0,0.00021585744359653436,1
0,0.006778481640609013,1
0,0.026470276048069175,1
0,-0.10333169326403902,0
0,0.1454821840900058,1
0,0.0588091508691474,1
0,-0.07988448792334568,0
0,-0.01973708336633928,0
0,-0.034703818228403516,0
0,-0.0753758367671244,0
0,-0.05358693650922758,0
0,-0.06141389585848511,0
0,0.1454821840900058,1
0,-0.05438938423635692,0
0,-0.05038518647726675,0
0,-0.07518742349890667,0
0,-0.024900257880403454,0
0,-0.052746085834045275,0
0,-0.04411978651503429,0
0,-0.05969401023182541,0
0,-0.031212131773368956,0
0,-0.06015462030613555,0
1,-0.002503781053464549,0
0,-0.010212648317911466,0
0,-0.07727163117647878,0
0,-0.10109912239558727,0
0,-0.060427013966983745,0
0,-0.06806505495387805,0
0,-0.02912804464079094,0
0,-0.040011226070479244,0
0,0.0588091508691474,1
0,-0.07936111306861865,0
0,-0.061711088390223545,0
0,-0.04554219909499091,0
0,-0.07882453422660951,0
0,-0.05349100082463659,0
1,-0.01684766364317286,0
0,-0.01792187261532313,0
0,-0.012162739742143158,0
0,-0.04770442154225374,0
0,0.04294142229451636,1
0,0.015982090023809015,1
0,-0.07552979664492881,0
0,0.035289161509704514,1
0,-0.06399857848038587,0
0,-0.05086661095824241,0
0,-0.06092586548579565,0
0,-0.08067490163178798,0
1,-0.019202241582551238,0
0,-0.029624709258367965,0
0,-0.0038426346023416325,0
0,0.014566536649677997,1
0,-0.0038426346023416325,0
1,-0.018112772524855603,0
1,-0.015666438022868323,0
0,-0.07623945809959393,0
0,-0.06673045664855709,0
0,-0.08253293375362303,0
0,-0.0029039222641453755,0
0,-0.09072682675699967,0
1,-0.033257177516645586,0
0,0.11823539363750624,1
0,0.035289161509704514,1
0,-0.05155553891435721,0
1,-0.045356859968535335,0
1,-0.015359966390029234,0
0,0.08430423430292089,1
0,-0.0827566338721788,0
0,-0.015297022684652772,0
0,-0.07567534562165135,0
0,-0.06148243808485232,0
0,-0.05567876171039765,0
0,-0.0635530611320429,0
0,-0.05551828035287254,0
0,0.23299190513571988,1
0,-0.054271216825104995,0
0,0.031598794038452116,1
0,-0.05694393993655322,0
0,-0.044009523160332575,0
0,-0.014486995191039409,0
0,-0.0038426346023416325,0
0,0.11116238115833188,1
0,-0.05614509836379522,0
0,-0.07850546103500727,0
0,-0.07571976050682766,0
0,-0.09890247833698468,0
0,-0.0740786915133429,0
1,-0.01636851034352016,0
1,-0.015359966390029234,0
0,-0.04726920851911404,0
0,-0.07035848486208779,0
0,-0.05259809824492312,0
0,-0.08671105762709969,0
0,-0.05655087590026131,0
0,-0.03510863848740403,0
1,-0.015359966390029234,0
0,-0.06200292088287629,0
0,-0.07704095529587607,0
1,-0.007425683277582196,0
0,-0.014590507269822528,0
0,0.035289161509704514,1
0,-0.08165849034479666,0
1,-0.01369374019699432,0
1,-0.019505963821408123,0
0,-0.04976428066540617,0
0,-0.060980629326287006,0
0,0.1262938038417123,1
0,-0.08040465427789445,0
0,-0.08612399079686894,0
0,-0.05894477938994003,0
0,-0.0494666079346604,0
1,-0.01738808843901385,0
0,-0.013451811237984557,0
1,-0.01684766364317286,0
0,-0.05963429576214008,0
0,0.035289161509704514,1
0,-0.07781770839139007,0
0,-0.07750086991771454,0
0,-0.042502850312347684,0
0,0.006778481640609013,1
0,-0.07412047953047379,0
0,0.013552771301790667,1
0,-0.01857028449006065,0
0,-0.036086805492768104,0
0,-0.07262766347398286,0
0,-0.05250975502259958,0
0,-0.05604462695503404,0
1,-0.02330646071227571,0
0,-0.06478589870495166,0
0,-0.027046629269137923,0
0,-0.07790305747456416,0
0,-0.03517238869697992,0
0,-0.07823107733516266,0
0,-0.082355537591905,0
0,-0.052890060579059595,0
0,0.017893132094946473,1
0,-0.07137579750749473,0
0,-0.0410391427065786,0
0,-0.009617084353753969,0
1,-0.015343559786735572,0
0,-0.05173371001036503,0
0,-0.07453679838981059,0
0,-0.0038426346023416325,0
0,-0.08115535155516451,0
0,-0.0523977719386966,0
0,-0.03895309331582708,0
0,-0.029694910568383304,0
0,0.1454821840900058,1
0,-0.04543739006990466,0
0,0.09721126296171889,1
0,-0.070536606206557,0
0,-0.08061426600911031,0
0,-0.06786986200979733,0
1,-0.017921249832477393,0
0,-0.04020656903036579,0
1,-0.01670935978797633,0
1,-0.01738808843901385,0
0,-0.05629582915839815,0
1,-0.008537733030188677,0
0,-0.02434971980493772,0
1,-0.007425683277582196,0
0,-0.03077216189563986,0
1,-0.02006253071359887,0
0,0.035289161509704514,1
0,-0.0038426346023416325,0
0,-0.08328817743467176,0
0,-0.0038426346023416325,0
0,-0.02223798839416219,0
0,0.1262938038417123,1
0,-0.08286802448876507,0
0,-0.0737309811103749,0
0,-0.07454998402465812,0
0,0.022593928512326222,1
0,0.026470276048069175,1
0,-0.042088944552791996,0
1,-0.04586035069796757,0
1,-0.012906365148818988,0
0,-0.054861910443152806,0
0,-0.059773688516025825,0
0,-0.06523045452186882,0
0,0.09721126296171889,1
0,-0.010581290656255016,0
0,-0.07476714359023306,0
0,-0.08106095108854555,0
0,-0.05481282153108974,0
0,-0.03291180267380345,0
0,-0.08238183307823121,0
0,-0.0654660381400542,0
0,-0.062023380141129125,0
0,-0.07263434471144242,0
1,-0.02006253071359887,0
0,-0.053896453098354224,0
0,-0.0729788624945576,0
0,-0.04309857789330851,0
0,-0.0657240923837965,0
0,-0.08183559866566736,0
0,-0.06971239743188645,0
0,-0.05968150408641015,0
1,-0.01508493992152915,0
0,0.11116238115833188,1
0,-0.04271420326636516,0
1,-0.015359966390029234,0
0,-0.09213515388271404,0
1,-0.015183828558617052,0
1,-0.01636851034352016,0
1,-0.05795719470455263,0
0,-0.03792764135277321,0
0,-0.06859148388582681,0
1,-0.017768194614598942,0
1,-0.01644592340899681,0
0,-0.07558207173467896,0
0,0.0016573270282564945,1
0,-0.061936616018164026,0
1,-0.01738808843901385,0
0,-0.08064784854987112,0
0,-0.03964805898152185,0
1,-0.03861347848915114,0
0,-0.07910031549543978,0
1,-0.015359966390029234,0
0,-0.046297024653422114,0
0,-0.06490605494432405,0
0,-0.0808884503637965,0
0,-0.07965010951788187,0
0,-0.08362963295143871,0
0,-0.06764712814822371,0
0,-0.06528925923151957,0
0,-0.07075219560230023,0
0,-0.010762381317530378,0
0,-0.022484169859257885,0
0,-0.06589403155787626,0
0,-0.04630734423185856,0
0,-0.056255870734640445,0
0,-0.030396325790679968,0
0,-0.03846934382351541,0
0,-0.061638562246292994,0
0,-0.05555971322304254,0
0,-0.07943834027581148,0
0,-0.007499414250911607,0
0,-0.08061710026095364,0
0,-0.07497411798913739,0
0,0.09721126296171889,1
0,-0.025287405807527086,0
0,-0.0523675518845077,0
0,-0.08031993681367489,0
0,0.006778481640609013,1
0,-0.06016371187517899,0
0,-0.08079703191600973,0
0,-0.07603623524328323,0
1,-0.015343559786735572,0
0,0.006778481640609013,1
0,-0.086842684379552,0
0,0.01722587386098151,1
0,0.10308688881055217,1
0,-0.026953901661510682,0
0,-0.08249033940229672,0
0,-0.039077027248271834,0
0,-0.09300409376115787,0
1,-0.017768194614598942,0
0,-0.06060166708531922,0
0,0.0588091508691474,1
0,0.02196104593235093,1
0,-0.0767847394470132,0
1,-0.05861158880203077,0
0,-0.07623271282896904,0
1,-0.006315050479404227,0
0,-0.05963429576214008,0
0,0.0588091508691474,1
0,-0.08831156481039326,0
0,-0.047609386174305324,0
0,-0.06404739024558148,0
0,-0.08224145419235834,0
0,-0.021774740761667077,0
0,-0.0775521920488732,0
0,-0.03507040212010559,0
1,-0.013414130836250093,0
1,0.00034727729939088015,1
0,-0.06600219337152508,0
0,-0.08936639509566635,0
1,-0.015359966390029234,0
0,-0.04706138027790602,0
0,-0.04936547397953045,0
0,-0.07284683827187477,0
0,-0.05002990088885362,0
0,-0.0889894712279598,0
1,-0.015359966390029234,0
0,-0.06193898136800052,0
0,-0.05908460131329413,0
0,-0.07670888369487455,0
1,-0.01876606469855946,0
0,-0.0520577753097875,0
0,-0.07788354139418019,0
0,-0.05622148319701159,0
0,-0.027998574823476508,0
0,-0.06416774625414906,0
0,-0.018560663827802026,0
0,0.03618056317310081,1
0,-0.05694393993655322,0
0,-0.07895568805241304,0
0,-0.04903954423639373,0
0,-0.05694393993655322,0
1,-0.01670935978797633,0
0,-0.02807776523020966,0
0,-0.05527287577475165,0
0,-0.04010639301997593,0
1,-0.015359966390029234,0
0,-0.07142398625531737,0
1,-0.03321716570963967,0
1,-0.03857352900742511,0
1,-0.019963689339438206,0
0,0.035289161509704514,1
0,-0.05068706721629207,0
1,-0.01738808843901385,0
0,-0.06308962117423134,0
0,0.1262938038417123,1
0,0.035289161509704514,1
0,-0.04494615375437094,0
0,0.12594821929593436,1
0,-0.037870926279149286,0
0,-0.03571455661978762,0
0,-0.05335259299343881,0
0,0.009015241314147993,1
1,-0.03294341627664321,0
1,-0.015359966390029234,0
0,-0.06107009515265904,0
0,-0.06530536824714889,0
0,0.006778481640609013,1
0,-0.07933467269597139,0
1,-0.018518095911605192,0
0,-0.08217367241941442,0
0,-0.05628320408130322,0
0,0.006778481640609013,1
0,0.16608148388901844,1
0,-0.011226397956481116,0
0,-0.060980629326287006,0
1,-0.015359966390029234,0
0,-0.05505625147021748,0
0,-0.07832423615560458,0
0,-0.05426802717918622,0
0,-0.05172800531744021,0
0,0.026470276048069175,1
0,-0.07833385974831275,0
0,-0.04833132791741446,0
0,-0.05614509836379522,0
1,-0.05812611077565849,0
0,0.06245365258460289,1
0,-0.07181343421996295,0
0,-0.05990917948826874,0
1,-0.044744919631213576,0
0,-0.0695360113588741,0
0,-0.056568938070602814,0
0,-0.0413238642137696,0
1,-0.013603213204861575,0
0,-0.05803204237903287,0
0,-0.06516987252009132,0
0,-0.0559759731845364,0
1,-0.014926835742351319,0
0,0.11116238115833188,1
0,-0.06161327014655854,0
0,-0.03356491763804853,0
0,-0.014161332568352059,0
0,0.08332478001771015,1
0,-0.07158252042397595,0
0,-0.03993693310476848,0
0,0.12594821929593436,1
0,-0.08002044224062038,0
0,-0.05587020831957584,0
1,-0.015183828558617052,0
0,-0.017502063232369025,0
0,-0.036861163658693075,0
0,-0.04518246518285074,0
0,-0.09107267665015495,0
0,-0.0059634713106089254,0
0,0.0588091508691474,1
1,-0.07506638272729904,0
0,-0.08203658468288522,0
0,-0.055779763708305674,0
1,-0.02521321259023207,0
0,-0.0424721127847934,0
0,-0.06396635172379245,0
0,0.0588091508691474,1
0,-0.09510853146587744,0
1,-0.012906365148818988,0
0,-0.05864044148995334,0
0,-0.07286880298983217,0
0,-0.08036637321081153,0
0,-0.05626786847204801,0
1,-0.04585943009920135,0
0,-0.02305545563103656,0
0,-0.04921307349332066,0
0,-0.02665591104654008,0
1,0.031473522584932634,1
0,-0.016335691386086537,0
0,-0.040857269292786935,0
1,-0.015359966390029234,0
0,-0.012721885731366067,0
0,-0.06887409631416525,0
1,-0.01684766364317286,0
0,-0.045641592965319944,0
0,-0.09938111505801922,0
0,-0.08250692439596574,0
0,-0.08617885783161361,0
0,-0.048277284874529036,0
0,-0.030868900891042883,0
0,0.031598794038452116,1
0,-0.07628547570595734,0
0,-0.044009523160332575,0
0,-0.015973016096979042,0
0,-0.08047235698548377,0
0,-0.08010580704457848,0
0,-0.007938493362669385,0
0,0.12594821929593436,1
0,-0.0038426346023416325,0
0,-0.08294542793745513,0
1,-0.01670935978797633,0
1,-0.017768194614598942,0
1,-0.053915723896954926,0
0,-0.07401699585773647,0
0,-0.017214545720676766,0
0,-0.07896589765579426,0
0,-0.018691391549182534,0
0,-0.03344126591466923,0
0,-0.04459259400105303,0
0,-0.07198117438818058,0
0,-0.0778980424068737,0
0,0.09721126296171889,1
0,-0.07777044705030922,0
1,-0.01369374019699432,0
0,-0.07793044619831108,0
0,-0.07649899283651507,0
0,-0.0572987611945146,0
0,-0.05721921371702143,0
0,0.026470276048069175,1
1,-0.012533536587400418,0
0,-0.0658404387617269,0
1,-0.01738808843901385,0
1,-0.017768194614598942,0
0,-0.0894145100274954,0
0,0.09721126296171889,1
0,-0.08773084711331541,0
0,-0.04172159900313338,0
0,-0.08064374364821225,0
1,-0.013414130836250093,0
0,-0.0808856502682796,0
0,-0.08391230198712146,0
0,-0.0307956821583405,0
0,-0.02973968176617542,0
0,-0.05041693542985631,0
0,0.031598794038452116,1
0,-0.028491990718814975,0
0,-0.0822423139228109,0
0,-0.07389228182472868,0
0,-0.09658319858261766,0
0,-0.0008626460837867223,0
1,-0.04355237922329169,0
0,-0.08847268207131281,0
0,-0.030883803855243808,0
1,-0.015359966390029234,0
0,0.05663065969322156,1
0,-0.0830712481279492,0
0,-0.06077302069884111,0
0,-0.07357658535698486,0
1,-0.015359966390029234,0
0,-0.013537214354154448,0
0,-0.05572283810994583,0
0,-0.07707795289580821,0
0,-0.07445253277334862,0
0,-0.07879101264217675,0
0,-0.07336839142491991,0
0,-0.05371189242544161,0
0,-0.0014002656465350038,0
0,-0.02725823597950372,0
0,0.1454821840900058,1
0,-0.04788134282471157,0
1,-0.05102722335968368,0
0,-0.029710041063253423,0
0,-0.0955101545354834,0
0,0.12594821929593436,1
1,-0.015359966390029234,0
0,-0.042766908052815966,0
1,-0.017768194614598942,0
0,-0.07656703928655689,0
0,-0.0038426346023416325,0
0,-0.06353697009510301,0
1,-0.01876606469855946,0
0,-0.029666099578065153,0
0,0.09721126296171889,1
0,-0.0276550940213226,0
1,-0.04402468221107775,0
0,-0.0038426346023416325,0
0,-0.07472630774336886,0
1,-0.017768194614598942,0
0,-0.078326541040178,0
0,0.0178642701153644,1
0,-0.014488559932935685,0
0,0.026470276048069175,1
1,-0.01636851034352016,0
0,-0.02165373951015015,0
1,-0.01670935978797633,0
0,-0.07549055986219383,0
0,-0.0849070940710534,0
0,-0.06554940662288172,0
1,-0.0351671896619829,0
0,-0.022568018838586112,0
0,0.026470276048069175,1
0,-0.0563120796601036,0
1,-0.013682135193750111,0
0,-0.09495376035158726,0
0,0.09721126296171889,1
0,-0.07193614132115261,0
1,0.008184790128610064,1
0,-0.07537688211968979,0
0,-0.014804596747932885,0
0,-0.05869820328949166,0
0,-0.07513227627867519,0
1,-0.007583309852939424,0
0,-0.06383366320845107,0
0,-0.06411212112877801,0
0,-0.07150846154553725,0
0,-0.039593586696368754,0
0,-0.05614509836379522,0
0,0.1454821840900058,1
0,-0.06310491087373404,0
0,0.13818311637003922,1
0,-0.0738780177917554,0
0,-0.0529880492344581,0
0,-0.07449206771722272,0
0,-0.06161327014655854,0
1,-0.017623788684232145,0
0,-0.05808460497200285,0
0,-0.07877854087669423,0
0,-0.060980629326287006,0
0,-0.0795324557952008,0
0,-0.060980629326287006,0
0,-0.07252856743779312,0
0,-0.054844993429804534,0
1,-0.015359966390029234,0
0,-0.01647532188344325,0
0,-0.07575240509290865,0
0,-0.020709158580391407,0
0,-0.07536474058588011,0
0,-0.039593586696368754,0
1,0.008184790128610064,1
0,-0.05767787836088406,0
0,-0.09494853534926645,0
0,-0.06754785533690266,0
1,-0.012906365148818988,0
0,-0.0715862699860419,0
0,-0.07025170660589647,0
0,-0.06496295651606127,0
0,-0.06416774625414906,0
0,-0.08948188508935717,0
0,-0.025942931865228724,0
0,-0.08123432538315034,0
0,-0.03244785097658931,0
0,0.09150043927168994,1
1,-0.015359966390029234,0
0,0.04773964416597487,1
1,-0.04350776922774513,0
0,-0.026451957643989,0
0,-0.0767151441864577,0
1,-0.07676314770809911,0
0,-0.08693102289105542,0
0,0.09943438793460357,1
0,-0.05189326810831191,0
0,-0.0754037191507465,0
0,0.0702562068786875,1
0,-0.06668703847459473,0
0,-0.06603900016341668,0
0,0.09216859914427644,1
0,-0.07972997765864659,0
1,-0.051501717504755684,0
0,-0.08482876829648822,0
0,-0.03517689361814247,0
0,-0.05558583438984488,0
0,-0.04995739070442179,0
0,-0.07667725440128287,0
0,-0.04186830184969059,0
0,-0.09354544100946605,0
1,-0.015343559786735572,0
0,-0.05714373865083949,0
1,-0.015359966390029234,0
0,-0.05714373865083949,0
0,-0.03238996975945557,0
0,-0.04299597142723066,0
0,-0.030886847251806182,0
0,0.05193578644548169,1
1,-0.01684766364317286,0
0,-0.05530803959052716,0
0,-0.08051614632922255,0
0,0.035289161509704514,1
1,-0.04128766882759066,0
0,-0.047953728313279265,0
0,-0.08583096932482576,0
1,-0.01738808843901385,0
0,-0.05054868872939927,0
1,-0.01876606469855946,0
0,-0.09747589740139384,0
0,-0.06505064819279632,0
0,-0.07798892826651888,0
0,-0.04712742419592547,0
0,-0.05615390109390889,0
0,-0.06765082529289107,0
0,-0.05049939419611155,0
0,-0.09091346601495581,0
1,-0.018518095911605192,0
0,-0.07738574114389246,0
0,-0.06056616792387565,0
0,0.06331483246476621,1
1,-0.01636851034352016,0
0,-0.07459668490821253,0
0,-0.0593120732038927,0
0,0.006778481640609013,1
0,-0.06194388345958718,0
0,-0.03833686430499589,0
0,-0.07461948127298579,0
0,0.006778481640609013,1
0,-0.07470881852986644,0
0,0.02196104593235093,1
1,-0.015359966390029234,0
0,-0.005280131318987635,0
0,-0.05869820328949166,0
0,-0.1009793668613822,0
0,-0.05363479312580072,0
0,-0.01641853460877246,0
0,-0.006658850658918414,0
1,-0.01738808843901385,0
0,-0.040475242274138734,0
0,-0.01591682846892256,0
0,-0.027287360483017276,0
0,-0.038551837744765116,0
0,-0.06809464610344435,0
0,-0.06682546968843278,0
1,0.008184790128610064,1
0,-0.06142523464278471,0
0,-0.08597264960157397,0
1,-0.01876606469855946,0
0,0.006778481640609013,1
0,-0.07714880681130876,0
0,-0.07913653148022254,0
0,-0.07417747286815113,0
0,-0.07828428028302875,0
0,-0.06548913374378335,0
0,-0.06306287687018747,0
0,-0.04925546797761432,0
0,-0.043961105981074444,0
0,-0.08104508110019998,0
0,-0.07604369194656951,0
0,-0.06222552011444232,0
0,-0.04348846812850443,0
0,0.02196104593235093,1
1,-0.06955792516798043,0
0,-0.08178156043715723,0
0,-0.03829641187524924,0
0,-0.05476173858981931,0
0,-0.04818186911600819,0
0,0.04886368388007056,1
0,-0.08106095108854555,0
0,-0.07336815597099783,0
0,-0.06520120877263785,0
1,-0.015359966390029234,0
0,-0.07331728110630559,0
1,-0.00958252401075943,0
0,-0.060955491285814845,0
0,-0.07512449027276186,0
0,-0.08194785180934533,0
0,-0.012439252800787726,0
1,-0.015359966390029234,0
1,-0.06774591208126485,0
0,-0.06610221078013201,0
0,-0.08398728993484145,0
0,-0.08604944500085326,0
1,-0.0580555675090369,0
0,-0.05655412080667027,0
0,-0.04661539536772613,0
0,-0.06703585228842102,0
0,-0.03302904826408243,0
0,-0.06864692723713922,0
1,-0.01876606469855946,0
0,-0.058555660133071064,0
1,-0.01876606469855946,0
0,-0.07860593708546015,0
0,-0.07817774964223495,0
0,-0.052730034387347746,0
0,-0.0563006056517521,0
0,-0.07829640059610299,0
0,-0.07397606830606313,0
0,-0.05173622113093562,0
0,-0.07148929845743274,0
1,-0.012906365148818988,0
0,-0.035257763406494,0
0,-0.02482916369838367,0
0,-0.053590350860968916,0
0,-0.07827228302641698,0
0,-0.05238576340384826,0
1,-0.027974735343929802,0
0,-0.07655062102249605,0
0,0.09721126296171889,1
0,-0.024308546237253037,0
1,-0.07677331142179256,0
0,-0.10164769096633403,0
0,0.006778481640609013,1
0,-0.07685367667508702,0
0,-0.057233633598810785,0
0,-0.06711571918737902,0
0,-0.07139951106226305,0
0,-0.06607104054629431,0
0,-0.03437396548301824,0
0,-0.05655412080667038,0
0,-0.06285011063546159,0
1,-0.007425683277582196,0
1,-0.01876606469855946,0
0,-0.07162034360391006,0
0,-0.03476322147969735,0
0,-0.08257762480319175,0
0,-0.042947246350260815,0
1,-0.018518095911605192,0
0,-0.07900411604421836,0
0,-0.03850334714200676,0
0,-0.0780041342140112,0
0,-0.05276484849138957,0
0,-0.05301030757578973,0
0,0.013552771301790667,1
1,-0.01670935978797633,0
0,-0.06491539208421726,0
1,-0.02006253071359887,0
0,-0.049407431015541126,0
0,0.035289161509704514,1
0,-0.08545201870999813,0
1,-0.01670935978797633,0
0,-0.05839880884078863,0
0,-0.05276076582877831,0
0,-0.08106095108854555,0
1,-0.018448207554442375,0
0,-0.015031393022381712,0
1,-0.015183828558617052,0
0,0.006778481640609013,1
0,0.026470276048069175,1
0,0.044805280345049936,1
1,-0.05521901767953763,0
0,-0.011007118402267868,0
0,-0.038358634414111525,0
0,-0.05800120712993584,0
0,-0.05101322732266189,0
0,-0.03350862105420094,0
0,0.08437456699586898,1
1,-0.016764872256409713,0
0,-0.07685035914794808,0
0,-0.07987087177187874,0
0,-0.06383366320845107,0
1,-0.05597747002150594,0
0,-0.0242977169774673,0
0,-0.03216698224401493,0
0,-0.05290474603358153,0
0,-0.04749004013163877,0
0,-0.06029058960092115,0
1,-0.019202241582551238,0
0,-0.03337557985672046,0
0,0.1262938038417123,1
0,-0.084145327140633,0
0,-0.013528874957791925,0
0,-0.03804523898975398,0
0,0.13818311637003922,1
0,-0.10069670841365147,0
0,-0.0893546148020708,0
1,-0.01876606469855946,0
0,-0.06657552484158596,0
0,-0.05426802717918622,0
1,-0.05627034617611176,0
0,-0.06581660438764542,0
0,-0.036949854371914004,0
0,0.006778481640609013,1
0,-0.02126903043714279,0
1,-0.06945057964173901,0
0,-0.05840196975862599,0
0,0.0588091508691474,1
0,-0.09326209506949773,0
0,-0.0675224528525023,0
0,-0.07614136330550586,0
0,-0.02565170002391598,0
0,-0.08106275325322398,0
0,-0.07378726274687497,0
0,-0.027729067696022403,0
0,0.026470276048069175,1
0,-0.0722363639023314,0
0,-0.05238576340384826,0
0,0.08868167748898848,1
0,-0.029203274438070026,0
0,-0.042619399049424855,0
0,-0.09458316270704414,0
0,0.024727063108739178,1
0,0.073476270088075,1
0,-0.07547333318068133,0
0,-0.05503334366189078,0
1,0.013421516385380694,1
0,-0.06160639239809346,0
1,-0.06504685358413759,0
1,-0.01684766364317286,0
0,-0.08520465250337761,0
0,-0.06698986751123365,0
0,0.01025519120233409,1
0,-0.07300441435409105,0
0,-0.06604065957734656,0
0,-0.05615390109390889,0
0,-0.06343419969957587,0
0,0.111414400531199,1
0,-0.08664393797352593,0
0,0.006778481640609013,1
1,-0.018518095911605192,0
0,-0.02340081837593766,0
1,-0.015359966390029234,0
0,-0.017106327676207178,0
0,-0.10388019656085862,0
0,-0.07261965515919472,0
0,-0.07793813017088119,0
1,-0.015359966390029234,0
1,-0.04438655949600223,0
0,0.09721126296171889,1
0,-0.08244957562127092,0
0,-0.025696875579916956,0
0,0.006778481640609013,1
1,-0.01684766364317286,0
0,-0.031461192292011775,0
1,-0.015359966390029234,0
1,-0.03653833122983707,0
0,-0.09537092167043965,0
1,-0.057175363202540574,0
0,0.01606236802545269,1
0,0.026470276048069175,1
1,-0.017768194614598942,0
1,-0.06206296332231631,0
0,-0.014021571677892919,0
0,-0.05140181738338595,0
0,-0.05694393993655322,0
0,-0.03380767284427405,0
0,-0.07502342038305582,0
0,-0.04188527864695818,0
0,-0.07285096888330145,0
0,-0.04442244753681912,0
0,-0.05518378877078084,0
0,-0.057862495532280234,0
0,-0.07740007393162618,0
0,-0.07417085385117422,0
1,-0.01670935978797633,0
0,-0.08417195567303182,0
1,-0.01738808843901385,0
0,0.035289161509704514,1
0,-0.07657059975691316,0
0,-0.03615036737522648,0
0,0.1454821840900058,1
0,0.12594821929593436,1
0,-0.06300831048096489,0
0,-0.08491116439613439,0
1,-0.012906365148818988,0
0,-0.07830538930636527,0
1,-0.017623788684232145,0
0,0.026470276048069175,1
1,-0.09073126220484462,0
0,-0.06589403155787626,0
0,-0.057498132440137184,0
1,-0.0341807323290948,0
0,-0.06506320204915905,0
1,-0.020120122682346975,0
0,-0.06115916692568896,0
0,0.09943438793460357,1
0,-0.04010639301997593,0
0,0.031598794038452116,1
0,-0.08365334897151117,0
0,-0.04329143787290812,0
0,-0.030292894033441597,0
0,-0.00806560596187017,0
0,-0.011527968346243922,0
0,0.02196104593235093,1
0,-0.07891587905756986,0
1,0.00034727729939088015,1
1,-0.017768194614598942,0
1,0.00018013481343504,1
0,-0.07047062966500417,0
0,-0.1025322309510891,0
0,-0.056400661348016135,0
0,-0.07636884357972434,0
0,-0.04673876646148761,0
0,-0.07952841237405406,0
0,-0.04845870211507047,0
0,-0.06300093276397395,0
0,-0.06326096740217341,0
0,-0.014145329770685777,0
0,0.002067378145315213,1
0,-0.054631162020289836,0
0,-0.052905602299925525,0
0,-0.08021955346934939,0
0,-0.021593943370468494,0
0,0.12594821929593436,1
0,-0.07064863569047941,0
0,-0.0641753375874064,0
0,-0.05694393993655322,0
0,0.006778481640609013,1
0,-0.06991397308938418,0
0,-0.05905666376812707,0
0,-0.04782215636291898,0
0,-0.05327274502993218,0
0,-0.06262136162693216,0
1,-0.06994755901662969,0
1,-0.018112772524855603,0
0,-0.07220666247387941,0
0,-0.07227504121520956,0
0,0.00016809229012937354,1
0,-0.057862495532280234,0
0,-0.006409762252725104,0
0,-0.06368615841143277,0
1,-0.04309675658286738,0
0,-0.07768228980284775,0
0,-0.05714373865083949,0
0,-0.07750912170179697,0
0,-0.046443278689186906,0
0,-0.06397111648611181,0
0,-0.02019974762082266,0
1,-0.02660452362325294,0
0,0.0796243461503402,1
0,-0.052865701512709695,0
0,-0.04805566625827823,0
0,-0.05563240303842665,0
0,-0.10044878052817546,0
0,-0.06585887100186999,0
0,-0.04328327231094131,0
0,-0.013182047990695944,0
0,-0.024225870660294413,0
0,-0.05371189242544161,0
0,-0.0377232759224686,0
0,-0.06885182000291079,0
0,-0.0038426346023416325,0
0,-0.06175690392138011,0
0,-0.055009228954919054,0
1,-0.01636851034352016,0
0,-0.04117507907348128,0
0,-0.0889642302938215,0
0,0.02873517577174456,1
0,-0.07494222320363325,0
0,-0.0727778986491125,0
0,0.006778481640609013,1
0,0.026470276048069175,1
1,-0.007425683277582196,0
0,0.026470276048069175,1
0,-0.052512447783059635,0
0,-0.08287785199671655,0
0,-0.09140649039650917,0
0,0.1262938038417123,1
1,-0.01684766364317286,0
1,-0.018112772524855603,0
0,-0.00016152682917230932,0
0,-0.005468490376591917,0
0,-0.05812619165387278,0
0,-0.0579323546476207,0
0,-0.03913988009604724,0
0,-0.04299597142723066,0
0,-0.07367390973629995,0
1,-0.019505963821408123,0
0,0.035289161509704514,1
0,-0.09390583146794856,0
0,-0.08133795565625779,0
1,-0.015359966390029234,0
0,-0.06593174371031635,0
0,-0.07025710931677981,0
0,-0.06531187001819921,0
0,-0.0519787775964185,0
0,-0.05098091917498382,0
0,-0.06538274357207285,0
0,-0.09069170720856545,0
0,-0.061332170855181056,0
0,-0.08722898479823987,0
0,-0.08334493545476396,0
0,-0.060076939879366076,0
1,-0.03648094094663218,0
0,-0.04539778407247391,0
0,-0.08015877379662534,0
0,-0.019722141094777268,0
0,-0.0640247705488316,0
0,0.09721126296171889,1
0,-0.06962835704378101,0
0,-0.0849960711856238,0
0,-0.06580607346918871,0
0,-0.07046285517121376,0
0,-0.08531964859201685,0
0,-0.08740378083878675,0
0,-0.08712997082644003,0
1,-0.012906365148818988,0
0,-0.07799278850081987,0
0,-0.05812619165387278,0
0,-0.07119237811534518,0
1,-0.017768194614598942,0
0,-0.05442329350235292,0
1,-0.015359966390029234,0
0,-0.0562524147144029,0
0,-0.07972997765864659,0
0,-0.010183508650264517,0
0,-0.07195777939048875,0
0,-0.09003352310496032,0
0,-0.04574405230456707,0
0,-0.07057320869597183,0
0,0.0017624879486832778,1
0,-0.06776870959234516,0
1,-0.01636851034352016,0
0,-0.053794043320215645,0
0,-0.06861022406896722,0
0,-0.06889644027002162,0
0,-0.03091519966647016,0
0,-0.07338882759929943,0
0,-0.04148457040041775,0
0,-0.049680057024739155,0
0,0.05180506892135106,1
0,-0.05291809461899444,0
0,-0.011613151894662221,0
1,-0.012533536587400418,0
0,-0.08065109671361326,0
0,-0.07659891812892616,0
0,-0.04568302002037594,0
0,-0.03652926914842092,0
0,-0.07638184587556862,0
0,-0.08396367531175458,0
0,-0.09930448132901859,0
0,0.11823539363750624,1
0,-0.08298326656355481,0
0,-0.07847909886584503,0
0,-0.06262136162693216,0
0,-0.05518378877078084,0
0,-0.053794043320215645,0
0,-0.041877195334866446,0
0,-0.0862561719639956,0
0,-0.043096647107069785,0
0,-0.058936577792229716,0
0,-0.037987808359070396,0
0,-0.06673045664855709,0
0,-0.03904500436726621,0
0,-0.030173636050270236,0
0,-0.008230623404614501,0
0,-0.05694393993655322,0
0,-0.002091621932213572,0
0,-0.04065913766662732,0
0,0.1262938038417123,1
0,0.006107556715879814,1
0,-0.02900507574310157,0
0,-0.06785916481738913,0
0,-0.047459705702175836,0
0,-0.07680925261337385,0
0,-0.05541802563186449,0
0,-0.07595146069197561,0
0,-0.017952738769503374,0
0,-0.056856671733258424,0
0,-0.08080308780851686,0
0,-0.054160947810490134,0
0,0.035289161509704514,1
0,0.0015235923268839269,1
0,-0.006568642802708302,0
0,-0.05465626147993369,0
0,-0.07109047273473601,0
0,-0.06200292088287629,0
0,-0.07565517421193696,0
0,-0.05968150408641015,0
0,-0.056985503903621504,0
0,-0.05614509836379522,0
0,-0.018135301130546733,0
0,-0.08788527179823508,0
0,-0.044928276989227245,0
0,-0.08129431769962842,0
1,-0.017768194614598942,0
0,-0.0879879751672793,0
0,-0.031442590631308664,0
0,-0.07287206171151195,0
0,-0.05783264443122155,0
0,-0.020235185246127663,0
0,-0.08252964163266063,0
0,-0.08195408841029794,0
0,-0.05944554698786625,0
0,-0.06334868095017765,0
0,-0.04840560761122531,0
0,-0.038372714282364606,0
0,-0.07643902242599776,0
0,0.11823539363750624,1
0,-0.05454036429242709,0
0,-0.05516298292062005,0
0,-0.009881038572631118,0
1,-0.029549744955010337,0
0,-0.05481372618722824,0
0,-0.0463366819015093,0
0,-0.06032104855286097,0
0,-0.001927747045149808,0
0,-0.04210147818114035,0
0,-0.010987647774693243,0
0,-0.061143083134429566,0
0,0.111414400531199,1
0,-0.0342117848078618,0
0,-0.08152841536886901,0
0,-0.06279103245092826,0
0,-0.04386322348040561,0
0,-0.08079703191600973,0
0,-0.06343419969957587,0
0,-0.04347395816663463,0
0,-0.06589403155787626,0
1,-0.019202241582551238,0
0,-0.06579611713118477,0
0,-0.05191145595066082,0
0,-0.0911127714527944,0
0,-0.06207365986382968,0
1,0.008733852881700477,1
1,-0.015359966390029234,0
0,-0.053597024330275966,0
0,-0.054698825050526645,0
0,-0.048329065498371515,0
1,-0.01876606469855946,0
0,0.0588091508691474,1
0,-0.04222781193722036,0
0,-0.08323565946625094,0
1,-0.01663401635005174,0
0,0.21835872012308,1
0,-0.07277019683286795,0
0,-0.05554906380299646,0
0,-0.04966272810557176,0
0,-0.02123450132255883,0
0,-0.03516685130703345,0
0,-0.04243387360729056,0
0,-0.050207184500739466,0
0,-0.06202801409304831,0
0,-0.08850423514578387,0
0,-0.057457622103046,0
0,-0.06062507667975875,0
1,-0.026923160814796676,0
1,-0.026891615474683717,0
0,-0.05237243618568582,0
0,-0.07855819893299099,0
0,-0.061143083134429566,0
0,-0.0896213092051778,0
1,-0.018518095911605192,0
0,-0.05989256878587296,0
0,-0.0729075439972045,0
0,-0.03582963044263471,0
0,-0.07827967392987017,0
0,-0.051204792091946005,0
1,-0.01684766364317286,0
0,-0.08204604917050023,0
0,-0.08803735630140397,0
0,0.11823539363750624,1
0,-0.07831446600600833,0
0,-0.08699728226097131,0
0,-0.05426802717918622,0
1,0.00034727729939088015,1
0,-0.05473416211569254,0
0,-0.09762263226434997,0
1,-0.056689793037489,0
0,-0.024763255558945374,0
0,-0.053618244554898775,0
0,-0.017171827024935193,0
0,0.08662902012372664,1
0,-0.06372632628556951,0
0,-0.0919665752681072,0
0,0.026470276048069175,1
1,-0.015359966390029234,0
0,-0.05612138708636211,0
0,-0.06219698897508641,0
0,-0.07414974592688361,0
0,-0.07634787829576051,0
0,-0.042186696109419386,0
0,-0.0038426346023416325,0
0,0.006778481640609013,1
1,-0.01684766364317286,0
0,-0.08178593436956028,0
0,-0.05693042788221525,0
0,-0.08604732000738807,0
0,-0.06798870626774378,0
0,-0.04219293175933575,0
0,0.031598794038452116,1
0,-0.06860958855003407,0
0,-0.08453287370172824,0
1,0.0023605415158003407,1
0,0.0588091508691474,1
0,-0.07681977783117017,0
0,-0.01820857321967151,0
0,-0.028979157056241434,0
0,-0.0822115992930399,0
0,0.09721126296171889,1
0,-0.07978909782200083,0
1,-0.00907413325161277,0
0,-0.03717336123366216,0
0,-0.07978438234095103,0
0,0.02196104593235093,1
0,-0.05541802563186449,0
0,-0.03504181523617811,0
0,-0.05803204237903287,0
1,-0.008393359773755937,0
1,-0.015359966390029234,0
0,-0.05233379525942922,0
0,-0.061010267792169226,0
1,-0.01670935978797633,0
1,-0.01684766364317286,0
1,-0.012533536587400418,0
0,-0.0632580472891141,0
1,-0.012533536587400418,0
0,-0.07528271738855224,0
0,-0.05241326276777308,0
0,-0.04222781193722036,0
0,-0.052431334339855806,0
0,-0.02560685697853249,0
0,-0.04467215411969011,0
0,-0.0010994002715857265,0
0,-0.10249841413049882,0
0,-0.058936577792229716,0
0,-0.058936577792229716,0
0,-0.06253099860059502,0
0,-0.03698922211120348,0
0,-0.0808856502682796,0
0,0.09721126296171889,1
0,-0.07968177283601063,0
0,-0.05400367957414631,0
0,-0.06424371967293624,0
0,-0.04347651722132018,0
0,-0.1007456254846279,0
0,-0.00526813284969202,0
0,-0.03819615545144789,0
0,-0.0515739869103396,0
0,0.031598794038452116,1
1,-0.02006253071359887,0
0,-0.07295746579704787,0
1,-0.03601450122592281,0
0,-0.08490096617515236,0
0,-0.07548381135430665,0
0,-0.055009228954919054,0
0,-0.07672868180339992,0
0,-0.04558453714933719,0
0,-0.08061348964659798,0
0,-0.012289983904071655,0
1,-0.006315050479404227,0
0,-0.04320979125853208,0
0,-0.06416774625414906,0
0,-0.03818559025250856,0
0,-0.05168028477538039,0
0,-0.059354899092797064,0
0,-0.08023754189472604,0
0,-0.08353168546411427,0
0,-0.07445565308812663,0
1,-0.01636851034352016,0
0,-0.08047900392980961,0
0,-0.03400850632583946,0
1,-0.012906365148818988,0
0,-0.052803901818917254,0
0,-0.01870859149474663,0
0,-0.07047259857376043,0
0,-0.04168637063768149,0
1,-0.08305603584935384,0
0,-0.04866796683590063,0
0,-0.05735371730895039,0
0,-0.06310201511864721,0
0,-0.05894477938994003,0
1,-0.015666438022868323,0
0,-0.07467258090292478,0
0,-0.07434350965525244,0
0,-0.07194606188286085,0
0,-0.04357931039631657,0
0,-0.05894477938994003,0
1,0.00034727729939088015,1
0,-0.05049939419611155,0
0,-0.03219983369438062,0
0,-0.032415619988425126,0
0,-0.056634364062761344,0
0,-0.039398212597580806,0
0,-0.0770170823734363,0
0,0.10308688881055217,1
0,-0.07397877002752723,0
0,-0.06117571238307856,0
0,-0.009571693711207696,0
0,-0.07296194954161966,0
0,-0.01313301583008697,0
0,-0.07640872385584224,0
0,-0.02335754014168817,0
0,-0.030444365694403563,0
1,-0.017768194614598942,0
1,-0.003910254082305442,0
1,-0.015183828558617052,0
0,-0.08107864728077424,0
0,-0.07599648139385867,0
0,-0.0768631717143104,0
0,-0.0519996625912294,0
0,-0.05714373865083949,0
0,-0.06167093930321049,0
0,-0.05554906380299646,0
0,-0.03738963292782532,0
0,-0.08326124541537516,0
0,-0.04227035008689428,0
0,-0.07539388157400162,0
0,-0.07547719937391728,0
0,0.1343895387709514,1
0,0.07991980353333683,1
0,0.08489088803935263,1
0,-0.0803938763871826,0
0,-0.067910866241154,0
0,-0.057374078368985226,0
0,-0.04598560982349964,0
0,-0.053964750774674664,0
0,-0.05908460131329413,0
0,-0.04348846812850443,0
0,-0.08122086796496703,0
0,-0.09021768594092705,0
0,-0.06015199329771098,0
0,-0.060035572120015424,0
0,-0.04348846812850443,0
1,-0.015017692856083065,0
0,0.12594821929593436,1
1,-0.06642993441027095,0
0,-0.07423241332717445,0
0,-0.05968150408641015,0
0,-0.07019792196058777,0
0,-0.054167502736082174,0
1,-0.015359966390029234,0
1,-0.03462776872420675,0
0,0.10788629335537325,1
1,-0.015359966390029234,0
0,-0.08151520586502703,0
0,-0.08560068264762838,0
0,0.11823539363750624,1
0,-0.06948327968985785,0
0,-0.06616700807119641,0
0,-0.045641592965319944,0
0,-0.05254695778797708,0
0,-0.08882886241144167,0
0,-0.10020346962245952,0
0,-0.09108046914606538,0
0,0.041451446717275076,1
0,-0.06719226390704391,0
0,-0.06397111648611181,0
0,-0.04509319251522764,0
0,-0.050510966183176687,0
0,-0.04856813016810524,0
0,-0.07558212403082343,0
0,0.13789532397168736,1
1,-0.007425683277582196,0
0,-0.07356322776441593,0
0,-0.046638203685252066,0
0,-0.040626256091155166,0
1,-0.012533536587400418,0
0,-0.040181212790232734,0
0,-0.025322832159158537,0
0,-0.07580922624691294,0
0,-0.07869026071276713,0
0,-0.03777909797968981,0
0,-0.027234725070132637,0
0,-0.05504098055391238,0
0,-0.05655412080667027,0
0,-0.057457622103046,0
0,-0.06847095267277636,0
0,-0.08083108269338485,0
0,-0.0676996542104148,0
0,0.0855363536924818,1
0,-0.06116342427545568,0
0,-0.03475845623914642,0
0,-0.06835281202483456,0
0,0.12594821929593436,1
0,0.111414400531199,1
1,-0.015359966390029234,0
0,0.16608148388901844,1
0,-0.08111055280182822,0
0,-0.08212684731669062,0
0,-0.05894477938994003,0
1,-0.015666438022868323,0
0,-0.05716445185739072,0
0,-0.04741114103832511,0
0,0.09721126296171889,1
0,0.02196104593235093,1
0,-0.06341543538732497,0
0,-0.05750480042820577,0
0,-0.009393797610706356,0
0,-0.09445725524385057,0
1,-0.01738808843901385,0
0,-0.05049939419611155,0
1,-0.012755913413436404,0
1,-0.01684766364317286,0
0,-0.08325723890820425,0
0,-0.053827232432672456,0
1,-0.023209029585226915,0
0,-0.07442281815173135,0
1,-0.01876606469855946,0
0,0.026470276048069175,1
0,-0.043638644620520695,0
1,-0.015183828558617052,0
0,-0.005639384689666016,0
0,-0.034387048673710674,0
1,-0.043277492258130545,0
0,-0.08018593192101214,0
0,-0.01409629460237205,0
0,-0.0494666079346604,0
0,-0.06848903858078975,0
0,-0.09281615967149964,0
0,-0.023015129065360573,0
1,-0.015183828558617052,0
0,-0.08885686387158259,0
0,-0.031779261819349924,0
0,-0.09038089496645219,0
0,-0.07264788793950389,0
0,-0.039197170439940976,0
0,-0.09120956452673995,0
0,-0.05544220379636561,0
0,-0.036872734374604144,0
0,-0.08534641990777342,0
0,-0.02357536916066416,0
0,-0.0707707408488602,0
0,-0.05101440939033591,0
0,-0.024617372815438965,0
0,-0.02264174552046727,0
0,-0.05694393993655322,0
0,-0.07343662639108561,0
0,0.005008830441707635,1
0,-0.048519967110572326,0
1,-0.015359966390029234,0
0,-0.07633677646603365,0
0,-0.039697409881241874,0
0,-0.047371904757151584,0
1,-0.014592810365958164,0
0,-0.06391063220957988,0
0,-0.06899261028897247,0
0,-0.08416541433577152,0
0,0.1454821840900058,1
0,-0.06879085509647215,0
1,-0.01876606469855946,0
0,-0.08163936526004084,0
0,0.1454821840900058,1
0,-0.0644075234192319,0
0,-0.05659710953557695,0
0,-0.06077302069884111,0
1,-0.07449476369253272,0
1,-0.015359966390029234,0
0,-0.04708377128232305,0
0,-0.047371904757151584,0
1,-0.012533536587400418,0
1,-0.04735663503511933,0
0,-0.07884428583524883,0
0,-0.06364709770228955,0
1,-0.01498950315021813,0
0,-0.05966245678409782,0
0,-0.06673045664855709,0
0,0.026470276048069175,1
0,-0.05905616880312614,0
0,-0.047803390491543696,0
0,-0.04809635729630696,0
0,-0.05890072988023831,0
0,-0.06965017312319416,0
0,-0.08738273657979295,0
0,-0.054863170851889576,0
0,-0.02945548040552831,0
0,-0.046912195463998885,0
0,-0.07564313801481548,0
1,-0.07105341228008394,0
0,-0.05384537309073134,0
1,-0.06217317021235247,0
0,-0.05540891139443349,0
1,-0.016073260078441787,0
1,-0.01684766364317286,0
0,-0.09530632332489136,0
1,-0.014568757388112474,0
0,-0.037987808359070396,0
0,-0.0581887464642315,0
1,-0.01684766364317286,0
0,-0.018905045108004448,0
1,-0.014926835742351319,0
0,-0.059554490376104996,0
0,-0.030149746525042098,0
0,-0.08484263228262684,0
0,-0.07389777607988252,0
0,-0.03904625061935557,0
0,-0.04037159453263278,0
0,-0.0572643127534484,0
0,-0.07964304218212359,0
0,-0.049537163615509416,0
1,-0.04632831612758265,0
0,-0.07888389243659699,0
0,-0.07928828928171999,0
0,0.10308688881055217,1
0,-0.03534480553678976,0
0,-0.04222533503731557,0
0,-0.0550087424494794,0
0,-0.09162250213785184,0
1,-0.015359966390029234,0
0,-0.056483987797898816,0
1,-0.011874413339566237,0
0,-0.07215138453210335,0
0,0.035289161509704514,1
0,-0.041566821322889635,0
0,-0.08549210286592274,0
0,0.10308688881055217,1
0,-0.013732330021964945,0
1,-0.015359966390029234,0
0,-0.07428604805077865,0
0,-0.0451353098859229,0
1,-0.02006253071359887,0
0,0.035289161509704514,1
0,-0.04056652635304547,0
0,-0.08348475256185084,0
1,-0.015359966390029234,0
0,-0.0515009060863455,0
0,-0.01956502935605592,0
0,-0.07966694980867561,0
0,-0.0859676069221107,0
0,-0.08077744663874276,0
0,-0.04195899247223245,0
0,-0.05578521531796904,0
0,-0.05666893325700961,0
0,0.0588091508691474,1
0,-0.0667066068030977,0
0,-0.05694393993655322,0
0,0.09721126296171889,1
0,-0.04360049713209396,0
1,-0.013414130836250093,0
1,-0.04402111578444412,0
0,-0.07157086171648458,0
0,-0.07081692056974648,0
0,-0.07561444714994559,0
0,-0.08319582041878998,0
0,-0.030057444589326687,0
0,0.12594821929593436,1
0,-0.05918867891457419,0
0,-0.00995788080213239,0
0,-0.02218682250220433,0
0,-0.08804361849580322,0
1,-0.016435306695228802,0
0,-0.08412772286877057,0
0,-0.012830757600110154,0
0,-0.08051889525557687,0
0,-0.06893485754366135,0
0,-0.05455581232694384,0
1,-0.012533536587400418,0
0,-0.08885001694040762,0
0,-0.004585146725434031,0
0,-0.06911113580547229,0
0,0.12594821929593436,1
1,-0.012906365148818988,0
0,-0.07078076321310084,0
0,-0.07176083902403002,0
0,-0.06860143546619529,0
1,-0.012906365148818988,0
0,-0.060980629326287006,0
0,-0.05158649469288257,0
0,-0.008280159488120775,0
1,-0.06929952241856258,0
0,-0.054822486469007115,0
0,-0.05263896523563644,0
0,-0.05442329350235292,0
1,0.02294643083558745,1
0,-0.05238644479813498,0
1,-0.06191812789769269,0
0,-0.05035690321449299,0
1,-0.01876606469855946,0
1,-0.01684766364317286,0
0,-0.06383366320845107,0
0,-0.05359169009617876,0
1,-0.04790590187273763,0
0,-0.05290361017035872,0
0,-0.07926987156915727,0
0,-0.061440620332753604,0
0,-0.0638431207925439,0
0,-0.04348846812850443,0
0,-0.07427203678020311,0
0,-0.07361027023527489,0
0,-0.05154876325150948,0
0,-0.051185254039644856,0
0,0.13381750445632845,1
1,-0.01636851034352016,0
0,-0.03959744639291085,0
0,-0.04337300716910003,0
0,-0.044009523160332575,0
0,-0.055290788365681465,0
0,-0.05919384408640965,0
0,0.04484548851759085,1
0,-0.08278657301811432,0
0,-0.06212452380093292,0
1,-0.015487024097411095,0
0,-0.0579323546476207,0
1,-0.021124377974874264,0
0,-0.07837265327599874,0
0,-0.06250726139437685,0
0,-0.08075659010284647,0
0,-0.0739279578075483,0
0,-0.07809821399227668,0
0,-0.06622216953611282,0
0,-0.07865087883561739,0
0,-0.014652067191493923,0
1,-0.015183828558617052,0
1,-0.01636851034352016,0
0,-0.07704095529587607,0
1,-0.02613668019115578,0
0,0.006778481640609013,1
0,-0.053794043320215645,0
0,-0.04328741088149157,0
1,-0.015359966390029234,0
0,-0.06612022568570658,0
0,-0.0037583011197604987,0
0,-0.0033691205753189624,0
0,-0.04468910905143897,0
0,-0.02643601701857995,0
0,0.028953868061504906,1
0,-0.04370053133820295,0
0,0.05353705562251021,1
0,-0.04010639301997593,0
0,-0.08772026165708413,0
1,-0.01876606469855946,0
0,-0.05918402920923238,0
0,-0.0855983686233322,0
0,-0.05928343468384778,0
0,-0.06237318996806723,0
0,-0.06581064355295924,0
0,-0.025014557979674612,0
1,-0.08489825892382757,0
0,-0.05602109792040383,0
0,-0.04677344605610412,0
0,-0.06934227710981128,0
0,-0.0902014028494923,0
0,-0.07529327333030716,0
0,-0.03738963292782532,0
0,-0.009423211301223033,0
0,-0.045788104307171895,0
0,-0.08243594169238705,0
0,-0.06190873733111163,0
0,-0.06589403155787626,0
0,-0.05384821453720545,0
0,-0.0038426346023416325,0
1,-0.015183828558617052,0
0,-0.07909367733763772,0
1,-0.00019622769989091626,0
0,-0.05490885941522761,0
1,-0.015183828558617052,0
0,-0.058063496821812555,0
0,-0.0550087424494794,0
0,-0.05518378877078084,0
0,-0.07242099427428583,0
1,-0.01738808843901385,0
0,-0.06466446249974844,0
1,-0.019202241582551238,0
0,-0.06733679022792405,0
0,-0.004763425172207236,0
0,-0.051556910089706476,0
0,0.0588091508691474,1
0,-0.07410554175529965,0
0,-0.07589971812137952,0
0,-0.07712117843469057,0
0,-0.031521197094330045,0
0,-0.05560364505210591,0
0,-0.05655412080667027,0
0,-0.0692026415926898,0
0,0.0588091508691474,1
0,-0.05541802563186449,0
0,0.016417782389417823,1
1,-0.01670935978797633,0
1,-0.015183828558617052,0
0,-0.0495486714841063,0
0,-0.0563006056517521,0
0,-0.07240519318238264,0
0,0.12594821929593436,1
1,-0.012906365148818988,0
0,-0.06107962966157182,0
0,0.041451446717275076,1
0,-0.033721383272396654,0
1,-0.020120122682346975,0
0,-0.08571288884409667,0
0,-0.055169126959499826,0
0,-0.009209881154590316,0
0,-0.0680756166109312,0
0,-0.04858266737891015,0
0,-0.07489086012800006,0
0,-0.07182808455002215,0
0,-0.07610802642986764,0
0,-0.029632679463585665,0
0,0.09721126296171889,1
1,-0.015359966390029234,0
0,-0.057265473703839276,0
1,-0.03304058372254981,0
1,-0.01670935978797633,0
1,-0.01738808843901385,0
0,-0.10198150215672086,0
0,-0.07893165017652642,0
0,0.026470276048069175,1
0,-0.03538792898082371,0
0,-0.07162551881112472,0
0,-0.05169455219543939,0
0,-0.009608951633901297,0
0,-0.07036316485966082,0
0,0.08024523863607891,1
0,-0.0780033748689648,0
0,-0.06480326452298374,0
0,-0.01798561183790104,0
0,-0.05086661095824241,0
0,-0.08207536864614245,0
1,-0.01670935978797633,0
0,-0.07683425204688094,0
0,-0.056693941806163106,0
1,-0.033411928088500464,0
0,-0.08450579068209102,0
0,-0.03696560301409291,0
1,-0.01738808843901385,0
0,-0.06565755831698056,0
1,-0.015359966390029234,0
0,-0.08462406054372751,0
0,-0.05518378877078084,0
1,0.014761123131268206,1
0,-0.0038426346023416325,0
0,-0.06151681931820113,0
0,-0.024933935008668306,0
0,-0.01946509248672884,0
0,-0.015594939809887909,0
0,-0.07839497641455467,0
0,-0.05363479312580072,0
0,0.031598794038452116,1
0,-0.07502400951845739,0
0,-0.022867127845899615,0
0,-0.08484629287788059,0
0,-0.061143083134429566,0
0,-0.07519678967255172,0
0,0.11116238115833188,1
0,0.006778481640609013,1
0,-0.07241321174797999,0
0,-0.018489379920308302,0
0,-0.07181090005944385,0
1,-0.019505963821408123,0
0,-0.05530803959052716,0
0,-0.055911341930106884,0
0,-0.06849813243839092,0
0,-0.080871942846725,0
0,0.02196104593235093,1
0,-0.08391930480239812,0
0,-0.022439385553385427,0
0,-0.05149810417682288,0
0,-0.04297865069248524,0
0,0.02579643257487907,1
0,-0.08067506488311427,0
1,-0.06747065659777501,0
0,-0.08070247892371935,0
1,-0.01684766364317286,0
0,-0.05615390109390889,0
1,-0.012906365148818988,0
0,-0.0287515330773902,0
0,-0.060980629326287006,0
0,0.0863963279990273,1
0,-0.0022543363333896727,0
1,-0.04435122103129191,0
0,-0.009909112303796375,0
0,-0.027324339948551157,0
0,-0.040955514533241366,0
0,0.006778481640609013,1
0,-0.09918782973016133,0
0,0.1262938038417123,1
0,-0.04124406182363666,0
0,-0.06323723898519945,0
0,-0.055463688619176776,0
0,-0.05203198890569949,0
0,-0.007493650458723633,0
0,4.657793398021859e-05,1
0,-0.0486323441669525,0
0,-0.022944133084570772,0
0,-0.020571082857457956,0
1,-0.015666438022868323,0
0,0.1454821840900058,1
0,-0.06102136680214171,0
1,0.0009670018451091167,1
0,-0.0548228745450301,0
0,-0.07423826612243822,0
0,-0.051491272449595005,0
0,-0.03845067382174738,0
1,-0.012906365148818988,0
0,0.111414400531199,1
0,-0.08618086821644555,0
0,0.041451446717275076,1
1,-0.035011156516446484,0
0,-0.047609386174305324,0
0,-0.0781241292030222,0
0,-0.07028098399135807,0
0,-0.07031073051565484,0
1,-0.007425683277582196,0
0,-0.04048145527338681,0
0,-0.08297691783806144,0
0,-0.06538274357207285,0
0,-0.02972726809007925,0
0,-0.05536746540640031,0
0,-0.0659560533660406,0
0,-0.05655412080667038,0
0,-0.006331103224967161,0
0,0.02196104593235093,1
0,-0.06056616792387565,0
0,-0.038375692363261105,0
0,-0.09947341275625066,0
0,-0.07763413336207603,0
0,-0.05048969012450738,0
0,0.04456129213534077,1
0,-0.0753916351265439,0
0,-0.08457215060118711,0
1,-0.015359966390029234,0
1,-0.013414130836250093,0
0,0.07829580143854975,1
0,-0.07099846658127168,0
1,-0.01876606469855946,0
0,-0.06198948898565115,0
0,-0.06406944245654789,0
0,-0.002774165875686241,0
0,0.09721126296171889,1
0,-0.0038426346023416325,0
0,0.035289161509704514,1
0,-0.07602343109150184,0
0,-0.056058899628394665,0
0,-0.06161327014655854,0
0,-0.05859848772799314,0
0,-0.07764744509642335,0
0,-0.02049332530929826,0
0,-0.01045579832591309,0
0,-0.07801578924179453,0
0,-0.009697342320971913,0
0,-0.03988959288649058,0
0,0.12594821929593436,1
0,-0.03737740815256768,0
1,-0.015359966390029234,0
0,-0.045087989418108154,0
1,-0.01239150660817473,0
0,-0.07704067087333355,0
0,-0.07971713599543678,0
0,-0.07335185479019718,0
1,-0.04809266765678949,0
0,-0.0706942710628185,0
1,-0.01876606469855946,0
0,-0.04903954423639373,0
0,-0.10036850628595173,0
0,0.035289161509704514,1
0,-0.0038426346023416325,0
0,-0.060089933564187015,0
0,-0.06740164477817662,0
0,-0.07638810378799099,0
0,-0.08040465427789445,0
0,-0.07169894877369343,0
0,-0.06938814777152374,0
0,-0.07502400951845739,0
0,-0.0809742882926649,0
0,-0.06895694521559442,0
0,-0.05962444819910706,0
1,-0.015359966390029234,0
1,-0.012906365148818988,0
0,-0.08439461649143115,0
0,-0.05440722699400852,0
0,-0.07586897863918213,0
0,0.0588091508691474,1
0,-0.0661217802665125,0
0,-0.07065780064397492,0
0,-0.02476178037314486,0
0,-0.08075659010284647,0
0,-0.0737789036186024,0
1,-0.030905896745817563,0
0,0.02196104593235093,1
0,-0.05263896523563644,0
0,0.006778481640609013,1
0,-0.09953374887480798,0
0,-0.09910927332554254,0
1,-0.01670935978797633,0
0,-0.0012057422241243954,0
0,-0.04289289224678544,0
0,-0.05141922266414428,0
0,-0.08040465427789445,0
0,-0.015731511237082496,0
0,-0.05417522271340253,0
0,-0.008633286629404213,0
0,0.1392963188594466,1
0,-0.07589971812137952,0
1,-0.017043261177559443,0
0,-0.08365283075269397,0
0,0.12594821929593436,1
0,-0.0314871273422731,0
0,-0.06252398547994031,0
0,-0.06005541133110076,0
0,-0.004810512324526117,0
0,0.05865655009890269,1
0,-0.05204137973627654,0
0,-0.04866796683590063,0
0,-0.021732488436820407,0
0,-0.04654944427994717,0
0,-0.05514045337226714,0
1,-0.01876606469855946,0
0,-0.031497746383858216,0
0,-0.05542538349764442,0
0,-0.022292835725944926,0
1,-0.02006253071359887,0
0,-0.06800138407814188,0
1,-0.015359966390029234,0
1,-0.015359966390029234,0
0,-0.059189730334646695,0
0,-0.023973765398436764,0
0,0.08035116681802457,1
0,0.14375696033256735,1
0,0.05857057218440731,1
0,-0.020359600737098027,0
0,0.15970919639567738,1
0,-0.024591224913780796,0
0,-0.03826567350534538,0
0,0.055209951662060996,1
1,-0.012906365148818988,0
0,-0.08620715572817828,0
0,-0.06597316604472453,0
0,-0.053615585805651456,0
0,-0.07078496661498579,0
0,0.041451446717275076,1
0,-0.05919384408640965,0
0,-0.0592932473477375,0
1,-0.01876606469855946,0
1,0.037189529051270265,1
0,-0.062233334403103746,0
0,-0.02289421221507576,0
0,-0.082784413143485,0
0,-0.06709662274514777,0
0,-0.013159551982270756,0
0,-0.0533947561018544,0
1,-0.017768194614598942,0
0,-0.0540118669077585,0
0,-0.05921373027048682,0
0,-0.0534894830336341,0
0,-0.07697975691752562,0
0,-0.0878319347366911,0
0,-0.08014874434041447,0
0,-0.08098415780801366,0
0,-0.0825576010622921,0
1,-0.01670935978797633,0
0,-0.08107864728077424,0
0,-0.02460794088787127,0
0,-0.0603220390589963,0
1,-0.01636851034352016,0
0,-0.01565640967704851,0
1,-0.01670935978797633,0
1,-0.015359966390029234,0
0,-0.080871942846725,0
1,-0.057929011813124376,0
0,0.05895794883163885,1
0,-0.045291931595051405,0
0,-0.09106639953386009,0
0,-0.07148528528189818,0
0,-0.07058274520378138,0
0,-0.05617580171344749,0
0,-0.06682319911673806,0
0,-0.05617976909431449,0
0,-0.018034972499464785,0
0,0.08508264718065262,1
0,-0.07738410564771764,0
0,-0.042462478122673286,0
0,0.006778481640609013,1
0,-0.04712565177927491,0
0,-0.08593015763716616,0
1,-0.01876606469855946,0
0,-0.08152571787911961,0
0,-0.07840785907881259,0
0,-0.04399404422302228,0
0,-0.04449985839844234,0
0,-0.048970864741063214,0
0,-0.05880465801163248,0
0,0.02196104593235093,1
0,-0.02537229537711666,0
0,-0.041741408634604626,0
1,-0.05294054566130868,0
1,-0.04756273921445814,0
1,-0.06940173768731561,0
0,-0.0579323546476207,0
0,-0.07648041919971449,0
1,-0.015359966390029234,0
0,-0.01522324909664341,0
0,-0.05673755404856434,0
0,0.11116238115833188,1
0,-0.08241421832589724,0
0,-0.08119683393928201,0
0,-0.04195899247223245,0
0,-0.02529178745900562,0
0,-0.06605543338112907,0
0,-0.05121684128131776,0
1,-0.018518095911605192,0
0,-0.07077949343131851,0
1,-0.01738808843901385,0
0,-0.052438371774045534,0
0,-0.07453309741303304,0
0,-0.08708990847879972,0
0,-0.07309950238218682,0
0,-0.057111755480250936,0
0,-0.07921866613882705,0
0,-0.0667447978628275,0
0,-0.02196464744597909,0
0,-0.05518378877078084,0
0,-0.08098415780801366,0
0,-0.09811801969314576,0
1,0.000547303360631024,1
0,-0.01823446682076313,0
0,-0.061035590653383265,0
0,-0.07142778723328402,0
1,-0.08188131472191024,0
0,-0.06217687354902168,0
0,-0.07683386334982872,0
0,-0.05541802563186449,0
0,-0.06691563655904187,0
0,0.046529827473373864,1
0,-0.03342140884291411,0
0,-0.08795173851516719,0
0,-0.07442580842095764,0
0,-0.03964805898152185,0
0,-0.03470402825469848,0
1,-0.03324441368449932,0
1,-0.03404975505739516,0
0,-0.029742764097654306,0
0,-0.05836004703655473,0
0,-0.04303057535712457,0
0,-0.05819465962712517,0
0,-0.0766300567819242,0
0,-0.00770023855779578,0
1,-0.015666438022868323,0
0,-0.05968150408641015,0
0,-0.05088597618976742,0
1,-0.012533536587400418,0
0,-0.014018582655552725,0
1,-0.018518095911605192,0
0,-0.08083710767198271,0
0,-0.0727334041427643,0
0,-0.07464646546745834,0
0,-0.045788104307171895,0
0,-0.04580080565749228,0
0,-0.0735347144942452,0
0,-0.018837559141009652,0
0,-0.07280372999868345,0
0,-0.05043956226385515,0
0,-0.05976088723658479,0
0,-0.07699497518882448,0
1,-0.016673377391415112,0
0,-0.05491718813690066,0
0,-0.09494605221628949,0
0,0.09721126296171889,1
1,-0.018448207554442375,0
0,-0.07085827302816361,0
1,-0.015183828558617052,0
0,-0.010496947783059374,0
0,-0.06272977319145107,0
0,-0.07604419499563503,0
0,-0.09073308516752338,0
0,-0.0866293001564698,0
1,-0.01636851034352016,0
0,-0.02324839490530367,0
0,-0.08092612479354355,0
0,-0.0722455726832833,0
0,-0.052966531791336424,0
0,-0.08729389873054622,0
0,-0.06878747820112391,0
1,-0.01738808843901385,0
0,-0.07200391001946921,0
0,0.08511755765663553,1
0,-0.0847672543106186,0
0,-0.06020558789140101,0
0,-0.08099976028775974,0
0,-0.05568323591585356,0
0,-0.05045431202669365,0
0,-0.06698986751123365,0
1,-0.015359966390029234,0
0,-0.0579323546476207,0
0,-0.05141922266414428,0
0,-0.07422163366074747,0
0,-0.06845688319989096,0
0,-0.07467362797536492,0
0,-0.08848083964613868,0
0,0.006778481640609013,1
0,0.0588091508691474,1
0,0.0588091508691474,1
0,-0.07916678020665552,0
0,-0.05341625360449076,0
0,-0.033796787006160456,0
0,-0.05384806938991482,0
0,-0.06628411769109221,0
0,-0.054247512779926954,0
0,-0.02854887618082974,0
0,0.006778481640609013,1
0,-0.10184578488999763,0
0,-0.053150048739528666,0
0,-0.013728470013702698,0
0,-0.010746312910105027,0
0,-0.020792442894792318,0
1,-0.012906365148818988,0
0,-0.02874430914496423,0
0,-0.05919384408640965,0
1,-0.015183828558617052,0
0,-0.07718166603521054,0
0,-0.08491319008603954,0
0,-0.004530628214017951,0
0,-0.061495934298553934,0
0,-0.04852975937234849,0
0,-0.0847089265513733,0
0,-0.018136310755476392,0
0,-0.07319048033509107,0
0,-0.0038426346023416325,0
0,0.1454821840900058,1
0,0.09721126296171889,1
1,-0.012533536587400418,0
1,-0.08295064638669913,0
0,-0.07860341212628902,0
0,-0.037157353858341124,0
0,-0.014662407040514802,0
0,-0.05282616789934086,0
0,-0.05468153512986118,0
0,-0.05614509836379522,0
0,-0.00922569550624247,0
0,-0.023050941230004007,0
0,-0.057870680603146096,0
0,-0.07899197138983705,0
1,-0.012906365148818988,0
0,-0.06004141016353309,0
0,-0.0862455446321066,0
0,0.09721126296171889,1
0,0.007520848711011774,1
0,-0.06526043446713653,0
0,-0.08247583050776147,0
0,-0.04611975624164638,0
0,-0.06730511180673249,0
0,0.026470276048069175,1
0,-0.06463641383220953,0
1,-0.01876606469855946,0
0,-0.04247213566872221,0
0,0.09943438793460357,1
0,-0.0727613168292846,0
0,-0.07693519017562994,0
0,-0.03680983453024378,0
0,-0.06156741341861349,0
0,-0.013235907815795367,0
0,-0.07116864215191299,0
0,-0.05622148319701159,0
0,-0.04829404407136062,0
0,-0.0777145785962946,0
0,-0.08545836898959797,0
0,-0.07085908477284875,0
1,0.020438155608845876,1
1,-0.025729269095232654,0
0,-0.09634342395374346,0
0,-0.04247213566872221,0
0,0.13789532397168736,1
0,-0.07961495628689585,0
0,-0.03554629829187339,0
0,-0.09312699105811612,0
0,-0.040790604520231644,0
0,-0.07897426929348061,0
0,-0.065508826905743,0
1,-0.025117788842114963,0
0,-0.053915529426433295,0
0,-0.049610576272411944,0
0,-0.02212468623102004,0
0,-0.05735371730895039,0
1,-0.01684766364317286,0
0,-0.046912195463998885,0
0,-0.07367125151949644,0
0,-0.04348846812850443,0
0,0.09721126296171889,1
0,-0.04346106568418845,0
0,0.07334974054086285,1
0,-0.023823208654570216,0
0,0.035289161509704514,1
0,-0.046231033786703346,0
0,-0.07794285010059715,0
0,-0.02257126508526841,0
0,0.09181657070415317,1
0,-0.025477559254624138,0
0,-0.05009673427610445,0
0,-0.08010686734520056,0
0,0.11823539363750624,1
1,-0.01636851034352016,0
0,-0.05129409303599841,0
1,-0.012906365148818988,0
1,-0.01670935978797633,0
0,-0.07558309135055158,0
0,-0.047581586839398005,0
0,-0.06569798689048584,0
0,-0.04374155563131338,0
0,-0.09328032368667599,0
0,-0.06373928785997612,0
1,-0.01636851034352016,0
0,-0.07203623874469212,0
0,-0.06812130353306328,0
0,-0.06747116208115117,0
0,-0.01844890889830597,0
0,-0.03429595979805522,0
0,-0.09031272592025891,0
0,-0.05377156330608701,0
0,-0.06356012799918304,0
1,-0.009177079225841878,0
1,-0.030659450399724786,0
1,-0.01636851034352016,0
0,-0.07866109815270245,0
1,-0.015183828558617052,0
0,-0.08659027206163605,0
0,0.0588091508691474,1
0,0.0010235094594817085,1
0,0.02196104593235093,1
0,-0.06908018777573655,0
0,-0.06579611713118477,0
0,-0.04873412908180852,0
0,-0.015672063719074314,0
0,0.0588091508691474,1
0,-0.08395006179338171,0
0,-0.016412765439331733,0
0,-0.03388713020799483,0
0,-0.09127290777045133,0
0,-0.01770414332976117,0
0,-0.04800731118991197,0
0,-0.06200292088287629,0
0,0.11823539363750624,1
0,-0.10465780273106251,0
0,-0.08048641004709911,0
0,-0.000692151966647403,0
0,-0.0072674855422620865,0
0,-0.05516298292062005,0
1,-0.05705783708392287,0
1,-0.013414130836250093,0
0,-0.07408893573567366,0
0,-0.08937702741508596,0
0,0.0588091508691474,1
0,-0.06150602309794728,0
0,-0.033721383272396654,0
0,-0.05622148319701159,0
1,-0.053366440296648776,0
0,-0.10046612289997181,0
0,-0.0624614624473267,0
0,-0.09227518873641466,0
0,-0.048583345530524846,0
0,-0.0757932429017747,0
0,-0.06242453320307223,0
0,-0.029341794427466872,0
0,-0.06685792938880636,0
0,-0.0253685459505108,0
0,-0.009861533415096546,0
0,-0.09144452364939604,0
0,-0.059354899092797064,0
0,-0.07264727163746282,0
0,-0.05152319422130258,0
0,-0.07883869079683592,0
0,-0.0038426346023416325,0
0,-0.050901690532329236,0
0,-0.07924896368689027,0
0,-0.014556940983044775,0
0,-0.027244666268658735,0
0,-0.07020422148309174,0
1,-0.08253008539199275,0
1,-0.02006253071359887,0
1,-0.048891600622228915,0
0,-0.077774586495932,0
0,-0.08115080511602779,0
0,0.09721126296171889,1
0,-0.0038426346023416325,0
0,-0.010357458466181968,0
0,-0.06252398547994031,0
0,-0.06606823025093705,0
0,-0.054419048352982446,0
0,-0.03894221548845073,0
0,-0.023279239373055205,0
0,-0.0806338032570067,0
0,0.21835872012308,1
0,-0.064533493659375,0
1,-0.015359966390029234,0
0,-0.07127255655890286,0
0,-0.06698986751123365,0
0,-0.023689383891532523,0
0,-0.07102996163766534,0
0,-0.0038426346023416325,0
0,-0.07489151944382427,0
0,-0.09911697917134676,0
0,0.09943438793460357,1
0,0.011645803558334,1
0,-0.09341702301468757,0
1,-0.019202241582551238,0
0,0.11116238115833188,1
0,-0.04335530111071989,0
0,-0.020672973412311002,0
0,-0.0763898104126875,0
1,-0.015359966390029234,0
0,-0.08993774458794063,0
0,-0.08853047103322004,0
0,-0.07154799684986185,0
0,-0.016931069070891758,0
1,-0.03630547408229945,0
0,0.09721126296171889,1
1,-0.017623788684232145,0
0,-0.031103751491675935,0
0,-0.06107884535306468,0
1,-0.023239978902240332,0
0,-0.056568938070602814,0
0,-0.05982659542182456,0
0,-0.06792382323946994,0
0,0.026470276048069175,1
0,-0.07697066129493663,0
1,-0.07348187421066882,0
0,-0.05487875876383336,0
0,-0.028575647887551514,0
1,0.00034727729939088015,1
0,-0.043092847630528175,0
0,-0.06715474229843371,0
0,-0.04236010918188754,0
0,-0.07648058667349161,0
0,0.1454821840900058,1
0,-0.022865653136446618,0
0,0.026470276048069175,1
0,0.006778481640609013,1
0,-0.07106233463280343,0
0,-0.07568667741715818,0
0,0.02196104593235093,1
1,-0.01636851034352016,0
0,-0.0752366794186014,0
0,0.035289161509704514,1
0,-0.08214132729635631,0
0,-0.07863219240731306,0
0,0.026470276048069175,1
0,-0.07952629116944193,0
0,-0.05691851031069195,0
0,-0.0851268337619735,0
0,-0.0813091549038763,0
0,-0.082240539861062,0
1,-0.06570752770765687,0
0,-0.05627985203962599,0
0,-0.05309698797390344,0
0,0.031598794038452116,1
0,-0.05941144980415941,0
0,-0.01894092832348715,0
0,-0.1056850150638114,0
0,-0.0393685065436471,0
0,-0.052138127650503685,0
0,-0.05655412080667038,0
0,-0.07779834442226108,0
0,-0.04840300767233796,0
0,-0.08220032223073953,0
0,-0.01385366530986265,0
0,-0.044112350536775036,0
0,-0.05676760030926725,0
0,-0.07992581847326663,0
0,-0.08600310345712903,0
0,-0.06454952242824163,0
0,-0.08178381200633544,0
0,-0.09334244915964596,0
0,-0.02080473906301772,0
0,-0.05355048922365441,0
0,0.035289161509704514,1
1,-0.02405563945820388,0
0,-0.07581160731994052,0
0,-0.06284882641435102,0
0,-0.03754645345659685,0
0,-0.047371904757151584,0
0,-0.07539371818577628,0
0,-0.08135629220736645,0
0,-0.05655412080667038,0
0,-0.09573453541486632,0
0,-0.0492642317588558,0
0,-0.02749989289139565,0
0,-0.061309680918430476,0
0,0.12594821929593436,1
1,-0.01876606469855946,0
0,-0.07950847700807867,0
0,-0.07687655856114722,0
0,-0.053168124141022954,0
0,-0.08373214271152069,0
1,-0.018518095911605192,0
0,-0.06936395038148913,0
1,-0.01636851034352016,0
0,-0.07279450100557888,0
0,-0.014120723413256375,0
0,-0.0757025384097238,0
0,-0.0038426346023416325,0
0,-0.06262136162693216,0
0,-0.06448366728361538,0
0,-0.08179194686704533,0
0,-0.002534860048956422,0
0,-0.05256501963442817,0
0,-0.03987418701204953,0
1,-0.018518095911605192,0
0,0.111414400531199,1
0,-0.10525611938056312,0
0,-0.03561331537449369,0
0,-0.07982663842991777,0
0,-0.0772430076656237,0
0,-0.06077302069884111,0
0,-0.058936577792229716,0
0,0.12053314670872894,1
0,0.03213712831857818,1
0,-0.050135025827948765,0
1,-0.018518095911605192,0
0,-0.00702442363480732,0
0,-0.06409713291436153,0
1,-0.0762110314489634,0
0,-0.07572021231815779,0
0,-0.08330984625427351,0
0,-0.05578521531796904,0
0,-0.0381831284259978,0
1,-0.01636851034352016,0
0,-0.05396636126532817,0
0,-0.032484848655209064,0
0,-0.08118968555661138,0
0,-0.061845078060380865,0
0,0.22039986166027337,1
0,-0.07425664684535471,0
0,-0.0635530611320429,0
0,-0.05349232608698762,0
0,-0.02568582037145767,0
1,-0.007334446875902512,0
0,-0.07500176106665413,0
1,0.00034727729939088015,1
0,-0.06107009515265904,0
0,-0.03277291355966078,0
0,-0.10438068642743215,0
1,-0.013414130836250093,0
0,-0.05919384408640965,0
0,-0.03106570995318564,0
0,-0.0640939492791684,0
0,-0.06290418416644461,0
0,-0.0904417459566787,0
0,-0.059668823652609726,0
1,-0.017623788684232145,0
1,-0.01684766364317286,0
0,-0.08002782801160452,0
0,-0.06966362876069271,0
1,-0.015666438022868323,0
0,-0.07489032882055086,0
0,-0.0796610791981478,0
1,-0.01684766364317286,0
0,-0.043329210093869086,0
1,-0.017043261177559443,0
0,0.09943438793460357,1
0,-0.06006450495078586,0
1,-0.04032281715695213,0
0,-0.0632713984553348,0
0,-0.0612406072652385,0
0,-0.0664074543977275,0
0,-0.08924525550953094,0
0,-0.07879546457712494,0
0,-0.0038426346023416325,0
1,-0.07398460084383013,0
0,-0.01778180741312496,0
0,-0.0038426346023416325,0
0,-0.08107864728077424,0
0,-0.05173622113093562,0
0,-0.07647817797011863,0
0,-0.0038426346023416325,0
0,0.016721411222764382,1
1,0.023315308181904415,1
0,-0.05655087590026131,0
0,-0.0431947772290881,0
0,-0.07599638353191346,0
0,-0.08428982888459119,0
0,-0.05329191471366185,0
1,-0.01670935978797633,0
1,-0.01636851034352016,0
0,0.1387590907459595,1
0,-0.08225553519436174,0
0,-0.0038426346023416325,0
0,0.05851562911498065,1
0,-0.07216066295949525,0
0,-0.008145943943048628,0
0,-0.021029644598816732,0
1,-0.012539509572898233,0
0,-0.07880950314306256,0
0,-0.007047651109529651,0
1,-0.018518095911605192,0
0,-0.028105479329307625,0
0,-0.053590350860968916,0
0,-0.07607026062102917,0
0,-0.06934287136740525,0
0,-0.004581877786184796,0
0,-0.08079703191600973,0
0,-0.007402144124995069,0
0,-0.058936577792229716,0
0,-0.03475260422702953,0
0,-0.0766782112878166,0
0,-0.0038426346023416325,0
0,-0.06284882641435102,0
1,-0.01876606469855946,0
0,-0.04339040109666625,0
0,-0.07762391216734721,0
0,0.1454821840900058,1
1,-0.012906365148818988,0
0,-0.027793797235787288,0
0,-0.0359330936939366,0
0,-0.020443046895597783,0
0,-0.06072173492649263,0
1,-0.02359104965103398,0
0,-0.06501871527607694,0
1,-0.012906365148818988,0
0,0.09721126296171889,1
0,-0.05904261029465796,0
0,-0.06850415616393557,0
1,-0.033309480697783056,0
0,0.22873157492013851,1
0,-0.07999263151812319,0
0,-0.02397569219934581,0
1,-0.014926835742351319,0
0,0.02196104593235093,1
0,-0.06194388345958718,0
0,-0.010380090522755181,0
1,-0.017623788684232145,0
0,-0.08099976028775974,0
0,-0.054720088605678896,0
0,-0.055009228954919054,0
1,-0.012339870853616375,0
1,-0.015183828558617052,0
0,-0.05803204237903287,0
1,-0.04912789258325401,0
0,0.23335521629939082,1
0,0.1262938038417123,1
0,-0.07712952776400478,0
0,-0.0273542925024155,0
0,-0.05694393993655322,0
0,0.1454821840900058,1
0,-0.06897888707443767,0
0,-0.03577406000761707,0
1,-0.015359966390029234,0
0,-0.014385473604513532,0
0,-0.060463189628448266,0
0,-0.05132672198230409,0
0,-0.004658222858998307,0
0,-0.051751230479858634,0
1,-0.04656222917040004,0
0,-0.06056616792387565,0
0,0.1262938038417123,1
1,-0.01670935978797633,0
0,0.0588091508691474,1
0,-0.05438938423635692,0
0,0.2312473309592996,1
0,-0.0826480484053363,0
1,-0.056840148717682004,0
0,-0.07355558185987798,0
0,-0.08649417873696269,0
0,-0.05249223762866184,0
0,-0.06262136162693216,0
0,-0.07915280354225718,0
0,0.013552771301790667,1
0,-0.03483471692595663,0
0,-0.0752677146033443,0
0,0.09943438793460357,1
0,-0.028353953919309338,0
0,-0.07452574506285742,0
0,-0.0038426346023416325,0
0,-0.07100878983469705,0
1,-0.013414130836250093,0
0,-0.0955009378449857,0
0,0.006778481640609013,1
0,-0.0015010317996070888,0
0,-0.07076675271822425,0
0,-0.04924480406810228,0
0,0.09721126296171889,1
0,-0.08771519236061337,0
0,-0.054271216825104995,0
0,-0.06200292088287629,0
1,-0.01726977310213329,0
1,-0.015359966390029234,0
0,-0.0735318230462833,0
0,0.09943438793460357,1
0,-0.08178532230106378,0
0,-0.058367612349653264,0
0,-0.03335353285015913,0
0,-0.06891554672088074,0
0,-0.0218326789572737,0
0,-0.046679904975409636,0
0,-0.07445314149657156,0
0,-0.011095625256317576,0
0,-0.03989587905798769,0
0,-0.05363479312580072,0
1,-0.012906365148818988,0
0,-0.05233038334519324,0
0,-0.05984262893147596,0
0,-0.0038426346023416325,0
0,0.12594821929593436,1
0,0.013552771301790667,1
0,-0.06652202311828337,0
0,-0.0767309250083772,0
1,-0.002060318942715078,0
1,-0.015487024097411095,0
0,-0.0882919396647322,0
0,-0.056539210346318425,0
0,-0.05010048737606404,0
0,0.022264523562531058,1
0,-0.033895170762350046,0
0,-0.08080132436293846,0
0,-0.09981613766286535,0
0,-0.04348846812850443,0
0,-0.08217710983444915,0
0,-0.054160947810490134,0
1,-0.052810167989648216,0
0,0.09335193286573473,1
0,-0.058936577792229716,0
0,-0.07603549287507283,0
0,-0.04232995301380543,0
0,0.11116238115833188,1
0,-0.050232544068380125,0
0,-0.036300794285684945,0
0,0.1262938038417123,1
0,-0.08828690140385587,0
0,-0.008851560779666978,0
0,-0.07289271955498938,0
0,-0.07496615196203404,0
0,0.12594821929593436,1
0,0.041451446717275076,1
1,-0.012906365148818988,0
1,-0.01636851034352016,0
1,-0.012906365148818988,0
0,-0.09141760211653038,0
0,0.1387590907459595,1
0,-0.013600081004001952,0
0,-0.05803676535276919,0
0,-0.04439780285424377,0
0,-0.08270073644588372,0
0,-0.0398136254134307,0
0,-0.053915529426433295,0
0,-0.013828043188077677,0
0,-0.0311793985892187,0
0,-0.0733518773976527,0
0,-0.058608014042913714,0
0,-0.06768835337811036,0
0,-0.05043120966948822,0
0,-0.0038426346023416325,0
0,-0.02046738443845364,0
1,-0.01636851034352016,0
0,-0.05859848772799314,0
0,-0.05694393993655322,0
0,0.026470276048069175,1
0,-0.086627992556504,0
0,-0.06340670560625489,0
1,-0.019202241582551238,0
0,-0.031053642994381347,0
1,-0.02370004220603511,0
1,-0.018518095911605192,0
0,-0.05340470466449576,0
0,0.07092674850047886,1
0,-0.07324397280708939,0
1,-0.03436397919058681,0
0,-0.05764973750733182,0
0,-0.06724786446692166,0
0,-0.05027815525571899,0
1,-0.03973743280969899,0
0,-0.0784480262531394,0
0,0.035289161509704514,1
0,-0.06323723898519945,0
0,-0.04788075060538255,0
0,-0.01891102535960698,0
0,-0.055463688619176776,0
0,-0.07479097329513101,0
1,-0.061580203701327996,0
0,-0.04616832153466266,0
0,-0.030512461980909567,0
1,-0.06410128311429253,0
0,-0.06397111648611181,0
0,0.1262938038417123,1
0,-0.04611654388312436,0
0,-0.0756535574689926,0
0,-0.07984535168700863,0
0,0.04187873216137472,1
0,-0.05018701796787517,0
0,-0.07950487523856753,0
0,-0.033417730582277594,0
0,-0.05835042767315746,0
1,-0.015183828558617052,0
1,-0.015359966390029234,0
0,-0.0995225403447001,0
0,-0.07252389369982543,0
0,-0.05038518647726675,0
0,-0.054570138448927885,0
0,-0.05141458988826553,0
0,-0.05359169009617876,0
1,-0.07484517548807329,0
0,0.04883562908109029,1
0,-0.05525396324475479,0
0,-0.08629922732082973,0
0,-0.0077739979669103065,0
0,-0.07746882688471696,0
0,-0.0639847291418077,0
0,-0.03401698453360885,0
0,-0.05250975502259958,0
0,-0.08448294438584031,0
0,-0.07437901521774165,0
0,-0.06107009515265904,0
0,-0.07407951732568124,0
0,-0.0640939492791684,0
0,-0.05303549617785974,0
1,-0.07043616650552215,0
0,-0.06996330454686372,0
0,-0.044191531818145946,0
0,-0.06605006266516977,0
0,0.035289161509704514,1
0,-0.054566445241280626,0
0,-0.0038426346023416325,0
1,-0.015359966390029234,0
0,-0.055000726034079184,0
0,-0.07746940159749766,0
0,-0.06827103319362215,0
0,-0.08497870270397556,0
0,-0.07485327614996135,0
0,-0.08361617054452491,0
0,0.13789532397168736,1
0,-0.04212024380669099,0
0,-0.08158726844636371,0
0,-0.08297962583336799,0
0,-0.0711101843130515,0
0,0.1454821840900058,1
0,0.0588091508691474,1
0,-0.051417584063736255,0
0,-0.020532108164080187,0
1,-0.013532045090530076,0
0,-0.08294895299300392,0
0,0.0588091508691474,1
0,-0.058026525158225484,0
0,0.041451446717275076,1
0,-0.040475242274138734,0
0,-0.05869820328949166,0
0,-0.08517169397971863,0
0,-0.06704540041280044,0
0,-0.059652322608198693,0
0,-0.04624012030099772,0
0,-0.048415938339928355,0
0,0.006778481640609013,1
0,0.00695608906266354,1
0,-0.06792048743484558,0
1,-0.008733693665153142,0
0,-0.016647286947690854,0
1,-0.015359966390029234,0
1,-0.015666438022868323,0
1,-0.017768194614598942,0
0,-0.08101001309053402,0
0,-0.047261747026058676,0
0,-0.08093897682267404,0
0,-0.021570958904444493,0
0,0.019683049522187468,1
1,-0.015359966390029234,0
0,-0.06756491755778765,0
0,-0.060285825232039625,0
0,0.035289161509704514,1
1,0.05135714048392592,1
0,-0.05620958578122143,0
0,-0.08270638872904962,0
0,0.16608148388901844,1
0,-0.07237802179540398,0
0,-0.06831072211763806,0
0,-0.0036906291488406073,0
0,-0.0707286897246942,0
0,-0.05940489204865823,0
1,-0.07867958483740956,0
0,-0.08114456930589692,0
0,-0.09840227289984654,0
0,-0.0853524599656807,0
0,-0.08098816355567368,0
0,-0.060972088532380564,0
0,-0.004449552520552846,0
0,-0.0038426346023416325,0
0,-0.04144568823990624,0
0,-0.08107245967020726,0
0,-0.01099164736851721,0
0,-0.07472064700035563,0
0,-0.07218226032998343,0
0,-0.05556401660019317,0
0,-0.09541925750420777,0
0,-0.0655188710751467,0
0,0.035289161509704514,1
0,-0.033721383272396654,0
0,0.1355351566870039,1
0,0.061364898323176265,1
0,-0.026452368174439966,0
0,-0.0317327195930005,0
0,-0.08002230665386079,0
0,-0.05570385791531446,0
0,-0.09254081633071515,0
0,-0.06611610430201148,0
0,-0.029784223086935846,0
0,-0.0690774281860832,0
0,-0.07711644771289006,0
0,-0.022807097497465956,0
0,-0.052803901818917254,0
0,-0.053590350860968916,0
0,-0.0096686652631931,0
0,-0.07953316578306635,0
0,-0.05620958578122143,0
0,-0.059354899092797064,0
0,-0.06078232327769195,0
0,-0.05363479312580072,0
0,-0.064766511534528,0
0,0.09721126296171889,1
0,-0.0038426346023416325,0
0,-0.048525711041936315,0
0,-0.03831120221618278,0
0,-0.05442730261544826,0
0,0.111414400531199,1
0,-0.08816484567783722,0
0,-0.07497693519624554,0
0,-0.08155307740496087,0
0,0.111414400531199,1
0,0.16608148388901844,1
0,-0.05859848772799314,0
0,-0.10352142802673459,0
0,-0.07646481479756562,0
0,-0.06864275494517935,0
0,0.11116238115833188,1
0,-0.07642604332862296,0
1,-0.013414130836250093,0
0,-0.08279508422190657,0
0,-0.04362266820182026,0
0,-0.027734853642595814,0
0,-0.06005541133110076,0
0,-0.08422968987655621,0
0,-0.05669137040806882,0
0,-0.051504927369512676,0
0,-0.03999768418328736,0
0,-0.05570385791531446,0
1,-0.07950805358035173,0
0,-0.047371904757151584,0
0,-0.05363479312580072,0
1,-0.018518095911605192,0
0,-0.04205189606221177,0
0,-0.06677991966598523,0
0,-0.07649089177918644,0
0,-0.02041552503366717,0
0,-0.02798290854168567,0
0,-0.08066664628177822,0
0,-0.07343169512319647,0
0,-0.059354899092797064,0
0,0.02196104593235093,1
0,-0.07709624671794135,0
0,-0.07373127778561078,0
0,-0.08562434733334545,0
0,-0.020414755417458685,0
0,-0.09104093423910653,0
1,-0.019505963821408123,0
0,-0.0821383561500954,0
0,0.035289161509704514,1
0,-0.07654895342759377,0
1,-0.07106921920077786,0
1,-0.016764872256409713,0
0,-0.0038426346023416325,0
0,-0.03395810773309915,0
0,-0.007686953295173438,0
0,0.07038113609244712,1
0,-0.08038013235026648,0
0,-0.0647803061128811,0
0,-0.017179206590741847,0
1,-0.007425683277582196,0
0,-0.06677097876128196,0
0,-0.04801833956496393,0
1,-0.012533536587400418,0
0,-0.054271216825104995,0
0,-0.06906048647778223,0
1,-0.015359966390029234,0
0,-0.09041786812233876,0
0,-0.06397111648611181,0
1,-0.015359966390029234,0
0,-0.055907942152411794,0
0,-0.06987478770233096,0
0,-0.027547506818395184,0
0,-0.06682546968843278,0
0,-0.07627076451214398,0
0,-0.05885742493295215,0
0,-0.0663962800249317,0
0,-0.042382176146934514,0
1,-0.017043261177559443,0
0,-0.05649937494659346,0
0,-0.07741354044448218,0
1,-0.01670935978797633,0
0,-0.05465626147993369,0
1,-0.012906365148818988,0
0,-0.01388009026886694,0
0,-0.0389688913178855,0
0,-0.10112783664264469,0
0,-0.0816086692058352,0
0,0.11823539363750624,1
0,-0.09296536771920139,0
0,-0.06062507667975875,0
0,-0.09862157970653279,0
0,-0.021015413006772676,0
0,0.111414400531199,1
0,-0.07718166603521054,0
0,-0.05614509836379522,0
0,-0.0038426346023416325,0
0,-0.06373336485637837,0
0,-0.06920431123037701,0
0,-0.09160889973661768,0
0,0.07784799306071988,1
0,-0.08929534020469443,0
0,-0.013277717259275679,0
0,-0.01442800030139324,0
0,-0.05396636126532817,0
0,-0.09782062643119244,0
0,0.11116238115833188,1
0,0.007141738805210518,1
0,-0.05330074980495181,0
0,0.0588091508691474,1
0,-0.054745083804239036,0
0,-0.07329232412667014,0
0,-0.02424319952466336,0
0,0.026470276048069175,1
0,-0.0302024123763992,0
1,-0.012755913413436404,0
0,-0.05681314031996687,0
0,0.09943438793460357,1
0,-0.013416820703301413,0
0,-0.08854581213330204,0
0,-0.05869820328949166,0
0,-0.0789683375806618,0
1,-0.03578703402464406,0
0,-0.03976428697364731,0
1,-0.015343559786735572,0
0,-0.0038426346023416325,0
1,-0.015183828558617052,0
0,-0.09479605851745837,0
0,-0.07526838293804455,0
0,-0.060980629326287006,0
0,-0.06416774625414906,0
0,0.09721126296171889,1
0,-0.008422263149086895,0
0,-0.04837734318642456,0
0,-0.07120746760360136,0
0,-0.0640939492791684,0
0,-0.027770255744517802,0
0,-0.06931385492773617,0
0,-0.08362996735143474,0
0,-0.08311364970813939,0
1,-0.012906365148818988,0
1,-0.015183828558617052,0
0,0.09721126296171889,1
0,-0.05958254287546172,0
0,-0.05354297020391702,0
0,0.013552771301790667,1
0,-0.06834983255218968,0
0,-0.006408154910473585,0
0,-0.06506105882325591,0
0,-0.049621808416815016,0
0,-0.07665342146294762,0
1,-0.01738808843901385,0
1,-0.015359966390029234,0
0,-0.07957291250973803,0
0,-0.07025089806562967,0
1,-0.052388394818364215,0
0,-0.05627683124290317,0
1,-0.019202241582551238,0
0,-0.07079409530530262,0
1,-0.05688558678937622,0
1,-0.015666438022868323,0
0,-0.06486715972158719,0
1,-0.01636851034352016,0
0,-0.07337111641642374,0
0,-0.05288665997782266,0
0,-0.024057971538014866,0
0,-0.05735068823555195,0
1,-0.05160137935370668,0
0,-0.06646074950248371,0
0,-0.00723305181859224,0
0,-0.02592833977408543,0
0,-0.0038426346023416325,0
0,-0.06044155465572032,0
0,-0.0708672055136994,0
0,-0.040626256091155166,0
1,-0.0473317440816422,0
0,-0.0742549580397942,0
1,-0.01876606469855946,0
0,-0.032264025374640404,0
0,-0.04786741443195769,0
0,-0.02656824254481399,0
0,0.0588091508691474,1
0,-0.06773128363995728,0
0,-0.06193898136800052,0
0,-0.07223971576971677,0
0,-0.08105274063291407,0
0,-0.06490605494432405,0
0,-0.05554906380299646,0
0,0.13789532397168736,1
0,-0.10098134476292919,0
0,-0.02797954642475453,0
0,-0.06382777996537342,0
0,-0.059865343442581154,0
0,-0.07619665754643862,0
0,-0.026663671395392496,0
0,-0.0845954684622256,0
0,-0.010265940994866551,0
0,0.09943438793460357,1
0,-0.06546068527902643,0
0,-0.07516441172968552,0
0,0.12594821929593436,1
0,-0.07338101600789004,0
0,0.056788400787145976,1
0,-0.07934954880758144,0
0,-0.05620958578122143,0
1,-0.01738808843901385,0
0,-0.04299597142723066,0
0,-0.050870948264460536,0
0,-0.05627985203962599,0
0,-0.09053863317018995,0
0,-0.07903399058354943,0
1,-0.015183828558617052,0
0,-0.08075860479462088,0
1,-0.026802173098346704,0
0,-0.07573639616373828,0
0,0.006778481640609013,1
0,-0.0784431594337679,0
1,-0.017768194614598942,0
0,-0.08518702697499991,0
0,0.08367834682435737,1
0,0.08450663462615471,1
1,-0.020120122682346975,0
0,-0.06698986751123365,0
0,-0.015005313815734334,0
1,-0.013414130836250093,0
0,-0.06313351622706376,0
0,-0.04472325236481378,0
0,-0.08398478973666174,0
0,-0.060980629326287006,0
0,0.09721126296171889,1
0,0.0588091508691474,1
0,-0.06649952468694248,0
0,-0.06671030304229658,0
0,-0.04348846812850443,0
0,-0.06948126684828232,0
1,-0.01684766364317286,0
0,-0.05475292036669377,0
0,0.06842519003776981,1
1,-0.03547044479912809,0
0,-0.07171394615437926,0
0,-0.05371189242544161,0
1,-0.01684766364317286,0
0,-0.08061348964659798,0
1,0.05643622021569539,1
0,-0.02502263692390877,0
1,-0.01738808843901385,0
0,-0.09947085820849588,0
0,-0.047581586839398005,0
0,-0.049611627622277665,0
0,-0.08761701167543373,0
0,-0.10010759766599142,0
0,-0.06745337708346455,0
0,-0.059354899092797064,0
0,-0.07646481479756562,0
0,-0.030485799537421088,0
0,-0.037323038477446724,0
0,-0.06184377143403891,0
1,-0.015359966390029234,0
0,-0.054419048352982446,0
0,-0.007570903382701999,0
0,-0.04733260949093465,0
0,-0.06140367586111811,0
0,0.12594821929593436,1
0,-0.039805202619247804,0
1,-0.05407404240864849,0
0,-0.0610440971113424,0
0,-0.07312695554921705,0
0,-0.08085517761333655,0
1,-0.013414130836250093,0
0,-0.08251378475764243,0
0,-0.08735639271612367,0
0,-0.087040957833317,0
0,-0.019121146287472357,0
0,-0.04983907210691413,0
0,-0.0038426346023416325,0
0,-0.05290866740749128,0
0,-0.017022614921690715,0
0,-0.06581064355295924,0
1,-0.015359966390029234,0
0,-0.0038426346023416325,0
1,-0.03131544107206741,0
0,-0.038369796139080925,0
0,0.10308688881055217,1
0,-0.08315266635661306,0
0,-0.09046065210506932,0
0,-0.08320384754099724,0
0,-0.053556500665532414,0
1,-0.015343559786735572,0
0,-0.07649871352426901,0
0,0.035289161509704514,1
0,-0.023793805659265033,0
0,-0.08034051990679736,0
1,-0.015183828558617052,0
0,-0.06343419969957587,0
0,-0.055078894224801056,0
0,-0.08410767659650392,0
0,-0.06577954095145677,0
0,-0.08825090596299512,0
0,-0.08647957837132403,0
0,-0.09924846772709783,0
0,-0.07398709796275238,0
0,-0.1001824064443746,0
1,-0.01738808843901385,0
0,-0.040626256091155166,0
0,-0.05396636126532817,0
0,-0.03655186114440789,0
0,0.035289161509704514,1
0,-0.06161327014655854,0
0,-0.06255615730485509,0
0,-0.0745844314342729,0
0,-0.04625160712374482,0
0,0.09943438793460357,1
0,-0.052259777468509405,0
0,-0.07652182169715527,0
1,-0.01876606469855946,0
0,-0.07980494920315562,0
0,-0.05141922266414428,0
0,-0.04222781193722036,0
0,-0.056768905894167665,0
0,0.0037207871564307604,1
1,-0.015359966390029234,0
0,-0.0646241301377743,0
0,-0.04830898474050538,0
0,-0.021663283101129804,0
0,-0.008289076452425381,0
0,-0.04208984723493575,0
0,-0.07863759728160641,0
1,-0.015183828558617052,0
0,-0.053313466026217116,0
0,-0.0799760557521022,0
0,0.11116238115833188,1
0,-0.021234491682255108,0
0,0.008148941594495196,1
0,0.1454821840900058,1
0,-0.06875826443975552,0
1,-0.01876606469855946,0
0,-0.07579669410554307,0
0,-0.07190010548379605,0
0,-0.07844015014091693,0
0,-0.03311791341938908,0
1,-0.0039855397880645405,0
0,-0.05544220379636561,0
0,-0.023814721001408523,0
0,-0.05026626360051234,0
0,-0.07072186757022353,0
0,0.026470276048069175,1
0,-0.06313351622706376,0
0,-0.057846392337020325,0
0,-0.08772554538716981,0
0,-0.09915617070675542,0
0,-0.05563036410097505,0
0,-0.06480002900318055,0
0,-0.03834931957154014,0
0,-0.05968150408641015,0
0,-0.0665917804671236,0
0,-0.06992494750734174,0
1,-0.017623788684232145,0
0,-0.07587322487967946,0
0,-0.023795520420778205,0
0,-0.08540714234250818,0
1,-0.015183828558617052,0
0,-0.10083503571782881,0
1,-0.04805744472310297,0
0,-0.005025176474562021,0
0,-0.06161327014655854,0
0,-0.05654602886636784,0
0,-0.08328641657130698,0
0,-0.06046705177513667,0
0,0.1454821840900058,1
0,-0.05570385791531446,0
0,-0.05570385791531446,0
0,-0.005416349307865498,0
1,-0.015183828558617052,0
0,-0.06241583741566287,0
1,-0.017623788684232145,0
0,-0.07069234967834542,0
0,-0.006592419541753047,0
1,-0.015183828558617052,0
1,-0.05696737802539015,0
0,-0.07732595225366817,0
0,-0.07196055607361102,0
0,-0.08878955040543196,0
0,-0.05276484849138957,0
1,0.005414960630031662,1
0,-0.07609658246278239,0
0,-0.05104733882819318,0
0,-0.043821418054363126,0
0,-0.06538274357207285,0
0,-0.08462041388477298,0
1,-0.01684766364317286,0
1,-0.06817155064138108,0
0,-0.016600376822016316,0
1,-0.015359966390029234,0
0,-0.0559759731845364,0
1,-0.01670935978797633,0
1,-0.01644592340899681,0
0,-0.08314554312798861,0
0,-0.051983457190471316,0
0,-0.08239203848749371,0
1,-0.016764872256409713,0
0,-0.02640470294737235,0
0,-0.07506871913916408,0
1,-0.012533536587400418,0
0,-0.04010639301997593,0
0,-0.07764744509642335,0
0,-0.04230254947912687,0
0,-0.06682546968843278,0
0,0.09943438793460357,1
0,0.006778481640609013,1
1,-0.015359966390029234,0
0,0.041451446717275076,1
0,-0.03577899519000921,0
0,0.0588091508691474,1
0,-0.08144235501211888,0
1,-0.01684766364317286,0
0,-0.04840311279938897,0
0,-0.05475668798130384,0
0,-0.10767170731642262,0
0,-0.004223312818725233,0
0,-0.0287381562170127,0
0,-0.014889747951060017,0
0,-0.05979330070401584,0
0,-0.042199313894445256,0
0,-0.06042118790858736,0
0,-0.08108978026582025,0
0,-0.05327274502993218,0
0,-0.0038426346023416325,0
0,-0.019317761786401044,0
0,-0.046843834596143774,0
0,-0.07582990816859098,0
0,-0.06156477280162659,0
0,-0.06485776121206827,0
0,-0.056400661348016135,0
0,-0.07710480072153558,0
0,-0.008034611445658646,0
0,-0.0755534194492895,0
0,0.09721126296171889,1
1,-0.015359966390029234,0
0,-0.012573104431765347,0
0,-0.08553077431885259,0
0,-0.06474581446757244,0
0,-0.0678835112208907,0
0,-0.05106073264502836,0
0,-0.09197324224998199,0
0,-0.08694997437999752,0
0,-0.09285773887476301,0
0,-0.004231888097583125,0
0,-0.04242369960290282,0
0,-0.0038426346023416325,0
0,-0.046280448001027374,0
0,-0.06313351622706376,0
1,-0.057049334070279234,0
0,-0.05174652089710835,0
0,-0.025659561471638392,0
0,-0.08800343721702769,0
0,0.06588219755058511,1
0,-0.07102230997794545,0
0,-0.0548084672367643,0
0,-0.006328129795399207,0
0,-0.058936577792229716,0
0,-0.054000290439387144,0
0,0.037020073308162704,1
0,-0.07624476626306187,0
0,-0.07170842440034891,0
0,-0.05368713961451288,0
1,-0.015359966390029234,0
0,-0.08250937087855292,0
0,-0.059907808968696574,0
0,-0.05922337597284283,0
0,-0.03846934382351541,0
0,-0.10039156648589187,0
0,-0.013553455007153992,0
0,0.02196104593235093,1
0,-0.07250688396878852,0
0,-0.07545384539018357,0
0,-0.05619028969504103,0
1,-0.015359966390029234,0
0,-0.08130411909705798,0
0,0.006778481640609013,1
0,-0.054160947810490134,0
0,-0.08523156076554012,0
0,0.035289161509704514,1
0,-0.06416774625414906,0
0,-0.08010959751561242,0
0,-0.038353092265447974,0
0,-0.05474743757543893,0
0,-0.08446697908128686,0
0,-0.05968150408641015,0
0,-0.07019462101043206,0
0,-0.05993559735290915,0
0,-0.06323723898519945,0
0,-0.05213564962091083,0
0,-0.06319601790157309,0
1,-0.015343559786735572,0
0,-0.06551897957042896,0
0,-0.038781503536067685,0
0,-0.05799253182569786,0
0,-0.07797402850206092,0
1,-0.015666438022868323,0
0,-0.07798530386390401,0
0,-0.05386984976447473,0
0,-0.05614509836379522,0
0,-0.08334847157356934,0
0,-0.09054027322118047,0
0,-0.03429335099528069,0
0,-0.03386050463491774,0
1,-0.017623788684232145,0
0,-0.05602126839861399,0
0,-0.07565190519794196,0
0,-0.07709266144625854,0
0,-0.05570385791531446,0
0,-0.04463780307111204,0
1,-0.015359966390029234,0
1,-0.08332307994595523,0
0,-0.0847342534336662,0
0,-0.060955491285814845,0
0,0.02196104593235093,1
0,-0.08581354325699359,0
0,-0.03806762524416707,0
0,0.026470276048069175,1
1,-0.0647989391464695,0
0,0.13789532397168736,1
0,-0.04077821511919144,0
1,-0.054322708994760216,0
0,-0.04331279897719115,0
0,0.026470276048069175,1
0,-0.0880263825654784,0
1,-0.015359966390029234,0
0,-0.061223413382276326,0
1,-0.01684766364317286,0
0,-0.05836004703655473,0
0,-0.07829283239273277,0
0,-0.06687918712812407,0
0,-0.013945543931270288,0
0,-0.06513131906380981,0
0,-0.033342193590139735,0
0,-0.02521561759426838,0
0,-0.08074853494314715,0
0,-0.05905666376812707,0
0,-0.02563134914580134,0
1,-0.011603042728973889,0
0,-0.018337489660008977,0
1,-0.04390834055552295,0
0,-0.06851468228361057,0
0,-0.07795280959456635,0
1,-0.018541179280398,0
0,-0.05564928897445903,0
1,-0.01684766364317286,0
1,0.003770408215586607,1
0,-0.01121371804560728,0
0,-0.061223413382276326,0
0,-0.013282127357361617,0
1,-0.041385756549194797,0
1,-0.017768194614598942,0
0,-0.0581887464642315,0
0,-0.040886783813437244,0
0,0.026470276048069175,1
0,0.09721126296171889,1
0,-0.07608444665202624,0
0,-0.007938554812545018,0
0,-0.042405761783839147,0
0,-0.06623327780987803,0
0,-0.05556401660019317,0
0,0.1454821840900058,1
0,-0.03621887525672385,0
0,-0.06673045664855709,0
0,-0.057777623477549334,0
0,-0.06089018009724134,0
0,-0.06433668650826901,0
0,-0.06086157459623742,0
0,-0.022290283072930017,0
1,-0.018518095911605192,0
0,-0.04865016326107885,0
0,0.1454821840900058,1
0,-0.022433765823939578,0
0,-0.04972318897013939,0
1,-0.01876606469855946,0
0,-0.05560364505210591,0
0,-0.04991855871671563,0
0,-0.0593120732038927,0
0,0.035289161509704514,1
0,-0.07591133926053512,0
0,-0.07263724101209579,0
0,0.02196104593235093,1
0,-0.07116039007179681,0
0,-0.07759482796289385,0
0,-0.055463688619176776,0
0,-0.07752931192778051,0
0,-0.07506324794925484,0
1,-0.013414130836250093,0
0,-0.07592348977627633,0
0,-0.06951500942666666,0
0,-0.052889690661810096,0
1,-0.017768194614598942,0
1,-0.01670935978797633,0
0,-0.025090534797726605,0
0,-0.08469182860288343,0
0,-0.020204773134725518,0
0,-0.07731520403677561,0
0,-0.039161118175575604,0
0,-0.05319601935553808,0
0,-0.07831559946923361,0
1,-0.01876606469855946,0
0,0.08605076788423738,1
0,-0.07285996544709528,0
0,-0.060980629326287006,0
0,-0.034475415891647376,0
1,-0.07121715785760852,0
0,-0.07899333250436108,0
0,0.08254829631707117,1
0,-0.04772273239603575,0
0,-0.016170259321198754,0
0,-0.00931190381194158,0
0,-0.0716864382640402,0
1,-0.030537317522842167,0
0,-0.05233379525942922,0
0,-0.05530803959052716,0
0,-0.06193898136800052,0
0,-0.008271611434745696,0
0,-0.05475668798130384,0
0,-0.06144299918583174,0
0,-0.016048371854913812,0
0,-0.010214889341388533,0
0,-0.0038426346023416325,0
0,-0.05655412080667027,0
0,-0.08107864728077424,0
0,-0.08311892830422268,0
0,-0.04643073230033484,0
0,-0.04429392467973453,0
0,-0.050693707801177657,0
0,-0.02228471948438021,0
1,-0.031234029189480483,0
0,-0.08439307486974928,0
0,-0.035429879587277,0
0,-0.08596279816437119,0
0,-0.035129364642059735,0
0,-0.013301545085733113,0
0,-0.06309051975218705,0
1,-0.002503781053464549,0
0,-0.07094336798009959,0
0,-0.05371189242544161,0
1,-0.01738808843901385,0
0,-0.029083983719291995,0
1,-0.06816885725642374,0
1,-0.015359966390029234,0
0,-0.05551828035287254,0
0,-0.09207095336052684,0
0,-0.011500577589659222,0
0,-0.05643162273652186,0
0,-0.055463772195188,0
0,-0.06390050176789935,0
0,0.035289161509704514,1
0,-0.01828345141770471,0
0,-0.07761443409252494,0
0,-0.06762214165759067,0
0,-0.056092478825652214,0
0,-0.038415604718531726,0
0,-0.02011528432592008,0
0,-0.05978945795716867,0
0,-0.0637148781948148,0
0,-0.07647350177633477,0
0,-0.08242595328849317,0
0,-0.0738249568727527,0
0,-0.07683732397382681,0
0,-0.07675883358959146,0
1,-0.01684766364317286,0
0,-0.05966158945340044,0
0,-0.07968290833026298,0
0,-0.06580919958691545,0
0,0.00811524455057444,1
1,-0.020120122682346975,0
0,-0.060980629326287006,0
0,-0.0814219280218842,0
0,-0.05702390095230836,0
0,-0.020950618120111897,0
0,-0.07153013367394917,0
0,0.1262938038417123,1
0,-0.059354899092797064,0
0,-0.08221356616909364,0
0,-0.07679561075206259,0
0,-0.04925028612728527,0
1,-0.015359966390029234,0
0,-0.05503133590144088,0
1,-0.012906365148818988,0
1,-0.015359966390029234,0
0,0.11823539363750624,1
0,-0.02474999559397245,0
1,-0.015359966390029234,0
0,-0.0791119947259103,0
1,-0.03953178900938048,0
0,-0.03405854826654575,0
0,-0.02042061200298184,0
0,0.026470276048069175,1
0,-0.035785186377187805,0
0,0.031598794038452116,1
0,-0.0646745359221288,0
0,0.026470276048069175,1
0,0.031598794038452116,1
0,0.1262938038417123,1
0,-0.060980629326287006,0
1,-0.015359966390029234,0
0,0.02196104593235093,1
0,-0.08180307237134316,0
0,-0.06960833715462383,0
0,-0.06918679991234084,0
1,-0.06776201056906034,0
0,-0.07846165997607596,0
0,-0.0038426346023416325,0
0,-0.07020774547652464,0
0,-0.037054878376310385,0
0,-0.06124204683583773,0
0,-0.00030094330244506695,0
1,-0.012906365148818988,0
0,-0.07316168078651258,0
0,-0.032918372584778754,0
1,-0.05079080831274074,0
0,-0.02944668157830982,0
0,-0.03499748212251824,0
0,-0.09220299409370852,0
0,-0.05849892776071147,0
0,-0.06587245790390123,0
0,-0.011560593865021118,0
1,0.0017687281462225313,1
0,-0.05551828035287254,0
1,-0.037482596761902964,0
0,-0.07094729150976159,0
0,-0.05632580450357272,0
0,0.006778481640609013,1
0,0.026470276048069175,1
0,-0.004433378423146894,0
0,0.11116238115833188,1
0,-0.045663743847730476,0
0,-0.06416774625414906,0
0,0.031598794038452116,1
0,-0.05716216263813462,0
0,-0.060980629326287006,0
0,-0.0760137267761396,0
0,-0.07272346441351724,0
0,-0.06848624651207613,0
0,-0.027900428661022048,0
0,-0.07539207974807804,0
0,-0.053590350860968916,0
0,-0.05881539308427208,0
1,-0.050577148404036765,0
1,-0.019505963821408123,0
0,-0.08129798447000841,0
1,0.01396284971020667,1
0,0.1454821840900058,1
0,-0.016582887222231835,0
0,-0.02751041330843995,0
0,-0.08170965623675075,0
1,-0.019202241582551238,0
0,-0.04191110097366685,0
0,-0.004824245078910827,0
0,-0.05573128305160285,0
0,0.0588091508691474,1
0,-0.016064224659094906,0
0,-0.05919384408640965,0
0,-0.07566797606957115,0
1,-0.007425683277582196,0
0,-0.07246304866346842,0
1,-0.011603042728973889,0
0,0.09943438793460357,1
0,0.02196104593235093,1
1,-0.07757047764536557,0
0,-0.0798949198395047,0
0,-0.05714373865083949,0
0,-0.007320448532736057,0
0,-0.07987317470690525,0
1,-0.0908803220202074,0
1,-0.017768194614598942,0
0,-0.06062507667975875,0
0,-0.042679911375854085,0
0,-0.07631888142146104,0
0,-0.08227579224348175,0
0,-0.035981258864492494,0
0,-0.06666783120689229,0
0,-0.08233945417832444,0
0,-0.06254444704239487,0
0,-0.022662073418163564,0
0,-0.0020645524816776395,0
0,0.0588091508691474,1
0,-0.0808856502682796,0
0,-0.09731314416304326,0
0,0.006778481640609013,1
0,0.08078023525227118,1
0,-0.02936481214482367,0
0,-0.014329309463828543,0
0,-0.026722911310367525,0
0,-0.06597035511549332,0
0,-0.07531363463609375,0
0,-0.05378876336202998,0
0,-0.08959502374945705,0
0,-0.07315947084482544,0
0,-0.05442730261544826,0
0,-0.0610469908827006,0
0,0.006778481640609013,1
0,-0.07690739832926502,0
1,-0.015183828558617052,0
0,-0.06339530198427484,0
0,-0.05614509836379522,0
0,-0.01905337798753798,0
0,-0.08247496990829084,0
0,0.08542920234588791,1
0,-0.04283026007428109,0
0,-0.08784357815509025,0
0,-0.014249838871113751,0
0,-0.03125929635262742,0
0,0.11823539363750624,1
1,-0.019202241582551238,0
0,-0.07323175839074658,0
0,-0.07964304218212359,0
0,-0.04833218074555584,0
0,0.09721126296171889,1
0,-0.03885569232160346,0
0,-0.07232862694832387,0
0,-0.044244397560093796,0
0,-0.032330922594310085,0
0,-0.06185795538366501,0
0,-0.05968150408641015,0
0,-0.07807048176035736,0
0,-0.08862564977461224,0
0,-0.011998742432370035,0
0,-0.06323723898519945,0
1,-0.018518095911605192,0
0,-0.08106938156435323,0
0,-0.07275397657907462,0
0,-0.07838107441996561,0
1,-0.031060608094049313,0
0,0.09721126296171889,1
0,-0.04432686363322513,0
0,-0.09314830155318232,0
0,-0.016553904899933414,0
0,0.111414400531199,1
1,-0.01636851034352016,0
0,-0.06027510413089304,0
1,-0.01321818086556209,0
0,-0.08403463304847186,0
0,-0.06881663892660245,0
0,-0.08122970974508054,0
1,-0.020120122682346975,0
0,-0.04895098525123931,0
0,-0.006138412430291451,0
0,-0.05869820328949166,0
0,0.11116238115833188,1
1,-0.012533536587400418,0
0,-0.059479673794811616,0
1,-0.038449285987275705,0
0,-0.021517271047281072,0
0,-0.05582975411357266,0
0,-0.07113747502802087,0
0,-0.06635178654317936,0
0,-0.07205191731751698,0
0,-0.07548189761510371,0
0,-0.05573143431259808,0
0,-0.07318349518086048,0
1,-0.01684766364317286,0
0,0.13381750445632845,1
0,-0.03833686430499589,0
1,-0.06271964084916076,0
0,-0.014621492056600183,0
0,-0.05211505920222459,0
0,-0.06424371967293624,0
0,-0.015417406787113563,0
0,-0.055290788365681465,0
0,-0.059354899092797064,0
0,-0.04230254947912687,0
0,0.005551274881645196,1
0,-0.03833686430499589,0
0,-0.056599385819717185,0
0,-0.010041532265428532,0
0,0.09721126296171889,1
0,0.009708262449534155,1
0,-0.057457622103046,0
0,0.035289161509704514,1
0,-0.06184377143403891,0
1,-0.01876606469855946,0
0,-0.05940546844113265,0
0,-0.04866796683590063,0
0,-0.031881668225082704,0
1,-0.015359966390029234,0
0,0.031598794038452116,1
0,-0.052950704613323685,0
1,-0.018541179280398,0
0,-0.04833566216665175,0
0,0.02196104593235093,1
0,-0.07716441138071733,0
0,-0.08638684211009906,0
0,-0.03845342334280821,0
0,-0.0570219251033206,0
0,-0.07572986490938172,0
0,-0.0637148781948148,0
0,-0.08415462396716272,0
0,-0.04210355155525486,0
0,-0.08144456389347304,0
0,-0.04796794482993949,0
0,0.035289161509704514,1
0,-0.056567412558321706,0
0,-0.03915019723034324,0
0,-0.06601332846231428,0
0,-0.05622148319701159,0
1,-0.02984029484913797,0
0,-0.08732639244126955,0
0,-0.02260874104737748,0
0,-0.07700353570591856,0
0,0.0037764397879133105,1
0,0.11823539363750624,1
0,-0.05409798055834042,0
0,0.11116238115833188,1
0,-0.07273583609327855,0
0,-0.04932100621137819,0
0,-0.09818050085983332,0
1,-0.015359966390029234,0
0,-0.07558122170142323,0
0,0.0588091508691474,1
1,-0.08123601608092035,0
0,0.009908644996520333,1
0,-0.08057550538585928,0
0,-0.08083710767198271,0
0,-0.058983298949282614,0
0,-0.053152304100368475,0
0,-0.07387582697496059,0
0,-0.05869820328949166,0
1,-0.012906365148818988,0
0,-0.031042564031335373,0
0,-0.034065193388806814,0
0,-0.06847616424783126,0
0,-0.0981465069007817,0
1,-0.015359966390029234,0
0,-0.05530803959052716,0
0,-0.07196500340907258,0
0,-0.023265811244061463,0
0,-0.07774290637140568,0
0,-0.04673876646148761,0
0,-0.06529851091903721,0
0,-0.06898755010587815,0
0,0.006778481640609013,1
0,-0.013007150907212217,0
0,-0.029723321314778173,0
0,-0.08002465307015355,0
0,-0.017508138957489927,0
0,-0.08090669338434048,0
0,0.048490321774956935,1
0,0.07574870160934966,1
0,-0.08331097631258283,0
0,0.026470276048069175,1
0,-0.07342342817958997,0
0,0.035639652163094504,1
1,-0.019202241582551238,0
0,-0.0734530259211576,0
0,-0.07074781792078394,0
0,-0.028785419338796248,0
1,-0.015359966390029234,0
1,-0.044955112352811355,0
0,-0.05317725855599176,0
0,-0.061663641410605485,0
0,0.031598794038452116,1
0,-0.07713633397398123,0
1,-0.01684766364317286,0
0,-0.05841342441177,0
1,-0.01398634915291136,0
0,-0.003222174516527565,0
0,-0.06314616731969719,0
0,-0.05695071495540055,0
1,-0.015359966390029234,0
0,0.1454821840900058,1
1,-0.012138363772458194,0
0,0.006778481640609013,1
0,-0.05694393993655322,0
0,-0.00724498202166568,0
0,-0.08100892180537173,0
0,-0.0775817680788739,0
0,-0.04357931039631657,0
0,0.0837737957814324,1
1,-0.036863087449480136,0
0,-0.0038426346023416325,0
1,-0.01536220802121091,0
1,-0.01876606469855946,0
0,-0.07880045673087971,0
0,-0.08478480158562329,0
0,-0.05476173858981931,0
0,-0.05233379525942922,0
0,0.111414400531199,1
0,-0.010125816249949515,0
0,-0.012720874528834969,0
0,-0.022791108531986126,0
0,-0.08083902427012118,0
0,-0.0527985912310312,0
0,-0.05735371730895039,0
1,-0.02025604767346706,0
1,-0.06873837916348963,0
0,-0.08062223470082897,0
0,-0.04193534989584502,0
0,-0.058555660133071064,0
0,-0.010859017600624188,0
0,0.111414400531199,1
0,-0.06285048973227253,0
0,-0.00261348959167651,0
0,-0.0562365394243593,0
0,0.09943438793460357,1
1,-0.01876606469855946,0
0,-0.07993974898159673,0
0,-0.08507371282866188,0
1,-0.015359966390029234,0
0,-0.02313213641953149,0
0,-0.08005610264862523,0
0,-0.07158728117566893,0
0,-0.06921740604240328,0
1,-0.01648124162960357,0
1,-0.015183828558617052,0
1,-0.012906365148818988,0
0,-0.030426485557469907,0
0,-0.045072406836768664,0
0,-0.04102834907597036,0
0,0.11823539363750624,1
0,-0.04490131478609205,0
0,-0.07554567061790662,0
0,-0.06195611189088229,0
0,-0.04628721972735095,0
0,-0.08805243535647717,0
0,-0.10489540660591168,0
0,-0.057728652659371216,0
0,-0.0610440971113424,0
0,0.08398425561200262,1
0,-0.0662766749217748,0
0,-0.07684352919835968,0
0,0.0010272956072555628,1
1,-0.01175686289169997,0
0,-0.01050951135260153,0
0,-0.034576271152657934,0
1,-0.03179158639504509,0
0,0.042530722138179766,1
0,-0.058522975481910766,0
0,-0.0819887873916692,0
0,-0.07882978545636804,0
0,-0.04299597142723066,0
0,-0.056568938070602814,0
0,-0.08681776120096352,0
0,0.035289161509704514,1
0,0.0033672765005607896,1
0,0.006778481640609013,1
0,-0.07691864202269078,0
0,-0.04396608384791484,0
0,-0.06086353581416837,0
0,-0.05570385791531446,0
0,-0.05614509836379522,0
0,-0.04222781193722036,0
0,-0.05625074276992981,0
0,-0.06156477280162659,0
0,-0.08066068266219184,0
1,-0.007425683277582196,0
0,-0.013027987407622954,0
0,-0.06056616792387565,0
0,-0.07412859252140885,0
0,-0.05273572604185006,0
0,-0.08125048388004397,0
0,-0.03304909255982902,0
0,-0.06791357059022302,0
0,-0.008816591930128514,0
0,0.11116238115833188,1
0,-0.07130566360538731,0
0,-0.04013031365332487,0
0,-0.10428246523858548,0
0,-0.06713680877286593,0
0,-0.02325186346491792,0
0,-0.0038426346023416325,0
0,-0.05806116680988793,0
0,-0.05541802563186449,0
1,-0.019505963821408123,0
0,-0.0038426346023416325,0
0,0.0588091508691474,1
1,0.008184790128610064,1
0,-0.047344090829047,0
0,-0.07622635486494961,0
0,-0.08013203540623887,0
0,-0.07689786138185212,0
0,-0.06560984526765795,0
0,-0.05964979181103569,0
0,-0.04290562059995978,0
0,-0.07704095529587607,0
1,-0.01738808843901385,0
0,-0.02281205211665699,0
0,-0.04230254947912687,0
0,0.13818311637003922,1
0,-0.0732660628456489,0
1,-0.01876606469855946,0
0,-0.08040465427789445,0
0,0.1454821840900058,1
0,-0.0666089689452734,0
0,-0.06208068911389786,0
0,-0.06805154809658887,0
0,-0.05263316803995438,0
1,-0.012906365148818988,0
1,-0.01684766364317286,0
1,-0.01381688642056661,0
0,-0.016994295222801215,0
0,-0.08107864728077424,0
0,-0.04396608384791484,0
0,-0.08036468834462485,0
0,-0.06709165880033391,0
0,-0.04970612312781403,0
0,0.013552771301790667,1
0,-0.053590350860968916,0
0,-0.07465655494230411,0
0,-0.04635805182284797,0
0,-0.05643335329124394,0
0,-0.04996140777676311,0
0,-0.05518951690717172,0
1,-0.018518095911605192,0
0,0.09721126296171889,1
0,-0.06495146997672413,0
0,-0.0559759731845364,0
0,-0.07839697919950417,0
0,0.031598794038452116,1
0,-0.07124956834997415,0
0,-0.023491339801964828,0
0,-0.009217893341425865,0
0,0.12594821929593436,1
1,-0.015359966390029234,0
0,-0.07901151254751831,0
0,-0.08525280395086937,0
0,0.006778481640609013,1
0,-0.0841624832701734,0
0,-0.06313988767649886,0
0,-0.07396340996588735,0
0,-0.054453856194646544,0
0,-0.0885323667849085,0
0,-0.06673045664855709,0
0,-0.05556401660019317,0
0,-0.0923579679325317,0
0,0.04263959572847553,1
0,-0.04722179459879322,0
0,0.031598794038452116,1
0,-0.03207517946020516,0
0,0.1454821840900058,1
0,-0.05979330070401584,0
0,-0.044005372646420904,0
0,-0.050056419876888414,0
0,-0.10462519053476121,0
0,-0.062723408352104,0
0,-0.07992451169828235,0
0,-0.07624476626306187,0
1,-0.018518095911605192,0
0,-0.08137682520955186,0
1,-0.012906365148818988,0
1,-0.028109077413772998,0
0,-0.02974670535101409,0
1,0.00034727729939088015,1
0,-0.05250975502259958,0
0,-0.08079703191600973,0
1,-0.03734039836986014,0
1,-0.047559150193867306,0
0,-0.0038426346023416325,0
0,-0.04704533308816555,0
0,0.12594821929593436,1
0,0.045368168169760525,1
0,0.11116238115833188,1
0,-0.060980629326287006,0
0,-0.08128516815313208,0
0,-0.011619944356299872,0
1,-0.012906365148818988,0
0,0.11116238115833188,1
0,0.004248800621536319,1
0,-0.061720947934519876,0
1,-0.007425683277582196,0
1,-0.01684766364317286,0
0,-0.05247712543353228,0
1,-0.03211683218566963,0
0,-0.0801354450721477,0
1,-0.04904246760542752,0
0,-0.07071131301833256,0
0,0.1454821840900058,1
0,-0.04309857789330851,0
0,-0.015408968220756047,0
1,-0.015359966390029234,0
0,-0.08408198004173323,0
0,-0.08255133212209964,0
0,-0.01291624656924989,0
0,-0.0072506500825099685,0
0,-0.05627985203962599,0
0,-0.0703386985580226,0
0,-0.07388061881215546,0
0,-0.09113030641675951,0
0,-0.02589276512090327,0
0,-0.06777334966190596,0
0,-0.07933515230370652,0
0,-0.06095379839649362,0
0,0.04266375147667678,1
0,-0.07000960742500911,0
0,0.12594821929593436,1
0,-0.08581374778460477,0
0,-0.0815612881659365,0
0,-0.057024531904957876,0
1,-0.08671128188503213,0
0,-0.09073573650401989,0
0,-0.04579865304045011,0
0,-0.0389687680273168,0
0,-0.04846898431255647,0
0,-0.08005611106686594,0
0,-0.06781658620286657,0
0,-0.10033704830093565,0
0,-0.0733372425719816,0
0,-0.07571931035231022,0
0,-0.06658178542086951,0
0,-0.08356720083469976,0
0,-0.07775988442172316,0
0,0.08469382129169467,1
0,-0.061916839720369654,0
0,-0.07507414083021458,0
0,-0.05263408610651593,0
0,-0.0038426346023416325,0
0,-0.08193205042753732,0
0,-0.007657966726352994,0
0,-0.05480015731030763,0
0,-0.039551357685804645,0
0,0.042511327143946565,1
0,-0.05516298292062005,0
0,-0.015204435133572114,0
0,-0.06631552492243287,0
0,-0.07491759504234563,0
1,-0.012906365148818988,0
0,-0.08319207371287357,0
0,0.07400945982780738,1
0,-0.0685925894422193,0
0,-0.08858169545899242,0
1,-0.018260792787123836,0
0,0.1262938038417123,1
0,-0.054160947810490134,0
0,-0.01631408464794093,0
0,-0.039697409881241874,0
0,-0.009527211360239818,0
1,-0.06920795151980991,0
0,-0.0719913940810924,0
0,-0.08134809790914732,0
0,-0.0732829400284733,0
0,-0.05960059703124598,0
0,-0.03798709441837039,0
0,-0.081327447413728,0
0,-0.041662229229232406,0
0,-0.048722208606727824,0
0,-0.031901636299913605,0
0,-0.08270760328897458,0
0,-0.0808856502682796,0
1,-0.03241746566836251,0
0,-0.06882388366464331,0
1,-0.017043261177559443,0
0,-0.048069173737845194,0
0,-0.09272729092468374,0
0,0.013552771301790667,1
1,-0.014853273846519355,0
0,-0.04303057535712457,0
0,-0.06589403155787626,0
1,-0.01636851034352016,0
0,-0.05797870005729261,0
1,-0.01738808843901385,0
0,-0.0685777902569914,0
1,-0.03007846528958158,0
0,0.09943438793460357,1
0,-0.05833981514342684,0
0,-0.07298114192512356,0
0,-0.07747656052715068,0
1,-0.015359966390029234,0
0,-0.07735194215843327,0
0,-0.01481165936521267,0
0,-0.06313988767649886,0
0,-0.005296786375783735,0
0,0.0588091508691474,1
0,0.031598794038452116,1
0,-0.0767992470531274,0
0,0.111414400531199,1
0,-0.04294018641124503,0
1,-0.018541179280398,0
1,-0.02278236683456436,0
0,-0.027296925705045216,0
0,0.11823539363750624,1
0,-0.0523977719386966,0
1,-0.01636851034352016,0
0,0.2290927744294824,1
0,0.111414400531199,1
0,-0.05043120966948822,0
0,-0.01667767644752849,0
0,-0.06005541133110076,0
0,-0.02243447307904145,0
1,-0.01670935978797633,0
0,-0.06751912211195937,0
0,-0.007512608879491844,0
0,-0.043240515267817414,0
0,-0.07677885896755016,0
0,-0.06496295651606127,0
0,-0.04282144009847122,0
0,-0.07695066430836434,0
0,-0.06780982591525853,0
0,-0.08324199892909606,0
1,-0.007425683277582196,0
0,-0.06369445631909343,0
1,-0.015359966390029234,0
0,-0.07741269422929437,0
0,-0.0038426346023416325,0
0,0.035289161509704514,1
0,-0.009091461060635297,0
0,-0.06970356141967787,0
0,-0.07300329907039288,0
0,-0.06636950719943457,0
0,-0.05179316040802978,0
0,-0.040490272918517256,0
0,-0.050585722794844745,0
0,-0.07882384757929856,0
0,0.1262938038417123,1
0,-0.06599315790492316,0
0,-0.06266002220863087,0
0,-0.06359005112333588,0
0,-0.06745337708346455,0
0,-0.03660591613896447,0
0,-0.08294624470037537,0
0,-0.05541802563186449,0
0,0.02196104593235093,1
0,-0.06062359544919366,0
0,-0.05905666376812707,0
0,-0.0038426346023416325,0
0,-0.07020615372293859,0
0,-0.07435120456724637,0
0,-0.05573567729971318,0
1,-0.013414130836250093,0
0,0.031598794038452116,1
1,-0.04845408631951825,0
0,-0.03258282372885296,0
0,-0.04719337094011922,0
0,-0.06764682671185596,0
0,0.049040923280833204,1
0,-0.04042731242334818,0
1,-0.017043261177559443,0
0,-0.08317957019390537,0
0,-0.08450055207494622,0
0,-0.07384923370025748,0
0,-0.08048579300136582,0
0,-0.009931427222929778,0
0,-0.014985233387822372,0
0,-0.06589862109411515,0
0,-0.05666893325700961,0
1,-0.01636851034352016,0
0,-0.08752950850075192,0
0,-0.03018546837586522,0
0,0.06323046058214987,1
0,-0.011642869682603085,0
0,0.0588091508691474,1
1,-0.019505963821408123,0
0,-0.06447405025122055,0
0,-0.02517688133700141,0
0,0.16608148388901844,1
0,-0.06903220190134163,0
0,-0.08205857235647968,0
0,-0.06564737668361736,0
0,-0.05715098288849241,0
0,-0.05905666376812707,0
0,-0.06062507667975875,0
0,-0.0832176028576182,0
0,-0.06490605494432405,0
0,-0.05925457737437051,0
0,0.042701669522986374,1
1,-0.015183828558617052,0
0,-0.061663641410605485,0
0,-0.06581064355295924,0
0,-0.06329557153346138,0
0,0.011473712417325643,1
0,-0.06754998810757107,0
1,-0.012906365148818988,0
0,-0.06199391347527078,0
0,-0.08432520540847815,0
0,0.1355351566870039,1
0,-0.05556401660019317,0
0,-0.05247712543353228,0
0,-0.10533807843155046,0
0,-0.07587355549039498,0
1,-0.05404180386715379,0
0,0.07334345745717674,1
0,-0.07854987069726455,0
0,-0.08083710767198271,0
1,-0.01684766364317286,0
1,-0.01876606469855946,0
0,0.006778481640609013,1
0,-0.07019205049874733,0
0,-0.10373158286332762,0
0,-0.09090032526464381,0
1,-0.05700630444772142,0
0,-0.010538363783204274,0
0,-0.097461080403062,0
0,-0.05578521531796904,0
0,-0.08622545247417984,0
0,-0.05111300010441033,0
0,-0.08289356200578457,0
0,-0.05655087590026131,0
0,-0.0708491151871542,0
1,-0.01636851034352016,0
0,0.026470276048069175,1
1,-0.012906365148818988,0
0,-0.030562132479764914,0
1,-0.013414130836250093,0
0,-0.08394458246896447,0
0,0.035289161509704514,1
0,-0.0506963367776051,0
1,-0.05084036326655378,0
1,-0.049710391303061485,0
0,-0.09183569698355931,0
0,-0.051115616352638615,0
0,-0.07657811975002121,0
0,0.02196104593235093,1
0,-0.044369889160030596,0
0,-0.036133712876067536,0
0,-0.0844527891259762,0
0,-0.05279654324701588,0
0,-0.06473984321044068,0
0,-0.09453193443658359,0
0,-0.04732487986459055,0
0,-0.02853252345709717,0
0,-0.05082183611853902,0
1,-0.017623788684232145,0
0,-0.10231076383092119,0
1,-0.009439078507996523,0
0,-0.03052473278754575,0
1,-0.013414130836250093,0
0,-0.060971092666825655,0
0,-0.047527637421655944,0
0,0.026470276048069175,1
1,-0.015359966390029234,0
0,-0.07692691530391083,0
0,-0.04718406228012029,0
0,-0.00744057416763616,0
0,-0.052259777468509405,0
1,-0.020120122682346975,0
0,-0.0836897227880331,0
0,-0.0839246508610339,0
0,-0.08742481753045933,0
0,-0.07800631400288294,0
0,-0.06378899206572608,0
1,-0.018518095911605192,0
0,-0.004435112537925168,0
0,0.0588091508691474,1
0,-0.05191068864226672,0
0,-0.0381831284259978,0
1,-0.02006253071359887,0
0,-0.07617815972479164,0
0,-0.04459259400105303,0
0,-0.08528439896662526,0
1,-0.03859940156012265,0
0,-0.05919384408640965,0
1,-0.01670935978797633,0
0,-0.08815259904980932,0
0,-0.05564421268566816,0
0,-0.07279945870204557,0
0,-0.08466889147067885,0
1,-0.01684766364317286,0
0,-0.07009113809911816,0
0,-0.10486357286632952,0
0,-0.035124020842617065,0
0,-0.06062507667975875,0
0,-0.05530803959052716,0
0,-0.060312098414602944,0
0,-0.07563073022036737,0
0,-0.0445548680931635,0
0,-0.06839975636952034,0
0,-0.031893356114374716,0
0,0.1262938038417123,1
0,0.07711931608649791,1
0,0.05347336890321197,1
0,0.020063775533677664,1
0,-0.0702951094288442,0
0,-0.06674808140917704,0
0,-0.03030044964596923,0
0,-0.05401351603213933,0
1,-0.01738808843901385,0
0,-0.06107009515265904,0
0,-0.054380466372466296,0
0,-0.024369668031374803,0
0,0.16608148388901844,1
0,-0.06532194517257722,0
0,-0.07962046327586725,0
0,0.11116238115833188,1
1,-0.012906365148818988,0
0,0.0588091508691474,1
0,-0.08160337292579645,0
0,-0.07191391556050153,0
0,-0.018656735584604678,0
0,-0.09466907049613127,0
0,-0.07728928308550959,0
0,-0.07502400951845739,0
0,-0.022316175607680955,0
0,-0.0906231329667253,0
0,-0.03750074653128649,0
0,-0.0038426346023416325,0
0,-0.07598400393375737,0
1,-0.01670935978797633,0
0,-0.07647830693562108,0
0,-0.0038426346023416325,0
0,-0.027269409627351193,0
0,-0.07964304218212359,0
0,-0.0905923386337174,0
0,-0.06506105882325591,0
0,0.008664567264043521,1
0,0.09721126296171889,1
0,0.06830392047030964,1
0,-0.0038426346023416325,0
0,-0.039593586696368754,0
1,-0.01239150660817473,0
0,-0.07244084948789298,0
1,-0.01670935978797633,0
0,-0.042293882240071135,0
0,0.026470276048069175,1
1,0.00034727729939088015,1
0,-0.038781503536067685,0
0,-0.014394254364417991,0
0,-0.06579611713118477,0
0,-0.05518508972576969,0
0,-0.05714373865083949,0
0,0.09721126296171889,1
1,-0.018518095911605192,0
0,-0.1003930426183603,0
1,0.010314655810978235,1
1,-0.052898938593633815,0
0,-0.05010979753027278,0
0,-0.06985331661019484,0
0,-0.08213268534179397,0
0,-0.10152521379724377,0
1,-0.015183828558617052,0
0,-0.047591753300089135,0
0,-0.04554219909499091,0
1,-0.015359966390029234,0
1,-0.013414130836250093,0
0,-0.03245446705175159,0
0,0.011791430679962689,1
0,-0.05397319238760018,0
0,-0.04842573389003357,0
1,-0.03746019136911127,0
0,-0.07344587867038382,0
1,-0.015183828558617052,0
0,0.0588091508691474,1
0,-0.07952213188781737,0
0,-0.052211878385637955,0
1,-0.015359966390029234,0
0,0.006778481640609013,1
0,-0.007560462124952094,0
0,0.026470276048069175,1
0,-0.08266190689299313,0
0,0.035289161509704514,1
1,-0.012138363772458194,0
0,-0.05714373865083949,0
0,-0.06354566794034677,0
0,-0.04881006647662167,0
1,-0.018518095911605192,0
0,-0.04689457412783288,0
0,-0.05335259299343881,0
0,-0.08053469877390762,0
0,-0.003971509996456901,0
0,0.004326746553585337,1
0,-0.05038518647726675,0
0,-0.05714373865083949,0
0,0.02196104593235093,1
0,-0.03885843220014379,0
0,0.08237722755579846,1
0,-0.07314208784476145,0
0,-0.06589403155787626,0
0,-0.07775188778726821,0
0,-0.007565708327698817,0
0,-0.05869820328949166,0
0,-0.07504949972195679,0
0,-0.07836974405537894,0
1,-0.012906365148818988,0
0,-0.0800821958032027,0
0,0.041451446717275076,1
0,-0.04361714224124286,0
0,-0.016731658507873726,0
0,-0.07762341962809338,0
1,-0.015359966390029234,0
0,-0.012849708578080488,0
0,-0.09287634677331785,0
0,-0.04120060673187065,0
0,-0.05799533504559534,0
0,0.006778481640609013,1
0,0.111414400531199,1
0,-0.05655087590026131,0
0,0.111414400531199,1
1,-0.006270324465430688,0
0,-0.052842723741997,0
0,-0.07646481479756562,0
0,-0.02030135409562961,0
1,-0.030645811731769668,0
0,-0.03334999232878366,0
0,-0.060886870435343354,0
0,-0.05327274502993218,0
1,-0.01876606469855946,0
0,-0.07448003032940487,0
0,-0.05725084682184761,0
0,-0.05335259299343881,0
1,-0.017966795436318628,0
0,0.09115030843267236,1
0,-0.04214096974640913,0
0,-0.03990794621275018,0
0,-0.056844006779059486,0
0,-0.04788966097300845,0
1,-0.019147713151449974,0
0,-0.04322620607680644,0
0,-0.056400661348016135,0
0,-0.07259168643179875,0
0,-0.06113839438836527,0
1,-0.07179830336269644,0
0,-0.0841649227924165,0
0,0.22873157492013851,1
1,-0.02006253071359887,0
0,-0.038604626738306946,0
1,-0.01636851034352016,0
0,-0.07107666068834095,0
0,-0.0753018956058426,0
0,0.01270516060778204,1
0,-0.058570645899142515,0
0,-0.07010501050441525,0
0,-0.057713170812424275,0
0,-0.023201117938445426,0
0,-0.04718206948612663,0
0,-0.04555223414843934,0
0,-0.044670859485500036,0
1,-0.01684766364317286,0
0,-0.05053082472987763,0
0,-0.011351386776078276,0
0,-0.10439775835690035,0
0,0.02929172064246366,1
1,-0.01636851034352016,0
0,-0.059189730334646695,0
0,-0.08141503186152571,0
0,-0.005281292750561328,0
0,-0.08106293509003198,0
1,-0.014311736850765033,0
0,-0.08210245901961077,0
0,0.09170232043841076,1
0,-0.008856176254934567,0
0,0.034896455437390284,1
0,-0.05576757353758588,0
0,-0.04247213566872221,0
0,-0.03046670491468423,0
0,-0.08835034024186139,0
0,-0.05928343468384778,0
0,-0.07616159621906554,0
0,-0.0806735325545318,0
0,0.09488835142348384,1
0,-0.07324155974187169,0
0,-0.005478133879645575,0
0,-0.06365088603355878,0
0,-0.04785130715787311,0
0,-0.04010639301997593,0
0,-0.0225461952579471,0
0,-0.03703214506599595,0
0,-0.076651786312116,0
0,-0.03331617007961485,0
0,-0.10339638218688268,0
1,-0.050677648786249696,0
0,-0.06947802385828439,0
0,-0.0679725736164496,0
0,0.006778481640609013,1
0,-0.06106734054778706,0
1,-0.01636851034352016,0
0,-0.09543370279553937,0
0,-0.058776927401749945,0
0,-0.07081943456136086,0
0,-0.059832549557851555,0
0,-0.03285525624166541,0
0,-0.04027331390546901,0
0,-0.005595206728375934,0
0,-0.032292971493676825,0
0,-0.07836640214479756,0
0,-0.07764836061669306,0
0,-0.0534741992909728,0
0,-0.07974467067593793,0
0,-0.004189675370004142,0
0,-0.04348846812850443,0
0,-0.04626994243741367,0
0,-0.09865914284093591,0
0,-0.03030720887937266,0
0,-0.05919384408640965,0
0,-0.06107009515265904,0
1,-0.017043261177559443,0
0,-0.05787165745220263,0
0,-0.008969216426520155,0
0,-0.07943004539013304,0
0,-0.0527340507556564,0
1,-0.06673019809329012,0
1,-0.017768194614598942,0
0,-0.06062507667975875,0
0,-0.06462598462132868,0
1,-0.01738808843901385,0
0,-0.05228126591931803,0
0,-0.10152764065571207,0
0,-0.0702660587619186,0
0,0.09721126296171889,1
0,-0.054000798447518594,0
1,-0.056705226399824005,0
0,-0.022382034241427318,0
0,-0.0038426346023416325,0
0,-0.04798879932333322,0
1,-0.015359966390029234,0
0,-0.07424806522726318,0
0,0.006778481640609013,1
1,-0.0813741667766894,0
0,-0.08194578854634549,0
0,-0.08634744515730874,0
0,-0.0384636079777359,0
0,-0.018900727087262204,0
0,-0.040475242274138734,0
0,0.006778481640609013,1
0,0.09943438793460357,1
0,0.035289161509704514,1
1,-0.026004600256321952,0
0,-0.08306693624288802,0
0,-0.0504934505916676,0
0,-0.04339040109666625,0
0,-0.06431660739630246,0
0,0.008275581965506706,1
1,-0.0717287950643069,0
0,0.031598794038452116,1
0,-0.07229074724337942,0
0,-0.05650450287084591,0
1,-0.019202241582551238,0
0,0.111414400531199,1
0,-0.05928343468384778,0
1,-0.01684766364317286,0
0,-0.0634789555150938,0
0,-0.041258485865240724,0
1,-0.020120122682346975,0
0,-0.06106525497360571,0
0,-0.06853764189185829,0
0,-0.07593095992689508,0
1,-0.017043261177559443,0
0,-0.0727055811258307,0
1,-0.019202241582551238,0
0,0.0588091508691474,1
1,0.0165345169134693,1
0,-0.007834784167139175,0
0,0.0960930824788706,1
0,-0.07589262501888511,0
0,-0.03819615545144789,0
0,-0.053618244554898775,0
1,-0.05593821444242658,0
1,-0.01876606469855946,0
0,-0.04289244257433528,0
0,-0.018218204439997943,0
0,-0.021776210892550607,0
0,-0.019232707165344698,0
0,-0.04106552910555339,0
0,-0.07563500432169606,0
0,-0.06336501231576297,0
0,-0.013486328953492777,0
0,-0.054585075810435923,0
0,-0.060955491285814845,0
0,-0.03417090363350517,0
1,-0.037772381135681876,0
0,-0.04866792495302008,0
0,-0.042875567605275444,0
0,-0.0579323546476207,0
0,-0.054801238195244906,0
1,-0.015666438022868323,0
0,-0.0467912529315726,0
0,-0.059189730334646695,0
1,-0.01738808843901385,0
0,-0.04258086284756318,0
0,0.026470276048069175,1
0,-0.058936577792229716,0
0,-0.059613698080160316,0
1,-0.07671163041690082,0
0,-0.0635407683075579,0
0,-0.047609386174305324,0
1,-0.01536220802121091,0
0,-0.04996140777676311,0
0,0.09721126296171889,1
0,-0.07451798119294045,0
0,-0.07735819882003514,0
0,0.09943438793460357,1
0,-0.059354899092797064,0
0,0.05938676857630176,1
1,0.028742640808826492,1
0,0.0588091508691474,1
0,0.0025299004056932306,1
0,-0.03192903167446187,0
0,-0.1016858059537975,0
0,-0.0821449300037736,0
0,-0.04571818896420915,0
0,-0.07619833392752812,0
0,-0.05329548942433415,0
0,-0.05339562548289223,0
0,-0.05943239852809318,0
0,-0.08110749795299305,0
0,-0.10188844439390088,0
0,-0.06673045664855709,0
1,-0.018518095911605192,0
1,-0.05200007549799529,0
0,-0.07948909646040897,0
0,-0.08009683477189539,0
0,-0.05246849449754043,0
0,-0.07042660596615696,0
0,-0.0625309381459912,0
0,-0.00860614294120865,0
0,-0.08402368722471332,0
0,0.09721126296171889,1
1,-0.07097284154873279,0
1,-0.023563822254966116,0
0,0.13381750445632845,1
0,0.111414400531199,1
0,-0.0350224825883782,0
0,-0.053590350860968916,0
0,-0.05782328273334941,0
1,-0.012906365148818988,0
1,-0.01636851034352016,0
0,-0.05876607969273817,0
1,-0.015359966390029234,0
1,-0.07261337991253747,0
0,-0.07577731542352822,0
0,-0.054965038112308684,0
0,0.12594821929593436,1
0,-0.0039879755218021895,0
0,-0.0534741992909728,0
0,-0.07546188556284744,0
0,-0.06608274756908511,0
0,-0.06156477280162659,0
0,-0.0487577419524855,0
0,-0.06597035511549332,0
0,-0.059739092719913456,0
0,-0.07806395921127735,0
0,-0.07031802018476324,0
0,-0.07804902078819137,0
0,-0.013933316091522485,0
1,-0.01670935978797633,0
0,-0.04415731795732586,0
0,-0.0734961759608122,0
0,-0.043081710534114415,0
0,-0.06313638829706747,0
0,-0.010802027183066998,0
0,-0.05783264443122155,0
0,-0.020029662769702805,0
0,-0.07145961526307798,0
0,-0.055907942152411794,0
1,-0.00019622769989091626,0
0,-0.0038426346023416325,0
0,-0.08041441358284368,0
1,-0.022460439243321084,0
0,-0.039171289938359666,0
0,-0.08767570604259994,0
0,-0.059865343442581154,0
0,-0.05090872320508638,0
0,-0.07354785898506105,0
1,-0.01636425195146962,0
0,-0.028003081922646,0
0,-0.051115616352638615,0
0,-0.06272977319145107,0
0,-0.04869395503194368,0
1,-0.015359966390029234,0
1,-0.015359966390029234,0
0,-0.039212937651964486,0
0,-0.06016371187517899,0
0,-0.07972997765864659,0
1,-0.0039855397880645405,0
0,-0.09567895045886932,0
1,-0.08171532041396068,0
1,-0.061579282543120784,0
0,-0.04382560913988576,0
0,0.026470276048069175,1
0,0.026470276048069175,1
0,-0.022032560569431925,0
1,0.00034727729939088015,1
0,0.026470276048069175,1
0,-0.010633522272514517,0
0,-0.05868098188054538,0
0,-0.08035778298653695,0
0,-0.026809801007178058,0
0,-0.04442063643539618,0
1,0.0022072743091861025,1
0,-0.03335353285015913,0
0,0.09721126296171889,1
0,-0.041143305791032314,0
0,-0.025432073814215306,0
1,0.0023090333615338743,1
0,-0.07734502206489174,0
0,-0.0788679153419023,0
0,0.026470276048069175,1
0,-0.0692297561944179,0
1,-0.013414130836250093,0
0,-0.04340800575029763,0
0,-0.008687501413382648,0
0,-0.05307119988093112,0
0,-0.05309698797390344,0
0,0.006778481640609013,1
0,-0.06636704730445986,0
0,-0.019648180988198427,0
0,-0.0014710709363463526,0
0,-0.04759411827844118,0
1,-0.04974199879654717,0
0,-0.07669301072460127,0
1,-0.041932192466156426,0
0,-0.05859848772799314,0
0,0.0588091508691474,1
1,-0.018518095911605192,0
0,0.1262938038417123,1
0,-0.06608274756908511,0
0,-0.05433597649767702,0
0,0.05677547027348684,1
0,-0.0534917120972353,0
0,-0.06886504695593038,0
1,-0.012533536587400418,0
0,-0.03852457562092143,0
0,0.026470276048069175,1
0,-0.051516412875278694,0
0,0.09721126296171889,1
0,-0.07671676981532749,0
0,-0.03386050463491774,0
0,-0.027455928661767548,0
0,-0.026878285995912965,0
0,-0.07117017335169673,0
0,-0.07322687285654983,0
0,-0.05167494540888451,0
0,-0.05206478081106164,0
0,-0.03696560301409291,0
0,-0.007555228012024295,0
0,-0.04826991103923439,0
0,0.0588091508691474,1
0,-0.07834217831005313,0
0,0.11116238115833188,1
0,-0.07535718410803999,0
0,-0.050936637676964436,0
0,-0.02444877751199903,0
1,-0.015343559786735572,0
0,0.0588091508691474,1
0,0.0588091508691474,1
0,-0.04530040566019794,0
0,0.09721126296171889,1
0,-0.03856317011932914,0
1,-0.015359966390029234,0
1,-0.015343559786735572,0
0,-0.06424371967293624,0
0,0.02005786802131093,1
0,-0.08704857817279354,0
0,0.16608148388901844,1
0,-0.09067947542741689,0
0,-0.0671269535298038,0
0,-0.038296487863666406,0
0,-0.07643340895193335,0
0,-0.0797890884632918,0
0,-0.07653457471164032,0
0,-0.027137678537303755,0
1,-0.017768194614598942,0
0,-0.006319433024606247,0
0,-0.062182583810939884,0
0,-0.0751277763414338,0
0,-0.052568138187058466,0
0,-0.025681385942872725,0
0,-0.08664631788555477,0
0,0.003578562684777742,1
0,-0.07634467533113148,0
0,-0.07340589026830757,0
0,-0.097855014033501,0
0,-0.04082280090742857,0
0,-0.08850736956406668,0
0,0.035289161509704514,1
0,-0.061052164912694495,0
1,-0.015359966390029234,0
0,-0.0637148781948148,0
0,-0.08134989605878773,0
0,-0.08040465427789445,0
0,-0.013730520727185336,0
0,-0.07707996675387202,0
0,-0.01514147148962297,0
0,-0.056599385819717185,0
0,0.09479030647496178,1
0,-0.0823025159437597,0
0,-0.0915753109539536,0
1,-0.01636851034352016,0
0,-0.05993559735290915,0
0,-0.06503008572320446,0
0,-0.0037618804880903967,0
0,0.11116238115833188,1
1,-0.015359966390029234,0
0,-0.03268409415233986,0
1,-0.01670935978797633,0
0,-0.07398827123831603,0
0,-0.06100116307436382,0
0,-0.07557414685054054,0
0,-0.07133366881627667,0
0,-0.013677871739829095,0
0,-0.08382614657124199,0
0,-0.04214417025005868,0
0,-0.09152995128344532,0
0,-0.08105575812274479,0
0,-0.07245010753799885,0
1,-0.015359966390029234,0
1,-0.01876606469855946,0
0,-0.08580540239090062,0
0,-0.07230538696385991,0
0,-0.04531474863157259,0
1,-0.019963689339438206,0
0,-0.07991356831372987,0
0,-0.0913300682929683,0
0,-0.08211239133789205,0
0,-0.0076105407274915104,0
0,-0.08546586661796529,0
0,0.16608148388901844,1
0,-0.0868447133519949,0
0,-0.06520120877263785,0
0,-0.07964304218212359,0
0,-0.027993062282859138,0
1,-0.013414130836250093,0
0,0.026470276048069175,1
0,-0.03838761719315448,0
1,-0.014926835742351319,0
0,-0.059470285025888525,0
0,-0.05346877619601331,0
0,-0.042526884587857305,0
0,-0.0738407561281787,0
0,0.031598794038452116,1
0,-0.03919057475014576,0
0,-0.053515322278099964,0
1,-0.022177906435703276,0
0,-0.07768455663333462,0
0,-0.056887047890328835,0
0,-0.036863785728152965,0
0,0.08474076472306624,1
0,0.035289161509704514,1
1,-0.02275081164703724,0
0,-0.041823130125022256,0
0,0.22039986166027337,1
0,-0.0882695008425653,0
0,0.02196104593235093,1
0,-0.05622148319701159,0
0,-0.05541802563186449,0
0,-0.07741631053796272,0
0,-0.038249493173740934,0
0,-0.04866796683590063,0
0,-0.07587480015771059,0
0,-0.06077302069884111,0
0,0.0588091508691474,1
1,-0.017623788684232145,0
0,-0.09040390235355722,0
0,-0.07091574767133907,0
0,-0.05855920590052616,0
0,-0.07889678374960801,0
0,-0.06953605892421222,0
0,-0.0038426346023416325,0
0,-0.10197474191181771,0
0,-0.043157609059947755,0
0,-0.05080762405216027,0
1,-0.015962008411279427,0
0,-0.06107009515265904,0
0,-0.022115129622415186,0
0,-0.05612138708636211,0
0,0.0588091508691474,1
0,-0.0522699271966689,0
0,0.11116238115833188,1
0,-0.08132655583176296,0
0,-0.07799087486533057,0
0,-0.011483341375937373,0
1,-0.03322233217629028,0
0,-0.053696235378309864,0
0,-0.0850552228847774,0
1,-0.01636851034352016,0
0,-0.03915467234880621,0
0,-0.05442329350235292,0
0,-0.07515984966046768,0
0,-0.05010048737606404,0
1,-0.01876606469855946,0
0,-0.04573275258260773,0
0,-0.06961254784106224,0
1,-0.013414130836250093,0
0,-0.043558583274364515,0
0,-0.05918402920923238,0
1,-0.051590167326557135,0
0,0.013552771301790667,1
0,-0.004082551468221951,0
0,-0.02689669644929754,0
0,-0.014783486266109425,0
0,0.11116238115833188,1
0,-0.06964004033020155,0
0,-0.07579570266615321,0
0,0.031598794038452116,1
0,-0.050693707801177657,0
0,-0.05345133884167336,0
0,0.10439034150569182,1
0,-0.02341350062245806,0
0,-0.0873183677697999,0
1,-0.01670935978797633,0
0,-0.05530803959052716,0
0,-0.07704095529587607,0
1,-0.015359966390029234,0
0,-0.04768045720894104,0
0,-0.02507609207826228,0
0,-0.042955083998949706,0
0,0.111414400531199,1
1,-0.012906365148818988,0
0,-0.07119457734504031,0
0,-0.06698986751123365,0
1,-0.01876606469855946,0
0,-0.059865343442581154,0
0,-0.05363479312580072,0
0,-0.08182194034197471,0
1,-0.04004394976571718,0
0,0.0588091508691474,1
0,-0.05643335329124394,0
0,-0.0038426346023416325,0
0,-0.07929266152401576,0
0,-0.05783264443122155,0
0,0.10825522983940372,1
0,-0.0877143771455558,0
0,-0.02283309117297211,0
0,-0.07705702362857958,0
0,-0.054167502736082174,0
0,-0.07860931077847116,0
0,-0.06200292088287629,0
0,-0.047581586839398005,0
0,-0.03845067382174738,0
0,-0.07522528769315656,0
0,-0.07264818550462904,0
1,-0.03392986120815322,0
1,-0.015183828558617052,0
1,-0.01848120000856085,0
0,-0.05948320486595671,0
0,0.09721126296171889,1
0,-0.08814767652959116,0
0,-0.07425407932527583,0
0,-0.05864044148995334,0
0,0.12040229803687452,1
0,-0.09313291013822267,0
1,0.00034727729939088015,1
0,-0.05435364426776379,0
1,-0.01684766364317286,0
0,-0.09430074793854054,0
0,0.0816880733560762,1
0,-0.033721383272396654,0
0,-0.06983538744669021,0
0,-0.05886725168962931,0
0,-0.05773951254123599,0
0,-0.027489975547782874,0
0,0.09721126296171889,1
0,-0.06577282391041145,0
0,-0.020284596616283235,0
0,-0.09393911049017406,0
0,0.006778481640609013,1
0,-0.08437645500493812,0
0,-0.023747510785610215,0
0,-0.03002571990508851,0
0,-0.06100116307436382,0
0,-0.020002128791084373,0
1,-0.02006253071359887,0
0,-0.007814392370254553,0
0,-0.0777263653722654,0
0,-0.061143083134429566,0
0,-0.022181727223971215,0
0,-0.08030399432932872,0
0,-0.05541636223340146,0
0,-0.05263316803995438,0
0,-0.002297876155259393,0
0,-0.07891204713335281,0
0,-0.056400661348016135,0
1,0.005551924500440841,1
0,-0.080871942846725,0
0,0.08108930519157409,1
0,-0.05645409972383253,0
0,-0.05864044148995334,0
1,-0.02613668019115578,0
1,-0.007054779850267978,0
1,-0.03139100829350844,0
0,-0.009025810462135908,0
0,-0.06815988797613393,0
0,-0.07833101404150367,0
0,-0.08015149992972592,0
0,-0.05490885941522761,0
1,-0.015359966390029234,0
0,0.07668649110717596,1
0,-0.0731174227118278,0
0,-0.07961266842466708,0
0,-0.06190873733111163,0
0,-0.0035948318609123064,0
0,-0.05117109140802323,0
1,-0.02471150443946396,0
0,-0.05911976854404155,0
0,-0.06416774625414906,0
0,-0.0051525208895972785,0
0,-0.04786870846007224,0
0,-0.062380164597089116,0
1,-0.01636851034352016,0
0,0.031598794038452116,1
0,-0.06262136162693216,0
0,-0.04623273567883729,0
0,-0.05516298292062005,0
0,0.0588091508691474,1
1,-0.08618588714674469,0
0,-0.008655874320763368,0
0,-0.08023847683653479,0
0,-0.05377956357099667,0
0,0.1454821840900058,1
0,-0.055797615215502305,0
0,-0.04288052765879341,0
0,-0.07194829642489309,0
0,-0.045227180121145294,0
0,-0.08311786936009963,0
1,-0.013414130836250093,0
0,0.22873157492013851,1
1,-0.01684766364317286,0
0,-0.07329757023548089,0
0,-0.0835768571568426,0
0,-0.08280107391628877,0
0,-0.06161327014655854,0
1,-0.015359966390029234,0
0,-0.059354899092797064,0
0,-0.053729811041466846,0
0,-0.0406178483312829,0
0,0.02196104593235093,1
0,-0.07668517173308004,0
0,-0.05767860394110563,0
0,-0.060081465086875174,0
0,-9.305322007741035e-05,0
0,-0.0822115992930399,0
1,-0.088667981920804,0
0,-0.0058163893069881345,0
0,-0.05714373865083949,0
0,-0.10112836501540362,0
0,-0.0012601029614864312,0
0,-0.056844006779059486,0
0,-0.0038426346023416325,0
0,-0.07184293869228708,0
1,-0.015359966390029234,0
0,-0.04932586959501556,0
1,0.03738189046675866,1
0,-0.07390017539211086,0
0,0.006778481640609013,1
0,-0.10065862668371445,0
1,-0.01876606469855946,0
0,0.02680330396462338,1
0,-0.08182240177674022,0
0,-0.08127420214905784,0
1,-0.015359966390029234,0
1,-0.019505963821408123,0
0,0.026470276048069175,1
0,-0.04701436827813621,0
0,-0.017508159204070506,0
0,-0.06240788633222899,0
0,-0.08276360076871558,0
0,-0.029109454592167072,0
0,-0.07788699232899038,0
0,-0.05666893325700961,0
0,-0.08123513956770162,0
0,-0.0796382424349753,0
0,-0.03434504085139023,0
0,-0.061979495414904995,0
0,-0.07735732671026302,0
0,-0.0812657181744042,0
0,-0.09023384863096723,0
0,-0.050393867163063044,0
0,-0.06596358802701957,0
0,-0.07002423531841234,0
0,-0.05490885941522761,0
0,-0.07309151007435666,0
0,-0.07921488348577221,0
0,-0.04427029381608982,0
0,-0.08741855394726877,0
1,-0.015359966390029234,0
0,-0.04925028612728527,0
0,0.09050838823690732,1
0,-0.05655412080667027,0
0,0.13789532397168736,1
0,0.04385190655095628,1
0,-0.06916436162061057,0
0,-0.07968085216300169,0
0,-0.05583680750326658,0
0,-0.05948320486595671,0
1,-0.0884550326670886,0
0,-0.0774580365868397,0
0,-0.0319316536011674,0
0,-0.08117661811264187,0
0,-0.06569477080771152,0
0,0.16608148388901844,1
0,-0.0017648723375364717,0
1,-0.01684766364317286,0
1,-0.026822027557109718,0
1,-0.01636851034352016,0
0,-0.05279040216658032,0
0,-0.07220985534135443,0
0,-0.08487964790960312,0
0,-0.10124897938614902,0
1,-0.012906365148818988,0
0,-0.045698812224024,0
0,-0.0038426346023416325,0
0,-0.050059302450724985,0
0,-0.08971716973259442,0
0,0.02044751231605091,1
0,0.0065284047337559326,1
0,-0.011387417902957275,0
0,-0.10051644741683075,0
0,-0.07697771907140438,0
0,-0.08514007305556587,0
0,-0.04616832153466266,0
0,-0.09916204995724642,0
0,-0.0038426346023416325,0
0,-0.01762538930466956,0
0,-0.0794257005806368,0
0,-0.00787272090290253,0
0,-0.07732898748573191,0
1,0.002537729394204935,1
0,-0.08079703191600973,0
0,-0.03039443196485031,0
0,-0.05040408485266307,0
0,0.12594821929593436,1
1,-0.015359966390029234,0
0,-0.06041031326812962,0
0,-0.013804805048821422,0
0,-0.0023609889998716382,0
0,0.13381750445632845,1
0,-0.0893386761015959,0
1,-0.024721469487478775,0
0,0.08433916284130283,1
0,-0.04427937266194448,0
0,-0.052803901818917254,0
0,-0.05423578974359483,0
0,-0.08872840072783045,0
0,-0.005413855644588794,0
0,-0.08702347685962541,0
0,-0.08099976028775974,0
0,-0.08861571271807533,0
0,-0.09383733756882678,0
1,0.00034727729939088015,1
0,-0.06308322343139605,0
0,-0.04710414328170981,0
0,-0.013208646882075126,0
0,-0.0661848447236853,0
0,-0.07775249022959957,0
0,-0.040655388274292215,0
0,-0.05570385791531446,0
0,-0.08640635338757446,0
0,-0.04588329320664153,0
0,-0.063414336119819,0
0,-0.03833686430499589,0
0,-0.05173622113093562,0
0,-0.05374346517706935,0
0,-0.06559605124955753,0
0,0.08001374991504151,1
0,0.004110991755309157,1
0,-0.08079703191600973,0
0,-0.08066036353285394,0
0,-0.08488277128254534,0
0,-0.05953391558104165,0
1,-0.012906365148818988,0
0,-0.08149646763976715,0
0,-0.04114833302272475,0
1,-0.01684766364317286,0
0,-0.08310046558386258,0
0,-0.07384570482939773,0
0,-0.08020101111113515,0
1,0.00034727729939088015,1
1,-0.01684766364317286,0
0,-0.04289289224678544,0
0,-0.05564928897445903,0
0,-0.017408290133421045,0
0,-0.09442138014701551,0
0,-0.0351476899373766,0
0,0.2410561483423288,1
0,0.035289161509704514,1
1,-0.015359966390029234,0
0,-0.019580043947262094,0
1,-0.01876606469855946,0
0,-0.06833536016198771,0
0,-0.05614509836379522,0
1,-0.01670935978797633,0
1,-0.06837795355610321,0
0,-0.06790286898393355,0
0,-0.05614509836379522,0
0,-0.08608414928394392,0
0,-0.006494347717759363,0
1,-0.06414248087655605,0
0,-0.05367408944157054,0
0,0.02196104593235093,1
0,-0.05570385791531446,0
0,0.22039986166027337,1
0,-0.00961023848000686,0
1,-0.07191129139299735,0
1,-0.015359966390029234,0
1,-0.013414130836250093,0
0,-0.046995218877536216,0
1,-0.028140644240088886,0
1,-0.06931695079376804,0
0,-0.05694393993655322,0
1,-0.018112772524855603,0
1,-0.009834764484795644,0
0,-0.07067676656276212,0
0,0.0716817671202773,1
0,0.1454821840900058,1
0,-0.049248142411447926,0
0,0.1454821840900058,1
0,-0.05555971322304254,0
0,-0.06589403155787626,0
0,0.035289161509704514,1
0,-0.023791841350002008,0
0,-0.07657351016035108,0
0,-0.0993104415038722,0
1,-0.017768194614598942,0
0,0.111414400531199,1
0,-0.06313351622706376,0
0,-0.03305587456597053,0
0,-0.09365478215765427,0
0,-0.07659711520549806,0
1,-0.01636851034352016,0
0,-0.05594948319499243,0
0,-0.09535975250148976,0
0,-0.08136385780250582,0
0,-0.06497613692405507,0
0,-0.043329210093869086,0
0,-0.06876185942249285,0
0,-0.05989256878587296,0
0,-0.023850689274845127,0
0,-0.04842387911751489,0
0,-0.06775187910571406,0
0,-0.07209015775275535,0
0,-0.0787692761078494,0
0,-0.04554219909499091,0
0,-0.055290788365681465,0
1,-0.07200455770174885,0
0,-0.07337188572885128,0
0,-0.05046886215132351,0
0,-0.011585542846138164,0
0,-0.06673045664855709,0
0,-0.07607370276257108,0
0,-0.07250726698638155,0
0,-0.06743352490290422,0
0,-0.06156477280162659,0
0,-0.06589403155787626,0
0,-0.039593586696368754,0
0,-0.07351014376356624,0
0,-0.08015949312354131,0
0,-0.06513782487160774,0
1,-0.012533536587400418,0
0,-0.08575179607249472,0
0,-0.03463270752987113,0
0,-0.06204266657784574,0
0,0.11823539363750624,1
0,-0.07675983742937081,0
0,-0.056339868438500695,0
0,-0.08167084097739091,0
0,-0.007406329516375154,0
0,-0.06700284711073445,0
0,0.13381750445632845,1
0,-0.05400367957414631,0
0,-0.09184483445381741,0
0,-0.04574405230456707,0
0,0.13789532397168736,1
1,-0.015359966390029234,0
0,-0.06820779067920318,0
0,-0.07750955580540625,0
0,0.12594821929593436,1
0,-0.07660098469926918,0
0,-0.07447949150320193,0
0,-0.0864343109589581,0
0,-0.062469912656791415,0
0,0.0588091508691474,1
0,-0.07015060440345633,0
0,-0.03342242325014877,0
0,-0.04612511367260591,0
0,-0.07687898189112846,0
0,-0.062907194004103,0
0,-0.017202179606299328,0
0,-0.05842505778968793,0
1,-0.019202241582551238,0
0,-0.08887897647896892,0
0,0.09721126296171889,1
0,-0.056399341515596835,0
0,-0.0799882491152964,0
1,-0.015343559786735572,0
1,-0.015359966390029234,0
1,-0.015359966390029234,0
0,0.031598794038452116,1
0,0.07731180147515915,1
1,-0.01684766364317286,0
0,0.040526865898587006,1
1,-0.006270324465430688,0
0,-0.060980629326287006,0
0,-0.076598184500689,0
0,0.12594821929593436,1
0,-0.031388405008631826,0
0,-0.10134555559153519,0
0,-0.0559959914167486,0
0,-0.05932260352773666,0
0,-0.0820216846078512,0
0,-0.05806842412078339,0
0,-0.06290418416644461,0
1,-0.016388373399353062,0
0,-0.04738764511892046,0
0,0.041451446717275076,1
0,-0.013751714373394952,0
0,-0.0494760106237791,0
0,-0.06861213436529229,0
0,-0.04290580365273872,0
0,-0.08595622228073241,0
0,-0.10043482474033238,0
0,-0.09081735934865148,0
0,-0.07921581722243748,0
0,-0.05038518647726675,0
0,-0.049631942225456194,0
1,-0.015359966390029234,0
0,-0.05694393993655322,0
0,-0.08489406227042678,0
0,-0.08719740186501213,0
0,-0.07044799235832472,0
0,-0.037574755026227924,0
0,-0.04066554398780903,0
1,-0.07888604288972295,0
0,-0.056574958618588744,0
1,0.00034727729939088015,1
0,-0.08032523141682152,0
0,-0.062451471950931425,0
0,-0.05479861097601896,0
1,-0.013414130836250093,0
0,-0.03849548172247569,0
0,-0.062418455702131004,0
0,-0.0715955918193632,0
0,-0.07924272102589364,0
0,-0.061410562282611214,0
0,-0.08245338063169722,0
0,-0.0530056820201103,0
0,-0.05828121572023237,0
0,-0.056599385819717185,0
1,0.014578473867972841,1
0,-0.007401848867112815,0
0,-0.05465626147993369,0
1,-0.01684766364317286,0
0,0.020630549127970133,1
0,-0.05165803550517312,0
0,-0.05098316138747028,0
1,-0.01684766364317286,0
0,-0.039538237259327036,0
0,-0.07870607711296507,0
0,-0.06671019088267299,0
0,-0.060902145040610256,0
0,-0.08864306092705387,0
0,-0.05590210325136391,0
0,-0.08036626235268862,0
0,-0.0805542503205306,0
0,0.1454821840900058,1
0,-0.020242286041945057,0
0,-0.04119160525440274,0
0,-0.021507780239945817,0
0,-0.05128066466022008,0
0,0.09943438793460357,1
0,-0.06881326426336093,0
0,-0.004826567508692259,0
0,-0.08458864722127002,0
0,-0.0038426346023416325,0
0,0.02196104593235093,1
0,-0.0544965518722782,0
0,-0.08601370520029006,0
0,-0.0803081736515025,0
0,-0.008882696628775943,0
0,-0.057024531904957876,0
0,-0.020149810665167633,0
0,-0.052353164140667874,0
0,-0.03135956698635889,0
0,-0.07711644771289006,0
0,-0.06597316604472453,0
0,-0.053590350860968916,0
0,-0.048065871731181375,0
0,-0.06506105882325591,0
0,-0.07655781320148453,0
0,-0.05836004703655473,0
1,-0.04205215935635892,0
0,-0.07862806399433081,0
0,-0.04308136075627428,0
0,-0.02489681062025123,0
0,-0.019808691266077982,0
0,-0.018151641211906766,0
0,-0.055930435989838656,0
0,0.02196104593235093,1
0,-0.031860818160355464,0
0,-0.08234159066627145,0
0,-0.07415135015947155,0
1,-0.015359966390029234,0
0,-0.08009261130182971,0
0,-0.020151136882726184,0
0,-0.09042197428055282,0
0,-0.07432415474020765,0
0,-0.061362000697109564,0
0,0.018401547130774243,1
0,-0.08319249373852605,0
0,0.1091222064348456,1
0,0.035289161509704514,1
0,-0.07039969457752737,0
0,-0.043812102059403335,0
0,-0.07919762357331367,0
0,-0.07762408300941903,0
0,-0.07209285797405646,0
0,-0.04866841442056552,0
0,0.0588091508691474,1
1,-0.015359966390029234,0
1,-0.015359966390029234,0
0,-0.054170680823674044,0
0,-0.08064766380669003,0
1,-0.013414130836250093,0
0,-0.03986497292374097,0
0,-0.0837384911173823,0
0,-0.025136251038492263,0
0,-0.07448934511203542,0
0,-0.0510751286888822,0
0,-0.002459277575688479,0
0,-0.08324589794020337,0
0,-0.04362694238261183,0
0,-0.05010048737606404,0
0,-0.03976428697364731,0
0,0.06730335990114156,1
0,-0.0001801904195891102,0
0,-0.08852619685055663,0
0,-0.061329112989406354,0
0,-0.042993757479683814,0
0,0.03761619295283403,1
0,-0.07511844225121173,0
0,-0.014736720908975431,0
0,-0.05015112813669209,0
0,0.12594821929593436,1
0,-0.07744562302071378,0
0,-0.08039185378193647,0
0,-0.08579257150664887,0
1,-0.015183828558617052,0
1,0.0035235885568632996,1
0,-0.06901173973491953,0
1,-0.015359966390029234,0
0,-0.0198751455901775,0
0,-0.08071409481266617,0
0,-0.05541802563186449,0
0,-0.0038426346023416325,0
0,-0.0038426346023416325,0
0,-0.0038426346023416325,0
0,-0.07947041329418292,0
0,-0.06062507667975875,0
0,-0.04203191735331757,0
0,-0.07402856688442971,0
0,-0.009168565347493995,0
0,-0.07669835418338372,0
1,-0.06120927293169126,0
0,-0.035120152427339346,0
0,-0.04329143787290812,0
0,-0.012278541996135428,0
0,-0.07275489258331236,0
0,-0.0038426346023416325,0
0,-0.03801380215093819,0
0,-0.05458145086542249,0
0,-0.07884286508844263,0
0,-0.06399769103632863,0
0,0.02196104593235093,1
0,-0.07781966856616335,0
0,-0.04477141117772421,0
0,-0.05655412080667027,0
0,-0.0537149830928777,0
1,-0.08214621198114991,0
1,-0.03755045937682361,0
1,8.698741832924295e-05,1
1,-0.017623788684232145,0
0,-0.0542962992027457,0
1,-0.01876606469855946,0
0,-0.08032164401047642,0
1,-0.017043261177559443,0
0,-0.0732287045194725,0
0,-0.025637970256756237,0
0,-0.07723272039035262,0
0,-0.07859981195614818,0
0,-0.07166548347452084,0
1,-0.015359966390029234,0
0,-0.010745532332745,0
0,-0.014969839437997734,0
0,-0.01275222979604601,0
0,-0.06996955835080643,0
0,-0.08204573191570197,0
0,-0.07606098502702335,0
0,-0.08970904067292568,0
0,-0.05915560311069046,0
0,-0.07448585436819771,0
1,-0.007425683277582196,0
1,0.00034727729939088015,1
1,-0.016764872256409713,0
0,-0.012935834199159446,0
0,-0.04019635587437853,0
0,-0.05839897098002844,0
0,-0.059189730334646695,0
0,-0.0483340905481629,0
0,-0.06821487763609063,0
1,-0.00523445524437105,0
0,-0.06142523464278471,0
0,-0.05533306820575884,0
1,-0.015359966390029234,0
0,-0.07627574707262763,0
0,-0.04884924924920425,0
0,0.09721126296171889,1
0,-0.07780238666278488,0
0,-0.03360853603082409,0
0,-0.03835998998808654,0
1,-0.01636851034352016,0
0,-0.05125582881975538,0
0,0.026470276048069175,1
0,-0.07823809082245459,0
0,0.02196104593235093,1
0,0.003431855913787585,1
0,0.006778481640609013,1
0,-0.07020042305828261,0
0,-0.044913056383893146,0
0,-0.04518292097347387,0
1,-0.019963689339438206,0
1,-0.06844162697674416,0
0,0.02794510119202187,1
0,0.06405205552265925,1
0,-0.04768441486449321,0
1,-0.02006253071359887,0
0,-0.09001712631648728,0
0,0.05980064386434569,1
0,-0.061276949741993936,0
0,-0.07397746858967164,0
0,-0.043318576549349286,0
0,-0.06152599085217425,0
0,-0.044127065234134066,0
0,-0.05263316803995438,0
0,-0.04418729771149482,0
0,-0.07173120146695505,0
0,-0.059318825721501156,0
0,0.006778481640609013,1
1,-0.02006253071359887,0
0,-0.06543090631835075,0
0,-0.0525322625697317,0
1,-0.012906365148818988,0
0,-0.07694923610964644,0
0,-0.08370341657410896,0
0,-0.06015326475177851,0
0,-0.07992391079956401,0
0,-0.05382970114570562,0
0,-0.08018675669680392,0
0,-0.08767882351385659,0
0,-0.05551828035287254,0
0,-0.02079460852624354,0
0,-0.010866439538502914,0
0,-0.041379027580884076,0
0,-0.07557027256456877,0
0,0.02196104593235093,1
0,-0.003988104779097612,0
0,-0.011757996462536502,0
0,-0.040557029993128046,0
1,-0.012906365148818988,0
0,-0.06782470465044904,0
0,-0.054051381540086874,0
1,-0.012906365148818988,0
0,-0.07569699891037235,0
0,-0.0852137992147532,0
0,0.0588091508691474,1
1,-0.01684699577220483,0
0,0.1454821840900058,1
1,-0.015359966390029234,0
0,-0.08444204917270054,0
0,-0.006319433024606247,0
0,0.058689935946298566,1
0,-0.0850788430769796,0
0,-0.0802967782582164,0
0,-0.06044219699171183,0
0,-0.052686673337244694,0
0,-0.07261079883046884,0
0,-0.044647793335661545,0
0,-0.04348846812850443,0
0,-0.04011456449992251,0
0,-0.034531566791025536,0
1,0.011474379534527235,1
0,-0.05725098073050289,0
0,-0.05299618712021725,0
0,-0.062083631555780505,0
0,-0.02208528281908889,0
1,-0.017623788684232145,0
0,-0.04530040566019794,0
0,-0.042803351912173715,0
0,-0.0748558539106211,0
0,0.07167102964522709,1
0,-0.09039084996966368,0
0,0.02196104593235093,1
0,-0.053590350860968916,0
0,-0.0038426346023416325,0
0,-0.04406918717495262,0
0,-0.060523934950180436,0
0,-0.06918596535112836,0
0,-0.04768045720894104,0
0,-0.06589403155787626,0
0,-0.08492727684407997,0
1,-0.017623788684232145,0
0,0.02196104593235093,1
1,-0.017768194614598942,0
0,-0.08013132817404989,0
0,-0.03689936497603613,0
1,-0.01876606469855946,0
0,-0.07745592458905048,0
0,0.12594821929593436,1
1,-0.01684766364317286,0
0,-0.07727242628597197,0
0,-0.0016286873073606545,0
1,-0.007425683277582196,0
0,-0.06313351622706376,0
1,-0.016346254561912188,0
0,0.026470276048069175,1
0,-0.05466108226088351,0
0,-0.07980912738395379,0
0,0.004823201334095306,1
0,0.1262938038417123,1
0,-0.009126540852987308,0
0,-0.08158209907899672,0
1,-0.09661457105160848,0
0,-0.023264267145954254,0
0,-0.06252398547994031,0
0,0.07586177444835962,1
0,0.035289161509704514,1
0,-0.06819537493849614,0
1,-0.01636851034352016,0
0,-0.06581064355295924,0
0,-0.07779901968087699,0
0,-0.04673876646148761,0
0,-0.0028737456006436846,0
1,-0.05932493841068992,0
0,-0.08594249792121872,0
0,-0.04493078913801224,0
0,-0.04377552249423977,0
0,-0.06199246282248605,0
0,0.015450236090514657,1
0,-0.050471888126631725,0
0,-0.09151456058591018,0
0,-0.02248165938706781,0
0,-0.058555660133071064,0
0,0.09943438793460357,1
1,-0.051282754000487374,0
0,-0.03946426789098689,0
0,-0.0375328785136978,0
0,-0.007676508156924555,0
0,-0.07899252930868206,0
0,-0.044715877182846975,0
0,-0.025637970256756237,0
1,-0.008616893692037886,0
1,-0.01670935978797633,0
1,-0.059853782981707127,0
0,-0.0032539184300040547,0
0,-0.08896242547045285,0
0,-0.05864044148995334,0
1,-0.015359966390029234,0
0,-0.08700048536080657,0
0,-0.012638284021132484,0
0,-0.014499334959902743,0
1,-0.015343559786735572,0
0,-0.010015876084128461,0
0,-0.07171837064896752,0
0,-0.06755192582593655,0
0,-0.06374838711046504,0
0,-0.05919871672436955,0
0,-0.0550087424494794,0
0,-0.07859816654756135,0
0,-0.03454445678284618,0
1,-0.015343559786735572,0
0,-0.05251620388552258,0
0,-0.008993203534725658,0
0,-0.05233038334519324,0
1,0.00034727729939088015,1
0,-0.07096134758828487,0
0,-0.007758381545770965,0
0,-0.052833334188396364,0
0,-0.06467267028690726,0
0,-0.03975059791310953,0
0,-0.05365116508036383,0
1,-0.016764872256409713,0
0,-0.07823662099781636,0
0,-0.03989309710324579,0
0,-0.06498496718010105,0
0,-0.08106095108854555,0
0,-0.0320146683487183,0
0,-0.06278821719220651,0
0,-0.06567376713503198,0
0,-0.054160947810490134,0
1,-0.051223669135024186,0
0,-0.045505737026196036,0
1,-0.01658908319108432,0
1,-0.012906365148818988,0
1,-0.015359966390029234,0
0,-0.017172950947419885,0
0,-0.003121711054357268,0
0,-0.0055366380972777796,0
0,-0.0821591481583967,0
0,0.006778481640609013,1
0,-0.025059943456865352,0
0,-0.0034763842763383956,0
0,-0.06514609689578049,0
0,0.09721126296171889,1
0,-0.09208009578608517,0
1,-0.029164768044321776,0
1,0.018814337601778308,1
0,-0.05993559735290915,0
0,-0.0650434645189727,0
0,-0.027752514971969622,0
1,0.00034727729939088015,1
0,0.10308688881055217,1
0,-0.05349232608698762,0
0,0.12594821929593436,1
0,-0.07167881248056662,0
0,-0.047581586839398005,0
0,-0.07776600013478224,0
0,-0.03745669168267307,0
0,-0.05928343468384778,0
1,-0.013414130836250093,0
0,-0.0866172781907743,0
0,-0.054629364095280464,0
0,-0.08026462325075889,0
0,-0.06323723898519945,0
0,-0.06316655549216699,0
0,0.0588091508691474,1
0,-0.07926987156915727,0
0,-0.06416774625414906,0
0,-0.06603987858989396,0
0,-0.0485937313397416,0
0,-0.07198069244964789,0
0,-0.05948320486595671,0
0,-0.05968150408641015,0
0,-0.054462955711303884,0
0,-0.06193898136800052,0
0,-0.08924167825116597,0
0,-0.05714373865083949,0
0,-0.039593586696368754,0
1,-0.015359966390029234,0
0,-0.027732283069242414,0
0,0.10308688881055217,1
0,-0.08382028459215707,0
0,-0.059865343442581154,0
0,-0.0642578325361855,0
0,0.08491011995492259,1
0,-0.054672316416476074,0
0,-0.07829164351315776,0
0,-0.042678460527545814,0
1,-0.020120122682346975,0
0,0.0588091508691474,1
1,-0.018518095911605192,0
1,-0.06599768357763192,0
1,-0.015666438022868323,0
0,0.06407492791527725,1
1,-0.012906365148818988,0
0,-0.07738511029428263,0
0,-0.056399341515596835,0
1,0.0009670018451091167,1
1,-0.01684766364317286,0
0,-0.05938092710911064,0
0,-0.0843500076235989,0
0,-0.07219394538153323,0
0,-0.0605719662939172,0
1,-0.01670935978797633,0
0,-0.049782693189627025,0
1,-0.012906365148818988,0
0,-0.05894477938994003,0
0,-0.016113877368537144,0
0,-0.04250001465610154,0
0,-0.053794043320215645,0
0,-0.04113604649569269,0
0,-0.0502289660086897,0
0,-0.055995334855941825,0
0,-0.014941505756360274,0
1,-0.01670935978797633,0
0,-0.0701035636445348,0
0,0.11116238115833188,1
0,0.035289161509704514,1
0,-0.015193739703794007,0
1,-0.01670935978797633,0
0,-0.08106095108854555,0
0,-0.05993559735290915,0
0,-0.057124841062945186,0
0,-0.0948063774145802,0
0,-0.06616270007220243,0
1,-0.015359966390029234,0
0,0.2410561483423288,1
0,-0.07628071613866655,0
0,-0.023946309046385783,0
0,0.11116238115833188,1
0,-0.08147194334149138,0
0,-0.021814485794773186,0
0,-0.07691004247921956,0
0,-0.0745547842253037,0
1,-0.018518095911605192,0
0,-0.005253453982143774,0
0,-0.07676871963122789,0
0,-0.011591052501905952,0
0,-0.06350737656912198,0
0,-0.06609337787861397,0
0,-0.0511062280771753,0
0,-0.06199391347527078,0
0,-0.06700587544833647,0
0,-0.042545295909078684,0
1,-0.035924873835649684,0
0,0.09721126296171889,1
0,-0.061370809904500334,0
0,0.12594821929593436,1
0,-0.033417730582277594,0
1,-0.018518095911605192,0
0,-0.07471081901779714,0
0,-0.04333336947945904,0
0,-0.042824685755654956,0
1,-0.006270324465430688,0
0,-0.08099976028775974,0
0,-0.0832025157827041,0
0,-0.026079008913159063,0
1,-0.03007846528958158,0
0,-0.00979893658320996,0
0,-0.06801448961066625,0
1,-0.015183828558617052,0
0,-0.08473800658142927,0
1,-0.015487024097411095,0
0,-0.01410609092659093,0
0,-0.07607845939388808,0
0,-0.05132720053513057,0
0,-0.06858960882597948,0
0,-0.08447492478736585,0
0,-0.08761434977168153,0
0,-0.09212467160773757,0
0,0.031598794038452116,1
0,-0.09731314416304326,0
0,-0.03245958114537856,0
0,-0.054160947810490134,0
0,-0.08194130186901788,0
0,0.006778481640609013,1
0,-0.0706777003666898,0
1,-0.015359966390029234,0
1,-0.07368323551734496,0
0,-0.07984528348117809,0
0,-0.0038426346023416325,0
0,-0.04357283089410613,0
0,-0.04595555896852155,0
0,-0.047116230730008535,0
0,-0.04648593231012865,0
0,-0.027714168425669816,0
1,-0.01876606469855946,0
0,-0.040475242274138734,0
0,-0.01598459753148551,0
0,-0.07714278392854351,0
0,-0.06496295651606127,0
0,-0.07825234568254852,0
0,-0.07987019052352184,0
0,0.01628468818198614,1
0,-0.0736921582014598,0
1,-0.012533536587400418,0
0,-0.08613167915870651,0
0,-0.04348846812850443,0
0,-0.07948016954369103,0
0,-0.0059767785259762785,0
0,-0.05388313372288711,0
0,-0.05422659591432666,0
0,-0.08214724137212814,0
0,-0.08008395723669459,0
0,-0.04017664856906128,0
0,-0.0816865178998532,0
0,-0.02642634041300551,0
0,-0.0893652510460673,0
0,0.06609794298904492,1
0,-0.09439954731814437,0
0,0.031598794038452116,1
0,-0.10137047666020743,0
0,0.006778481640609013,1
0,-0.07600681617908667,0
1,-0.015183828558617052,0
0,-0.022892919738275674,0
0,-0.04708377128232305,0
1,-0.01631130093901695,0
0,-0.05597076034642229,0
0,-0.08057388066368254,0
0,-0.01982077934705545,0
0,-0.061223413382276326,0
0,-0.0453472058192681,0
0,-0.015469001030291585,0
0,-0.10372194993126338,0
0,-0.04246932411017784,0
0,0.003026849812018284,1
1,-0.012533536587400418,0
1,-0.016764872256409713,0
0,-0.07450471700799294,0
0,-0.08308590874979266,0
1,-0.015359966390029234,0
0,-0.07213985761726888,0
0,-0.002826411875777368,0
0,-0.03187562418618484,0
0,-0.07340477222924946,0
0,-0.05854706340522681,0
0,-0.04222781193722036,0
0,-0.05607887822389762,0
0,-0.06254444704239487,0
0,-0.05085974596308307,0
0,-0.06515394308117656,0
0,-0.05261288225599603,0
0,-0.05754107223877636,0
0,0.09721126296171889,1
0,0.0588091508691474,1
0,-0.055463688619176776,0
0,-0.049727993634948287,0
0,-0.06242964570286841,0
1,-0.01684766364317286,0
0,-0.07589043568842274,0
0,-0.07341291232623859,0
0,-0.08982941666738553,0
0,0.007805254777076498,1
1,-0.015487024097411095,0
1,-0.017768194614598942,0
0,-0.05321239249191417,0
0,-0.013847891444217608,0
0,0.006778481640609013,1
0,-0.06386791620067245,0
1,-0.013374596564392438,0
0,-0.005192544237067553,0
0,-0.016629548979638198,0
0,-0.09252820317568594,0
0,-0.04062049277061752,0
1,-0.016673377391415112,0
1,-0.015359966390029234,0
0,0.02196104593235093,1
0,-0.0405895102535212,0
0,0.06608146089159539,1
0,-0.022377554522796772,0
0,-0.04842410690081944,0
1,-0.014568757388112474,0
0,-0.09959481151337612,0
1,-0.015343559786735572,0
0,0.031598794038452116,1
0,-0.029940528493698604,0
0,-0.060980629326287006,0
0,-0.031351641828800014,0
0,-0.043081710534114415,0
0,-0.07964304218212359,0
0,0.11116238115833188,1
1,-0.019202241582551238,0
0,-0.022375149667381466,0
1,-0.021555850435977186,0
0,-0.0038426346023416325,0
0,0.006778481640609013,1
0,-0.04698705418842486,0
0,-0.07887687327636644,0
0,-0.08651627182631255,0
0,-0.05555971322304254,0
0,-0.05044731309610234,0
0,-0.0548084672367643,0
0,-0.049210735365691205,0
0,-0.060971092666825655,0
0,-0.05614509836379522,0
0,0.11823539363750624,1
1,-0.01636851034352016,0
0,-0.06765035508690753,0
0,-0.05421271083157453,0
0,-0.08219124949785628,0
0,-0.10472937162978979,0
0,0.0009927473434481193,1
0,-0.08336766156277986,0
1,-0.01636851034352016,0
0,-0.07207473037582746,0
0,-0.07650408245453394,0
0,-0.005893968581653919,0
0,-0.017706515647121,0
0,-0.0822125724923039,0
1,-0.015359966390029234,0
0,-0.08062294240111634,0
0,-0.0705113563454901,0
0,-0.0734903606084118,0
0,-0.06390437201287469,0
1,-0.009834764484795644,0
0,-0.08462593213783953,0
1,-0.017239860903048077,0
0,-0.00892655626083605,0
1,-0.039570638259393,0
1,-0.007425683277582196,0
0,-0.05783264443122155,0
0,-0.024779694762551097,0
0,-0.06536756104886515,0
1,-0.039321204172657054,0
0,-0.04405922547539437,0
0,-0.06556369561146591,0
1,-0.06264003883803404,0
1,-0.015666438022868323,0
0,-0.06424371967293624,0
0,-0.07672868180339992,0
1,-0.014311736850765033,0
0,-0.07579177917271596,0
1,-0.019202241582551238,0
0,-0.04256138772879997,0
0,0.006778481640609013,1
0,-0.01135464530961433,0
1,-0.015359966390029234,0
0,0.06200268681227361,1
0,-0.08117087515684268,0
0,-0.012455727764406621,0
0,-0.06113629298147816,0
0,-0.037362916512211186,0
0,-0.07148378450898418,0
0,-0.039940351612181346,0
1,-0.019202241582551238,0
0,-0.05141922266414428,0
0,0.09721126296171889,1
0,-0.056546044895412206,0
0,-0.04976428066540617,0
0,-0.05735371730895039,0
0,0.08325489915567108,1
0,-0.07062289979813074,0
0,-0.04738764511892046,0
0,-0.05886725168962931,0
0,0.00020766338070254964,1
0,-0.08049707611067142,0
0,-0.048017765318554284,0
0,0.09943450123404884,1
0,-0.0438098534018978,0
1,-0.021116558419475184,0
1,-0.019505963821408123,0
1,-0.01670935978797633,0
0,0.11116238115833188,1
1,-0.019505963821408123,0
0,-0.06640700883344375,0
0,-0.05968150408641015,0
0,-0.04133079883408686,0
1,-0.01670935978797633,0
0,-0.07791988597996252,0
0,0.026470276048069175,1
0,-0.07144226408724347,0
0,-0.08551955492499402,0
0,-0.08271723504229295,0
1,-0.018518095911605192,0
0,-0.017541529723797966,0
1,-0.06835172458366617,0
0,-0.05891766414518995,0
0,-0.0688356583020277,0
1,-0.013414130836250093,0
0,-0.04165107077195257,0
0,-0.04055082953150285,0
1,-0.017768194614598942,0
0,-0.04822014635763511,0
0,-0.07511707088776381,0
0,-0.06734799828285304,0
0,-0.06077302069884111,0
0,-0.06968867594230155,0
0,-0.05454036429242709,0
0,-0.06508391443895722,0
0,0.0588091508691474,1
0,-0.08129684571135998,0
0,-0.06758092539332966,0
0,-0.03354647612562228,0
0,-0.025755278084497013,0
0,-0.021784515846009433,0
0,-0.05371189242544161,0
1,-0.018518095911605192,0
0,-0.05544220379636561,0
1,-0.01876606469855946,0
0,0.0588091508691474,1
0,-0.05612138708636211,0
1,-0.018112772524855603,0
0,-0.09283385187753607,0
0,-0.04895098525123931,0
0,-0.06296292506587015,0
0,0.031598794038452116,1
0,-0.08613692305807391,0
0,-0.029994815072296066,0
0,-0.09048347460543349,0
1,-0.015359966390029234,0
0,-0.08146546330306598,0
0,-0.052883680003187716,0
0,-0.06346257274123906,0
0,0.006778481640609013,1
0,-0.08760981973319065,0
0,-0.060523934950180436,0
0,-0.017831808660861093,0
0,-0.07709240144752533,0
1,-0.015359966390029234,0
0,-0.056927997384065177,0
0,-0.020212322899361923,0
0,-0.0038426346023416325,0
0,-0.05010048737606404,0
0,-0.055126046697423936,0
0,0.006778481640609013,1
0,-0.050693707801177657,0
1,-0.019505963821408123,0
1,-0.041239317018874455,0
0,-0.059611715548597455,0
0,-0.07295248100957291,0
0,-0.05614509836379522,0
0,-0.07173167118761875,0
1,-0.06664030011148575,0
0,-0.09103223115951214,0
1,-0.06834661085171873,0
0,-0.06805872414937464,0
0,-0.03927113399162124,0
0,-0.03739791443012541,0
0,-0.08437985761574884,0
0,-0.07255799674715396,0
0,-0.008218843052605507,0
0,-0.044721248218761,0
0,-0.07485501392434996,0
0,-0.07817364989760711,0
0,-0.00709831085869872,0
0,-0.028040192600188363,0
0,-0.07516264335321604,0
0,-0.056400661348016135,0
1,-0.015359966390029234,0
0,-0.08813447059208374,0
0,-0.07052502995894339,0
0,-0.08641769182239939,0
0,-0.04396608903469573,0
0,-0.03489029461781595,0
1,-0.01636851034352016,0
0,-0.08045528411603625,0
0,-0.02269542955248155,0
0,-0.07124307352501585,0
0,-0.05117109140802323,0
0,0.006778481640609013,1
0,0.05917051287817998,1
0,-0.07991315023020773,0
0,-0.07622848008496208,0
0,-0.05826864444294755,0
0,-0.04798322793869275,0
0,-0.06434409293892801,0
0,0.08488521390612302,1
0,0.0036801016458534175,1
0,-0.06542067223597298,0
0,-0.07054624259625675,0
0,-0.08424622478429539,0
0,-0.0660825972577152,0
0,-0.042039633642671326,0
0,-0.011118744170688866,0
0,-0.05622148319701159,0
0,-0.07418922536876554,0
0,0.05004997655964882,1
0,-0.0893561988690652,0
0,-0.040626256091155166,0
1,-0.018518095911605192,0
0,-0.05645409972383253,0
0,-0.038400603548661205,0
0,-0.06509997884132324,0
0,-0.0406839105718908,0
0,-0.0588164591122628,0
0,-0.07428940197682421,0
0,-0.016371624167331456,0
1,-0.015359966390029234,0
0,-0.10350437159131481,0
0,-0.08222579218377363,0
0,0.0588091508691474,1
0,-0.06184377143403891,0
0,-0.026680982031240252,0
0,-0.07068150737634044,0
0,-0.05125582881975538,0
0,-0.08635922887855352,0
0,-0.04659962031301723,0
0,-0.015561522232897862,0
0,-0.025588905607186962,0
0,0.041451446717275076,1
0,0.006778481640609013,1
0,0.04429028326192541,1
1,-0.018518095911605192,0
1,-0.03948715170926681,0
0,-0.08106095108854555,0
0,-0.08329895271350796,0
0,-0.06862042321698925,0
0,-0.05993559735290915,0
0,-0.06200752837493961,0
1,-0.01670935978797633,0
0,-0.047175350053534015,0
0,-0.054518319011839345,0
1,-0.003910254082305442,0
0,0.035289161509704514,1
0,-0.04500304402294264,0
0,-0.05075836561632813,0
0,-0.052950704613323685,0
0,-0.04806327209217692,0
0,0.026470276048069175,1
0,-0.045577704638663896,0
0,-0.06047510239870113,0
0,-0.05322079059717855,0
0,-0.07349991762256586,0
0,-0.06564938005953341,0
0,-0.03079074888194666,0
0,0.019179790737241964,1
0,0.23299190513571988,1
0,0.012808551632131349,1
0,-0.04007269986150691,0
0,-0.07811780672087087,0
0,-0.041275392366277974,0
0,0.006417688566946911,1
0,-0.05305815593170066,0
0,-0.02976546267745811,0
0,0.11116238115833188,1
0,-0.05419518286907016,0
0,-0.05097553302472552,0
0,-0.05600936569657794,0
0,-0.07493147845933684,0
0,-0.04947725953026805,0
0,-0.0459191587297576,0
0,-0.04156867034754458,0
0,-0.05694245890448152,0
0,-0.06885108814253021,0
0,-0.0881608114452358,0
0,-0.038369796139080925,0
0,-0.04780097709470993,0
0,-0.03535057852056739,0
0,-0.08314004966430855,0
0,-0.062352472073341825,0
0,-0.0997702694693261,0
0,-0.08250631647171486,0
0,-0.07876179563774699,0
0,-0.07613809039120728,0
0,-0.017674091639782175,0
0,-0.07495633098045862,0
1,-0.017795209901690368,0
0,-0.0383364475469154,0
0,-0.04976428066540617,0
0,-0.07427645179703463,0
1,-0.019202241582551238,0
0,-0.05968150408641015,0
1,-0.018518095911605192,0
0,-0.03352230050691146,0
0,-0.0559759731845364,0
0,-0.05084141935937653,0
0,-0.08493466842850755,0
0,0.009922942715276273,1
0,-0.08044656351148177,0
0,-0.08983049302908297,0
0,0.1454821840900058,1
0,0.07994300877658767,1
0,0.031598794038452116,1
1,0.044101735745739945,1
0,0.0588091508691474,1
0,-0.05714373865083949,0
0,-0.07104342025299903,0
0,-0.08241051573684216,0
0,-0.02388788449736029,0
0,-0.06552986844676034,0
0,-0.05894477938994003,0
0,-0.042526884587857305,0
1,-0.019202241582551238,0
0,-0.052412467866316925,0
0,-0.05844804513777113,0
0,-0.02573947330605786,0
0,-0.042502850312347684,0
0,0.08956385129638145,1
0,-0.009259478623354578,0
0,-0.07888389243659699,0
1,-0.020120122682346975,0
1,-0.01684766364317286,0
1,-0.012906365148818988,0
0,-0.05117109140802323,0
0,-0.04128387002582756,0
1,-0.01684766364317286,0
0,-0.029994332574883764,0
0,-0.07171168614707102,0
1,-0.020120122682346975,0
0,0.13789532397168736,1
0,-0.04702350406559924,0
0,-0.0038426346023416325,0
0,0.026470276048069175,1
0,-0.013281523874425938,0
1,-0.012906365148818988,0
0,-0.08119708713706114,0
0,-0.03653468447400815,0
0,-0.0824854338894665,0
0,-0.047384456360484495,0
0,-0.053049563948522005,0
0,-0.07124972797492718,0
0,-0.07287815852447882,0
1,-0.01670935978797633,0
0,-0.08140675822991406,0
0,-0.08529608126163396,0
0,-0.08602215890077719,0
0,-0.04883144493328129,0
0,-0.04408448723970276,0
0,-0.05716445185739072,0
1,-0.01670935978797633,0
0,-0.00675634056739538,0
0,-0.08417984573196408,0
0,-0.004668574964491301,0
0,-0.07548970363365465,0
0,-0.05981266576395883,0
0,-0.08009261130182971,0
0,-0.07871767065705837,0
0,-0.05226061517665126,0
0,-0.04901389298391723,0
0,-0.07391252007362897,0
0,-0.048068104835399306,0
1,-0.03651017795102468,0
0,-0.05115439927818438,0
0,-0.08070247892371935,0
0,-0.0421807947787492,0
0,-0.08646612052902303,0
0,-0.07236766491400198,0
0,-0.030632789474501265,0
0,-0.06504952794248664,0
0,-0.08061348964659798,0
0,-0.06340191771385217,0
0,-0.10107717617329665,0
0,0.1454821840900058,1
0,-0.0038426346023416325,0
0,-0.08283821359730659,0
0,-0.10209730807320078,0
0,-0.053590350860968916,0
0,-0.08157377021341872,0
0,-0.04236010918188754,0
0,0.2410561483423288,1
0,-0.0879410548304631,0
1,-0.012906365148818988,0
1,-0.018518095911605192,0
1,-0.012906365148818988,0
0,-0.019573266564140157,0
1,-0.015666438022868323,0
0,-0.05735371730895039,0
0,-0.09222395362824226,0
0,-0.0038426346023416325,0
0,-0.04950801016644246,0
0,-0.0948661509516256,0
0,-0.06406944245654789,0
0,-0.031167452930620676,0
0,-0.03451628458651568,0
0,-0.06973648996738058,0
0,-0.05716445185739072,0
0,-0.06142090983854187,0
0,0.09721126296171889,1
0,-0.07255348806685696,0
0,0.12594821929593436,1
1,-0.015359966390029234,0
0,0.1454821840900058,1
0,-0.08838554560431222,0
1,-0.07502474515501728,0
0,-0.053590350860968916,0
0,-0.03915320124984156,0
0,-0.08107864728077424,0
0,-0.08605735089260108,0
0,-0.03794702604886541,0
0,-0.08699309690327078,0
0,0.08276007315726852,1
1,-0.05433451735134481,0
0,-0.05665455907562894,0
0,-0.08265302491174326,0
0,-0.007835523141761336,0
0,-0.07069191248891132,0
0,0.0588091508691474,1
0,-0.07384494198637137,0
0,-0.08101300174569936,0
1,-0.03355834877719488,0
0,-0.06972006573481943,0
0,-0.057075700302447796,0
0,0.09721126296171889,1
0,-0.012779339891899055,0
0,-0.024220019228225365,0
0,0.23651587576301614,1
1,-0.03135134152769842,0
0,-0.057145619259328484,0
0,-0.08107864728077424,0
0,-0.05252838726839215,0
0,0.0157659662880254,1
0,-0.0550087424494794,0
0,-0.057263216082837076,0
0,-0.017744203497939315,0
0,-0.06924903664830079,0
0,-0.08119012397689146,0
0,-0.026586047212945663,0
1,-0.013373746914196794,0
0,-0.07164303144093204,0
0,0.09416746972261203,1
0,-0.06345514919523482,0
0,0.09721126296171889,1
0,-0.0713579904368154,0
0,-0.07420788684961843,0
0,0.006778481640609013,1
0,-0.07047931117107403,0
0,-0.06079356415715742,0
0,-0.07426582119260483,0
0,-0.05767787836088406,0
0,-0.08784725868412285,0
0,-0.07643202592017773,0
1,-0.018518095911605192,0
0,-0.007192164041547322,0
0,-0.050083669066641634,0
1,-0.07251667471011947,0
1,0.00034727729939088015,1
0,-0.004099142535936684,0
0,-0.0008172498241779125,0
1,-0.01876606469855946,0
0,-0.07698577701351039,0
0,-0.021287141926846942,0
0,-0.037550283039916255,0
1,-0.07923931752323082,0
1,-0.057080763489102404,0
0,-0.047358713342878334,0
1,-0.017768194614598942,0
0,-0.07708349466113623,0
1,-0.09471581524202372,0
1,-0.018518095911605192,0
0,-0.06682546968843278,0
0,-0.07822011673593693,0
0,-0.08173086107702726,0
1,-0.012906365148818988,0
0,-0.0038426346023416325,0
0,-0.05025040632211464,0
0,-0.021264571338424465,0
0,-0.033034474908189115,0
0,-0.005912453082994484,0
0,-0.08450386449333958,0
1,-0.01670935978797633,0
0,-0.08298247227025801,0
0,-0.07054059276492308,0
0,-0.05055679673718072,0
0,-0.06847480226212893,0
1,-0.015666438022868323,0
0,0.0008137753923886937,1
0,-0.0699091686657295,0
0,-0.04921695381933372,0
0,-0.08394808394617354,0
0,-0.08408013034929601,0
0,-0.04322620607680644,0
0,-0.07220666247387941,0
0,0.02196104593235093,1
0,-0.015289029089445294,0
0,-0.010114882742984665,0
0,-0.05844956757576397,0
0,-0.06252398547994031,0
0,-0.037987808359070396,0
0,-0.060980629326287006,0
0,-0.07964304218212359,0
0,-0.04684097838444462,0
0,-0.10431408526758729,0
1,-0.015183828558617052,0
0,-0.06437344003690765,0
0,-0.037159274048393975,0
0,-0.04537831433065398,0
0,-0.010577834962610222,0
0,-0.07512204582970161,0
0,-0.010142969902616428,0
0,0.026470276048069175,1
0,-0.06760071528525458,0
0,-0.058671300016624794,0
0,-0.06077302069884111,0
0,-0.07340582101298476,0
1,-0.013532045090530076,0
0,-0.06655630795537992,0
0,-0.07625379353520123,0
0,-0.00709641532882338,0
0,-0.08950017782598901,0
0,-0.05278575157556736,0
0,-0.0509436271513275,0
0,0.12594821929593436,1
0,-0.0729062567216322,0
0,-0.0729758757385246,0
0,0.111414400531199,1
0,-0.05117109140802323,0
0,-0.013316989183637606,0
1,-0.01738808843901385,0
0,-0.055290788365681465,0
0,-0.05000298207061993,0
0,-0.039593586696368754,0
0,-0.0038426346023416325,0
0,0.08671910052067033,1
1,-0.01636851034352016,0
0,0.08672737246881213,1
0,0.22873157492013851,1
0,-0.053732698480911056,0
0,-0.05655412080667027,0
0,-0.06753677597431323,0
0,0.006778481640609013,1
1,-0.01670935978797633,0
0,-0.05263316803995438,0
0,-0.05323825537848326,0
0,-0.04041559891395491,0
0,-0.053615585805651456,0
0,-0.010393569462119168,0
0,-0.018217869395871167,0
0,-0.03563261577767812,0
0,-0.06994421877296686,0
0,-0.05382293014141404,0
0,-0.013779379296923522,0
0,0.2410561483423288,1
1,-0.01738808843901385,0
0,-0.0787779861636656,0
1,-0.04288013745889363,0
0,-0.05919384408640965,0
0,-0.07854648328662833,0
0,-0.00933517386428917,0
0,-0.06228119560344003,0
1,-0.015487024097411095,0
0,-0.045930596640069044,0
0,-0.08398530078540922,0
0,0.00319715763915962,1
0,-0.08127256035997948,0
0,-0.05819465962712517,0
1,-0.012906365148818988,0
1,-0.018112772524855603,0
0,-0.08032309065143861,0
0,-0.057862495532280234,0
0,0.0588091508691474,1
0,-0.05626757582918995,0
0,-0.021826131029672513,0
0,-0.06100116307436382,0
0,-0.08270934108675632,0
1,-0.015359966390029234,0
1,-0.057376022897772716,0
1,-0.016782101412786243,0
0,-0.0038426346023416325,0
0,-0.06053093398076981,0
0,-0.03029891614336938,0
0,0.07134986898108431,1
0,-0.03724011553905421,0
0,-0.06933844568260894,0
0,-0.03871580310795425,0
0,-0.06506105882325591,0
0,-0.07500660079826227,0
1,-0.01636851034352016,0
0,-0.006706863107158012,0
0,-0.08040437497290492,0
0,-0.03723037893532766,0
0,-0.07760837163480244,0
0,-0.09802468417325838,0
0,-0.05086661095824241,0
1,-0.012533536587400418,0
0,-0.01756472678192572,0
0,-0.04704231019925631,0
0,-0.07446144301843283,0
0,-0.03454115590179768,0
0,0.08670202845447939,1
0,-0.0840226442000212,0
0,-0.07628999210991105,0
0,-0.0038426346023416325,0
0,-0.05735371730895039,0
0,-0.06772093123705586,0
0,-0.015766307280346614,0
0,0.11116238115833188,1
1,-0.015359966390029234,0
0,-0.06545115898200238,0
0,0.00027337883398492746,1
0,-0.062348981805686376,0
0,-0.02339553676058531,0
0,-0.09732788944770576,0
0,-0.08466708766662467,0
0,-0.094076623936792,0
0,0.026470276048069175,1
0,-0.04504368044018675,0
0,0.007253840789700594,1
0,-0.06673045664855709,0
0,-0.0831734998791061,0
0,-0.0811911651410448,0
0,-0.10538441524856834,0
0,-0.0038426346023416325,0
0,-0.07455349652692,0
1,-0.03079752221558474,0
0,-0.053168124141022954,0
0,0.011248019451695956,1
0,-0.05948320486595671,0
0,-0.060347349902606706,0
0,-0.038070942570309574,0
0,-0.036861163658693075,0
0,-0.06660461797928402,0
0,-0.08882951874710654,0
0,-0.00833372712149788,0
0,-0.054271216825104995,0
0,-0.08368698314175704,0
0,-0.08586164785989009,0
0,-0.09243898837661724,0
0,-0.07979525183301234,0
0,-0.0639487931765953,0
0,-0.014322430702648381,0
0,-0.038091993652325074,0
0,0.2290927744294824,1
1,-0.06186789544878374,0
0,-0.10044793004705543,0
0,-0.07488575961031885,0
0,-0.0342783961606305,0
0,-0.06107009515265904,0
0,-0.0643857115156079,0
0,-0.08678689332418282,0
0,-0.08346173914385768,0
0,0.013552771301790667,1
1,-0.01684766364317286,0
1,-0.019202241582551238,0
0,-0.05869820328949166,0
0,-0.07429957587579489,0
1,-0.030592684723745156,0
0,-0.06564737668361736,0
0,0.035387042664334234,1
0,-0.08746475378463314,0
0,0.09721126296171889,1
0,-0.006303939984471596,0
0,-0.06079356415715742,0
0,-0.06107009515265904,0
0,-0.07362135439011325,0
0,-0.07561662462253899,0
0,-0.04273571860446218,0
0,-0.029393139445175298,0
0,-0.10659343164848445,0
0,-0.05588786687693892,0
1,-0.017043261177559443,0
0,0.09721126296171889,1
0,-0.07526061590351191,0
0,-0.069195276857272,0
0,-0.07325833988592168,0
0,-0.06084869034468682,0
1,0.02070514937480772,1
0,-0.042678460527545814,0
0,-0.03538948245004814,0
0,-0.055290788365681465,0
0,-0.04352651875496877,0
0,-0.06062507667975875,0
0,-0.06579611713118477,0
0,0.08410544471758896,1
0,-0.06940800046186296,0
0,-0.07718938757863725,0
0,-0.07521651811448654,0
0,0.1387590907459595,1
0,-0.08372497831212095,0
0,-0.0615604100809774,0
0,-0.07251679794089361,0
1,-0.012533536587400418,0
0,-0.04374155563131338,0
0,-0.051266284738630374,0
0,-0.04630734423185856,0
0,-0.051380905925761555,0
0,0.0005094931571906214,1
0,-0.030960929792643088,0
1,-0.01684766364317286,0
1,0.00034727729939088015,1
1,-0.01663401635005174,0
0,-0.0873154354630461,0
0,-0.07527575743647841,0
1,-0.012906365148818988,0
0,-0.07801979634221334,0
0,-0.0688493434876345,0
0,-0.05869820328949166,0
0,-0.05563036410097505,0
0,-0.037332411454128356,0
0,0.1454821840900058,1
0,0.1262938038417123,1
1,-0.06290065881533957,0
0,-0.040994964696086045,0
0,0.0588091508691474,1
0,-0.027266987841786827,0
0,-0.003601342898006732,0
0,-0.07963301677797152,0
0,-0.056400661348016135,0
0,0.09721126296171889,1
0,-0.016606190585281067,0
0,-0.0643949618688428,0
0,-0.07419739951175514,0
0,-0.07105527217380347,0
0,-0.053292745183693535,0
0,-0.06029535658875107,0
0,-0.07542267619880288,0
0,-0.0551131834294975,0
0,-0.07310301335832531,0
0,0.0792991031245992,1
0,-0.020779083559007594,0
0,-0.05346877619601331,0
0,-0.05359169009617876,0
1,-0.017768194614598942,0
0,-0.05800420681212948,0
0,-0.0038426346023416325,0
0,-0.030684245697227608,0
0,-0.05869820328949166,0
1,-0.018518095911605192,0
0,-0.01819189004876698,0
0,-0.07997031710972552,0
0,0.026470276048069175,1
0,-0.07928292016161559,0
0,-0.08234077945413837,0
0,0.0588091508691474,1
0,-0.02018820085194023,0
0,-0.07636928465548626,0
1,-0.01670935978797633,0
1,-0.015359966390029234,0
0,-0.10115274865506058,0
0,-0.08960950067752627,0
1,-0.01876606469855946,0
1,-0.017043261177559443,0
0,-0.05432279180245603,0
0,-0.09383816040360649,0
0,-0.00855832177029725,0
1,-0.01876606469855946,0
0,0.058533552440405257,1
0,-0.07646623873458536,0
0,0.0588091508691474,1
0,-0.050217364348709326,0
0,0.026470276048069175,1
0,-0.03361366913347713,0
1,-0.027836380140998485,0
0,-0.023341031163938097,0
0,-0.09358772206387012,0
0,-0.031791199096811384,0
0,-0.0492830989166787,0
0,-0.023313365943014863,0
1,-0.01684766364317286,0
0,-0.030114740973131493,0
1,-0.015359966390029234,0
0,-0.043089416068923914,0
1,-0.01670935978797633,0
0,-0.0777754468668721,0
0,-0.090863990801474,0
0,-0.08075659010284647,0
1,-0.01738808843901385,0
0,-0.055009228954919054,0
1,-0.007425683277582196,0
1,-0.01684766364317286,0
1,-0.02613668019115578,0
0,-0.08141276858268803,0
0,0.11116238115833188,1
0,-0.08714796321634688,0
0,0.111414400531199,1
0,-0.025926499876750275,0
0,-0.07393446600380132,0
0,0.0588091508691474,1
1,-0.02006253071359887,0
0,0.0588091508691474,1
0,0.031598794038452116,1
0,-0.019999523905390615,0
1,-0.032613666943771435,0
0,-0.0052384145248806635,0
0,-0.005894697126417214,0
0,0.111414400531199,1
0,-0.08214490290499338,0
0,-0.07804957497105769,0
1,-0.017768194614598942,0
0,-0.040404000732952194,0
0,0.111414400531199,1
1,-0.0180348660953763,0
0,-0.05521758559829176,0
0,-0.05716445185739072,0
0,-0.07583791193038364,0
0,-0.02237884311307009,0
0,0.08401124216717659,1
1,-0.01670935978797633,0
0,-0.049804261770859615,0
0,-0.05660129865001384,0
0,-0.050113707391168105,0
0,-0.03980499797520265,0
0,-0.08689665619492343,0
0,-0.07911289915063147,0
0,-0.07964858215942816,0
0,-0.0510751286888822,0
0,-0.07152962228995707,0
0,-0.10257588228053438,0
0,-0.049066324843337894,0
0,-0.07716049071931047,0
0,-0.08982522439212803,0
1,-0.018518095911605192,0
0,-0.05433631106274672,0
0,-0.06056616792387565,0
0,-0.07683882595454794,0
0,-0.015170439178119666,0
0,-0.04818661315123396,0
1,-0.016764872256409713,0
0,-0.08143097074547462,0
0,-0.05141922266414428,0
0,-0.02658114372891035,0
0,-0.04266499835424742,0
1,-0.04817898443950508,0
0,-0.09214664216294127,0
1,-0.029845741151561134,0
0,-0.054753587226916256,0
0,-0.04266377720616338,0
0,-0.07341337270597226,0
0,0.007009009325903759,1
0,-0.018375480645856423,0
0,-0.0812494704201609,0
0,-0.044131186750167584,0
0,-0.059029065659006896,0
0,0.11116238115833188,1
0,-0.0035179415691423133,0
1,-0.013414130836250093,0
1,-0.025653295824314137,0
0,-0.08034146098948441,0
0,-0.053601158031769514,0
0,-0.03516331746422485,0
0,-0.06062507667975875,0
0,-0.0811603812206016,0
0,-0.06973743288757639,0
0,-0.0038426346023416325,0
1,-0.019689236675784594,0
0,-0.06857333909051438,0
0,-0.060293524034739476,0
0,-0.0785521573565029,0
0,-0.08421891330057968,0
1,-0.01684766364317286,0
0,0.07706478737666411,1
0,-0.0857158543501993,0
0,-0.05806188001856344,0
0,-0.05918402920923238,0
0,0.1454821840900058,1
1,-0.0629939059817719,0
1,-0.01738808843901385,0
0,-0.031860818160355464,0
0,-0.018160697820850447,0
0,-0.04435506509750076,0
0,-0.035805474678728466,0
0,0.1454821840900058,1
0,-0.07146670795460763,0
0,0.07879411431319705,1
0,-0.02608142801049862,0
0,-0.011037749827394694,0
0,-0.06418530958173613,0
0,-0.05783264443122155,0
0,0.0588091508691474,1
0,-0.04374155563131338,0
1,0.010404250048163477,1
1,-0.021678947796712866,0
0,-0.04017664856906128,0
1,-0.013414130836250093,0
0,-0.08496250237078878,0
1,-0.01738808843901385,0
0,-0.05994294589850491,0
0,-0.040655388274292215,0
0,-0.03833686430499589,0
1,-0.01876606469855946,0
0,-0.08587973819688488,0
0,0.0034144193821032953,1
0,-0.05224932756528328,0
1,-0.01876606469855946,0
0,-0.047191771818437256,0
1,-0.0489075136167515,0
0,-0.08197144292455999,0
1,-0.018518095911605192,0
0,-0.0889900171135079,0
1,-0.0420641075667999,0
0,0.035289161509704514,1
0,-0.011693578646345293,0
1,-0.01636851034352016,0
0,0.05917051287817998,1
0,-0.056873013965255015,0
0,0.09721126296171889,1
0,-0.045943797461618974,0
0,-0.05653385902774721,0
0,-0.051908234999138214,0
1,-0.008444309103044001,0
0,0.054279701358526555,1
0,-0.047344090829047,0
0,-0.05238576340384826,0
1,0.018814337601778308,1
0,-0.07961309830747326,0
0,-0.05622148319701159,0
0,-0.027584536701548146,0
0,-0.06262136162693216,0
0,-0.055907942152411794,0
0,-0.07542792326920827,0
0,-0.050585722794844745,0
0,-0.03315204541485428,0
0,0.026470276048069175,1
0,-0.027711672345174687,0
0,-0.015430890479950776,0
0,-0.06239831656845318,0
1,-0.040308051739519346,0
0,-0.06363833902929994,0
0,-0.044112350536775036,0
1,-0.03212570134490972,0
0,-0.02044352546195466,0
0,-0.09612303162831504,0
0,-0.06594767190611722,0
0,-0.05485282502593758,0
0,0.0588091508691474,1
0,-0.04925026040583386,0
0,-0.051115616352638615,0
0,0.031598794038452116,1
0,-0.05622148319701159,0
1,-0.017043261177559443,0
0,-0.053590350860968916,0
1,-0.01876606469855946,0
0,0.08061490172584462,1
0,-0.04247213566872221,0
0,-0.05516298292062005,0
0,-0.028506544615599982,0
0,-0.05946224554286855,0
0,0.035289161509704514,1
0,-0.059624618287726694,0
0,-0.05432513099952657,0
0,-0.002130316723162773,0
0,-0.0863404007759917,0
0,-0.08596021553687788,0
0,-0.06458896866150421,0
0,-0.049141237326273235,0
1,-0.024578882389007628,0
0,-0.09208507574162955,0
0,-0.05565374719665084,0
1,-0.01684766364317286,0
1,-0.020660823380322768,0
0,-0.07857270044625653,0
0,-0.07698788035748705,0
0,-0.05544220379636561,0
1,-0.015666438022868323,0
0,-0.007351609622501976,0
1,-0.04314148648806687,0
0,-0.04611654388312436,0
0,-0.07583206170701773,0
0,-0.033721383272396654,0
1,0.00034727729939088015,1
0,-0.04443904207457494,0
0,-0.031351608820592625,0
0,-0.04366959496535727,0
0,0.09721126296171889,1
1,0.011977260666379275,1
0,-0.05583680750326658,0
0,-0.09338193042306409,0
0,-0.02411366996919989,0
0,-0.06698986751123365,0
0,-0.05038157959126016,0
0,-0.0038426346023416325,0
0,0.0588091508691474,1
0,-0.04289244257433528,0
0,-0.010643991361555027,0
0,-0.09834968282847234,0
0,0.026470276048069175,1
0,-0.03179243379371177,0
1,-0.01876606469855946,0
0,0.006778481640609013,1
0,-0.07752532901545894,0
0,-0.0038426346023416325,0
0,-0.06944603970741048,0
0,-0.03089736963081552,0
0,-0.056844006779059486,0
0,-0.06062507667975875,0
0,-0.07633156779985845,0
0,-0.010510720736896795,0
0,-0.0509487259417179,0
1,-0.01636851034352016,0
0,-0.06247126273674153,0
0,-0.03678303701195523,0
0,-0.0606832558837021,0
0,-0.08278179542597208,0
1,-0.006270324465430688,0
0,-0.045963571159036154,0
0,0.006778481640609013,1
0,-0.009408130746867804,0
0,-0.05263316803995438,0
1,0.0035235885568632996,1
0,-0.029953271961032646,0
0,-0.07423829058514592,0
0,0.0013921261627470871,1
0,0.02196104593235093,1
0,-0.054017604070755565,0
0,-0.0627875663414112,0
1,-0.013414130836250093,0
1,-0.017623788684232145,0
0,0.11116238115833188,1
0,0.013552771301790667,1
0,-0.026608974309809796,0
0,-0.009195588840902602,0
0,0.09721126296171889,1
1,0.015922410290852396,1
