threshold,fpr,tpr
inf,0.0,0.0
0.2410561483423288,0.0006750458066797389,0.0
0.23357993455056036,0.0008357709987463436,0.0
0.23352062765234427,0.0009322061139863062,0.0
0.2333818921269547,0.000996496190812948,0.0
0.23335521629939082,0.0011250763444662316,0.0
0.23315723454231252,0.0011572213828795524,0.0
0.2330245054875113,0.0012858015365328362,0.0
0.23299190513571988,0.001382236651772799,0.0
0.23285920601176402,0.0014465267285994406,0.0
0.2301756878670318,0.0015108168054260825,0.0
0.2290927744294824,0.0021858626121058215,0.0
0.22876398579062351,0.002218007650519142,0.0
0.22873157492013851,0.002764473303545598,0.0
0.22634160128207537,0.0028609084187855606,0.0
0.22056235087850784,0.002989488572438844,0.0
0.22039986166027337,0.0034716641486386575,0.0
0.21852074895325735,0.003696679417531904,0.0
0.21835872012308,0.0040824198784917545,0.0
0.21755766495148166,0.0041145649169050755,0.0
0.16608148388901844,0.0062682824905975765,0.0
0.15970919639567738,0.006332572567424218,0.0
0.152373239136248,0.006364717605837539,0.0
0.1498047573721586,0.006429007682664181,0.0
0.1488242698861445,0.006461152721077502,0.0
0.14867795784492166,0.006557587836317464,0.0
0.1454821840900058,0.011315053521488958,0.0
0.14375696033256735,0.011347198559902278,0.0
0.1392963188594466,0.011540068790382205,0.0
0.1387590907459595,0.012311549712301906,0.0
0.13847103860860366,0.01247227490436851,0.0
0.13843182561442613,0.012504419942781831,0.0
0.1383270612556342,0.01279372528850172,0.0
0.13818311637003922,0.01314732071104825,0.0
0.13789532397168736,0.014272397055514481,0.0
0.13643474396684485,0.014304542093927803,0.0
0.1343895387709514,0.014433122247581085,0.0
0.13381750445632845,0.014915297823780899,0.0
0.12700554900816985,0.01494744286219422,0.0
0.1262938038417123,0.017904786396219743,0.0
0.12594821929593436,0.022630107042977916,0.0
0.12467864565587294,0.02266225208139124,0.0
0.12053314670872894,0.0227586871966312,0.0
0.12040229803687452,0.022887267350284485,0.0
0.11823539363750624,0.024687389501430453,0.0
0.11278069899760901,0.024719534539843775,0.0
0.111414400531199,0.028287633803722394,0.0
0.11129513213871611,0.028319778842135716,0.0
0.11116238115833188,0.03320582468096049,0.0
0.10914990013417047,0.033270114757787135,0.0
0.1091222064348456,0.033302259796200454,0.0
0.10825522983940372,0.03343083994985374,0.0
0.10336947326816504,0.03372014529557363,0.0
0.10308688881055217,0.03555241248513292,0.0
0.09943450123404884,0.03577742775402617,0.0
0.09943438793460357,0.03860619113439841,0.0
0.09738953054466626,0.03892764151853161,0.0
0.09721126296171889,0.047799672120608185,0.0
0.0952832528145755,0.04808897746632807,0.0
0.09523815871883212,0.04808897746632807,0.00016181229773462783
0.0863932850922402,0.050596290462567105,0.00016181229773462783
0.0861309879970853,0.050596290462567105,0.00032362459546925567
0.08001374991504151,0.05503230576360539,0.00032362459546925567
0.07997671979472043,0.05509659584043203,0.00032362459546925567
0.07706478737666411,0.05676813783792472,0.00032362459546925567
0.0769702456199235,0.05676813783792472,0.0004854368932038835
0.0716311689995307,0.05798964929763091,0.0004854368932038835
0.07160522582600792,0.05798964929763091,0.0006472491909385113
0.07134986898108431,0.058053939374457554,0.0006472491909385113
0.07128600905450211,0.05811822945128419,0.0006472491909385113
0.0712796205997096,0.058150374489697516,0.0006472491909385113
0.07115484859577081,0.058150374489697516,0.0008090614886731392
0.06730335990114156,0.05911472564209714,0.0008090614886731392
0.06701406630545959,0.05911472564209714,0.000970873786407767
0.059226923271752274,0.061332733292616286,0.000970873786407767
0.05917051287817998,0.0618149088688161,0.000970873786407767
0.058863267583581735,0.061943489022469385,0.000970873786407767
0.0588091508691474,0.07222990131473207,0.000970873786407767
0.058023049962945605,0.07274422192934521,0.000970873786407767
0.057800960200625306,0.07290494712141181,0.000970873786407767
0.056476494554803636,0.07338712269761162,0.000970873786407767
0.05643622021569539,0.07338712269761162,0.0011326860841423948
0.051812707336540975,0.07499437461827767,0.0011326860841423948
0.05180506892135106,0.07512295477193096,0.0011326860841423948
0.05180282067823949,0.07512295477193096,0.0012944983818770227
0.051451619513864344,0.07525153492558423,0.0012944983818770227
0.05135714048392592,0.07525153492558423,0.0014563106796116505
0.05052067065757082,0.07547655019447748,0.0014563106796116505
0.05033242951675776,0.07547655019447748,0.0016181229773462784
0.05004997655964882,0.07557298530971744,0.0016181229773462784
0.049961300512957885,0.07557298530971744,0.0017799352750809063
0.04930966202042597,0.07583014561702402,0.0017799352750809063
0.04922486727731723,0.07583014561702402,0.001941747572815534
0.04883562908109029,0.07608730592433058,0.001941747572815534
0.04871380980287743,0.07615159600115722,0.001941747572815534
0.04546706353446461,0.07701951203831689,0.001941747572815534
0.04544596902992659,0.07701951203831689,0.002103559870550162
0.04484548851759085,0.07721238226879681,0.002103559870550162
0.04483180558630362,0.07727667234562345,0.002103559870550162
0.04410253612122628,0.0775016876145167,0.002103559870550162
0.044101735745739945,0.0775016876145167,0.0022653721682847896
0.043676613074774995,0.0776624128065833,0.0022653721682847896
0.04313968759747311,0.0776624128065833,0.0024271844660194173
0.042257105828549246,0.07801600822912984,0.0024271844660194173
0.042256573514236284,0.07801600822912984,0.0025889967637540453
0.04157450624513892,0.07814458838278311,0.0025889967637540453
0.041451446717275076,0.0794946799961426,0.0025889967637540453
0.041443942738591755,0.0794946799961426,0.002750809061488673
0.03754060941443493,0.0801054357259957,0.002750809061488673
0.03738189046675866,0.0801054357259957,0.0030744336569579287
0.037189529051270265,0.0801054357259957,0.003236245954692557
0.037020073308162704,0.08013758076440901,0.003236245954692557
0.036928051617676316,0.08013758076440901,0.0033980582524271844
0.03618056317310081,0.08029830595647562,0.0033980582524271844
0.03608213958407824,0.08029830595647562,0.0035598705501618125
0.035387042664334234,0.08049117618695555,0.0035598705501618125
0.035289161509704514,0.08862387090552573,0.0035598705501618125
0.03321322931981685,0.08894532128965894,0.0035598705501618125
0.032680129093428434,0.08894532128965894,0.00372168284789644
0.03170236856391795,0.08913819152013887,0.00372168284789644
0.031598794038452116,0.09431354270468353,0.00372168284789644
0.031473522584932634,0.09431354270468353,0.003883495145631068
0.03097011913284431,0.09444212285833682,0.003883495145631068
0.030753954796681415,0.09444212285833682,0.0040453074433656954
0.030584213466006815,0.09460284805040342,0.0040453074433656954
0.03025351641098406,0.09460284805040342,0.004368932038834952
0.03019859443173556,0.09463499308881675,0.004368932038834952
0.030192817266764038,0.09463499308881675,0.004530744336569579
0.02948102045043055,0.09476357324247002,0.004530744336569579
0.029345175941429713,0.09476357324247002,0.004692556634304207
0.028757437266916486,0.09489215339612331,0.004692556634304207
0.028742640808826492,0.09489215339612331,0.0048543689320388345
0.02794510119202187,0.09527789385708316,0.0048543689320388345
0.02782179236835891,0.09527789385708316,0.005016181229773463
0.02666853737804875,0.09547076408756308,0.005016181229773463
0.026470276048069175,0.10601433668713234,0.005016181229773463
0.02579643257487907,0.10617506187919895,0.005016181229773463
0.025764395450302402,0.10617506187919895,0.005177993527508091
0.02507872518946863,0.10630364203285222,0.005177993527508091
0.024979432794092205,0.10636793210967888,0.005177993527508091
0.024319204603688416,0.10646436722491884,0.005177993527508091
0.024172127894103723,0.10646436722491884,0.005339805825242718
0.023356876658057857,0.10675367257063872,0.005339805825242718
0.023315308181904415,0.10675367257063872,0.005501618122977346
0.023271048678930817,0.10678581760905204,0.005501618122977346
0.02294643083558745,0.10678581760905204,0.0056634304207119745
0.022734924462170403,0.10688225272429201,0.0056634304207119745
0.022697321689704508,0.10688225272429201,0.005825242718446602
0.02217142746265277,0.10701083287794529,0.005825242718446602
0.02196104593235093,0.11215403902407664,0.005825242718446602
0.02187595119696284,0.11218618406248995,0.005825242718446602
0.021854326003906688,0.11218618406248995,0.00598705501618123
0.021770259477528198,0.1122504741393166,0.00598705501618123
0.021768446950833353,0.1122504741393166,0.006148867313915857
0.021518338970790696,0.11231476421614324,0.006148867313915857
0.021104750662370164,0.11231476421614324,0.006634304207119741
0.020727606026864742,0.1124111993313832,0.006634304207119741
0.02070514937480772,0.1124111993313832,0.006796116504854369
0.020607232390093988,0.11250763444662316,0.006796116504854369
0.02055163449270736,0.11250763444662316,0.0069579288025889965
0.02044751231605091,0.11253977948503649,0.0069579288025889965
0.020438155608845876,0.11253977948503649,0.007119741100323625
0.020414859719053213,0.11253977948503649,0.00744336569579288
0.020224324541264882,0.11266835963868976,0.00744336569579288
0.020151642526999858,0.11266835963868976,0.007605177993527508
0.020135664114086294,0.11270050467710309,0.007605177993527508
0.020075904815632595,0.11270050467710309,0.007766990291262136
0.019661116027161807,0.11282908483075638,0.007766990291262136
0.01941722699598747,0.11282908483075638,0.007928802588996763
0.019179790737241964,0.11292551994599634,0.007928802588996763
0.01911977547158561,0.11292551994599634,0.008090614886731391
0.018961472557766035,0.11295766498440965,0.008090614886731391
0.018814337601778308,0.11295766498440965,0.008414239482200648
0.018756293980976002,0.11295766498440965,0.008576051779935276
0.018401547130774243,0.1130219550612363,0.008576051779935276
0.018241695442831274,0.1130219550612363,0.00889967637540453
0.0178642701153644,0.11321482529171623,0.00889967637540453
0.017771629228819252,0.11321482529171623,0.009061488673139158
0.01764485689384898,0.11327911536854286,0.009061488673139158
0.01749291302135625,0.11327911536854286,0.009385113268608414
0.01722587386098151,0.11337555048378282,0.009385113268608414
0.016809017563393258,0.11337555048378282,0.009870550161812298
0.01673824591562012,0.11340769552219615,0.009870550161812298
0.016737057238232933,0.11340769552219615,0.010194174757281554
0.016721411222764382,0.11347198559902279,0.010194174757281554
0.016605691750184004,0.11347198559902279,0.010355987055016181
0.01659674225822294,0.11350413063743611,0.010355987055016181
0.0165345169134693,0.11350413063743611,0.010679611650485437
0.015982090023809015,0.11372914590632936,0.010679611650485437
0.015922410290852396,0.11372914590632936,0.011003236245954692
0.015830020202551087,0.11372914590632936,0.011488673139158577
0.015766593221077096,0.11372914590632936,0.011812297734627832
0.015283742600604278,0.11392201613680929,0.011812297734627832
0.015274373019531495,0.11392201613680929,0.01197411003236246
0.014964017926690776,0.11401845125204925,0.01197411003236246
0.014917269823240042,0.11401845125204925,0.012135922330097087
0.014782826161513385,0.11405059629046256,0.012135922330097087
0.014578473867972841,0.11405059629046256,0.012459546925566342
0.014566536649677997,0.11408274132887589,0.012459546925566342
0.01448973248221408,0.11408274132887589,0.01262135922330097
0.014029829022945584,0.11433990163618246,0.01262135922330097
0.01396284971020667,0.11433990163618246,0.013106796116504855
0.013935926387100617,0.11433990163618246,0.013268608414239482
0.01360955061204483,0.11443633675142242,0.013268608414239482
0.013552771301790667,0.11597929859526182,0.013268608414239482
0.013451931500172876,0.11597929859526182,0.01343042071197411
0.013440773418260332,0.11601144363367515,0.01343042071197411
0.013425223301595901,0.11601144363367515,0.013915857605177993
0.013421516385380694,0.11601144363367515,0.01423948220064725
0.012603576144836204,0.11620431386415507,0.01423948220064725
0.012484243277059992,0.11620431386415507,0.014401294498381878
0.012470464787148638,0.11623645890256838,0.014401294498381878
0.012419814365133841,0.11623645890256838,0.014563106796116505
0.01239078443815711,0.11630074897939503,0.014563106796116505
0.012350235960565503,0.11630074897939503,0.014724919093851133
0.012273376537592973,0.11633289401780836,0.014724919093851133
0.012191855107526406,0.11633289401780836,0.01488673139158576
0.012031271983813596,0.116397184094635,0.01488673139158576
0.012006286824262968,0.116397184094635,0.015048543689320388
0.011977260666379275,0.116397184094635,0.016181229773462782
0.011645803558334,0.11649361920987496,0.016181229773462782
0.011474379534527235,0.11649361920987496,0.01634304207119741
0.011406041477254214,0.11659005432511492,0.01634304207119741
0.011403089494525398,0.11659005432511492,0.01650485436893204
0.01135047710115511,0.11659005432511492,0.016828478964401296
0.01128504309981282,0.11659005432511492,0.01699029126213592
0.011195733089003568,0.11665434440194156,0.01699029126213592
0.010750291012373792,0.11665434440194156,0.017313915857605177
0.010427805611739838,0.11671863447876821,0.017313915857605177
0.010314655810978235,0.11671863447876821,0.01779935275080906
0.009653018721589746,0.11697579478607477,0.01779935275080906
0.00957159105749128,0.11697579478607477,0.018122977346278317
0.009353048535798547,0.11697579478607477,0.0186084142394822
0.009091442650154158,0.11697579478607477,0.019093851132686083
0.009015241314147993,0.1170079398244881,0.019093851132686083
0.008744176839284301,0.1170079398244881,0.019255663430420712
0.00868210125054425,0.1170079398244881,0.020226537216828478
0.008664567264043521,0.1170400848629014,0.020226537216828478
0.008583823301450577,0.1170400848629014,0.020550161812297733
0.008568145053702403,0.11707222990131473,0.020550161812297733
0.008420846918423486,0.11707222990131473,0.021035598705501618
0.008217080770683172,0.11720081005496802,0.021035598705501618
0.008184790128610064,0.11720081005496802,0.022168284789644013
0.00811524455057444,0.11729724517020798,0.022168284789644013
0.007972038239478674,0.11729724517020798,0.02233009708737864
0.007915186302315136,0.11736153524703462,0.02233009708737864
0.00790376051778141,0.11736153524703462,0.02249190938511327
0.0073623812936195465,0.1174901154006879,0.02249190938511327
0.007346402899480964,0.1174901154006879,0.022815533980582524
0.007202597776168607,0.1176186955543412,0.022815533980582524
0.007175053893129113,0.1176186955543412,0.022977346278317153
0.007141738805210518,0.11768298563116783,0.022977346278317153
0.007132404412174997,0.11768298563116783,0.02313915857605178
0.007009009325903759,0.11771513066958116,0.02313915857605178
0.0069666460227157945,0.11777942074640779,0.02313915857605178
0.00695608906266354,0.11781156578482112,0.02313915857605178
0.006954369166321639,0.11781156578482112,0.023462783171521034
0.006942764735344387,0.11784371082323443,0.023462783171521034
0.00691523120852322,0.11784371082323443,0.023624595469255664
0.00682979100135106,0.11787585586164775,0.023624595469255664
0.006778481640609013,0.12694075669420424,0.023624595469255664
0.00671444547820732,0.12694075669420424,0.02378640776699029
0.006417688566946911,0.1271657719630975,0.02378640776699029
0.0063627370311688525,0.1271657719630975,0.02394822006472492
0.006350227771519612,0.1271979170015108,0.02394822006472492
0.006294721465470499,0.1271979170015108,0.024271844660194174
0.0056260187326167,0.1273264971551641,0.024271844660194174
0.005551924500440841,0.1273264971551641,0.024433656957928804
0.005551274881645196,0.12735864219357743,0.024433656957928804
0.005471854144767807,0.12735864219357743,0.02459546925566343
0.005414960630031662,0.12735864219357743,0.02540453074433657
0.005052111376922963,0.127615802500884,0.02540453074433657
0.0050513212698068966,0.127615802500884,0.0255663430420712
0.00496156914551249,0.12771223761612396,0.0255663430420712
0.004843192345564851,0.12771223761612396,0.025728155339805825
0.004673942966389344,0.12784081776977724,0.025728155339805825
0.004666432805431664,0.12784081776977724,0.02605177993527508
0.004301703389035572,0.12803368800025716,0.02605177993527508
0.004281078017711382,0.12803368800025716,0.026375404530744335
0.0041879816695507,0.12819441319232378,0.026375404530744335
0.004121669889559532,0.12819441319232378,0.026537216828478965
0.004110991755309157,0.1282265582307371,0.026537216828478965
0.004098496439077337,0.1282265582307371,0.02669902912621359
0.003939179453316455,0.1282587032691504,0.02669902912621359
0.003871821354874516,0.1282587032691504,0.02686084142394822
0.0037764397879133105,0.12829084830756374,0.02686084142394822
0.003770408215586607,0.12829084830756374,0.027346278317152105
0.003578562684777742,0.12848371853804366,0.027346278317152105
0.003544362561423875,0.12848371853804366,0.02750809061488673
0.0035235885568632996,0.12848371853804366,0.02815533980582524
0.0034144193821032953,0.12861229869169694,0.02815533980582524
0.00339393018318479,0.12861229869169694,0.02831715210355987
0.0033437858149948374,0.1287408788453502,0.02831715210355987
0.0033207373210263347,0.1287408788453502,0.028640776699029126
0.0030448851572080216,0.12909447426789675,0.028640776699029126
0.00304077177405071,0.12909447426789675,0.02912621359223301
0.003026849812018284,0.12912661930631006,0.02912621359223301
0.0029935110783294583,0.12912661930631006,0.029449838187702266
0.0029863543772116197,0.1291587643447234,0.029449838187702266
0.0028983734367405978,0.1291587643447234,0.029611650485436892
0.002707325350800871,0.12931948953678998,0.029611650485436892
0.0026223477474960344,0.12931948953678998,0.029935275080906147
0.002537729394204935,0.12931948953678998,0.030744336569579287
0.00251118064169098,0.12938377961361663,0.030744336569579287
0.002475620462117245,0.12938377961361663,0.030906148867313916
0.002430649600704937,0.1294802147288566,0.030906148867313916
0.00236760149821702,0.1294802147288566,0.031229773462783172
0.002360851465725511,0.1294802147288566,0.03171521035598705
0.0023605415158003407,0.1294802147288566,0.031877022653721686
0.0023164577685372834,0.12951235976726994,0.031877022653721686
0.0023090333615338743,0.12951235976726994,0.03220064724919094
0.002215691185006863,0.12967308495933652,0.03220064724919094
0.0022072743091861025,0.12967308495933652,0.03333333333333333
0.002184512350441925,0.12970522999774986,0.03333333333333333
0.0021496995753200743,0.12970522999774986,0.03349514563106796
0.0021237794653056197,0.12973737503616317,0.03349514563106796
0.002096966862403571,0.12973737503616317,0.03381877022653722
0.0020276545722153205,0.12980166511298982,0.03381877022653722
0.0020244785278350497,0.12980166511298982,0.03398058252427184
0.0018383734190328127,0.12999453534346975,0.03398058252427184
0.0018256640130435153,0.12999453534346975,0.03414239482200647
0.0018056948892847258,0.13002668038188306,0.03414239482200647
0.0017687281462225313,0.13002668038188306,0.0343042071197411
0.0015488422786821276,0.1302516956507763,0.0343042071197411
0.0015431975319846192,0.1302516956507763,0.03446601941747573
0.0014900850172063773,0.1304124208428429,0.03446601941747573
0.0014466353345249372,0.1304124208428429,0.034627831715210354
0.001280424662990498,0.13057314603490952,0.034627831715210354
0.0012759091413324652,0.13057314603490952,0.03478964401294499
0.0012577173800405461,0.13060529107332283,0.03478964401294499
0.0012305204660770785,0.13060529107332283,0.03495145631067961
0.0011965468760869458,0.13063743611173614,0.03495145631067961
0.0011727789649422782,0.13063743611173614,0.035275080906148865
0.001128647579720421,0.1307017261885628,0.035275080906148865
0.001103003656710344,0.1307017261885628,0.0354368932038835
0.0009927473434481193,0.13092674145745603,0.0354368932038835
0.0009670018451091167,0.13092674145745603,0.03656957928802589
0.0009347655065728988,0.13092674145745603,0.03673139158576052
0.0008137753923886937,0.13099103153428268,0.03673139158576052
0.0007956603594129197,0.13099103153428268,0.036893203883495145
0.000787576833052972,0.131023176572696,0.036893203883495145
0.00072122416421605,0.131023176572696,0.03705501618122977
0.0005937918013178001,0.1311839017647626,0.03705501618122977
0.000547303360631024,0.1311839017647626,0.0372168284789644
0.0004171285488329124,0.13144106207206918,0.0372168284789644
0.00034727729939088015,0.13144106207206918,0.047411003236245954
0.00020269297264241537,0.13173036741778907,0.047411003236245954
0.00017487147045103235,0.13173036741778907,0.04773462783171521
0.00010512151190744667,0.131923237648269,0.04773462783171521
8.698741832924295e-05,0.131923237648269,0.048058252427184464
4.657793398021859e-05,0.13198752772509564,0.048058252427184464
-3.883914001218125e-05,0.13198752772509564,0.0482200647249191
-3.905554107558329e-05,0.13201967276350896,0.0482200647249191
-8.422622801246282e-05,0.13201967276350896,0.04838187702265372
-0.0001902067388143136,0.13234112314764215,0.04838187702265372
-0.00019622769989091626,0.13234112314764215,0.04951456310679612
-0.00019688100110798468,0.1324054132244688,0.04951456310679612
-0.00030094330244506695,0.13250184833970877,0.04951456310679612
-0.0003135856288598027,0.13250184833970877,0.049676375404530744
-0.0005499527469657317,0.132726863608602,0.049676375404530744
-0.0005797756724835179,0.132726863608602,0.04983818770226537
-0.0005950122643589295,0.13282329872384196,0.04983818770226537
-0.0006260791636492069,0.13282329872384196,0.05
-0.0006945371479846196,0.13295187887749527,0.05
-0.0006968199555656973,0.13295187887749527,0.05016181229773463
-0.0007547580148425381,0.1330161689543219,0.05016181229773463
-0.000765380173184782,0.13308045903114854,0.05016181229773463
-0.0007690528213529779,0.13311260406956185,0.05016181229773463
-0.0007858962815558423,0.13311260406956185,0.050323624595469255
-0.0008626460837867223,0.1331768941463885,0.050323624595469255
-0.0008651965727241029,0.1331768941463885,0.05080906148867314
-0.0009588997105129393,0.1334661994921084,0.05080906148867314
-0.0009603076715875014,0.1334661994921084,0.050970873786407765
-0.0010994002715857265,0.13356263460734835,0.050970873786407765
-0.0011029415949114219,0.13356263460734835,0.0511326860841424
-0.0011696545547656978,0.13369121476100165,0.0511326860841424
-0.001186971433769446,0.13369121476100165,0.051294498381877024
-0.0012057422241243954,0.13372335979941496,0.051294498381877024
-0.0012204384208997499,0.13372335979941496,0.05145631067961165
-0.0013245842600370095,0.1339162300298949,0.05145631067961165
-0.0013279221330768642,0.1339162300298949,0.051618122977346276
-0.0014710709363463526,0.13410910026037481,0.051618122977346276
-0.0014952117148144817,0.13410910026037481,0.05177993527508091
-0.0015010317996070888,0.13414124529878813,0.05177993527508091
-0.0015164432966875419,0.13414124529878813,0.051941747572815535
-0.0016876036492962099,0.1345591307981613,0.051941747572815535
-0.001690845218968673,0.1345591307981613,0.052265372168284786
-0.0016965168608836234,0.13459127583657463,0.052265372168284786
-0.0017087897601443802,0.13459127583657463,0.05242718446601942
-0.0017586374544742434,0.1347198559902279,0.05242718446601942
-0.0017645019585669774,0.1347198559902279,0.052588996763754045
-0.0018164148920563061,0.13481629110546786,0.052588996763754045
-0.0018209639057869542,0.13481629110546786,0.05275080906148867
-0.001927747045149808,0.13504130637436113,0.05275080906148867
-0.001932238074538517,0.13510559645118775,0.05275080906148867
-0.0019431864216649108,0.1351698865280144,0.05275080906148867
-0.0019492797272137596,0.1351698865280144,0.052912621359223304
-0.002054542403232107,0.13529846668166767,0.052912621359223304
-0.002060318942715078,0.13529846668166767,0.05307443365695793
-0.002160604811952904,0.1356520621042142,0.05307443365695793
-0.002204150059399501,0.1356520621042142,0.053236245954692556
-0.0024837503226837754,0.13613423768041402,0.053236245954692556
-0.002503781053464549,0.13613423768041402,0.05372168284789644
-0.002517646063056822,0.13619852775724067,0.05372168284789644
-0.002534860048956422,0.13626281783406732,0.05372168284789644
-0.0029827535512923498,0.13700215371757368,0.05372168284789644
-0.00298632394990872,0.13700215371757368,0.053883495145631066
-0.003222174516527565,0.13735574914012022,0.053883495145631066
-0.00324170866990231,0.13735574914012022,0.0540453074433657
-0.003549952195509909,0.13835224533093318,0.0540453074433657
-0.0035699441230174767,0.13835224533093318,0.05469255663430421
-0.0035853943721972925,0.1384165354077598,0.05469255663430421
-0.0035939540892083177,0.1384165354077598,0.054854368932038836
-0.003601347594496651,0.13851297052299977,0.054854368932038836
-0.003603365466322672,0.13851297052299977,0.05501618122977346
-0.003606199564593071,0.13851297052299977,0.05533980582524272
-0.0037583011197604987,0.13889871098395962,0.05533980582524272
-0.0037618804880903967,0.13896300106078627,0.05533980582524272
-0.0037665950452165364,0.13899514609919958,0.05533980582524272
-0.003770082303996891,0.13899514609919958,0.055501618122977346
-0.003790365617811431,0.13905943617602623,0.055501618122977346
-0.0038225695902316947,0.13905943617602623,0.05566343042071197
-0.0038426346023416325,0.15320325307788743,0.05566343042071197
-0.0038926085077175543,0.15342826834678067,0.05566343042071197
-0.003910254082305442,0.15342826834678067,0.05631067961165048
-0.003971509996456901,0.15358899353884728,0.05631067961165048
-0.0039855397880645405,0.15358899353884728,0.057119741100323626
-0.0039879755218021895,0.1536211385772606,0.057119741100323626
-0.003988104779097612,0.15368542865408724,0.057119741100323626
-0.004006442621259543,0.15381400880774052,0.057119741100323626
-0.00401224881638057,0.15381400880774052,0.05760517799352751
-0.00406644636918102,0.15394258896139382,0.05760517799352751
-0.004078572357001875,0.15394258896139382,0.05776699029126214
-0.004147209368970062,0.1542318943071137,0.05776699029126214
-0.004159712738496579,0.1542318943071137,0.05792880258899676
-0.004286986303411844,0.15448905461442025,0.05792880258899676
-0.004321417361294488,0.15448905461442025,0.05809061488673139
-0.004322472918461162,0.1545211996528336,0.05809061488673139
-0.004322614959181792,0.1545854897296602,0.05809061488673139
-0.004433378423146894,0.15506766530586005,0.05809061488673139
-0.004435112537925168,0.15516410042110002,0.05809061488673139
-0.004826567508692259,0.15596772638143303,0.05809061488673139
-0.004828412436722607,0.15596772638143303,0.05825242718446602
-0.0048984109994703595,0.15612845157349964,0.05825242718446602
-0.004902017290339289,0.15612845157349964,0.05841423948220065
-0.005106778157181802,0.1565784821112861,0.05841423948220065
-0.005119447759331652,0.1565784821112861,0.05857605177993527
-0.005215770018623722,0.1570285126490726,0.05857605177993527
-0.00523445524437105,0.1570285126490726,0.058737864077669906
-0.005292609848478513,0.15734996303320584,0.058737864077669906
-0.005296786375783735,0.15741425311003246,0.058737864077669906
-0.005421313815196838,0.157767848532579,0.058737864077669906
-0.005427744266913448,0.157767848532579,0.05889967637540453
-0.00552655120111345,0.1580892989167122,0.05889967637540453
-0.005530666082188218,0.1580892989167122,0.05906148867313916
-0.0055366380972777796,0.15812144395512553,0.05906148867313916
-0.005545520262616066,0.15812144395512553,0.059223300970873784
-0.005691244710570698,0.158571474492912,0.059223300970873784
-0.005712021609640516,0.158571474492912,0.05938511326860842
-0.0058308792556369116,0.15911794014593847,0.05938511326860842
-0.005840138722334576,0.15911794014593847,0.05954692556634304
-0.005931025831190817,0.15950368060689832,0.05954692556634304
-0.005948786634507541,0.15950368060689832,0.05970873786407767
-0.006048645947031861,0.1597929859526182,0.05970873786407767
-0.006055755156882281,0.1597929859526182,0.059870550161812294
-0.0062052586226925555,0.1602430164904047,0.059870550161812294
-0.006207016149836542,0.16030730656723136,0.059870550161812294
-0.006259229515827913,0.16043588672088463,0.059870550161812294
-0.006270324465430688,0.16043588672088463,0.06682847896440129
-0.006271768142007306,0.16050017679771128,0.06682847896440129
-0.006281538361210037,0.16059661191295124,0.06682847896440129
-0.006288388275190682,0.16059661191295124,0.06699029126213592
-0.006312142528638376,0.16072519206660452,0.06699029126213592
-0.006315050479404227,0.16072519206660452,0.06731391585760518
-0.006317713892529775,0.16072519206660452,0.06747572815533981
-0.006319433024606247,0.16082162718184448,0.06747572815533981
-0.006793439679635027,0.16242887910251053,0.06747572815533981
-0.006807939290941201,0.16242887910251053,0.06763754045307444
-0.006969653979356005,0.1630074897939503,0.06763754045307444
-0.006980345108256902,0.1630074897939503,0.06779935275080906
-0.007047651109529651,0.1634575203317368,0.06779935275080906
-0.00705132640529893,0.1634575203317368,0.06812297734627831
-0.007052847488154823,0.1634896653701501,0.06812297734627831
-0.007054779850267978,0.1634896653701501,0.0686084142394822
-0.0071934322978075005,0.16400398598476326,0.0686084142394822
-0.007208542711771182,0.16406827606158988,0.0686084142394822
-0.007320448532736057,0.16445401652254973,0.0686084142394822
-0.007334446875902512,0.16445401652254973,0.06877022653721683
-0.007406329516375154,0.16487190202192292,0.06877022653721683
-0.007425683277582196,0.16487190202192292,0.0831715210355987
-0.00746740507260657,0.16506477225240285,0.0831715210355987
-0.00746893418602862,0.16506477225240285,0.08333333333333333
-0.007544107206433948,0.16541836767494938,0.08333333333333333
-0.007546335525675518,0.16541836767494938,0.08349514563106795
-0.007570903382701999,0.16554694782860266,0.08349514563106795
-0.007583309852939424,0.16554694782860266,0.0836569579288026
-0.007705221204613477,0.1662219936352824,0.0836569579288026
-0.0077234569141232945,0.1662219936352824,0.08398058252427185
-0.007921810380766614,0.16725063486450867,0.08398058252427185
-0.007929098712089355,0.1673149249413353,0.08398058252427185
-0.007954087306164592,0.1674435050949886,0.08398058252427185
-0.007980147700763163,0.16750779517181524,0.08398058252427185
-0.007999013024308277,0.16763637532546852,0.08398058252427185
-0.008012464582877632,0.16770066540229517,0.08398058252427185
-0.008034611445658646,0.16773281044070848,0.08398058252427185
-0.00804387500272008,0.16779710051753513,0.08398058252427185
-0.008089196978966151,0.16795782570960172,0.08398058252427185
-0.008094901874808935,0.16795782570960172,0.08495145631067962
-0.00820100643320254,0.16840785624738822,0.08495145631067962
-0.008207306580716833,0.16840785624738822,0.08511326860841424
-0.008250471019536298,0.16860072647786814,0.08511326860841424
-0.008270197070587515,0.16860072647786814,0.08527508090614887
-0.008289076452425381,0.16872930663152141,0.08527508090614887
-0.008290998284776252,0.16879359670834806,0.08527508090614887
-0.008314864501712427,0.16885788678517472,0.08527508090614887
-0.008315113224785009,0.16895432190041468,0.08527508090614887
-0.008329191393493529,0.1690186119772413,0.08527508090614887
-0.008329511311947146,0.1690186119772413,0.0854368932038835
-0.008385331264097184,0.16924362724613456,0.0854368932038835
-0.008386382462877706,0.16924362724613456,0.08608414239482201
-0.00839115962958481,0.16927577228454788,0.08608414239482201
-0.008393359773755937,0.16927577228454788,0.08624595469255664
-0.008439012072307295,0.1695972226686811,0.08624595469255664
-0.008444309103044001,0.1695972226686811,0.08640776699029126
-0.008446540595780982,0.16962936770709441,0.08640776699029126
-0.008449644362909181,0.16962936770709441,0.08656957928802589
-0.008469946353315161,0.1697579478607477,0.08656957928802589
-0.008474185347606578,0.1697579478607477,0.08705501618122978
-0.008535328445542611,0.1699186730528143,0.08705501618122978
-0.008537733030188677,0.1699186730528143,0.0872168284789644
-0.00860614294120865,0.17027226847536084,0.0872168284789644
-0.008616893692037886,0.17027226847536084,0.08737864077669903
-0.008670530603618942,0.170690153974734,0.08737864077669903
-0.008676219798128493,0.170690153974734,0.08754045307443366
-0.008687501413382648,0.1707222990131473,0.08754045307443366
-0.008733693665153142,0.1707222990131473,0.08770226537216828
-0.008745311372469478,0.17078658908997396,0.08770226537216828
-0.008751027008290002,0.17088302420521392,0.08770226537216828
-0.0087775850748959,0.1710116043588672,0.08770226537216828
-0.008840942243393657,0.1711723295509338,0.08770226537216828
-0.008844257914785048,0.1711723295509338,0.08786407766990291
-0.008906762079339048,0.17152592497348035,0.08786407766990291
-0.008920019175364113,0.17152592497348035,0.08818770226537216
-0.008956619478619587,0.17168665016554696,0.08818770226537216
-0.008958714677025248,0.17168665016554696,0.0883495145631068
-0.009065053430391323,0.1722331158185734,0.0883495145631068
-0.00907413325161277,0.1722331158185734,0.08915857605177993
-0.009174918450439551,0.1726831463563599,0.08915857605177993
-0.009177079225841878,0.1726831463563599,0.08932038834951456
-0.009183738305907685,0.1727152913947732,0.08932038834951456
-0.009185417281265928,0.1727152913947732,0.0894822006472492
-0.009209881154590316,0.1728438715484265,0.0894822006472492
-0.009217893341425865,0.17290816162525313,0.0894822006472492
-0.00927605274271548,0.17326175704779967,0.0894822006472492
-0.009286668510726237,0.17326175704779967,0.08980582524271845
-0.00928795812274591,0.17332604712462632,0.08980582524271845
-0.009295836539325697,0.17339033720145294,0.08980582524271845
-0.009296145471574091,0.17339033720145294,0.0901294498381877
-0.009374075310836505,0.17364749750875952,0.0901294498381877
-0.00938976112135892,0.17364749750875952,0.09077669902912622
-0.009432130317806042,0.1739046578160661,0.09077669902912622
-0.00944999539200081,0.1739046578160661,0.09110032362459547
-0.009510507771505694,0.1742261082001993,0.09110032362459547
-0.009524489609970266,0.1742261082001993,0.0912621359223301
-0.009571693711207696,0.1743868333922659,0.0912621359223301
-0.00958252401075943,0.1743868333922659,0.09142394822006472
-0.009697342320971913,0.17493329904529237,0.09142394822006472
-0.009717352355753495,0.17493329904529237,0.09174757281553399
-0.009722191421942195,0.174997589122119,0.09174757281553399
-0.009740847023124277,0.174997589122119,0.09190938511326861
-0.009763820052428929,0.1751583143141856,0.09190938511326861
-0.009768712752608322,0.17522260439101225,0.09190938511326861
-0.009825807984853774,0.1754476196599055,0.09190938511326861
-0.009834764484795644,0.1754476196599055,0.09627831715210355
-0.009839110774960413,0.1754476196599055,0.0964401294498382
-0.009847785677850995,0.1754797646983188,0.0964401294498382
-0.009861533415096546,0.17557619981355876,0.0964401294498382
-0.009881038572631118,0.17570477996721207,0.0964401294498382
-0.009899503751456318,0.17570477996721207,0.09660194174757282
-0.010015876084128461,0.17628339065865184,0.09660194174757282
-0.010022055775638639,0.17628339065865184,0.09676375404530745
-0.010040670796232998,0.1763476807354785,0.09676375404530745
-0.010041532265428532,0.1764119708123051,0.09676375404530745
-0.010054041453063711,0.1764119708123051,0.0970873786407767
-0.010128332078483016,0.17673342119643834,0.0970873786407767
-0.01014012763183264,0.17679771127326496,0.0970873786407767
-0.010183508650264517,0.17702272654215823,0.0970873786407767
-0.010210335891335354,0.17702272654215823,0.09724919093851132
-0.010212648317911466,0.17705487158057154,0.09724919093851132
-0.010213415305767692,0.17705487158057154,0.09741100323624595
-0.01025284195277576,0.17724774181105146,0.09741100323624595
-0.010262749687056205,0.17724774181105146,0.09773462783171522
-0.010301151054043,0.17737632196470474,0.09773462783171522
-0.010308747694074027,0.1774406120415314,0.09773462783171522
-0.010315044228072279,0.1774406120415314,0.09789644012944984
-0.010450366680360201,0.17817994792503777,0.09789644012944984
-0.010453506804032286,0.17817994792503777,0.09805825242718447
-0.010538363783204274,0.17862997846282427,0.09805825242718447
-0.010546068665625852,0.17862997846282427,0.09822006472491909
-0.010549414222295272,0.17866212350123759,0.09822006472491909
-0.010549683231573237,0.17872641357806424,0.09822006472491909
-0.010570834677786467,0.1788549937317175,0.09822006472491909
-0.010572883026401358,0.1788549937317175,0.09838187702265372
-0.010581290656255016,0.17898357388537078,0.09838187702265372
-0.010595640879838164,0.17898357388537078,0.09854368932038834
-0.010614360337462991,0.17908000900061075,0.09854368932038834
-0.010618525255267186,0.17908000900061075,0.09870550161812297
-0.010745532332745,0.1795943296152239,0.09870550161812297
-0.010746312910105027,0.17965861969205052,0.09870550161812297
-0.010772576084178587,0.1799479250377704,0.09870550161812297
-0.010776164789540521,0.1799479250377704,0.09886731391585761
-0.010803266329120598,0.18010865022983702,0.09886731391585761
-0.010810745992376358,0.18010865022983702,0.09902912621359224
-0.010826538640596295,0.18020508534507698,0.09902912621359224
-0.010841485319564137,0.18020508534507698,0.09919093851132686
-0.01095988720904878,0.18065511588286348,0.09919093851132686
-0.010969591781788302,0.18065511588286348,0.09935275080906149
-0.010999321578882282,0.1808479861133434,0.09935275080906149
-0.011007118402267868,0.18094442122858337,0.09935275080906149
-0.01101551512016058,0.18100871130541002,0.09935275080906149
-0.011022633862019238,0.18107300138223664,0.09935275080906149
-0.011184327213284162,0.1814587418431965,0.09935275080906149
-0.01120200389262993,0.1814587418431965,0.09951456310679611
-0.011235168246071237,0.18171590215050307,0.09951456310679611
-0.011240054006534994,0.18171590215050307,0.09967637540453074
-0.011343523732221306,0.18197306245780964,0.09967637540453074
-0.01134951473587914,0.18197306245780964,0.10016181229773463
-0.011387417902957275,0.18213378764987626,0.10016181229773463
-0.011390507063115396,0.18213378764987626,0.10032362459546926
-0.011411123414963475,0.18226236780352953,0.10032362459546926
-0.011411153613012315,0.18226236780352953,0.10048543689320388
-0.01148420549209933,0.18258381818766273,0.10048543689320388
-0.01148937182736015,0.18258381818766273,0.10080906148867314
-0.011500577589659222,0.1826802533029027,0.10080906148867314
-0.011510869641621402,0.1826802533029027,0.10097087378640776
-0.01153272993662463,0.18277668841814265,0.10097087378640776
-0.011536587466991821,0.18277668841814265,0.10145631067961165
-0.011548010972494915,0.18290526857179595,0.10145631067961165
-0.011549539107440498,0.18290526857179595,0.10161812297734628
-0.011549903343376633,0.18296955864862258,0.10161812297734628
-0.011560593865021118,0.18303384872544923,0.10161812297734628
-0.011571332992802386,0.18306599376386254,0.10161812297734628
-0.011580802967313675,0.18306599376386254,0.1017799352750809
-0.011602070069223203,0.18325886399434246,0.1017799352750809
-0.011603042728973889,0.18325886399434246,0.10275080906148867
-0.011619944356299872,0.18335529910958243,0.10275080906148867
-0.011622375999927104,0.18335529910958243,0.1029126213592233
-0.011623456410233823,0.1834517342248224,0.1029126213592233
-0.011629130293892898,0.18351602430164904,0.1029126213592233
-0.011693578646345293,0.18383747468578224,0.1029126213592233
-0.011704376508235304,0.18383747468578224,0.10307443365695793
-0.011750510437784578,0.1840624899546755,0.10307443365695793
-0.01175686289169997,0.1840624899546755,0.10372168284789644
-0.011823450365797461,0.18419107010832877,0.10372168284789644
-0.011827203487965898,0.18419107010832877,0.10388349514563107
-0.011827283761755403,0.18422321514674211,0.10388349514563107
-0.01182983143167321,0.18422321514674211,0.1040453074433657
-0.011843123497305874,0.18425536018515543,0.1040453074433657
-0.011844245700456724,0.18425536018515543,0.10420711974110032
-0.011868772650588943,0.18431965026198208,0.10420711974110032
-0.011874413339566237,0.18431965026198208,0.10550161812297734
-0.012019562453565114,0.1848661159150085,0.10550161812297734
-0.01202083562240075,0.1848661159150085,0.10566343042071197
-0.012028890773707224,0.18493040599183516,0.10566343042071197
-0.012040981187190825,0.18493040599183516,0.10582524271844661
-0.01206367227101246,0.18502684110707512,0.10582524271844661
-0.012064047755279084,0.18509113118390177,0.10582524271844661
-0.012135722533098192,0.18538043652962166,0.10582524271844661
-0.012138363772458194,0.18538043652962166,0.10906148867313915
-0.012278541996135428,0.18599119225947475,0.10906148867313915
-0.012289983904071655,0.1860876273747147,0.10906148867313915
-0.012318749171042642,0.1860876273747147,0.10922330097087378
-0.0123283944800337,0.18618406248995467,0.10922330097087378
-0.012339870853616375,0.18618406248995467,0.1098705501618123
-0.012373122112896873,0.18634478768202128,0.1098705501618123
-0.012378265996433324,0.18634478768202128,0.11003236245954692
-0.01238819824529952,0.18640907775884794,0.11003236245954692
-0.01239150660817473,0.18640907775884794,0.11035598705501617
-0.01252693147985423,0.18689125333504775,0.11035598705501617
-0.012533536587400418,0.18689125333504775,0.12718446601941746
-0.012539509572898233,0.18689125333504775,0.12734627831715212
-0.012633909326844439,0.18711626860394098,0.12734627831715212
-0.012638284021132484,0.18718055868076763,0.12734627831715212
-0.012723255299484926,0.18753415410331414,0.12734627831715212
-0.012724970992448903,0.18753415410331414,0.12750809061488674
-0.012728998082153387,0.18756629914172748,0.12750809061488674
-0.012738048506505506,0.18756629914172748,0.12766990291262137
-0.01275222979604601,0.1875984441801408,0.12766990291262137
-0.012755913413436404,0.1875984441801408,0.12815533980582525
-0.012902680689324597,0.18846636021730045,0.12815533980582525
-0.012906365148818988,0.18846636021730045,0.17475728155339806
-0.012924813894119647,0.18856279533254042,0.17475728155339806
-0.012930606878096385,0.18856279533254042,0.1749190938511327
-0.012947510008216367,0.18865923044778038,0.1749190938511327
-0.012954926910107134,0.18865923044778038,0.17508090614886732
-0.012963145789532116,0.18872352052460703,0.17508090614886732
-0.01297789081037809,0.18872352052460703,0.17524271844660194
-0.013007150907212217,0.18878781060143368,0.17524271844660194
-0.01301231379117962,0.18878781060143368,0.17540453074433657
-0.013023292588659141,0.1888521006782603,0.17540453074433657
-0.013027987407622954,0.18891639075508695,0.17540453074433657
-0.013057357316742235,0.18904497090874023,0.17540453074433657
-0.013059187704755781,0.18904497090874023,0.1755663430420712
-0.013068682746885663,0.18907711594715357,0.1755663430420712
-0.013073654363975729,0.18907711594715357,0.17572815533980582
-0.013089613358431285,0.1891414060239802,0.17572815533980582
-0.013099610166755093,0.1891414060239802,0.17588996763754045
-0.013119406657020827,0.1892699861776335,0.17588996763754045
-0.013122142754089516,0.1892699861776335,0.17605177993527507
-0.013208646882075126,0.18962358160018,0.17605177993527507
-0.01321818086556209,0.18962358160018,0.1762135922330097
-0.01325815694270277,0.1899128869458999,0.1762135922330097
-0.013277717259275679,0.18997717702272654,0.1762135922330097
-0.013279690438949887,0.18997717702272654,0.17637540453074432
-0.013281523874425938,0.19000932206113985,0.17637540453074432
-0.013282127357361617,0.1900736121379665,0.17637540453074432
-0.013312754583236108,0.19026648236844643,0.17637540453074432
-0.013313731455815825,0.19026648236844643,0.17653721682847898
-0.013373033148198377,0.1905557877141663,0.17653721682847898
-0.013373746914196794,0.1905557877141663,0.17702265372168285
-0.013374462207932647,0.19058793275257965,0.17702265372168285
-0.013374596564392438,0.19058793275257965,0.1773462783171521
-0.013379769724126078,0.19058793275257965,0.17815533980582524
-0.013381701202107465,0.19062007779099296,0.17815533980582524
-0.01338919287357443,0.19062007779099296,0.1784789644012945
-0.013410234528609177,0.19068436786781962,0.1784789644012945
-0.013412769665750557,0.19071651290623293,0.1784789644012945
-0.013414130836250093,0.19071651290623293,0.2022653721682848
-0.013528874957791925,0.19123083352084605,0.2022653721682848
-0.013532045090530076,0.19123083352084605,0.20566343042071197
-0.013553455007153992,0.19135941367449935,0.20566343042071197
-0.013558520025275411,0.19135941367449935,0.2058252427184466
-0.013576810142767348,0.1914558487897393,0.2058252427184466
-0.013579780004946862,0.1914558487897393,0.20598705501618123
-0.01358177589765397,0.1914558487897393,0.20631067961165048
-0.013600081004001952,0.19148799382815263,0.20631067961165048
-0.013603213204861575,0.19148799382815263,0.20679611650485438
-0.013610065038510366,0.19155228390497928,0.20679611650485438
-0.013614628774235471,0.19155228390497928,0.206957928802589
-0.013620515427801072,0.19155228390497928,0.2074433656957929
-0.013626555994398382,0.1915844289433926,0.2074433656957929
-0.013628680798689063,0.19164871902021924,0.2074433656957929
-0.01368070544206107,0.1917451541354592,0.2074433656957929
-0.013682135193750111,0.1917451541354592,0.2076051779935275
-0.013691728797833924,0.1917772991738725,0.2076051779935275
-0.01369374019699432,0.1917772991738725,0.20841423948220064
-0.013722140088596624,0.19190587932752579,0.20841423948220064
-0.013728470013702698,0.19197016940435244,0.20841423948220064
-0.013754463877203915,0.19219518467324567,0.20841423948220064
-0.013768175023950224,0.19219518467324567,0.20857605177993527
-0.013804805048821422,0.19232376482689897,0.20857605177993527
-0.01381688642056661,0.19232376482689897,0.20889967637540452
-0.013862396311329184,0.1926773602494455,0.20889967637540452
-0.01386678444623024,0.19274165032627213,0.20889967637540452
-0.013961969346397984,0.1933202610177119,0.20889967637540452
-0.013964592081457727,0.1933202610177119,0.20938511326860842
-0.013977047411596055,0.1933202610177119,0.20970873786407768
-0.01397996540364116,0.19338455109453856,0.20970873786407768
-0.01398105275807826,0.1934488411713652,0.20970873786407768
-0.013981213844218188,0.19348098620977852,0.20970873786407768
-0.01398634915291136,0.19348098620977852,0.2098705501618123
-0.014074524432330926,0.19380243659391172,0.2098705501618123
-0.014079871046721537,0.19380243659391172,0.21003236245954693
-0.01409065165495127,0.19383458163232506,0.21003236245954693
-0.01409584869226499,0.19389887170915168,0.21003236245954693
-0.014135035721586142,0.19415603201645826,0.21003236245954693
-0.014135617342262263,0.19415603201645826,0.21019417475728155
-0.014161332568352059,0.19434890224693818,0.21019417475728155
-0.014163691032909986,0.19434890224693818,0.21067961165048543
-0.014185296821587146,0.1943810472853515,0.21067961165048543
-0.014186628727106465,0.1943810472853515,0.2114886731391586
-0.014208254163351308,0.19447748240059146,0.2114886731391586
-0.014246737092494022,0.19447748240059146,0.21181229773462784
-0.014310545887038228,0.19489536789996464,0.21181229773462784
-0.014311736850765033,0.19489536789996464,0.21245954692556634
-0.014315704689813191,0.19492751293837796,0.21245954692556634
-0.014321306427399816,0.19492751293837796,0.21262135922330097
-0.014360191449143633,0.19512038316885788,0.21262135922330097
-0.014366534735988312,0.19512038316885788,0.2127831715210356
-0.014395568730982244,0.19521681828409784,0.2127831715210356
-0.01439957868235614,0.19521681828409784,0.21294498381877022
-0.014496095276697762,0.19563470378347103,0.21294498381877022
-0.014498838883160448,0.19563470378347103,0.21310679611650485
-0.014499334959902743,0.19566684882188434,0.21310679611650485
-0.014504773972399854,0.19566684882188434,0.21326860841423947
-0.014559751035181812,0.19592400912919092,0.21326860841423947
-0.014568757388112474,0.19592400912919092,0.21440129449838188
-0.01458154102928505,0.19598829920601754,0.21440129449838188
-0.014590507269822528,0.1960525892828442,0.21440129449838188
-0.014592810365958164,0.1960525892828442,0.21537216828478964
-0.01460638219058713,0.19614902439808415,0.21537216828478964
-0.014619827387775786,0.19614902439808415,0.2156957928802589
-0.014811874427889726,0.19720981066572374,0.2156957928802589
-0.014819237914527772,0.19720981066572374,0.21585760517799352
-0.014845145055567555,0.19737053585779035,0.21585760517799352
-0.014865012585459414,0.19737053585779035,0.21634304207119742
-0.014922308854239175,0.19769198624192355,0.21634304207119742
-0.014926163607841825,0.1977562763187502,0.21634304207119742
-0.014926835742351319,0.1977562763187502,0.22168284789644013
-0.0149877303800664,0.1980455816644701,0.22168284789644013
-0.01498950315021813,0.1980455816644701,0.22200647249190938
-0.014990365884793688,0.1980777267028834,0.22200647249190938
-0.014995315432868306,0.1980777267028834,0.222168284789644
-0.015005313815734334,0.19814201677971005,0.222168284789644
-0.015007623183607044,0.19814201677971005,0.22233009708737864
-0.015012392465558078,0.19817416181812336,0.22233009708737864
-0.015017692856083065,0.19817416181812336,0.22249190938511326
-0.015031393022381712,0.19827059693336332,0.22249190938511326
-0.015036083260710709,0.19827059693336332,0.2226537216828479
-0.015050070648463254,0.19833488701018998,0.2226537216828479
-0.015051282006040001,0.19833488701018998,0.22281553398058251
-0.01507612046588036,0.19843132212542994,0.22281553398058251
-0.01508493992152915,0.19843132212542994,0.22346278317152105
-0.015114280825822002,0.1985599022790832,0.22346278317152105
-0.01511619304698908,0.1985599022790832,0.22362459546925567
-0.015182866526189331,0.19904207785528305,0.22362459546925567
-0.015183828558617052,0.19904207785528305,0.25533980582524274
-0.015330463016184015,0.19997428396926933,0.25533980582524274
-0.015331688745553074,0.19997428396926933,0.25550161812297734
-0.015343559786735572,0.19997428396926933,0.2656957928802589
-0.01534742353516999,0.20000642900768267,0.2656957928802589
-0.015359966390029234,0.20000642900768267,0.3713592233009709
-0.01536220802121091,0.20000642900768267,0.37216828478964403
-0.015408968220756047,0.20029573435340256,0.37216828478964403
-0.015413176563276676,0.20036002443022918,0.37216828478964403
-0.015430890479950776,0.20042431450705583,0.37216828478964403
-0.015442188178504457,0.20042431450705583,0.37233009708737863
-0.015469001030291585,0.2005528946607091,0.37233009708737863
-0.015487024097411095,0.2005528946607091,0.3775080906148867
-0.015552592010604938,0.20077790992960237,0.3775080906148867
-0.015559958873754831,0.20077790992960237,0.37783171521035597
-0.015580174842920125,0.20087434504484233,0.37783171521035597
-0.015591189785313042,0.20087434504484233,0.3779935275080906
-0.01560219082440606,0.2009707801600823,0.3779935275080906
-0.015602319705420864,0.2009707801600823,0.3781553398058252
-0.01564389056535681,0.2011315053521489,0.3781553398058252
-0.015649776343674315,0.2011315053521489,0.3783171521035599
-0.015650154006164596,0.20116365039056222,0.3783171521035599
-0.01565640967704851,0.2012922305442155,0.3783171521035599
-0.015659569151731334,0.20132437558262883,0.3783171521035599
-0.015660507505819765,0.20132437558262883,0.37847896440129447
-0.01566580080121638,0.20135652062104215,0.37847896440129447
-0.015666438022868323,0.20135652062104215,0.3919093851132686
-0.015707082003193762,0.20148510077469542,0.3919093851132686
-0.015710236132483013,0.20148510077469542,0.3920711974110032
-0.015722856850483413,0.20158153588993538,0.3920711974110032
-0.01572552053447479,0.20158153588993538,0.39223300970873787
-0.015817895456125886,0.20203156642772188,0.39223300970873787
-0.015819445092726203,0.20203156642772188,0.39239482200647247
-0.01590029028783768,0.20235301681185508,0.39239482200647247
-0.01590535797124265,0.20235301681185508,0.3925566343042071
-0.01592854493892054,0.20244945192709504,0.3925566343042071
-0.015930509145943017,0.20244945192709504,0.393042071197411
-0.015957974474529624,0.20261017711916166,0.393042071197411
-0.015962008411279427,0.20261017711916166,0.3959546925566343
-0.016068373453735796,0.2029959175801215,0.3959546925566343
-0.016073260078441787,0.2029959175801215,0.39611650485436894
-0.016091321383411405,0.20306020765694816,0.39611650485436894
-0.0161136413182989,0.20306020765694816,0.39627831715210354
-0.016113877368537144,0.20309235269536147,0.39627831715210354
-0.016115878902737746,0.20309235269536147,0.3964401294498382
-0.016123411859013836,0.20318878781060143,0.3964401294498382
-0.01615735505894006,0.20318878781060143,0.39692556634304205
-0.016300455015897775,0.20386383361728116,0.39692556634304205
-0.01631130093901695,0.20386383361728116,0.3970873786407767
-0.01631408464794093,0.20392812369410782,0.3970873786407767
-0.016321943955556917,0.20392812369410782,0.39724919093851135
-0.016345603559283828,0.2040567038477611,0.39724919093851135
-0.016346254561912188,0.2040567038477611,0.39741100323624595
-0.016352808927381612,0.20408884888617443,0.39741100323624595
-0.016358659123440755,0.20408884888617443,0.3975728155339806
-0.016361128002101877,0.20412099392458774,0.3975728155339806
-0.01636425195146962,0.20412099392458774,0.3977346278317152
-0.01636851034352016,0.20412099392458774,0.4425566343042071
-0.01638348289978292,0.2042174290398277,0.4425566343042071
-0.01638779944358043,0.20428171911665435,0.4425566343042071
-0.016388373399353062,0.20428171911665435,0.44271844660194176
-0.016431771132862205,0.2045388794239609,0.44271844660194176
-0.016435306695228802,0.2045388794239609,0.44288025889967636
-0.016444812858506075,0.20457102446237424,0.44288025889967636
-0.01644592340899681,0.20457102446237424,0.444336569579288
-0.01647532188344325,0.20463531453920086,0.444336569579288
-0.01648124162960357,0.20463531453920086,0.4444983818770227
-0.01656034390255906,0.20505320003857405,0.4444983818770227
-0.01656578693274402,0.20505320003857405,0.4446601941747573
-0.0165852025524047,0.20521392523064064,0.4446601941747573
-0.01658908319108432,0.20521392523064064,0.4449838187702265
-0.016601437471001124,0.20531036034588063,0.4449838187702265
-0.016604910543930096,0.20531036034588063,0.44563106796116503
-0.016630174092640837,0.2054710855379472,0.44563106796116503
-0.01663401635005174,0.2054710855379472,0.4462783171521036
-0.016662616977966227,0.20569610080684048,0.4462783171521036
-0.016673377391415112,0.20569610080684048,0.44789644012944985
-0.016705268475534163,0.20595326111414702,0.44789644012944985
-0.01670935978797633,0.20595326111414702,0.5014563106796116
-0.016731658507873726,0.20611398630621364,0.5014563106796116
-0.01675341490412391,0.20611398630621364,0.5016181229773463
-0.016761639868348055,0.20611398630621364,0.502588996763754
-0.016764872256409713,0.20611398630621364,0.5121359223300971
-0.016774113376620214,0.20614613134462695,0.5121359223300971
-0.016782101412786243,0.20614613134462695,0.5122977346278317
-0.01684088562638736,0.2063711466135202,0.5122977346278317
-0.01684699577220483,0.2063711466135202,0.5127831715210356
-0.01684766364317286,0.2063711466135202,0.5614886731391586
-0.01696914777286651,0.2070140473817866,0.5614886731391586
-0.01699359927131161,0.2070140473817866,0.5618122977346278
-0.01703429869095302,0.20717477257385322,0.5618122977346278
-0.017043261177559443,0.20717477257385322,0.5715210355987055
-0.01710649446863327,0.20739978784274649,0.5715210355987055
-0.017131340839171227,0.20739978784274649,0.5716828478964401
-0.017148286854229033,0.20749622295798645,0.5716828478964401
-0.017150155755054686,0.20749622295798645,0.5718446601941748
-0.017179206590741847,0.207753383265293,0.5718446601941748
-0.017191180280191676,0.207753383265293,0.5720064724919094
-0.017226301571221903,0.20801054357259957,0.5720064724919094
-0.017239860903048077,0.20801054357259957,0.572168284789644
-0.01726784721311575,0.2082355588414928,0.572168284789644
-0.01726977310213329,0.2082355588414928,0.5723300970873786
-0.01730347837306273,0.20833199395673277,0.5723300970873786
-0.01731274137617833,0.20839628403355942,0.5723300970873786
-0.017317295319025205,0.20839628403355942,0.5728155339805825
-0.01731949485513118,0.20846057411038607,0.5728155339805825
-0.017370257920553134,0.20858915426403934,0.5728155339805825
-0.01738808843901385,0.20858915426403934,0.5933656957928802
-0.01739634846276139,0.20862129930245266,0.5933656957928802
-0.01740451795744924,0.20862129930245266,0.5935275080906149
-0.01742188046434473,0.20871773441769262,0.5935275080906149
-0.01742649311894734,0.20871773441769262,0.5936893203883495
-0.01759394701450917,0.20923205503230577,0.5936893203883495
-0.017623788684232145,0.20923205503230577,0.6035598705501618
-0.017651397409545633,0.20936063518595904,0.6035598705501618
-0.017653718166665,0.20936063518595904,0.6038834951456311
-0.017686395046492054,0.20961779549326562,0.6038834951456311
-0.017693559032307016,0.20961779549326562,0.6040453074433657
-0.017706515647121,0.2097463756469189,0.6040453074433657
-0.017730800377338873,0.2097463756469189,0.6042071197411003
-0.017764401445114042,0.2098749558005722,0.6042071197411003
-0.01776568681493451,0.20993924587739882,0.6042071197411003
-0.017768194614598942,0.20993924587739882,0.6262135922330098
-0.017782364725121458,0.21000353595422547,0.6262135922330098
-0.017795209901690368,0.21000353595422547,0.626537216828479
-0.017808645164937298,0.21006782603105212,0.626537216828479
-0.01780967074991524,0.21006782603105212,0.6266990291262136
-0.017825061803642406,0.21009997106946543,0.6266990291262136
-0.017829685553080843,0.21009997106946543,0.6268608414239483
-0.01790881632861696,0.21032498633835867,0.6268608414239483
-0.017921249832477393,0.21032498633835867,0.6271844660194175
-0.017926077270900287,0.21038927641518532,0.6271844660194175
-0.01792847735131836,0.21038927641518532,0.6273462783171521
-0.017952738769503374,0.21045356649201197,0.6273462783171521
-0.017955315242183967,0.21045356649201197,0.6275080906148868
-0.017959682600167337,0.21048571153042528,0.6275080906148868
-0.017966795436318628,0.21048571153042528,0.6279935275080906
-0.017975125172584205,0.21055000160725193,0.6279935275080906
-0.017977589798552684,0.21055000160725193,0.6281553398058253
-0.018027416119103135,0.21071072679931852,0.6281553398058253
-0.0180348660953763,0.21071072679931852,0.6283171521035599
-0.018050285560080703,0.21080716191455848,0.6283171521035599
-0.018050338748055228,0.21080716191455848,0.6286407766990292
-0.018106410682071417,0.2109678871066251,0.6286407766990292
-0.018112772524855603,0.2109678871066251,0.6351132686084142
-0.018127084783843006,0.2109678871066251,0.6352750809061488
-0.018135301130546733,0.21103217718345174,0.6352750809061488
-0.01825717052493625,0.21164293291330483,0.6352750809061488
-0.018260792787123836,0.21164293291330483,0.6354368932038835
-0.018340377788695128,0.21215725352791798,0.6354368932038835
-0.01834318630923565,0.21215725352791798,0.6355987055016181
-0.018412547151552328,0.21241441383522452,0.6355987055016181
-0.01843424250804515,0.21241441383522452,0.636084142394822
-0.018448065428289306,0.21244655887363786,0.636084142394822
-0.018448207554442375,0.21244655887363786,0.6372168284789644
-0.01844890889830597,0.21247870391205118,0.6372168284789644
-0.01848120000856085,0.21247870391205118,0.637378640776699
-0.018515959521454795,0.21260728406570445,0.637378640776699
-0.018518095911605192,0.21260728406570445,0.6679611650485436
-0.018527521220327414,0.2126394291041178,0.6679611650485436
-0.018541179280398,0.2126394291041178,0.6689320388349514
-0.018547936646734764,0.2126715741425311,0.6689320388349514
-0.018548736814104183,0.2126715741425311,0.669093851132686
-0.018551267428543183,0.2127037191809444,0.669093851132686
-0.01855552148770212,0.2127037191809444,0.6692556634304208
-0.018606972518153186,0.21305731460349095,0.6692556634304208
-0.018620829174384512,0.21305731460349095,0.6694174757281554
-0.018639326499579945,0.21321803979555756,0.6694174757281554
-0.018655339338388977,0.21321803979555756,0.66957928802589
-0.018756019195220353,0.21350734514127745,0.66957928802589
-0.01876606469855946,0.21350734514127745,0.7132686084142394
-0.018774277127575234,0.21353949017969076,0.7132686084142394
-0.018802882348211092,0.21353949017969076,0.7134304207119742
-0.019069244344683656,0.21479314667781027,0.7134304207119742
-0.0190737033677581,0.21479314667781027,0.7135922330097088
-0.019146207546679672,0.21508245202353016,0.7135922330097088
-0.019147713151449974,0.21508245202353016,0.7137540453074434
-0.019200481803636926,0.21540390240766338,0.7137540453074434
-0.019202241582551238,0.21540390240766338,0.7331715210355987
-0.019209029318319304,0.21546819248449,0.7331715210355987
-0.019218951089597147,0.21546819248449,0.733495145631068
-0.019246697269004187,0.2155967726381433,0.733495145631068
-0.01924748393958592,0.2155967726381433,0.7336569579288026
-0.01937731330448139,0.21601465813751647,0.7336569579288026
-0.019382008802261652,0.21607894821434312,0.7336569579288026
-0.019418987878432548,0.21623967340640973,0.7336569579288026
-0.019437628860134837,0.21623967340640973,0.7339805825242719
-0.01946509248672884,0.216368253560063,0.7339805825242719
-0.01946620285903411,0.216368253560063,0.7341423948220065
-0.019494571605870148,0.21646468867530297,0.7341423948220065
-0.019505963821408123,0.21646468867530297,0.7448220064724919
-0.019524351150483454,0.21652897875212962,0.7448220064724919
-0.01952715930844684,0.21652897875212962,0.7449838187702266
-0.019630671137056188,0.21717187952039602,0.7449838187702266
-0.019638755844998246,0.21723616959722267,0.7449838187702266
-0.01964829174297994,0.21733260471246263,0.7449838187702266
-0.019655415332032744,0.21733260471246263,0.7451456310679612
-0.019666117737240862,0.21739689478928928,0.7451456310679612
-0.01966619644336981,0.21739689478928928,0.7456310679611651
-0.01968772172350952,0.21755761998135587,0.7456310679611651
-0.019689236675784594,0.21755761998135587,0.7457928802588997
-0.01969817272825175,0.21762191005818252,0.7457928802588997
-0.019709130059025526,0.21768620013500917,0.7457928802588997
-0.019808691266077982,0.21813623067279567,0.7457928802588997
-0.01981254913869296,0.21813623067279567,0.7459546925566343
-0.019953829374331655,0.21871484136423544,0.7459546925566343
-0.019957369014583004,0.21871484136423544,0.746116504854369
-0.019959917915027214,0.21877913144106206,0.746116504854369
-0.019963689339438206,0.21877913144106206,0.7485436893203884
-0.020016126153789837,0.21900414670995533,0.7485436893203884
-0.020019208450528847,0.21900414670995533,0.7488673139158576
-0.020061121610956023,0.21922916197884856,0.7488673139158576
-0.02006253071359887,0.21922916197884856,0.7598705501618123
-0.020115638981384465,0.21948632228615514,0.7598705501618123
-0.020116073879202112,0.21948632228615514,0.760032362459547
-0.020120122682346975,0.21948632228615514,0.7671521035598705
-0.020172445121288407,0.21983991770870165,0.7671521035598705
-0.020177744187382607,0.21983991770870165,0.7673139158576052
-0.020186309384955026,0.219872062747115,0.7673139158576052
-0.02018741141286845,0.219872062747115,0.7674757281553398
-0.020251161130659112,0.22028994824648815,0.7674757281553398
-0.02025604767346706,0.22028994824648815,0.7676375404530744
-0.0202773127916413,0.2203863833617281,0.7676375404530744
-0.02028202111280958,0.2203863833617281,0.767799352750809
-0.020284596616283235,0.22045067343855476,0.767799352750809
-0.020286148782196534,0.22045067343855476,0.7681229773462783
-0.020291396374163995,0.22048281847696807,0.7681229773462783
-0.02030135409562961,0.22054710855379472,0.7681229773462783
-0.020438059864606284,0.2211578642836478,0.7681229773462783
-0.020443046895597783,0.22122215436047446,0.7681229773462783
-0.02044352546195466,0.22131858947571442,0.7681229773462783
-0.02049591771452336,0.2216078948214343,0.7681229773462783
-0.020503697876690652,0.2216078948214343,0.7682847896440129
-0.020537055449937724,0.22170432993667427,0.7682847896440129
-0.02054308968868962,0.22170432993667427,0.7686084142394822
-0.020571082857457956,0.22186505512874088,0.7686084142394822
-0.020571691708728246,0.2219293452055675,0.7686084142394822
-0.020589797802854304,0.22196149024398085,0.7686084142394822
-0.0205909243461333,0.22202578032080747,0.7686084142394822
-0.020592530822765687,0.2220579253592208,0.7686084142394822
-0.02059389283181673,0.22212221543604746,0.7686084142394822
-0.02060448328564929,0.22225079558970073,0.7686084142394822
-0.02062002895601006,0.22225079558970073,0.7687702265372168
-0.020657524343037303,0.22228294062811405,0.7687702265372168
-0.020660823380322768,0.22228294062811405,0.7690938511326861
-0.020667895725730856,0.22228294062811405,0.7692556634304207
-0.02091632213023703,0.22340801697258028,0.7692556634304207
-0.02092016307943495,0.22340801697258028,0.7694174757281553
-0.020944001107100263,0.22350445208782024,0.7694174757281553
-0.020950618120111897,0.2235687421646469,0.7694174757281553
-0.020985118482834464,0.22372946735671348,0.7694174757281553
-0.02100173699315716,0.22382590247195344,0.7694174757281553
-0.021006082852339347,0.22382590247195344,0.7695792880258899
-0.021046550337138592,0.2240509177408467,0.7695792880258899
-0.02105166478120618,0.2240509177408467,0.7697411003236246
-0.02105499956627177,0.22411520781767333,0.7697411003236246
-0.02111035280685969,0.22421164293291332,0.7697411003236246
-0.021116558419475184,0.22421164293291332,0.7699029126213592
-0.021124377974874264,0.22421164293291332,0.7702265372168284
-0.02142685281055684,0.22546529943103283,0.7702265372168284
-0.02143136022507819,0.22546529943103283,0.7703883495145631
-0.02148177453313782,0.22565816966151275,0.7703883495145631
-0.021485767064474748,0.22565816966151275,0.7705501618122977
-0.02155467225115515,0.2259153299688193,0.7705501618122977
-0.021555850435977186,0.2259153299688193,0.7707119741100323
-0.021610641747669246,0.22623678035295253,0.7707119741100323
-0.021618555311833765,0.22623678035295253,0.7708737864077669
-0.021673771855441337,0.2264939406602591,0.7708737864077669
-0.021678947796712866,0.2264939406602591,0.7710355987055016
-0.021686607443264005,0.2265260856986724,0.7710355987055016
-0.021689693451502234,0.2265260856986724,0.7711974110032362
-0.021977605858496896,0.22800475746568516,0.7711974110032362
-0.02197997557398762,0.2280690475425118,0.7711974110032362
-0.02200458223827695,0.22813333761933846,0.7711974110032362
-0.022017812256706626,0.22813333761933846,0.7713592233009708
-0.02207285484688104,0.22845478800347166,0.7713592233009708
-0.02208528281908889,0.2285190780802983,0.7713592233009708
-0.022115129622415186,0.22864765823395158,0.7713592233009708
-0.022116284149335308,0.22864765823395158,0.7715210355987056
-0.022144560348049735,0.22877623838760489,0.7715210355987056
-0.022149220691489224,0.22877623838760489,0.7716828478964401
-0.02215885579503435,0.2288405284644315,0.7716828478964401
-0.022160467488466007,0.22887267350284485,0.7716828478964401
-0.022177906435703276,0.22887267350284485,0.7718446601941747
-0.0222700580796793,0.2292584139638047,0.7718446601941747
-0.02228471948438021,0.22932270404063132,0.7718446601941747
-0.022326136081143977,0.22951557427111124,0.7718446601941747
-0.022332238374447255,0.2295798643479379,0.7718446601941747
-0.022336423425400487,0.22964415442476455,0.7718446601941747
-0.022343872552676003,0.22970844450159117,0.7718446601941747
-0.022357935394812734,0.2297405895400045,0.7718446601941747
-0.02236125297676317,0.2297405895400045,0.7720064724919093
-0.022439385553385427,0.2303513452698576,0.7720064724919093
-0.022460439243321084,0.2303513452698576,0.772168284789644
-0.02264174552046727,0.23134784146067056,0.772168284789644
-0.022647590886818503,0.23134784146067056,0.7723300970873787
-0.022650419428100754,0.23141213153749718,0.7723300970873787
-0.022662073418163564,0.23150856665273714,0.7723300970873787
-0.022697129679906114,0.2316050017679771,0.7723300970873787
-0.022698706073546182,0.2316050017679771,0.7724919093851133
-0.022711640690849966,0.23166929184480375,0.7724919093851133
-0.02271806172311236,0.23166929184480375,0.7726537216828478
-0.02274939140217841,0.23176572696004372,0.7726537216828478
-0.02275081164703724,0.23176572696004372,0.7728155339805826
-0.022779178591988802,0.23192645215211033,0.7728155339805826
-0.02278236683456436,0.23192645215211033,0.7729773462783172
-0.022834979887422224,0.23228004757465684,0.7729773462783172
-0.022843314040719986,0.23228004757465684,0.7731391585760518
-0.022867127845899615,0.2325050628435501,0.7731391585760518
-0.022868805547420656,0.2325050628435501,0.775242718446602
-0.023045963314373363,0.2332443987270565,0.775242718446602
-0.023050941230004007,0.2333086888038831,0.775242718446602
-0.023067672440960307,0.23340512391912308,0.775242718446602
-0.02308515538941308,0.23340512391912308,0.7754045307443366
-0.023167843740842187,0.23366228422642965,0.7754045307443366
-0.023180045325606857,0.23366228422642965,0.7755663430420712
-0.023201117938445426,0.2337265743032563,0.7755663430420712
-0.02320719323552739,0.23379086438008292,0.7755663430420712
-0.023209029585226915,0.23379086438008292,0.7757281553398059
-0.023217630799841515,0.23391944453373623,0.7757281553398059
-0.023238985426167924,0.2340158796489762,0.7757281553398059
-0.023239978902240332,0.2340158796489762,0.7758899676375405
-0.023260916811663646,0.23414445980262946,0.7758899676375405
-0.023264267145954254,0.2342087498794561,0.7758899676375405
-0.023305031669896892,0.23446591018676266,0.7758899676375405
-0.02330646071227571,0.23446591018676266,0.7773462783171521
-0.02340081837593766,0.23507666591661577,0.7773462783171521
-0.023403047894535733,0.23514095599344242,0.7773462783171521
-0.023413089033360368,0.23517310103185574,0.7773462783171521
-0.02341350062245806,0.2352373911086824,0.7773462783171521
-0.023440400375354775,0.23536597126233566,0.7773462783171521
-0.023443612260880597,0.2354302613391623,0.7773462783171521
-0.023476374261342303,0.23568742164646886,0.7773462783171521
-0.023491339801964828,0.23581600180012216,0.7773462783171521
-0.023556779571047293,0.23623388729949532,0.7773462783171521
-0.023563822254966116,0.23623388729949532,0.7775080906148867
-0.02358997950462738,0.23642675752997525,0.7775080906148867
-0.023590106393340804,0.2364910476068019,0.7775080906148867
-0.02359104965103398,0.2364910476068019,0.7779935275080906
-0.023677283802662985,0.23678035295252178,0.7779935275080906
-0.023677974559904613,0.23678035295252178,0.7781553398058253
-0.023689383891532523,0.23684464302934843,0.7781553398058253
-0.02370004220603511,0.23684464302934843,0.7784789644012945
-0.023723413926524717,0.2369410781445884,0.7784789644012945
-0.023747191402738843,0.2369410781445884,0.7786407766990291
-0.023786192519641813,0.2372946735671349,0.7786407766990291
-0.023791841350002008,0.23735896364396156,0.7786407766990291
-0.023804881505363584,0.23745539875920152,0.7786407766990291
-0.02380522358709336,0.23745539875920152,0.7788025889967638
-0.023814908238294852,0.2375839789128548,0.7788025889967638
-0.023820799070331022,0.2375839789128548,0.7789644012944984
-0.023829430902533866,0.23768041402809476,0.7789644012944984
-0.023842834039629113,0.23768041402809476,0.779126213592233
-0.02390001161378391,0.23787328425857468,0.779126213592233
-0.023911418541981644,0.23787328425857468,0.7792880258899676
-0.02395555042179548,0.23813044456588126,0.7792880258899676
-0.023959169126231028,0.23813044456588126,0.7794498381877023
-0.023984476009574263,0.23832331479636118,0.7794498381877023
-0.024006676107275027,0.23832331479636118,0.7797734627831715
-0.024054211156980088,0.23854833006525442,0.7797734627831715
-0.02405563945820388,0.23854833006525442,0.7805825242718447
-0.024057971538014866,0.23858047510366776,0.7805825242718447
-0.024060149247243978,0.23858047510366776,0.7807443365695793
-0.024087009730719533,0.23867691021890772,0.7807443365695793
-0.024089075032645013,0.23867691021890772,0.7809061488673139
-0.024091505307752503,0.23874120029573434,0.7809061488673139
-0.02412780250278007,0.23903050564145426,0.7809061488673139
-0.024146576588051027,0.23903050564145426,0.7810679611650485
-0.024160532861166872,0.23909479571828088,0.7810679611650485
-0.024164221369078254,0.23909479571828088,0.7812297734627832
-0.024166543570096843,0.23915908579510753,0.7812297734627832
-0.024185251717354306,0.2392555209103475,0.7812297734627832
-0.02419945792556566,0.2392555209103475,0.7813915857605178
-0.024301888213536738,0.23983413160178726,0.7813915857605178
-0.02430324560099062,0.23989842167861392,0.7813915857605178
-0.024338916286811785,0.24009129190909384,0.7813915857605178
-0.024339378446693483,0.24009129190909384,0.7815533980582524
-0.02435870944623797,0.24021987206274711,0.7815533980582524
-0.024361165464620804,0.24021987206274711,0.781715210355987
-0.024504583300588023,0.24092706290784016,0.781715210355987
-0.024524143356310424,0.24092706290784016,0.7818770226537217
-0.02457709409084291,0.24108778809990677,0.7818770226537217
-0.024578882389007628,0.24108778809990677,0.7822006472491909
-0.024579897503828052,0.2411199331383201,0.7822006472491909
-0.024582565871629547,0.24118422321514674,0.7822006472491909
-0.02458446892847338,0.24118422321514674,0.7823624595469255
-0.024596953453641768,0.2412485132919734,0.7823624595469255
-0.024600017747307412,0.2412485132919734,0.7825242718446602
-0.0247106899999307,0.24166639879134655,0.7825242718446602
-0.02471150443946396,0.24166639879134655,0.7826860841423948
-0.02471661204792086,0.2417628339065865,0.7826860841423948
-0.02471668294599505,0.24182712398341316,0.7826860841423948
-0.024721469487478775,0.24182712398341316,0.7841423948220064
-0.02473721477068236,0.24195570413706644,0.7841423948220064
-0.02473891240388343,0.24195570413706644,0.7843042071197411
-0.024739701434811245,0.24198784917547977,0.7843042071197411
-0.02474603487500826,0.24198784917547977,0.7844660194174757
-0.024792816784743932,0.24240573467485294,0.7844660194174757
-0.024794341646025397,0.24240573467485294,0.7846278317152103
-0.024800710242025847,0.24240573467485294,0.7849514563106796
-0.024883706708018594,0.24285576521263944,0.7849514563106796
-0.024895986286131044,0.24285576521263944,0.7851132686084142
-0.024940489542493505,0.24311292551994598,0.7851132686084142
-0.024941707346427644,0.24317721559677263,0.7851132686084142
-0.02494421314974593,0.24317721559677263,0.7852750809061488
-0.0250031610018005,0.24337008582725256,0.7852750809061488
-0.025008479707645137,0.2434343759040792,0.7852750809061488
-0.025037370602353115,0.2437558262882124,0.7852750809061488
-0.025040952815754802,0.2437558262882124,0.7854368932038835
-0.025067692900430982,0.2438844064418657,0.7854368932038835
-0.025074701274935884,0.2438844064418657,0.7855987055016181
-0.025112074688538488,0.24407727667234563,0.7855987055016181
-0.025117788842114963,0.24407727667234563,0.7864077669902912
-0.025200967303173283,0.24433443697965218,0.7864077669902912
-0.025201069721943914,0.24433443697965218,0.7865695792880258
-0.025208670457377902,0.24436658201806552,0.7865695792880258
-0.02521321259023207,0.24436658201806552,0.7867313915857606
-0.025274511689853563,0.24455945224854544,0.7867313915857606
-0.025287405807527086,0.2446558873637854,0.7867313915857606
-0.02529178745900562,0.24468803240219872,0.7867313915857606
-0.025299293722120864,0.24475232247902537,0.7867313915857606
-0.025303208546148426,0.24475232247902537,0.7868932038834952
-0.025347220290174444,0.24484875759426533,0.7868932038834952
-0.025353876713489376,0.24484875759426533,0.7872168284789643
-0.025477559254624138,0.24529878813205183,0.7872168284789643
-0.02549533640885271,0.24529878813205183,0.7875404530744337
-0.02560685697853249,0.24565238355459834,0.7875404530744337
-0.02562571375391809,0.24565238355459834,0.7877022653721683
-0.025636660306456005,0.2457488186698383,0.7877022653721683
-0.025637970256756237,0.24581310874666495,0.7877022653721683
-0.02565170002391598,0.2458773988234916,0.7877022653721683
-0.025653295824314137,0.2458773988234916,0.787864077669903
-0.025659561471638392,0.24594168890031823,0.787864077669903
-0.025670573985995204,0.24594168890031823,0.7880258899676376
-0.02568582037145767,0.24607026905397153,0.7880258899676376
-0.0256971664141582,0.2461988492076248,0.7880258899676376
-0.025712281554060412,0.24626313928445145,0.7880258899676376
-0.025725414355501408,0.24635957439969142,0.7880258899676376
-0.025729269095232654,0.24635957439969142,0.7881877022653722
-0.025769895808707977,0.24661673470699796,0.7881877022653722
-0.02577161821510443,0.24661673470699796,0.7883495145631068
-0.025774834090551424,0.2466488797454113,0.7883495145631068
-0.025788413269460797,0.2466488797454113,0.7886731391585761
-0.025923860741190574,0.2469703301295445,0.7886731391585761
-0.02592528937109756,0.2469703301295445,0.7888349514563107
-0.025946410746441773,0.24722749043685108,0.7888349514563107
-0.025946931195581335,0.24722749043685108,0.78915857605178
-0.025977982907781527,0.2473882156289177,0.78915857605178
-0.026004600256321952,0.2473882156289177,0.7893203883495146
-0.026079008913159063,0.24764537593622424,0.7893203883495146
-0.02608142801049862,0.2477096660130509,0.7893203883495146
-0.026130627569211473,0.2479025362435308,0.7893203883495146
-0.02613668019115578,0.2479025362435308,0.7902912621359224
-0.026204548973242425,0.24806326143559743,0.7902912621359224
-0.026210513860445483,0.24806326143559743,0.790453074433657
-0.02625350581349828,0.2481918415892507,0.790453074433657
-0.026261153788447955,0.2481918415892507,0.7906148867313916
-0.026316473543695762,0.2483525667813173,0.7906148867313916
-0.02632400555960379,0.2483525667813173,0.7907766990291262
-0.026360642977339643,0.2485132919733839,0.7907766990291262
-0.026371674952589186,0.2485132919733839,0.7909385113268609
-0.026464614786273766,0.24922048281847697,0.7909385113268609
-0.02646577787389387,0.2492847728953036,0.7909385113268609
-0.02654841353432552,0.24950978816419686,0.7909385113268609
-0.026550468947028116,0.24950978816419686,0.7911003236245955
-0.02656534849817188,0.2495740782410235,0.7911003236245955
-0.02656824254481399,0.24963836831785013,0.7911003236245955
-0.026595906861428487,0.24976694847150344,0.7911003236245955
-0.02660452362325294,0.24976694847150344,0.7919093851132686
-0.026606747888481608,0.24979909350991675,0.7919093851132686
-0.026608974309809796,0.2498633835867434,0.7919093851132686
-0.026745600371943345,0.25057057443183645,0.7919093851132686
-0.026754579372816167,0.25057057443183645,0.7920711974110033
-0.02679485667799153,0.25066700954707644,0.7920711974110033
-0.026806633216671816,0.25066700954707644,0.7923948220064725
-0.02680895118637222,0.25073129962390306,0.7923948220064725
-0.026809801007178058,0.2507955897007297,0.7923948220064725
-0.02681558585238747,0.25089202481596967,0.7923948220064725
-0.026817927472029435,0.250924169854383,0.7923948220064725
-0.026828182625865116,0.250924169854383,0.7927184466019418
-0.026828799599559805,0.2509563148927963,0.7927184466019418
-0.026832886084204755,0.2509563148927963,0.7932038834951456
-0.0268822527449587,0.2510527500080363,0.7932038834951456
-0.026891615474683717,0.2510527500080363,0.7933656957928803
-0.026910876113827142,0.25118133016168953,0.7933656957928803
-0.026923160814796676,0.25118133016168953,0.7935275080906149
-0.026957075245313378,0.25130991031534283,0.7935275080906149
-0.02695823124133545,0.25130991031534283,0.7936893203883495
-0.02702346744556483,0.2515992156610627,0.7936893203883495
-0.027041098696269472,0.2515992156610627,0.7938511326860841
-0.02713724536286538,0.2520171011604359,0.7938511326860841
-0.027137678537303755,0.25208139123726253,0.7938511326860841
-0.027244666268658735,0.2524671316982224,0.7938511326860841
-0.02724729515876745,0.2524671316982224,0.7940129449838188
-0.027269409627351193,0.252627856890289,0.7940129449838188
-0.027282975173327895,0.252627856890289,0.794336569579288
-0.027300969504155836,0.25285287215918223,0.794336569579288
-0.027306348936354363,0.25285287215918223,0.7946601941747573
-0.02742231167014353,0.2532707576585554,0.7946601941747573
-0.02742428571549621,0.2532707576585554,0.7948220064724919
-0.027432635905317193,0.25333504773538207,0.7948220064724919
-0.02744068557438306,0.2534636278890353,0.7948220064724919
-0.027455745903905537,0.2534636278890353,0.7949838187702265
-0.02745666550341408,0.253527917965862,0.7949838187702265
-0.02745717967474992,0.253527917965862,0.7951456310679612
-0.02745989890572409,0.253527917965862,0.7954692556634304
-0.027545543346732093,0.25384936834999516,0.7954692556634304
-0.027546437047203998,0.25384936834999516,0.7957928802588997
-0.027572063950120018,0.2540743836188884,0.7957928802588997
-0.02757467971958455,0.2540743836188884,0.7959546925566343
-0.027672668501878883,0.25468513934874154,0.7959546925566343
-0.027675743126304164,0.25468513934874154,0.7961165048543689
-0.027705375730679604,0.2547815744639815,0.7961165048543689
-0.027710072859864432,0.2547815744639815,0.7962783171521035
-0.027711672345174687,0.25484586454080815,0.7962783171521035
-0.027829912004945168,0.25564949050114116,0.7962783171521035
-0.027836380140998485,0.25564949050114116,0.7966019417475728
-0.027973640296896973,0.25613166607734095,0.7966019417475728
-0.027974735343929802,0.25613166607734095,0.7978964401294498
-0.02798290854168567,0.2561959561541676,0.7978964401294498
-0.027993011296702897,0.25626024623099425,0.7978964401294498
-0.02807776523020966,0.2566459866919541,0.7978964401294498
-0.02807949792481934,0.2566459866919541,0.7980582524271844
-0.028105479329307625,0.2567102767687807,0.7980582524271844
-0.028109077413772998,0.2567102767687807,0.7983818770226537
-0.028136435167351204,0.2567745668456074,0.7983818770226537
-0.028140644240088886,0.2567745668456074,0.7985436893203883
-0.028209403899908003,0.25703172715291395,0.7985436893203883
-0.028218970406727717,0.25703172715291395,0.7987055016181229
-0.028283208470161192,0.2572888874602205,0.7987055016181229
-0.02828455816069597,0.2573531775370472,0.7987055016181229
-0.028412853825400264,0.25777106303642033,0.7987055016181229
-0.02843828875898996,0.25777106303642033,0.7988673139158576
-0.028457927769332148,0.25796393326690026,0.7988673139158576
-0.028469324954561892,0.25796393326690026,0.7990291262135922
-0.028506544615599982,0.2581568034973802,0.7990291262135922
-0.02850660955682588,0.2582210935742068,0.7990291262135922
-0.028514947019824766,0.2582853836510335,0.7990291262135922
-0.028522353141290924,0.2582853836510335,0.7991909385113268
-0.028590425153149912,0.25867112411199333,0.7991909385113268
-0.028596504157367475,0.25867112411199333,0.7993527508090615
-0.02860929743183005,0.25873541418881996,0.7993527508090615
-0.028610937402558045,0.25873541418881996,0.7995145631067961
-0.028644198324106973,0.25876755922723327,0.7995145631067961
-0.028644824745826136,0.2588318493040599,0.7995145631067961
-0.028713857803794762,0.2591211546497798,0.7995145631067961
-0.0287161094484491,0.2591211546497798,0.7996763754045307
-0.0287515330773902,0.2592497348034331,0.7996763754045307
-0.028768212867558762,0.2592497348034331,0.7998381877022653
-0.028796436912586154,0.25934616991867304,0.7998381877022653
-0.028830646574689867,0.25934616991867304,0.8
-0.02883480759425655,0.2594104599954997,0.8
-0.028843204307135717,0.25947475007232634,0.8
-0.028945188121018983,0.25963547526439296,0.8
-0.028947516401480022,0.25963547526439296,0.8004854368932038
-0.028959396115518454,0.25963547526439296,0.8009708737864077
-0.029042634945724122,0.2599247806101128,0.8009708737864077
-0.029052784929311015,0.2599247806101128,0.8011326860841423
-0.029126218686878425,0.26031052107107266,0.8011326860841423
-0.029127923643539777,0.26031052107107266,0.801294498381877
-0.02913676146354932,0.26037481114789934,0.801294498381877
-0.029176061447376778,0.26037481114789934,0.801779935275081
-0.0291872820536227,0.26043910122472597,0.801779935275081
-0.029201035721553803,0.26043910122472597,0.8019417475728156
-0.029224174332574793,0.2605998264167926,0.8019417475728156
-0.029226183494923508,0.2605998264167926,0.8024271844660195
-0.02934930926296958,0.26111414703140573,0.8024271844660195
-0.029357276325995996,0.26111414703140573,0.8025889967637541
-0.02936825115649777,0.2612748722234723,0.8025889967637541
-0.029375329059763866,0.2612748722234723,0.8029126213592233
-0.029393139445175298,0.2614355974155389,0.8029126213592233
-0.02943164403868348,0.2614355974155389,0.803074433656958
-0.02948277075628203,0.2616284676460188,0.803074433656958
-0.029492309474156653,0.2616284676460188,0.8033980582524272
-0.029493275637744787,0.26166061268443214,0.8033980582524272
-0.029549744955010337,0.26166061268443214,0.8035598705501618
-0.02971341684981471,0.2623678035295252,0.8035598705501618
-0.0297148613504572,0.2623678035295252,0.8037216828478965
-0.02972726809007925,0.2624963836831785,0.8037216828478965
-0.02973096781904222,0.2624963836831785,0.8038834951456311
-0.02973207578493925,0.2625285287215918,0.8038834951456311
-0.02973315584759323,0.2625285287215918,0.8040453074433657
-0.029784223086935846,0.26288212414413836,0.8040453074433657
-0.02978563360614006,0.262946414220965,0.8040453074433657
-0.029798240527741104,0.2630107042977916,0.8040453074433657
-0.029819476319784988,0.2630749943746183,0.8040453074433657
-0.029836486208377422,0.2632035745282716,0.8040453074433657
-0.02984029484913797,0.2632035745282716,0.8042071197411004
-0.029844681339295187,0.2632357195666849,0.8042071197411004
-0.029845741151561134,0.2632357195666849,0.804368932038835
-0.02989143714289172,0.26336429972033815,0.804368932038835
-0.02989425068848872,0.2634285897971648,0.804368932038835
-0.02990317933873915,0.2634285897971648,0.8045307443365696
-0.029964093199407793,0.26365360506605806,0.8045307443365696
-0.02996839396947476,0.26365360506605806,0.8050161812297735
-0.030031355114822356,0.2639429104117779,0.8050161812297735
-0.030047412763176296,0.2639429104117779,0.8053398058252427
-0.030073451285506425,0.2641679256806712,0.8053398058252427
-0.03007846528958158,0.2641679256806712,0.8063106796116505
-0.030099964279588054,0.26426436079591115,0.8063106796116505
-0.030110650132483596,0.26426436079591115,0.8067961165048544
-0.030114740973131493,0.26429650583432446,0.8067961165048544
-0.03011714738600213,0.26429650583432446,0.806957928802589
-0.030134266396139975,0.26436079591115114,0.806957928802589
-0.030144876261176345,0.26436079591115114,0.8071197411003236
-0.030277269673137597,0.26516442187148415,0.8071197411003236
-0.030280833561359077,0.26516442187148415,0.8072815533980583
-0.03035278677501807,0.265550162332444,0.8072815533980583
-0.03037626466709481,0.265550162332444,0.8074433656957929
-0.03043169837688714,0.26580732263975054,0.8074433656957929
-0.030432159783858048,0.26580732263975054,0.8076051779935275
-0.030444365694403563,0.2658716127165772,0.8076051779935275
-0.030466100705328014,0.2658716127165772,0.8077669902912621
-0.03046670491468423,0.26590375775499053,0.8077669902912621
-0.03047195743516873,0.26590375775499053,0.8079288025889968
-0.030536830700197748,0.26612877302388377,0.8079288025889968
-0.030559760667892233,0.26612877302388377,0.808252427184466
-0.030571083095799756,0.26625735317753707,0.808252427184466
-0.030592684723745156,0.26625735317753707,0.8084142394822007
-0.030632789474501265,0.266450223408017,0.8084142394822007
-0.030645811731769668,0.266450223408017,0.8087378640776699
-0.030653029777008067,0.2665145134848436,0.8087378640776699
-0.030659450399724786,0.2665145134848436,0.8088996763754045
-0.030670238442474573,0.26657880356167024,0.8088996763754045
-0.030672889645252277,0.26657880356167024,0.8092233009708738
-0.0307956821583405,0.2671252692146967,0.8092233009708738
-0.03079752221558474,0.2671252692146967,0.8093851132686084
-0.030837601873289378,0.2674145745604166,0.8093851132686084
-0.030841931788864796,0.2674145745604166,0.809546925566343
-0.03090195301148363,0.26760744479089654,0.809546925566343
-0.030905896745817563,0.26760744479089654,0.8097087378640777
-0.030923208936109836,0.2677360249445498,0.8097087378640777
-0.030927248613220104,0.2677360249445498,0.8098705501618123
-0.030944604858892055,0.26776816998296316,0.8098705501618123
-0.030951460820496546,0.26776816998296316,0.8100323624595469
-0.031053642994381347,0.26825034555916294,0.8100323624595469
-0.031060608094049313,0.26825034555916294,0.8101941747572815
-0.031103751491675935,0.2684753608280562,0.8101941747572815
-0.031120853440515683,0.2684753608280562,0.8105177993527508
-0.031134868799243598,0.26853965090488285,0.8105177993527508
-0.031157530929912636,0.26853965090488285,0.8106796116504854
-0.031222510502180223,0.268861101289016,0.8106796116504854
-0.031234029189480483,0.268861101289016,0.8108414239482201
-0.03127250534978526,0.26905397151949595,0.8108414239482201
-0.031277788458014266,0.26905397151949595,0.8110032362459547
-0.031303813894459354,0.26915040663473594,0.8110032362459547
-0.03131544107206741,0.26915040663473594,0.8111650485436893
-0.03133765656121856,0.26921469671156256,0.8111650485436893
-0.03135134152769842,0.26921469671156256,0.8113268608414239
-0.031388405008631826,0.2694075669420425,0.8113268608414239
-0.03139100829350844,0.2694075669420425,0.8114886731391586
-0.031394377999227174,0.2694718570188691,0.8114886731391586
-0.031404436902947475,0.2694718570188691,0.8116504854368932
-0.031461192292011775,0.269761162364589,0.8116504854368932
-0.03147156595231593,0.269761162364589,0.8118122977346278
-0.03147162586561397,0.26979330740300234,0.8118122977346278
-0.03148465859105665,0.26979330740300234,0.8119741100323624
-0.031497746383858216,0.269857597479829,0.8119741100323624
-0.03151250203102168,0.269857597479829,0.8122977346278317
-0.03151264038959517,0.2698897425182423,0.8122977346278317
-0.03151443657574765,0.2698897425182423,0.8126213592233009
-0.031659509784167095,0.2702754829792022,0.8126213592233009
-0.031665584255263335,0.2702754829792022,0.8127831715210356
-0.031699957829105396,0.2704040631328554,0.8127831715210356
-0.03170796410308341,0.2704040631328554,0.8131067961165048
-0.0317327195930005,0.2705004982480954,0.8131067961165048
-0.03174424979938634,0.2705004982480954,0.8132686084142395
-0.03175858998560749,0.2706290784017487,0.8132686084142395
-0.03176170880536966,0.2706290784017487,0.8134304207119741
-0.031767424911131104,0.270661223440162,0.8134304207119741
-0.03177699527924627,0.270661223440162,0.8135922330097087
-0.031791199096811384,0.27072551351698865,0.8135922330097087
-0.03179158639504509,0.27072551351698865,0.8145631067961165
-0.031796892406590394,0.27082194863222864,0.8145631067961165
-0.03179844522514674,0.27082194863222864,0.8147249190938511
-0.03185995303803868,0.2709505287858819,0.8147249190938511
-0.031860818160355464,0.27101481886270856,0.8147249190938511
-0.0320146683487183,0.27168986466938827,0.8147249190938511
-0.03203204565163248,0.27168986466938827,0.8148867313915857
-0.03203367086256781,0.2717220097078016,0.8148867313915857
-0.03205113537452131,0.2717220097078016,0.8150485436893203
-0.032063747471057225,0.27175415474621495,0.8150485436893203
-0.032065455085233396,0.27175415474621495,0.815210355987055
-0.03211433257072599,0.2719791700151082,0.815210355987055
-0.03212570134490972,0.2719791700151082,0.8155339805825242
-0.03217002863248125,0.2722041852840014,0.8155339805825242
-0.032170587571441145,0.2722041852840014,0.815695792880259
-0.03218394648279854,0.27223633032241473,0.815695792880259
-0.03218738320257725,0.27223633032241473,0.8158576051779936
-0.03223042226141559,0.27239705551448135,0.8158576051779936
-0.032235642054644076,0.27239705551448135,0.8160194174757281
-0.032247587732309235,0.27246134559130797,0.8160194174757281
-0.03224930757860972,0.27246134559130797,0.8161812297734627
-0.03225083388081407,0.2724934906297213,0.8161812297734627
-0.03225432096130809,0.2724934906297213,0.8163430420711975
-0.032268602367749255,0.2726220707833746,0.8163430420711975
-0.032271752652589636,0.2726220707833746,0.816504854368932
-0.03227238649302583,0.2726542158217879,0.816504854368932
-0.03228058027738678,0.2726542158217879,0.8168284789644013
-0.032415619988425126,0.27323282651322767,0.8168284789644013
-0.03242008042432315,0.27323282651322767,0.8171521035598706
-0.032441144053799775,0.273264971551641,0.8171521035598706
-0.03244358325329094,0.273264971551641,0.8173139158576052
-0.03248551740561656,0.2735864219357742,0.8173139158576052
-0.03248691188172892,0.2735864219357742,0.8174757281553398
-0.032496965113062326,0.2737150020894275,0.8174757281553398
-0.032520523878257934,0.2737150020894275,0.8177993527508091
-0.03252181871043336,0.2737471471278408,0.8177993527508091
-0.03254596927341469,0.2737471471278408,0.8181229773462784
-0.03261280507006947,0.27397216239673405,0.8181229773462784
-0.032613666943771435,0.27397216239673405,0.8184466019417476
-0.032665513809847724,0.27413288758880067,0.8184466019417476
-0.03266963649312582,0.27413288758880067,0.8186084142394822
-0.032789062856917184,0.27480793339548043,0.8186084142394822
-0.032794427540491666,0.27480793339548043,0.8187702265372169
-0.03281967366817207,0.27490436851072036,0.8187702265372169
-0.03282159657953804,0.274968658587547,0.8187702265372169
-0.03285298499505013,0.275065093702787,0.8187702265372169
-0.03285305609514283,0.275065093702787,0.8189320388349515
-0.03293122710924301,0.2753865440869202,0.8189320388349515
-0.03294341627664321,0.2753865440869202,0.8190938511326861
-0.03302904826408243,0.27557941431740013,0.8190938511326861
-0.03303012855670251,0.27557941431740013,0.8192556634304207
-0.033034474908189115,0.27564370439422675,0.8192556634304207
-0.03304058372254981,0.27564370439422675,0.8194174757281554
-0.03305388503776335,0.2757401395094667,0.8194174757281554
-0.033053891478000474,0.2757401395094667,0.8197411003236246
-0.0331409400155912,0.2761580250088399,0.8197411003236246
-0.03314355764428539,0.2761580250088399,0.8199029126213592
-0.0332002706794578,0.2763508952393198,0.8199029126213592
-0.03320223964967001,0.2763508952393198,0.8200647249190939
-0.033208542860217016,0.27638304027773314,0.8200647249190939
-0.03321716570963967,0.27638304027773314,0.8202265372168285
-0.03321835186053518,0.27641518531614645,0.8202265372168285
-0.03322233217629028,0.27641518531614645,0.8203883495145631
-0.03323709526252561,0.2764794753929731,0.8203883495145631
-0.03324311056079421,0.2764794753929731,0.8205501618122978
-0.03324387942559909,0.27651162043138644,0.8205501618122978
-0.03324441368449932,0.27651162043138644,0.8207119741100324
-0.03324893596624512,0.27657591050821306,0.8207119741100324
-0.033257177516645586,0.27657591050821306,0.820873786407767
-0.03330512127668378,0.27670449066186636,0.820873786407767
-0.033309480697783056,0.27670449066186636,0.822168284789644
-0.03331617007961485,0.2767366357002797,0.822168284789644
-0.033319798986731375,0.2768009257771063,0.822168284789644
-0.03334999232878366,0.2769295059307596,0.822168284789644
-0.03335353285015913,0.27705808608441285,0.822168284789644
-0.033353845819305894,0.27705808608441285,0.8223300970873786
-0.03337557985672046,0.27715452119965284,0.8223300970873786
-0.03337587623967364,0.27715452119965284,0.8224919093851133
-0.03339932117545363,0.27728310135330614,0.8224919093851133
-0.033411928088500464,0.27728310135330614,0.8226537216828479
-0.033417730582277594,0.2775402616606127,0.8226537216828479
-0.03341984783606994,0.277572406699026,0.8226537216828479
-0.03342140884291411,0.2777652769295059,0.8226537216828479
-0.03345509604677871,0.27799029219839916,0.8226537216828479
-0.033464208891596736,0.27799029219839916,0.8228155339805825
-0.033475389843505954,0.27808672731363915,0.8228155339805825
-0.03350008430184026,0.27808672731363915,0.8229773462783172
-0.033524369128352605,0.2781831624288791,0.8229773462783172
-0.03352731766875616,0.2781831624288791,0.8231391585760518
-0.03353983184656156,0.27824745250570576,0.8231391585760518
-0.033541614416951804,0.2783117425825324,0.8231391585760518
-0.03354288894961327,0.2783117425825324,0.8233009708737864
-0.03354647612562228,0.2783438876209457,0.8233009708737864
-0.03355834877719488,0.2783438876209457,0.8236245954692557
-0.03356491763804853,0.278376032659359,0.8236245954692557
-0.033567851210745125,0.278376032659359,0.8237864077669903
-0.03357836812952891,0.2785046128130123,0.8237864077669903
-0.033598494916978305,0.2785046128130123,0.8239482200647249
-0.03361621216959143,0.2786653380050789,0.8239482200647249
-0.033622904729353864,0.2786653380050789,0.8241100323624595
-0.0336488237073429,0.2787939181587322,0.8241100323624595
-0.033653277396743564,0.2787939181587322,0.8242718446601942
-0.03370552290924006,0.27898678838921215,0.8242718446601942
-0.03370792887796881,0.27898678838921215,0.8244336569579288
-0.0337118005241312,0.27901893342762546,0.8244336569579288
-0.03371650876023169,0.27901893342762546,0.824757281553398
-0.033721383272396654,0.28036902504098493,0.824757281553398
-0.033747124952014707,0.28049760519463823,0.824757281553398
-0.03378753991060762,0.28049760519463823,0.8249190938511327
-0.03378788214083639,0.28052975023305154,0.8249190938511327
-0.03379250607775125,0.28059404030987817,0.8249190938511327
-0.033794475370310384,0.28059404030987817,0.8250809061488673
-0.03380603937566812,0.28069047542511816,0.8250809061488673
-0.03380767284427405,0.2809154906940114,0.8250809061488673
-0.033860325053024776,0.28123694107814456,0.8250809061488673
-0.03386050463491774,0.28130123115497124,0.8250809061488673
-0.033895170762350046,0.2814298113086245,0.8250809061488673
-0.03389519285302783,0.2814298113086245,0.8252427184466019
-0.03389799533306598,0.28146195634703786,0.8252427184466019
-0.03389823675866388,0.28146195634703786,0.8254045307443366
-0.03392612300626091,0.2816226815391044,0.8254045307443366
-0.03392986120815322,0.2816226815391044,0.8255663430420712
-0.033955730961632236,0.28181555176958434,0.8255663430420712
-0.03395699867007118,0.28181555176958434,0.8257281553398058
-0.03395810773309915,0.2818476968079977,0.8257281553398058
-0.0339815447304857,0.2818476968079977,0.8258899676375404
-0.03401414573757028,0.28207271207689094,0.8258899676375404
-0.03401698453360885,0.28213700215371756,0.8258899676375404
-0.03403702873137371,0.28223343726895755,0.8258899676375404
-0.0340579849572642,0.28223343726895755,0.8262135922330097
-0.03405854826654575,0.2823620174226108,0.8262135922330097
-0.034065882089912014,0.2825227426146774,0.8262135922330097
-0.034069338040792874,0.2825227426146774,0.8263754045307443
-0.03407332300893273,0.2825548876530907,0.8263754045307443
-0.03407499421135618,0.2826191777299174,0.8263754045307443
-0.03410681361296514,0.28274775788357065,0.8263754045307443
-0.03411150843986682,0.28274775788357065,0.8265372168284789
-0.03417090363350517,0.28297277315246394,0.8265372168284789
-0.0341807323290948,0.28297277315246394,0.8266990291262136
-0.0341849834603285,0.28303706322929056,0.8266990291262136
-0.03418540660324382,0.2831013533061172,0.8266990291262136
-0.03419314714326954,0.28316564338294387,0.8266990291262136
-0.03420386524333113,0.28316564338294387,0.8268608414239482
-0.0342117848078618,0.2831977884213572,0.8268608414239482
-0.03421764020327711,0.2831977884213572,0.8270226537216828
-0.03423188710400149,0.2832620784981838,0.8270226537216828
-0.034236827714854035,0.2832620784981838,0.8271844660194175
-0.03424863565497632,0.2833263685750104,0.8271844660194175
-0.03425026148596072,0.2833263685750104,0.8273462783171521
-0.03429335099528069,0.28351923880549035,0.8273462783171521
-0.03429595979805522,0.283583528882317,0.8273462783171521
-0.03435713499072296,0.28377639911279695,0.8273462783171521
-0.03436397919058681,0.28377639911279695,0.8275080906148867
-0.03436854803221745,0.2838406891896236,0.8275080906148867
-0.03437396548301824,0.2839049792664502,0.8275080906148867
-0.03437669792530906,0.28393712430486356,0.8275080906148867
-0.034387048673710674,0.2840978494969301,0.8275080906148867
-0.034387433478264506,0.2840978494969301,0.8276699029126213
-0.034392844566536185,0.2841299945353435,0.8276699029126213
-0.03439735262145549,0.2841299945353435,0.827831715210356
-0.03440479270909186,0.2841621395737568,0.827831715210356
-0.03440868131401331,0.2841621395737568,0.8279935275080906
-0.034417023867119256,0.2842264296505834,0.8279935275080906
-0.034417258307317455,0.2842264296505834,0.8281553398058252
-0.03449678815071616,0.2846443151499566,0.8281553398058252
-0.03450546534262444,0.2846443151499566,0.8283171521035598
-0.03450575945604917,0.28470860522678326,0.8283171521035598
-0.034510543734503074,0.2847407502651966,0.8283171521035598
-0.03451602507947121,0.2847407502651966,0.8284789644012945
-0.03453487466238553,0.2848693304188499,0.8284789644012945
-0.034535702143096814,0.2848693304188499,0.8286407766990291
-0.03460056499508479,0.28528721591822304,0.8286407766990291
-0.03460174705565494,0.28528721591822304,0.8288025889967637
-0.03460463526048663,0.28531936095663635,0.8288025889967637
-0.03461331915205135,0.28531936095663635,0.829126213592233
-0.03462175740024109,0.28538365103346297,0.829126213592233
-0.03462776872420675,0.28538365103346297,0.8292880258899676
-0.03465840043041096,0.28551223118711627,0.8292880258899676
-0.03466834671006064,0.28551223118711627,0.829611650485437
-0.03466918307186434,0.2855443762255296,0.829611650485437
-0.03467332749127083,0.2856408113407696,0.829611650485437
-0.03467528475963577,0.2857051014175962,0.829611650485437
-0.03467940752913112,0.2857372464560095,0.829611650485437
-0.03469850798540425,0.2857372464560095,0.8297734627831715
-0.03476322147969735,0.2860265518017294,0.8297734627831715
-0.03476438061771031,0.2860265518017294,0.8299352750809061
-0.03483471692595663,0.28628371210903597,0.8299352750809061
-0.03485117560642442,0.28628371210903597,0.8302588996763755
-0.03489029461781595,0.2864444373011026,0.8302588996763755
-0.03489612598802011,0.2864444373011026,0.83042071197411
-0.0349455949410612,0.2866051624931692,0.83042071197411
-0.034946989114161886,0.2866694525699958,0.83042071197411
-0.034965211001162455,0.2866694525699958,0.8305825242718446
-0.03499748212251824,0.28692661287730237,0.8305825242718446
-0.035011156516446484,0.28692661287730237,0.8307443365695792
-0.03504802475340879,0.2872159182230223,0.8307443365695792
-0.035058336389563405,0.2872159182230223,0.830906148867314
-0.03516685130703345,0.2881159792985953,0.830906148867314
-0.0351671896619829,0.2881159792985953,0.8310679611650486
-0.03522017075816619,0.2884695747211418,0.8310679611650486
-0.035232028783609703,0.2884695747211418,0.8313915857605177
-0.03530268730306013,0.28869458999003506,0.8313915857605177
-0.03531075537288497,0.2887588800668617,0.8313915857605177
-0.03533465335639113,0.2887588800668617,0.8315533980582525
-0.03535057852056739,0.288887460220515,0.8315533980582525
-0.035352784631859646,0.288887460220515,0.8317152103559871
-0.035363601144015766,0.2889517502973416,0.8317152103559871
-0.03540022195574527,0.2891446205278215,0.8317152103559871
-0.03540728532877746,0.2891446205278215,0.8318770226537217
-0.0354146790772899,0.28917676556623484,0.8318770226537217
-0.03541612437056679,0.28917676556623484,0.8320388349514564
-0.0354201619325355,0.28920891060464815,0.8320388349514564
-0.035424312215847686,0.28920891060464815,0.832200647249191
-0.035429879587277,0.28927320068147483,0.832200647249191
-0.03547044479912809,0.28927320068147483,0.8323624595469256
-0.035510927354372,0.28946607091195475,0.8323624595469256
-0.03551221458465381,0.28946607091195475,0.8325242718446602
-0.035529792423327156,0.28949821595036807,0.8325242718446602
-0.03553062356180542,0.28949821595036807,0.8326860841423949
-0.03566823872589259,0.29010897168022115,0.8326860841423949
-0.03568683124294969,0.29010897168022115,0.8328478964401295
-0.03572955663306804,0.29039827702594107,0.8328478964401295
-0.03573030695803642,0.29039827702594107,0.8330097087378641
-0.035743454282176124,0.290494712141181,0.8330097087378641
-0.035771240850935804,0.290494712141181,0.8333333333333334
-0.03577406000761707,0.2905590022180077,0.8333333333333334
-0.035775224310490183,0.2905590022180077,0.833495145631068
-0.035785186377187805,0.2906554373332476,0.833495145631068
-0.03578703402464406,0.2906554373332476,0.8336569579288026
-0.03579582565154377,0.2906875823716609,0.8336569579288026
-0.03580078519132335,0.2906875823716609,0.8338187702265372
-0.0358671712358522,0.29097688771738084,0.8338187702265372
-0.03587154791776642,0.29097688771738084,0.8339805825242719
-0.035921898967213095,0.2912019029862741,0.8339805825242719
-0.035924873835649684,0.2912019029862741,0.8341423948220065
-0.0359275564425619,0.2912340480246874,0.8341423948220065
-0.0359330936939366,0.291298338101514,0.8341423948220065
-0.0359500151729375,0.291298338101514,0.8344660194174758
-0.035981258864492494,0.2913626281783407,0.8344660194174758
-0.03598450629799771,0.2913626281783407,0.834789644012945
-0.035995884164178205,0.291394773216754,0.834789644012945
-0.03599664593340551,0.2915233533704073,0.834789644012945
-0.03600895297975698,0.2915876434472339,0.834789644012945
-0.03603642311809385,0.2915876434472339,0.8351132686084143
-0.036086805492768104,0.29181265871612716,0.8351132686084143
-0.036093718203577096,0.29181265871612716,0.8354368932038835
-0.03610046866807559,0.29184480375454047,0.8354368932038835
-0.03610473762417965,0.29184480375454047,0.8355987055016181
-0.036113588794804474,0.29190909383136715,0.8355987055016181
-0.036113944324709546,0.2919733839081938,0.8355987055016181
-0.03619200880110429,0.2923269793307403,0.8355987055016181
-0.03619334074571984,0.2923269793307403,0.8357605177993528
-0.03619912885318016,0.29239126940756693,0.8357605177993528
-0.03620067881764372,0.29239126940756693,0.8359223300970874
-0.03626537641405436,0.2927770098685268,0.8359223300970874
-0.03627072643034196,0.2927770098685268,0.836084142394822
-0.03630283918724597,0.2929055900221801,0.836084142394822
-0.03630547408229945,0.2929055900221801,0.8362459546925566
-0.036324368312543764,0.2929698800990067,0.8362459546925566
-0.036325639138189314,0.2929698800990067,0.8364077669902913
-0.03632906019968274,0.29300202513742,0.8364077669902913
-0.036331763692058816,0.29300202513742,0.8365695792880259
-0.036333472024033864,0.2930341701758334,0.8365695792880259
-0.036343832439249046,0.29309846025266,0.8365695792880259
-0.036349708254203694,0.29316275032948663,0.8365695792880259
-0.03635013165837758,0.2932270404063133,0.8365695792880259
-0.03643609945457521,0.29341991063679324,0.8365695792880259
-0.036439715711949316,0.29341991063679324,0.8368932038834952
-0.03645468625320136,0.29351634575203317,0.8368932038834952
-0.03646623541099553,0.29351634575203317,0.8370550161812298
-0.036467429489939196,0.2935484907904465,0.8370550161812298
-0.03648094094663218,0.2935484907904465,0.8372168284789644
-0.036487379660549435,0.29361278086727316,0.8372168284789644
-0.036488717482925426,0.29361278086727316,0.837378640776699
-0.03649489289226654,0.29364492590568647,0.837378640776699
-0.03650674561193212,0.2937092159825131,0.837378640776699
-0.03651017795102468,0.2937092159825131,0.8375404530744337
-0.03653468447400815,0.293902086212993,0.8375404530744337
-0.03653833122983707,0.293902086212993,0.8377022653721683
-0.0365890456046401,0.29409495644347294,0.8377022653721683
-0.03659329090188512,0.29409495644347294,0.8378640776699029
-0.03668655647521335,0.294802147288566,0.8378640776699029
-0.03668979334974687,0.294802147288566,0.8380258899676375
-0.036706148260797544,0.29486643736539264,0.8380258899676375
-0.03678303701195523,0.2952200327879392,0.8380258899676375
-0.03679032553751732,0.2952200327879392,0.8381877022653722
-0.03680983453024378,0.2953486129415925,0.8381877022653722
-0.03681190007663476,0.2953486129415925,0.8383495145631068
-0.0368290331383469,0.2954450480568324,0.8383495145631068
-0.03683950078537751,0.2955414831720724,0.8383495145631068
-0.03685525207023388,0.29560577324889903,0.8383495145631068
-0.036861163658693075,0.2958629335562056,0.8383495145631068
-0.036863087449480136,0.2958629335562056,0.8385113268608414
-0.036863785728152965,0.29589507859461894,0.8385113268608414
-0.03686453488356822,0.29589507859461894,0.838673139158576
-0.036874357896817034,0.2959915137098589,0.838673139158576
-0.0368752664520694,0.2959915137098589,0.8388349514563107
-0.036949854371914004,0.2963772541708187,0.8388349514563107
-0.03696560301409291,0.29673084959336526,0.8388349514563107
-0.03696741355212946,0.2967951396701919,0.8388349514563107
-0.036989015159841654,0.2967951396701919,0.8389967637540453
-0.03701407601094642,0.2969237198238452,0.8389967637540453
-0.03703214506599595,0.2969880099006718,0.8389967637540453
-0.037033224563814304,0.2970844450159118,0.8389967637540453
-0.037045185943668346,0.2971165900543251,0.8389967637540453
-0.037054878376310385,0.2972451702079784,0.8389967637540453
-0.037070018818069095,0.29743804043845834,0.8389967637540453
-0.03707686770821733,0.29743804043845834,0.8391585760517799
-0.03708040879477553,0.29750233051528496,0.8391585760517799
-0.03708957164756249,0.29750233051528496,0.8393203883495146
-0.03711649377199017,0.29759876563052495,0.8393203883495146
-0.037117566961679505,0.29759876563052495,0.8394822006472492
-0.03713370873833283,0.2976630557073516,0.8394822006472492
-0.037142182832972936,0.2976630557073516,0.8396440129449838
-0.0371441715744365,0.2976952007457649,0.8396440129449838
-0.03714704318575551,0.2977594908225915,0.8396440129449838
-0.037157353858341124,0.2978237808994182,0.8396440129449838
-0.037159274048393975,0.29811308624513805,0.8396440129449838
-0.03717050577637193,0.29811308624513805,0.8398058252427184
-0.037179857737808186,0.2981773763219647,0.8398058252427184
-0.037179913358085404,0.2981773763219647,0.8399676375404531
-0.0371847327584357,0.29824166639879135,0.8399676375404531
-0.03718758143984546,0.29824166639879135,0.8401294498381877
-0.03718994404232412,0.29827381143720466,0.8401294498381877
-0.03719605828487432,0.2983381015140313,0.8401294498381877
-0.037208217710232305,0.2983381015140313,0.8404530744336569
-0.037261802182757764,0.2986916969365778,0.8404530744336569
-0.03726364617890471,0.2988202770902311,0.8404530744336569
-0.03728335357723317,0.29888456716705775,0.8404530744336569
-0.0372885619924217,0.29888456716705775,0.8406148867313916
-0.037302959880771425,0.29891671220547106,0.8406148867313916
-0.03731933967819134,0.29891671220547106,0.8409385113268608
-0.03733465168224237,0.29904529235912436,0.8409385113268608
-0.03734039836986014,0.29904529235912436,0.8411003236245954
-0.03737740815256768,0.2992703076280176,0.8411003236245954
-0.03738011750806797,0.2992703076280176,0.8412621359223301
-0.03738721518854854,0.2993667427432576,0.8412621359223301
-0.03738769772739542,0.2994310328200842,0.8412621359223301
-0.03738963292782532,0.29962390305056413,0.8412621359223301
-0.03745669168267307,0.29988106335787074,0.8412621359223301
-0.03745922793353057,0.29988106335787074,0.8414239482200647
-0.03746001548906974,0.29991320839628405,0.8414239482200647
-0.03746019136911127,0.29991320839628405,0.8415857605177993
-0.03748192938825795,0.29997749847311067,0.8415857605177993
-0.037483196678580244,0.29997749847311067,0.8419093851132686
-0.037550283039916255,0.3004596740493105,0.8419093851132686
-0.03757381469512022,0.3004596740493105,0.8422330097087378
-0.037574755026227924,0.3004918190877238,0.8422330097087378
-0.03759171593437477,0.3004918190877238,0.8427184466019417
-0.037621499165716055,0.30058825420296376,0.8427184466019417
-0.037622271655827266,0.30065254427979043,0.8427184466019417
-0.037700062557835756,0.3010061397023369,0.8427184466019417
-0.03771335195208275,0.3010061397023369,0.8428802588996763
-0.03776098313477627,0.3012633000096435,0.8428802588996763
-0.03777345384175396,0.3012633000096435,0.8432038834951456
-0.03777869519058563,0.30132759008647014,0.8432038834951456
-0.03777909797968981,0.30135973512488345,0.8432038834951456
-0.03778148419587146,0.30135973512488345,0.8433656957928802
-0.037807875196593455,0.30142402520171013,0.8433656957928802
-0.03781920683459,0.30142402520171013,0.8435275080906149
-0.03783530979438687,0.30148831527853676,0.8435275080906149
-0.03784725562546226,0.3015526053553634,0.8435275080906149
-0.03785284808774031,0.30161689543219006,0.8435275080906149
-0.0378629951267595,0.30161689543219006,0.8436893203883495
-0.03790387285645991,0.3018740557394966,0.8436893203883495
-0.03792764135277321,0.3019704908547366,0.8436893203883495
-0.03794663631904843,0.3019704908547366,0.8438511326860841
-0.037961696819780066,0.30213121604680315,0.8438511326860841
-0.03796422740327454,0.30213121604680315,0.8440129449838187
-0.03797039756593745,0.3021633610852165,0.8440129449838187
-0.037979511834368096,0.3021633610852165,0.8441747572815534
-0.03798709441837039,0.30229194123886977,0.8441747572815534
-0.037987808359070396,0.302516956507763,0.8441747572815534
-0.03807966509086563,0.30290269696872285,0.8441747572815534
-0.038088266696260586,0.30290269696872285,0.844336569579288
-0.038091993652325074,0.30306342216078946,0.844336569579288
-0.03814167005919927,0.3033527275065094,0.844336569579288
-0.03814431022735848,0.3033527275065094,0.8444983818770226
-0.038163017017100176,0.3034491626217493,0.8444983818770226
-0.03816444684614301,0.3035777427754026,0.8444983818770226
-0.03817371974082745,0.30364203285222924,0.8444983818770226
-0.0381831284259978,0.30383490308270916,0.8444983818770226
-0.03818559025250856,0.30386704812112253,0.8444983818770226
-0.03819615545144789,0.3040277733131891,0.8444983818770226
-0.038255750282940815,0.3042849336204957,0.8444983818770226
-0.03826567350534538,0.3043813687357356,0.8444983818770226
-0.03827666302385885,0.3044778038509756,0.8444983818770226
-0.03828442358393269,0.3044778038509756,0.8446601941747572
-0.03828726967392465,0.30460638400462886,0.8446601941747572
-0.038287720367258915,0.3046385290430422,0.8446601941747572
-0.03829641187524924,0.30470281911986885,0.8446601941747572
-0.03831978176840989,0.30483139927352215,0.8446601941747572
-0.03832188831106281,0.30518499469606863,0.8446601941747572
-0.0383364475469154,0.30531357484972194,0.8446601941747572
-0.03833686430499589,0.30563502523385516,0.8446601941747572
-0.03836964334869003,0.305924330579575,0.8446601941747572
-0.038369796139080925,0.306020765694815,0.8446601941747572
-0.03837197127991876,0.306020765694815,0.844822006472492
-0.03837539324701639,0.3061493458484683,0.844822006472492
-0.038375692363261105,0.30621363592529494,0.844822006472492
-0.03838761719315448,0.30624578096370825,0.844822006472492
-0.038391387437652025,0.30634221607894824,0.844822006472492
-0.038416950979735576,0.3065029412710148,0.844822006472492
-0.038418999208271076,0.3065029412710148,0.8449838187702265
-0.038443855073268585,0.3067922466167347,0.8449838187702265
-0.038449285987275705,0.3067922466167347,0.8451456310679611
-0.03845342334280821,0.30711369700086794,0.8451456310679611
-0.03845400284031503,0.30711369700086794,0.8453074433656957
-0.0384636079777359,0.30721013211610787,0.8453074433656957
-0.03846934382351541,0.3074994374618278,0.8453074433656957
-0.03848451518183693,0.3075637275386544,0.8453074433656957
-0.03849548172247569,0.3076923076923077,0.8453074433656957
-0.03850334714200676,0.30775659776913433,0.8453074433656957
-0.038504763502194894,0.30775659776913433,0.8454692556634305
-0.038508823822639426,0.30782088784596096,0.8454692556634305
-0.03851709500405598,0.30782088784596096,0.845631067961165
-0.03852457562092143,0.30788517792278763,0.845631067961165
-0.03852638704944522,0.30794946799961426,0.845631067961165
-0.03856317011932914,0.3081423382300942,0.845631067961165
-0.03857208340986418,0.3081423382300942,0.8459546925566344
-0.03857654560142498,0.3081423382300942,0.8462783171521036
-0.038593100427248894,0.3082709183837475,0.8462783171521036
-0.03859940156012265,0.3082709183837475,0.8464401294498382
-0.03860607188810744,0.3083352084605741,0.8464401294498382
-0.03861347848915114,0.3083352084605741,0.8466019417475729
-0.03862311796205886,0.3084316435758141,0.8466019417475729
-0.03863557863248929,0.3084316435758141,0.8467637540453075
-0.03865589584750834,0.3084959336526407,0.8467637540453075
-0.03867405018323694,0.30852807869105403,0.8467637540453075
-0.03867747376466685,0.3089459641904272,0.8467637540453075
-0.038680768538799315,0.30901025426725387,0.8467637540453075
-0.03868579088380181,0.30901025426725387,0.8469255663430421
-0.038778233134338536,0.30933170465138704,0.8469255663430421
-0.038781503536067685,0.3093959947282137,0.8469255663430421
-0.038800666153317453,0.30952457488186697,0.8469255663430421
-0.03880528939873462,0.30952457488186697,0.8470873786407767
-0.03882299296508218,0.30962100999710696,0.8470873786407767
-0.038828186915811636,0.30962100999710696,0.847411003236246
-0.03890044630308204,0.3099746054196535,0.847411003236246
-0.038917399921287066,0.3099746054196535,0.8475728155339806
-0.0389314458551292,0.31010318557330674,0.8475728155339806
-0.03893742852653781,0.31010318557330674,0.8477346278317152
-0.03902068234416772,0.3105853611495066,0.8477346278317152
-0.03902468995137942,0.3106496512263332,0.8477346278317152
-0.03904500436726621,0.3106817962647465,0.8477346278317152
-0.03904625061935557,0.3107460863415732,0.8477346278317152
-0.03904894831514494,0.3107782313799865,0.8477346278317152
-0.039049255316423115,0.3108425214568131,0.8477346278317152
-0.0391074597907386,0.31116397184094635,0.8477346278317152
-0.03913988009604724,0.311228261917773,0.8477346278317152
-0.039147996763987836,0.31132469703301296,0.8477346278317152
-0.03915019723034324,0.3115175672634929,0.8477346278317152
-0.039171289938359666,0.3117104374939728,0.8477346278317152
-0.03918321216048681,0.3117104374939728,0.8480582524271845
-0.03919057475014576,0.31177472757079944,0.8480582524271845
-0.039193848023156064,0.31177472757079944,0.8482200647249191
-0.03922860735758793,0.31206403291651935,0.8482200647249191
-0.039231224206310755,0.31206403291651935,0.8483818770226538
-0.039302870759278186,0.3123211932238259,0.8483818770226538
-0.03931887321556948,0.3123854833006525,0.8483818770226538
-0.039321204172657054,0.3123854833006525,0.8485436893203884
-0.03932423041654032,0.3124176283390659,0.8485436893203884
-0.03933757953470568,0.3124176283390659,0.848705501618123
-0.039353789819137064,0.3125140634543058,0.848705501618123
-0.03935942108301371,0.31257835353113245,0.848705501618123
-0.039397598221251606,0.31283551383843905,0.848705501618123
-0.039398212597580806,0.3128998039152657,0.848705501618123
-0.03946426789098689,0.3131891092609856,0.848705501618123
-0.03948715170926681,0.3131891092609856,0.8488673139158576
-0.039493181122871424,0.3132533993378122,0.8488673139158576
-0.03950655298320921,0.3132533993378122,0.8490291262135923
-0.03952843081459623,0.3133819794914655,0.8490291262135923
-0.03953178900938048,0.3133819794914655,0.8491909385113269
-0.03954719188175426,0.31351055964511876,0.8491909385113269
-0.039551357685804645,0.31357484972194544,0.8491909385113269
-0.03955952255623507,0.31360699476035875,0.8491909385113269
-0.039570638259393,0.31360699476035875,0.8493527508090615
-0.039579594013254116,0.31363913979877206,0.8493527508090615
-0.039593586696368754,0.3141856054517985,0.8493527508090615
-0.039610346587271195,0.3143141856054518,0.8493527508090615
-0.03961451325966725,0.3143141856054518,0.8495145631067961
-0.03962271289175223,0.31437847568227845,0.8495145631067961
-0.039624405009123065,0.31437847568227845,0.8496763754045308
-0.03962964856401224,0.31444276575910507,0.8496763754045308
-0.03964008271668046,0.31457134591275837,0.8496763754045308
-0.03964805898152185,0.31521424668102477,0.8496763754045308
-0.039688114750539794,0.31534282683467807,0.8496763754045308
-0.039697409881241874,0.3156642772188113,0.8496763754045308
-0.039709828441459594,0.31576071233405123,0.8496763754045308
-0.03973409056991428,0.31592143752611784,0.8496763754045308
-0.03973743280969899,0.31592143752611784,0.8498381877022654
-0.0397479579963792,0.31605001767977114,0.8498381877022654
-0.03974866925776305,0.31605001767977114,0.85
-0.03975724596424707,0.3161464527950111,0.85
-0.039757263113767705,0.3161464527950111,0.8501618122977346
-0.03976339425017339,0.31624288791025107,0.8501618122977346
-0.03976428697364731,0.3165000482175576,0.8501618122977346
-0.03978044737458386,0.31656433829438424,0.8501618122977346
-0.03978259352898056,0.3166286283712109,0.8501618122977346
-0.039805202619247804,0.31678935356327753,0.8501618122977346
-0.0398136254134307,0.3169500787553441,0.8501618122977346
-0.0398467680606191,0.317239384101064,0.8501618122977346
-0.03985520799913955,0.317239384101064,0.8503236245954693
-0.03985557383949634,0.3172715291394773,0.8503236245954693
-0.039862618191116805,0.3172715291394773,0.8504854368932039
-0.03986497292374097,0.3177215596772638,0.8504854368932039
-0.03986616773091939,0.3177215596772638,0.8506472491909385
-0.03987418701204953,0.3178822848693304,0.8506472491909385
-0.039886374092181265,0.3180108650229837,0.8506472491909385
-0.039889449206946814,0.3180108650229837,0.8508090614886732
-0.03988959288649058,0.3180751550998103,0.8508090614886732
-0.03990995904341682,0.31823588029187694,0.8508090614886732
-0.0399114797495384,0.31823588029187694,0.8511326860841424
-0.03993693310476848,0.31839660548394355,0.8511326860841424
-0.03993874863454955,0.31839660548394355,0.851294498381877
-0.039973971968577326,0.31855733067601016,0.851294498381877
-0.03997794692061368,0.3186216207528368,0.851294498381877
-0.0400213201607893,0.3188787810601434,0.851294498381877
-0.04002287134622895,0.3188787810601434,0.8514563106796117
-0.040026588111718,0.3189109260985567,0.8514563106796117
-0.04004394976571718,0.3189109260985567,0.8517799352750809
-0.04009272084967885,0.31916808640586325,0.8517799352750809
-0.04010639301997593,0.319843132212543,0.8517799352750809
-0.0401764150047601,0.3203895978655695,0.8517799352750809
-0.04017664856906128,0.32067890321128933,0.8517799352750809
-0.04022614794578844,0.32096820855700925,0.8517799352750809
-0.04023401580447544,0.3211289337490758,0.8517799352750809
-0.04025566540562997,0.3211932238259025,0.8517799352750809
-0.04025752805207994,0.3213539490179691,0.8517799352750809
-0.04025844318774641,0.3213860940563824,0.8517799352750809
-0.0402681498633784,0.32148252917162234,0.8517799352750809
-0.04030764156917527,0.3217075444405156,0.8517799352750809
-0.040308051739519346,0.3217075444405156,0.8521035598705502
-0.04032183267397882,0.32173968947892895,0.8521035598705502
-0.04032281715695213,0.32173968947892895,0.8522653721682848
-0.0403495036369963,0.32180397955575557,0.8522653721682848
-0.04035322788991352,0.3218682696325822,0.8522653721682848
-0.04037109860807969,0.3219647047478222,0.8522653721682848
-0.04037159453263278,0.3220289948246488,0.8522653721682848
-0.04038952538520957,0.32209328490147543,0.8522653721682848
-0.04039872745654843,0.32209328490147543,0.8524271844660194
-0.040412997641746995,0.3221575749783021,0.8524271844660194
-0.040414059659572565,0.32222186505512873,0.8524271844660194
-0.040420350701354524,0.3222861551319554,0.8524271844660194
-0.04042633403989743,0.3222861551319554,0.852588996763754
-0.04042731242334818,0.3223183001703687,0.852588996763754
-0.04042768790336543,0.3223183001703687,0.8527508090614887
-0.04046694553259844,0.32244688032402197,0.8527508090614887
-0.040475242274138734,0.3227361856697419,0.8527508090614887
-0.04050277033234595,0.3228969108618085,0.8527508090614887
-0.040512247912533605,0.3228969108618085,0.8529126213592233
-0.04052194680130966,0.32299334597704843,0.8529126213592233
-0.040522642411450704,0.3230576360538751,0.8529126213592233
-0.04052846177292602,0.3230576360538751,0.8530744336569579
-0.04053918866228645,0.3230897810922884,0.8530744336569579
-0.04054858318546545,0.3230897810922884,0.8532362459546926
-0.04062245375927709,0.32344337651483496,0.8532362459546926
-0.040626256091155166,0.3235719566684882,0.8532362459546926
-0.04063950313039688,0.3236683917837282,0.8532362459546926
-0.040655388274292215,0.3238612620142081,0.8532362459546926
-0.04065843503690125,0.3238612620142081,0.8533980582524272
-0.040664236461099124,0.32395769712944805,0.8533980582524272
-0.04066554398780903,0.32402198720627473,0.8533980582524272
-0.04071661276403421,0.32424700247516797,0.8533980582524272
-0.04072464050562491,0.3243112925519946,0.8533980582524272
-0.04075820258911511,0.3244077276672346,0.8533980582524272
-0.04075907997272693,0.3244077276672346,0.8535598705501618
-0.04077811107150103,0.3245363078208878,0.8535598705501618
-0.04077821511919144,0.3246005978977145,0.8535598705501618
-0.040829646822212406,0.32482561316660774,0.8535598705501618
-0.040833848716523624,0.32482561316660774,0.8537216828478964
-0.0408363331487811,0.32485775820502105,0.8537216828478964
-0.040840554365408954,0.32485775820502105,0.8538834951456311
-0.04085356186452266,0.32488990324343436,0.8538834951456311
-0.04085382340042898,0.32488990324343436,0.8540453074433657
-0.040857269292786935,0.32495419332026104,0.8540453074433657
-0.040886783813437244,0.3251149185123276,0.8540453074433657
-0.040889944053010885,0.3251149185123276,0.8542071197411003
-0.04089265737276654,0.32514706355074097,0.8542071197411003
-0.04089415777358507,0.3253399337812209,0.8542071197411003
-0.040982277625187524,0.32575781928059405,0.8542071197411003
-0.0409915228029184,0.32575781928059405,0.8543689320388349
-0.04102169024706387,0.325854254395834,0.8543689320388349
-0.04102834907597036,0.32591854447266067,0.8543689320388349
-0.04110838130976591,0.32643286508727376,0.8543689320388349
-0.04113020289561642,0.32643286508727376,0.8546925566343042
-0.04115433109450606,0.32665788035616705,0.8546925566343042
-0.04115756453407865,0.32665788035616705,0.8548543689320388
-0.04121781741253849,0.3269150406634736,0.8548543689320388
-0.04123077521235019,0.3269793307403002,0.8548543689320388
-0.04123472551908647,0.3270436208171269,0.8548543689320388
-0.041239317018874455,0.3270436208171269,0.8550161812297734
-0.041262388156240115,0.32733292616284676,0.8550161812297734
-0.04126670965419116,0.32733292616284676,0.8553398058252427
-0.04128387002582756,0.3273972162396734,0.8553398058252427
-0.04128766882759066,0.3273972162396734,0.8555016181229773
-0.04130125491046682,0.32742936127808675,0.8555016181229773
-0.04130172763656298,0.32742936127808675,0.855663430420712
-0.04138536472995197,0.32797582693111316,0.855663430420712
-0.041385756549194797,0.32797582693111316,0.8558252427184466
-0.04140246691218147,0.32807226204635315,0.8558252427184466
-0.041410271862015846,0.32807226204635315,0.8559870550161812
-0.04144662166896079,0.3282972773152464,0.8559870550161812
-0.04146829689391657,0.328361567392073,0.8559870550161812
-0.04149616027614106,0.3285222925841396,0.8559870550161812
-0.04149671361246099,0.3285222925841396,0.8561488673139158
-0.04150363532684742,0.328554437622553,0.8561488673139158
-0.041515390915870365,0.328554437622553,0.8563106796116505
-0.04153939256979139,0.3287473078530329,0.8563106796116505
-0.04155056642820204,0.3287473078530329,0.8566343042071197
-0.04161505718116093,0.32903661319875277,0.8566343042071197
-0.041627405797202754,0.3291009032755794,0.8566343042071197
-0.041679464925539755,0.3293259185444727,0.8566343042071197
-0.041680031723169864,0.3293259185444727,0.8567961165048543
-0.04173207415496116,0.32974380404384585,0.8567961165048543
-0.0417323053213679,0.32974380404384585,0.856957928802589
-0.04177927818649818,0.3300009643511524,0.856957928802589
-0.04178255506444367,0.3300009643511524,0.8571197411003236
-0.041815913785864856,0.3301295445048057,0.8571197411003236
-0.04182034303398641,0.3301295445048057,0.8572815533980582
-0.04184058917917388,0.3301938345816323,0.8572815533980582
-0.041846231356212515,0.3302902696968723,0.8572815533980582
-0.0418470559361237,0.3303224147352856,0.8572815533980582
-0.04185294707607584,0.3303224147352856,0.8574433656957928
-0.04189538344661781,0.33070815519624547,0.8574433656957928
-0.04191110097366685,0.330965315503552,0.8574433656957928
-0.04191125856901323,0.3309974605419653,0.8574433656957928
-0.041932192466156426,0.3309974605419653,0.8577669902912621
-0.04193534989584502,0.3310296055803787,0.8577669902912621
-0.04195899247223245,0.33135105596451186,0.8577669902912621
-0.04198489529990068,0.33144749107975185,0.8577669902912621
-0.041997592224345404,0.33144749107975185,0.8579288025889967
-0.04202107939163968,0.3315439261949918,0.8579288025889967
-0.042022366448294546,0.3315439261949918,0.8580906148867314
-0.04203138839622028,0.3316725063486451,0.8580906148867314
-0.04203191735331757,0.3317367964254717,0.8580906148867314
-0.04203223424517871,0.3318010865022984,0.8580906148867314
-0.042039633642671326,0.33192966665595164,0.8580906148867314
-0.04205189606221177,0.3319939567327783,0.8580906148867314
-0.04205215935635892,0.3319939567327783,0.858252427184466
-0.042059890754289786,0.33209039184801825,0.858252427184466
-0.042062282250197924,0.33221897200167155,0.858252427184466
-0.042070356772417605,0.33221897200167155,0.8585760517799352
-0.04208158584406663,0.3323475521553248,0.8585760517799352
-0.04208244835640673,0.3323475521553248,0.8588996763754045
-0.042088944552791996,0.33237969719373817,0.8588996763754045
-0.04208984723493575,0.3324761323089781,0.8588996763754045
-0.04209605502454333,0.33282972773152464,0.8588996763754045
-0.04211353600386736,0.3330547430004179,0.8588996763754045
-0.04212024380669099,0.3335369185766177,0.8588996763754045
-0.04212974608192549,0.333569063615031,0.8588996763754045
-0.04213257902566431,0.33363335369185765,0.8588996763754045
-0.04214096974640913,0.33372978880709764,0.8588996763754045
-0.042142905235783346,0.33379407888392426,0.8588996763754045
-0.04214417025005868,0.3338262239223376,0.8588996763754045
-0.04214530059808219,0.3338262239223376,0.8590614886731391
-0.04214678573371705,0.3338583689607509,0.8590614886731391
-0.04215767744396948,0.3338583689607509,0.8592233009708737
-0.04216417251072396,0.3339548040759909,0.8592233009708737
-0.04216895808384802,0.3340833842296442,0.8592233009708737
-0.04219293175933575,0.3343405445369507,0.8592233009708737
-0.042199313894445256,0.3347905750747372,0.8592233009708737
-0.04220836567869335,0.3348548651515639,0.8592233009708737
-0.042220901503969954,0.3348548651515639,0.8593851132686084
-0.04222312566784897,0.3349513002668038,0.8593851132686084
-0.04222533503731557,0.3349834453052171,0.8593851132686084
-0.04222781193722036,0.33559420103507026,0.8593851132686084
-0.04227035008689428,0.3357549262271368,0.8593851132686084
-0.04227256606284674,0.3357549262271368,0.859546925566343
-0.042272834353924205,0.3357870712655502,0.859546925566343
-0.042277285801223974,0.3357870712655502,0.8597087378640776
-0.04228103136290162,0.3358513613423768,0.8597087378640776
-0.0422835226368144,0.3358835063807901,0.8597087378640776
-0.04228403453955332,0.33604423157285673,0.8597087378640776
-0.042293882240071135,0.3364299720338166,0.8597087378640776
-0.042299250535649036,0.3364621170722299,0.8597087378640776
-0.04230254947912687,0.33704072776366967,0.8597087378640776
-0.042313339224513025,0.337072872802083,0.8597087378640776
-0.042315525063491954,0.337072872802083,0.8598705501618124
-0.042344253927829756,0.3372335979941496,0.8598705501618124
-0.04234633736778781,0.3372335979941496,0.860032362459547
-0.04235772778765029,0.3373300331093896,0.860032362459547
-0.042368938334918727,0.33758719341669613,0.860032362459547
-0.042373569652677134,0.33765148349352275,0.860032362459547
-0.04239955358132386,0.33787649876241604,0.860032362459547
-0.042405761783839147,0.337972933877656,0.860032362459547
-0.04242254873160928,0.3380372239544826,0.860032362459547
-0.04242369960290282,0.3381015140313093,0.860032362459547
-0.042448572572153564,0.3382943842617892,0.860032362459547
-0.042450735243222015,0.33839081937702914,0.860032362459547
-0.04246190390061583,0.33848725449226913,0.860032362459547
-0.0424622295945184,0.33848725449226913,0.8601941747572815
-0.0424721127847934,0.33858368960750906,0.8601941747572815
-0.04247213566872221,0.3391944453373622,0.8601941747572815
-0.04247676594210287,0.3392265903757755,0.8601941747572815
-0.04249261265644022,0.3392265903757755,0.8603559870550161
-0.04249423034270999,0.33925873541418883,0.8603559870550161
-0.04250001465610154,0.33932302549101545,0.8603559870550161
-0.04250028748331808,0.33935517052942876,0.8603559870550161
-0.042502850312347684,0.3398373461056286,0.8603559870550161
-0.04250837872316704,0.3398694911440419,0.8603559870550161
-0.042526884587857305,0.34035166672024175,0.8603559870550161
-0.04257975341108783,0.3408016972580282,0.8603559870550161
-0.04258086284756318,0.34086598733485485,0.8603559870550161
-0.04258844320427957,0.34086598733485485,0.8606796116504855
-0.042595009109100135,0.3409302774116815,0.8606796116504855
-0.042595011996024945,0.3409302774116815,0.86084142394822
-0.042599364432799935,0.34096242245009484,0.86084142394822
-0.0425997639022726,0.34096242245009484,0.8610032362459547
-0.04260975400441952,0.34102671252692146,0.8610032362459547
-0.04261032855843472,0.3415731781799479,0.8610032362459547
-0.04261154461269695,0.34163746825677455,0.8610032362459547
-0.042634861776585875,0.34176604841042785,0.8610032362459547
-0.04263497191109106,0.34176604841042785,0.8611650485436894
-0.04264829592410324,0.34179819344884116,0.8611650485436894
-0.04266377720616338,0.3423446591018676,0.8611650485436894
-0.04266837392493117,0.34250538429393423,0.8611650485436894
-0.042678460527545814,0.3427625446012408,0.8611650485436894
-0.042679911375854085,0.34282683467806746,0.8611650485436894
-0.04270557356455135,0.342987559870134,0.8611650485436894
-0.042710435231992305,0.342987559870134,0.861326860841424
-0.04274701768104194,0.343180430100614,0.861326860841424
-0.04274841189764006,0.34330901025426724,0.861326860841424
-0.042766908052815966,0.34340544536950723,0.861326860841424
-0.042772461267241824,0.34346973544633386,0.861326860841424
-0.042773036154080124,0.34356617056157385,0.861326860841424
-0.042779425243003155,0.34363046063840047,0.861326860841424
-0.04278196636699133,0.34363046063840047,0.8614886731391586
-0.04278754755695785,0.3437268957536404,0.8614886731391586
-0.042789340042521884,0.3437911858304671,0.8614886731391586
-0.04280270413457277,0.3438233308688804,0.8614886731391586
-0.042803351912173715,0.343887620945707,0.8614886731391586
-0.04280843997846151,0.3439519110225337,0.8614886731391586
-0.04281659109836866,0.3440162010993603,0.8614886731391586
-0.04281919855767852,0.34404834613777363,0.8614886731391586
-0.04282144009847122,0.34411263621460025,0.8614886731391586
-0.042824685755654956,0.34417692629142693,0.8614886731391586
-0.042826455952546305,0.34417692629142693,0.8616504854368932
-0.042829243403270656,0.34424121636825356,0.8616504854368932
-0.04283026007428109,0.34436979652190686,0.8616504854368932
-0.04284223382341529,0.3444340865987335,0.8616504854368932
-0.04286267389323417,0.3444340865987335,0.8619741100323625
-0.04286332125092107,0.3444662316371468,0.8619741100323625
-0.04287013816561819,0.3444662316371468,0.8621359223300971
-0.042874419131517405,0.3444983766755601,0.8621359223300971
-0.042875567605275444,0.3447233919444534,0.8621359223300971
-0.04287851358775735,0.34478768202128,0.8621359223300971
-0.04288013745889363,0.34478768202128,0.8622977346278318
-0.04289156616901735,0.3449162621749333,0.8622977346278318
-0.04289244257433528,0.34504484232858657,0.8622977346278318
-0.04289289224678544,0.345687743096853,0.8622977346278318
-0.04290562059995978,0.34575203317367964,0.8622977346278318
-0.04290580365273872,0.34584846828891963,0.8622977346278318
-0.04296417289079413,0.3462342087498795,0.8622977346278318
-0.04297865069248524,0.34655565913401265,0.8622977346278318
-0.04299096027135946,0.3467485293644926,0.8622977346278318
-0.042993757479683814,0.34681281944131925,0.8622977346278318
-0.042995521856183105,0.3470056896717992,0.8622977346278318
-0.04299552185618316,0.34716641486386574,0.8622977346278318
-0.04299597142723066,0.3475200102864123,0.8622977346278318
-0.04301528270005511,0.34761644540165226,0.8622977346278318
-0.04302788388553941,0.3476807354784789,0.8622977346278318
-0.04303057535712457,0.3478093156321322,0.8622977346278318
-0.04303503160959943,0.3478736057089588,0.8622977346278318
-0.043047149660408845,0.3479378957857855,0.8622977346278318
-0.04305077376186328,0.3480021858626121,0.8622977346278318
-0.043055576904920456,0.3480021858626121,0.8624595469255664
-0.04306500052572371,0.34806647593943874,0.8624595469255664
-0.04307800710803661,0.34806647593943874,0.862621359223301
-0.04308043788002858,0.34822720113150535,0.862621359223301
-0.04308132349192251,0.34825934616991866,0.862621359223301
-0.04308136075627428,0.34832363624674534,0.862621359223301
-0.043081710534114415,0.34851650647722526,0.862621359223301
-0.0430938908461142,0.3486129415924652,0.862621359223301
-0.043096647107069785,0.3487736667845318,0.862621359223301
-0.04309675658286738,0.3487736667845318,0.8627831715210356
-0.043098577893308454,0.34896653701501174,0.8627831715210356
-0.04309857789330851,0.34903082709183836,0.8627831715210356
-0.04312536058650335,0.34915940724549166,0.8627831715210356
-0.043133623489568285,0.3492236973223183,0.8627831715210356
-0.04314148648806687,0.3492236973223183,0.8629449838187703
-0.043172622306109354,0.3493522774759716,0.8629449838187703
-0.04317316358053991,0.3494487125912115,0.8629449838187703
-0.04317438575750204,0.3494808576296249,0.8629449838187703
-0.04317726114540471,0.3494808576296249,0.8631067961165049
-0.04317994694461241,0.3495451477064515,0.8631067961165049
-0.04318439743644081,0.34977016297534474,0.8631067961165049
-0.043191941016054836,0.34977016297534474,0.8632686084142395
-0.04319375539970555,0.3498344530521714,0.8632686084142395
-0.0431947772290881,0.35009161335947797,0.8632686084142395
-0.043196924700703576,0.3501559034363046,0.8632686084142395
-0.04320302837940615,0.3501880484747179,0.8632686084142395
-0.04320979125853208,0.3503166286283712,0.8632686084142395
-0.04321892853034365,0.35038091870519783,0.8632686084142395
-0.04322203246575762,0.35038091870519783,0.8634304207119741
-0.04322316583878133,0.3504130637436112,0.8634304207119741
-0.043225047666284266,0.3504130637436112,0.8635922330097088
-0.04322620607680644,0.35079880420457105,0.8635922330097088
-0.04322883717429654,0.350895239319811,0.8635922330097088
-0.04323093869916478,0.350895239319811,0.8637540453074434
-0.04325877523252514,0.3510559645118776,0.8637540453074434
-0.04327225609791929,0.3510559645118776,0.8640776699029126
-0.04327248054477195,0.3512166897039442,0.8640776699029126
-0.043276179558862704,0.35128097978077083,0.8640776699029126
-0.043277492258130545,0.35128097978077083,0.8642394822006473
-0.04328273074416372,0.3513774148960108,0.8642394822006473
-0.04328327231094131,0.35150599504966407,0.8642394822006473
-0.04328457999270774,0.3515381400880774,0.8642394822006473
-0.04329143787290812,0.351795300395384,0.8642394822006473
-0.04329572180878055,0.3518274454337973,0.8642394822006473
-0.04329925964653236,0.3519238805490373,0.8642394822006473
-0.043305833721914155,0.3519881706258639,0.8642394822006473
-0.04331279897719115,0.3524382011636504,0.8642394822006473
-0.043318576549349286,0.35250249124047706,0.8642394822006473
-0.04332041937945802,0.35250249124047706,0.8644012944983819
-0.04332279215082996,0.35253463627889037,0.8644012944983819
-0.043329210093869086,0.35298466681667684,0.8644012944983819
-0.043362247219960126,0.3532096820855701,0.8644012944983819
-0.043364446543904034,0.3532096820855701,0.8645631067961165
-0.04337098679810847,0.3534346973544633,0.8645631067961165
-0.04337203722174676,0.35349898743129,0.8645631067961165
-0.04337300716910003,0.3535311324697033,0.8645631067961165
-0.04339040109666625,0.3537240027001832,0.8645631067961165
-0.043401548949507596,0.3538204378154232,0.8645631067961165
-0.04340224718977087,0.35388472789224984,0.8645631067961165
-0.04341291147067994,0.35401330804590314,0.8645631067961165
-0.04341507910822623,0.35401330804590314,0.8647249190938512
-0.04341578346726538,0.3541740332379697,0.8647249190938512
-0.04346359892613466,0.35452762866051624,0.8647249190938512
-0.04347395816663463,0.3547526439294095,0.8647249190938512
-0.043483290994663804,0.35481693400623615,0.8647249190938512
-0.04348846812850443,0.3560384454659423,0.8647249190938512
-0.043503933089978464,0.356102735542769,0.8647249190938512
-0.04350521150897424,0.35623131569642225,0.8647249190938512
-0.04350776922774513,0.35623131569642225,0.8648867313915858
-0.04351874473399281,0.35639204088848886,0.8648867313915858
-0.04352388501939558,0.35639204088848886,0.8650485436893204
-0.04352651875496877,0.3564563309653155,0.8650485436893204
-0.04354893476113075,0.3565849111189688,0.8650485436893204
-0.04355237922329169,0.3565849111189688,0.8653721682847897
-0.043558583274364515,0.3567134912726221,0.8653721682847897
-0.04355876363452654,0.3567134912726221,0.8655339805825243
-0.04357283089410613,0.356809926387862,0.8655339805825243
-0.04357690631477301,0.35697065157992863,0.8655339805825243
-0.04357931039631657,0.3574849721945418,0.8655339805825243
-0.04359674728114049,0.3575171172329551,0.8655339805825243
-0.04360049713209396,0.3575814073097817,0.8655339805825243
-0.04362361863744346,0.35780642257867495,0.8655339805825243
-0.04362694238261183,0.35793500273232826,0.8655339805825243
-0.04362959360858715,0.35796714777074157,0.8655339805825243
-0.043638644620520695,0.3582564531164615,0.8655339805825243
-0.043655948138930534,0.3583528882317014,0.8655339805825243
-0.04365851933436243,0.3584171783085281,0.8655339805825243
-0.043663775659120885,0.35854575846218134,0.8655339805825243
-0.04366959496535727,0.3585779035005947,0.8655339805825243
-0.04367526055459947,0.3585779035005947,0.8658576051779935
-0.04368050107983351,0.358610048539008,0.8658576051779935
-0.043696102839601236,0.35867433861583464,0.8658576051779935
-0.04373362594806024,0.3589314989231412,0.8658576051779935
-0.04374155563131338,0.35931723938410104,0.8658576051779935
-0.04376033991230799,0.3593493844225144,0.8658576051779935
-0.04377002698342103,0.35947796457616765,0.8658576051779935
-0.04377552249423977,0.35957439969140764,0.8658576051779935
-0.043783343543720654,0.35957439969140764,0.8660194174757282
-0.043821418054363126,0.3598637050371275,0.8660194174757282
-0.04382188343307075,0.3598637050371275,0.8661812297734628
-0.04382771249725603,0.3599601401523675,0.8661812297734628
-0.04382866007839392,0.3599601401523675,0.8663430420711974
-0.04383754928548378,0.3600244302291941,0.8663430420711974
-0.04384254000762322,0.3600244302291941,0.866504854368932
-0.04386047233837842,0.3601530103828474,0.866504854368932
-0.04386322348040561,0.3606994760358739,0.866504854368932
-0.043866278733865116,0.3607316210742872,0.866504854368932
-0.043882831671347655,0.3607316210742872,0.8666666666666667
-0.04388349283590348,0.3607959111511138,0.8666666666666667
-0.0438861465768321,0.3607959111511138,0.8668284789644013
-0.04389891744966268,0.3609244913047671,0.8668284789644013
-0.04389996048308392,0.36098878138159374,0.8668284789644013
-0.0439080983112175,0.3610530714584204,0.8668284789644013
-0.04390834055552295,0.3610530714584204,0.8669902912621359
-0.04395305407912353,0.3614066668809669,0.8669902912621359
-0.043961105981074444,0.3615673920730335,0.8669902912621359
-0.043961323518396433,0.3615673920730335,0.8671521035598706
-0.04396608384791484,0.36176026230351344,0.8671521035598706
-0.044005372646420904,0.36198527757240667,0.8671521035598706
-0.044009523160332575,0.3624995981870198,0.8671521035598706
-0.04402468221107775,0.3624995981870198,0.8676375404530744
-0.04404830437994556,0.36266032337908644,0.8676375404530744
-0.04405922547539437,0.3627567584943264,0.8676375404530744
-0.04406358724573195,0.36278890353273974,0.8676375404530744
-0.04406773162170208,0.36278890353273974,0.8677993527508091
-0.04406918717495262,0.36282104857115305,0.8677993527508091
-0.04406928456332576,0.36282104857115305,0.8679611650485437
-0.044073475968171405,0.36285319360956636,0.8679611650485437
-0.04408448723970276,0.36294962872480635,0.8679611650485437
-0.04410786344162032,0.3631424989552863,0.8679611650485437
-0.04410820095881812,0.3632067890321129,0.8679611650485437
-0.04411197234999137,0.3632389340705262,0.8679611650485437
-0.044112350536775036,0.3636889646083127,0.8679611650485437
-0.044131186750167584,0.3639461249156193,0.8679611650485437
-0.04413389799883405,0.3639461249156193,0.8681229773462783
-0.04416221737604087,0.36423543026133914,0.8681229773462783
-0.04417740770962664,0.3642997203381658,0.8681229773462783
-0.04418965536547026,0.36446044553023244,0.8681229773462783
-0.044189921275270605,0.36446044553023244,0.8682847896440129
-0.04421095842722228,0.3645890256838857,0.8682847896440129
-0.044224084641113603,0.36465331576071236,0.8682847896440129
-0.044247882486475376,0.3648461859911923,0.8682847896440129
-0.04424807510502621,0.3648461859911923,0.8684466019417476
-0.04425094831993759,0.3649426211064322,0.8684466019417476
-0.04425391845629628,0.36500691118325884,0.8684466019417476
-0.044326179243341535,0.3655855218746986,0.8684466019417476
-0.04432686363322513,0.3656498119515253,0.8684466019417476
-0.04434629881325586,0.36577839210517854,0.8684466019417476
-0.04435122103129191,0.36577839210517854,0.8686084142394822
-0.04435506509750076,0.3658105371435919,0.8686084142394822
-0.0443566907207828,0.36587482722041853,0.8686084142394822
-0.04437352290662161,0.36597126233565846,0.8686084142394822
-0.04438655949600223,0.36597126233565846,0.8687702265372168
-0.04443904207457494,0.3662605676813784,0.8687702265372168
-0.04445898961743788,0.3662605676813784,0.8689320388349514
-0.044460569350383394,0.3662927127197917,0.8689320388349514
-0.04446721436894635,0.3662927127197917,0.8690938511326861
-0.0445182395988562,0.3665177279886849,0.8690938511326861
-0.04451963219814459,0.3665177279886849,0.8692556634304207
-0.04455633745819726,0.36677488829599153,0.8692556634304207
-0.04455854125149855,0.36677488829599153,0.8694174757281553
-0.0445849514646145,0.36696775852647145,0.8694174757281553
-0.04459259400105303,0.36754636921791123,0.8694174757281553
-0.04469470061466846,0.368124979909351,0.8694174757281553
-0.04469528989307231,0.3682857051014176,0.8694174757281553
-0.044707285904382,0.36838214021665755,0.8694174757281553
-0.04470993505302839,0.36838214021665755,0.86957928802589
-0.04472325236481378,0.3685750104471375,0.86957928802589
-0.044744919631213576,0.3685750104471375,0.8697411003236246
-0.04475380646101712,0.36867144556237746,0.8697411003236246
-0.04476177464593428,0.36867144556237746,0.8699029126213592
-0.04476404414539081,0.3687357356392041,0.8699029126213592
-0.044770068078182124,0.3687357356392041,0.8700647249190938
-0.04484484536191463,0.3690571860233373,0.8700647249190938
-0.044870819491329206,0.36915362113857725,0.8700647249190938
-0.04488106585197632,0.36928220129223055,0.8700647249190938
-0.044881175601120316,0.36928220129223055,0.8702265372168285
-0.04488489026317399,0.3693464913690572,0.8702265372168285
-0.04489004349865827,0.36944292648429716,0.8702265372168285
-0.044928276989227245,0.3696679417531904,0.8702265372168285
-0.04492930278346413,0.369732231830017,0.8702265372168285
-0.04493330699010867,0.369828666945257,0.8702265372168285
-0.044938051402225065,0.36989295702208363,0.8702265372168285
-0.04494831876810196,0.37005368221415025,0.8702265372168285
-0.044949783930484266,0.37018226236780355,0.8702265372168285
-0.04495493534758482,0.3702465524446302,0.8702265372168285
-0.044955112352811355,0.3702465524446302,0.8703883495145631
-0.04510856349676012,0.3712109035970298,0.8703883495145631
-0.04511450710842724,0.3712751936738564,0.8703883495145631
-0.0451353098859229,0.3713716287890964,0.8703883495145631
-0.04514208498966249,0.37143591886592303,0.8703883495145631
-0.045147668760585125,0.37146806390433634,0.8703883495145631
-0.045154991479374074,0.371532353981163,0.8703883495145631
-0.045174716798696724,0.37172522421164295,0.8703883495145631
-0.04517882808848139,0.37178951428846957,0.8703883495145631
-0.045197458532713564,0.37191809444212287,0.8703883495145631
-0.04519784625458456,0.3720466745957761,0.8703883495145631
-0.045198094454144855,0.3720466745957761,0.8705501618122977
-0.045208435372369016,0.3721109646726028,0.8705501618122977
-0.045209875331778615,0.3721109646726028,0.8707119741100323
-0.045244659212192895,0.37236812497990934,0.8707119741100323
-0.04525089761248474,0.37236812497990934,0.870873786407767
-0.045291931595051405,0.37246456009514933,0.870873786407767
-0.04530040566019794,0.3727217204024559,0.870873786407767
-0.045331057651238404,0.3728503005561092,0.870873786407767
-0.04533796563940434,0.3728503005561092,0.8710355987055016
-0.04534408798681244,0.3729145906329358,0.8710355987055016
-0.0453472058192681,0.37297888070976243,0.8710355987055016
-0.045355356095643895,0.3730431707865891,0.8710355987055016
-0.045356859968535335,0.3730431707865891,0.8715210355987055
-0.04537831433065398,0.37326818605548234,0.8715210355987055
-0.045378455692556,0.37326818605548234,0.8716828478964401
-0.04539778407247391,0.3733646211707223,0.8716828478964401
-0.04540294193832256,0.37346105628596227,0.8716828478964401
-0.04546865526032756,0.37391108682374874,0.8716828478964401
-0.04547067841035746,0.37391108682374874,0.8718446601941747
-0.04548082983714913,0.3739753769005754,0.8718446601941747
-0.04549292528140192,0.3739753769005754,0.8720064724919094
-0.0454967628215554,0.37403966697740204,0.8720064724919094
-0.045501931473496904,0.37403966697740204,0.8723300970873786
-0.04554203831888237,0.37436111736153527,0.8723300970873786
-0.04554219909499091,0.37471471278408175,0.8723300970873786
-0.04556892722752243,0.37484329293773505,0.8723300970873786
-0.045576335030191484,0.37484329293773505,0.8724919093851132
-0.04558006752129434,0.37490758301456173,0.8724919093851132
-0.045583337904665955,0.37490758301456173,0.8726537216828479
-0.045640618666273336,0.3751968883602816,0.8726537216828479
-0.045641592965319944,0.3753576135523482,0.8726537216828479
-0.04565263584867918,0.3754219036291748,0.8726537216828479
-0.04565628663336435,0.3755183387444148,0.8726537216828479
-0.045676069546137565,0.37564691889806806,0.8726537216828479
-0.04567608365849812,0.37564691889806806,0.8728155339805825
-0.04568533442149736,0.3758076440901347,0.8728155339805825
-0.045687120049073326,0.3758076440901347,0.8729773462783171
-0.04573983467311177,0.3761290944742679,0.8729773462783171
-0.04574405230456707,0.37664341508888105,0.8729773462783171
-0.04578613920947233,0.3768041402809476,0.8729773462783171
-0.045788104307171895,0.3769005753961876,0.8729773462783171
-0.045840670850970155,0.3772220257803208,0.8729773462783171
-0.04584648853889067,0.37735060593397407,0.8729773462783171
-0.04585881160013766,0.37744704104921406,0.8729773462783171
-0.04586035069796757,0.37744704104921406,0.8733009708737864
-0.04589053060762166,0.3776077662412807,0.8733009708737864
-0.04589113337059603,0.3776077662412807,0.873462783171521
-0.04595840213228758,0.3779935067022405,0.873462783171521
-0.045963571159036154,0.37821852197113376,0.873462783171521
-0.045985321051734696,0.3782828120479604,0.873462783171521
-0.04598560982349964,0.3784113922016137,0.873462783171521
-0.04599228592358229,0.3784756822784403,0.873462783171521
-0.04599533304181108,0.3784756822784403,0.8737864077669902
-0.04602979443506722,0.3786364074705069,0.8737864077669902
-0.046034812516718204,0.3786364074705069,0.873948220064725
-0.04605916087525819,0.37879713266257353,0.873948220064725
-0.046065957891124554,0.37886142273940016,0.873948220064725
-0.04608985201760407,0.37895785785464015,0.873948220064725
-0.046090978721317344,0.37895785785464015,0.8741100323624595
-0.04611569311985442,0.37915072808512007,0.8741100323624595
-0.04611654388312436,0.3793757433540133,0.8741100323624595
-0.04614243716973915,0.3794721784692533,0.8741100323624595
-0.04616832153466266,0.37960075862290654,0.8741100323624595
-0.04619564904355966,0.37989006396862646,0.8741100323624595
-0.046196422818129024,0.3799543540454531,0.8741100323624595
-0.04623273567883729,0.3801150792375197,0.8741100323624595
-0.04624012030099772,0.3801793693143463,0.8741100323624595
-0.04626994243741367,0.38034009450641293,0.8741100323624595
-0.04627362598453311,0.38034009450641293,0.8742718446601941
-0.046297024653422114,0.38050081969847954,0.8742718446601941
-0.04630734423185856,0.3808544151210261,0.8742718446601941
-0.046310840758299054,0.3809187051978527,0.8742718446601941
-0.04631512860945741,0.3809829952746793,0.8742718446601941
-0.04632621696193212,0.3810151403130927,0.8742718446601941
-0.04632831612758265,0.3810151403130927,0.8744336569579289
-0.0463366819015093,0.38114372046674594,0.8744336569579289
-0.04634244467033033,0.38124015558198593,0.8744336569579289
-0.046423869294688835,0.3816258960429458,0.8744336569579289
-0.04642670639151264,0.3816258960429458,0.8745954692556634
-0.04643469890823626,0.3817223311581857,0.8745954692556634
-0.046443278689186906,0.3818187662734257,0.8745954692556634
-0.046452631861101656,0.38191520138866564,0.8745954692556634
-0.04645399100425379,0.38191520138866564,0.874757281553398
-0.04647822637925675,0.38210807161914556,0.874757281553398
-0.046478867897154996,0.38210807161914556,0.8749190938511326
-0.046500507197329344,0.38217236169597224,0.8749190938511326
-0.04650760345777055,0.38217236169597224,0.8750809061488674
-0.046533135988734486,0.3822687968112122,0.8750809061488674
-0.04653385844575253,0.3822687968112122,0.875242718446602
-0.046547313129217616,0.3823973769648655,0.875242718446602
-0.04654944427994717,0.3825902471953454,0.875242718446602
-0.04656184367945809,0.3827188273489987,0.875242718446602
-0.046566762282249485,0.3827188273489987,0.8755663430420711
-0.04658123368950784,0.38284740750265195,0.8755663430420711
-0.04659962031301723,0.3829116975794786,0.8755663430420711
-0.046602337846673614,0.3829116975794786,0.8757281553398059
-0.0467064373207125,0.38358674338615834,0.8757281553398059
-0.04670773415875068,0.38358674338615834,0.8758899676375405
-0.04673328669868054,0.38374746857822495,0.8758899676375405
-0.04673876646148761,0.3843260792696647,0.8758899676375405
-0.046832938490188825,0.38455109453855796,0.8758899676375405
-0.04684097838444462,0.3847439647690379,0.8758899676375405
-0.04685535373142852,0.3848403998842779,0.8758899676375405
-0.04687576457946241,0.3848403998842779,0.876051779935275
-0.04687765667571869,0.3849046899611045,0.876051779935275
-0.046907164951900115,0.3850975601915844,0.876051779935275
-0.046912195463998885,0.385354720498891,0.876051779935275
-0.0469148616415333,0.38538686553730434,0.876051779935275
-0.04692133331207726,0.3855154456909576,0.876051779935275
-0.04700296867588738,0.3859333311903308,0.876051779935275
-0.04700878155148569,0.3859333311903308,0.8762135922330098
-0.04701019403025536,0.3859654762287441,0.8762135922330098
-0.04701436827813621,0.38606191134398404,0.8762135922330098
-0.04702146218000064,0.38609405638239735,0.8762135922330098
-0.04702350406559924,0.38615834645922403,0.8762135922330098
-0.04704231019925631,0.38625478157446397,0.8762135922330098
-0.04704533308816555,0.38638336172811727,0.8762135922330098
-0.04706138027790602,0.3864797968433572,0.8762135922330098
-0.047064459748956955,0.3864797968433572,0.8763754045307444
-0.04708047006450056,0.3866083769970105,0.8763754045307444
-0.04708377128232305,0.3867048121122505,0.8763754045307444
-0.04710414328170981,0.38683339226590374,0.8763754045307444
-0.04710602062793484,0.3868976823427304,0.8763754045307444
-0.047107201760682726,0.38692982738114373,0.8763754045307444
-0.04711050022455482,0.38699411745797035,0.8763754045307444
-0.04711631445261255,0.38709055257321034,0.8763754045307444
-0.047125230528387574,0.38715484265003697,0.8763754045307444
-0.04712565177927491,0.38728342280369027,0.8763754045307444
-0.047139562539758706,0.3873798579189302,0.8763754045307444
-0.04714445367208603,0.3874441479957569,0.8763754045307444
-0.047166542057223704,0.38773345334147674,0.8763754045307444
-0.04717149295512074,0.38773345334147674,0.876537216828479
-0.047175350053534015,0.3881191938024366,0.876537216828479
-0.04718403809335697,0.3882156289176766,0.876537216828479
-0.04718406228012029,0.3882799189945032,0.876537216828479
-0.04718747812908464,0.3883442090713298,0.876537216828479
-0.047191771818437256,0.3884084991481565,0.876537216828479
-0.04719855691626079,0.38847278922498313,0.876537216828479
-0.04719859396678616,0.38853707930180975,0.876537216828479
-0.04720306117811307,0.38860136937863643,0.876537216828479
-0.047209460755754495,0.38869780449387636,0.876537216828479
-0.04721262832030587,0.3887299495322897,0.876537216828479
-0.047214984880220745,0.38879423960911635,0.876537216828479
-0.04722075496147643,0.38882638464752967,0.876537216828479
-0.04722179459879322,0.3888906747243563,0.876537216828479
-0.047227776458299786,0.3889871098395963,0.876537216828479
-0.04731369125017748,0.38956572053103605,0.876537216828479
-0.04731473338583009,0.389758590761516,0.876537216828479
-0.047321114333006786,0.389758590761516,0.8766990291262136
-0.047322811988919355,0.3898228808383426,0.8766990291262136
-0.04733037643080146,0.3899514609919959,0.8766990291262136
-0.0473317440816422,0.3899514609919959,0.8768608414239483
-0.04733260949093465,0.3900157510688225,0.8768608414239483
-0.04733949623722389,0.39017647626088914,0.8768608414239483
-0.047344090829047,0.39030505641454244,0.8768608414239483
-0.04734599095287201,0.39030505641454244,0.8770226537216829
-0.04734996234648681,0.39033720145295575,0.8770226537216829
-0.04735663503511933,0.39033720145295575,0.8771844660194175
-0.04737166275994115,0.3905300716834357,0.8771844660194175
-0.047371904757151584,0.39098010222122215,0.8771844660194175
-0.04737880312045312,0.39101224725963546,0.8771844660194175
-0.04737955397040067,0.39110868237487545,0.8771844660194175
-0.047384456360484495,0.39114082741328876,0.8771844660194175
-0.04738764511892046,0.3913015526053554,0.8771844660194175
-0.04739014033400979,0.3913015526053554,0.8773462783171521
-0.047398507370846776,0.391365842682182,0.8773462783171521
-0.04740920767260842,0.391365842682182,0.8775080906148868
-0.04742887137747581,0.3914944228358353,0.8775080906148868
-0.04743249857165027,0.3914944228358353,0.8776699029126214
-0.047459374230550244,0.3916230029894886,0.8776699029126214
-0.047459705702175836,0.39171943810472853,0.8776699029126214
-0.04748045114340832,0.39200874345044845,0.8776699029126214
-0.04748289295534347,0.39207303352727507,0.8776699029126214
-0.047491643252658866,0.3921373236041017,0.8776699029126214
-0.047495905787235115,0.3921373236041017,0.877831715210356
-0.047532537796871166,0.3923301938345816,0.877831715210356
-0.04753917846178751,0.3923301938345816,0.8779935275080906
-0.04755354882626389,0.3923944839114083,0.8779935275080906
-0.04756273921445814,0.3923944839114083,0.8783171521035599
-0.047579569439751,0.39249091902664823,0.8783171521035599
-0.04758153048579855,0.39249091902664823,0.8786407766990292
-0.047581586839398005,0.3928766594876081,0.8786407766990292
-0.047587238520430564,0.3929409495644347,0.8786407766990292
-0.047591753300089135,0.393069529718088,0.8786407766990292
-0.04760397345971756,0.3931981098717413,0.8786407766990292
-0.047609386174305324,0.39355170529428785,0.8786407766990292
-0.04767743963294224,0.393969590793661,0.8786407766990292
-0.04768045720894104,0.39403388087048763,0.8786407766990292
-0.04768675533193667,0.39416246102414093,0.8786407766990292
-0.0476961019836139,0.39416246102414093,0.8788025889967638
-0.047698981703499066,0.39429104117779423,0.8788025889967638
-0.04777809616433848,0.3949017969076473,0.8788025889967638
-0.04778210494771712,0.3949017969076473,0.8789644012944984
-0.04778487027316447,0.39496608698447394,0.8789644012944984
-0.04778768558481927,0.3952232472917805,0.8789644012944984
-0.04778989165598441,0.39525539233019386,0.8789644012944984
-0.04779125620230046,0.39525539233019386,0.879126213592233
-0.04779568735120959,0.39528753736860717,0.879126213592233
-0.047799892646602116,0.39528753736860717,0.8797734627831715
-0.04780097709470993,0.3953196824070205,0.8797734627831715
-0.04780124273261743,0.3953196824070205,0.8799352750809062
-0.047803390491543696,0.3953839724838471,0.8799352750809062
-0.04780406063402104,0.3953839724838471,0.8800970873786408
-0.047810032493996346,0.3954482625606738,0.8800970873786408
-0.047812405048627826,0.3956411327911537,0.8800970873786408
-0.04783477150120208,0.3958018579832203,0.8800970873786408
-0.047835788411614344,0.39586614806004694,0.8800970873786408
-0.04783593783216955,0.39599472821370024,0.8800970873786408
-0.04784236554693044,0.39602687325211355,0.8800970873786408
-0.0478433260988419,0.39602687325211355,0.8802588996763754
-0.04785130715787311,0.3961554534057668,0.8802588996763754
-0.047861977452945126,0.3962197434825935,0.8802588996763754
-0.04787085539649599,0.3963483236362467,0.8802588996763754
-0.04787498861009554,0.3964447587514867,0.8802588996763754
-0.047882132171778224,0.3966054839435533,0.8802588996763754
-0.04788684629621581,0.3967340640972066,0.8802588996763754
-0.04788966097300845,0.3968947892892732,0.8802588996763754
-0.047891197656542595,0.3969912244045132,0.8802588996763754
-0.04790471558218917,0.3971198045581664,0.8802588996763754
-0.047905362338223956,0.3971840946349931,0.8802588996763754
-0.04790590187273763,0.3971840946349931,0.88042071197411
-0.047918668686671495,0.39728052975023304,0.88042071197411
-0.047920226681512024,0.39728052975023304,0.8805825242718447
-0.04792269655730208,0.39731267478864635,0.8805825242718447
-0.04792964158395757,0.39731267478864635,0.8807443365695793
-0.04793947974120144,0.3973448198270597,0.8807443365695793
-0.04794059318502414,0.3973448198270597,0.8809061488673139
-0.047951927986466414,0.39744125494229965,0.8809061488673139
-0.047953728313279265,0.39753769005753964,0.8809061488673139
-0.04796587582805717,0.39760198013436626,0.8809061488673139
-0.04797515109923617,0.39773056028801956,0.8809061488673139
-0.04797745372591583,0.39773056028801956,0.8810679611650486
-0.047984405412561104,0.3978269954032595,0.8810679611650486
-0.04798499058030875,0.3978269954032595,0.8812297734627832
-0.04798879932333322,0.3979234305184995,0.8812297734627832
-0.047991191009697676,0.3980198656337394,0.8812297734627832
-0.04800731118991197,0.3980841557105661,0.8812297734627832
-0.04801591052593135,0.39821273586421935,0.8812297734627832
-0.04801632168182901,0.39830917097945934,0.8812297734627832
-0.04801833956496393,0.3984377511331126,0.8812297734627832
-0.04802115237820842,0.3985984763251792,0.8812297734627832
-0.04805566625827823,0.39895207174772573,0.8812297734627832
-0.04805744472310297,0.39895207174772573,0.8813915857605178
-0.048089803643747486,0.39917708701661897,0.8813915857605178
-0.04809266765678949,0.39917708701661897,0.8815533980582524
-0.048104678534397316,0.39927352213185896,0.8815533980582524
-0.048118245511814206,0.3993699572470989,0.8815533980582524
-0.04811868786231499,0.3994021022855122,0.8815533980582524
-0.04812211641364289,0.3994663923623389,0.8815533980582524
-0.04812687073782518,0.3994985374007522,0.8815533980582524
-0.04814361320952143,0.3994985374007522,0.8818770226537217
-0.048172253858319414,0.3996914076312321,0.8818770226537217
-0.04817898443950508,0.3996914076312321,0.8820388349514563
-0.04818000381315496,0.39972355266964543,0.8820388349514563
-0.04818186911600819,0.39978784274647206,0.8820388349514563
-0.048191156883418296,0.39994856793853867,0.8820388349514563
-0.04819870402697496,0.40001285801536535,0.8820388349514563
-0.04822437767809801,0.40020572824584527,0.8820388349514563
-0.048225163184517195,0.40020572824584527,0.8822006472491909
-0.04822607202917528,0.4002378732842586,0.8822006472491909
-0.0482316484100484,0.4002378732842586,0.8823624595469256
-0.04825806004688321,0.4004628885531518,0.8823624595469256
-0.048262235801371955,0.4004628885531518,0.8825242718446602
-0.048314562876449474,0.4010414992445916,0.8825242718446602
-0.04831553432094848,0.4011379343598316,0.8825242718446602
-0.04833073429216145,0.4012343694750715,0.8825242718446602
-0.04833218074555584,0.4013629496287248,0.8825242718446602
-0.0483322127228375,0.4013629496287248,0.8826860841423948
-0.04836200516911615,0.401684400012858,0.8826860841423948
-0.048362127912783326,0.401780835128098,0.8826860841423948
-0.04840311279938897,0.4019737053585779,0.8826860841423948
-0.04840394723119479,0.4019737053585779,0.8828478964401294
-0.048433127601541615,0.4024237358963644,0.8828478964401294
-0.0484359051639458,0.4024237358963644,0.8830097087378641
-0.048444510622887516,0.40245588093477774,0.8830097087378641
-0.048448597225468404,0.40245588093477774,0.8831715210355987
-0.04845049135431728,0.40248802597319105,0.8831715210355987
-0.04845408631951825,0.40248802597319105,0.8833333333333333
-0.04845870211507047,0.40252017101160437,0.8833333333333333
-0.04845877924430114,0.402584461088431,0.8833333333333333
-0.048467591975545676,0.4027130412420843,0.8833333333333333
-0.048468190888914964,0.4027130412420843,0.883495145631068
-0.048529853410639257,0.40322736185669744,0.883495145631068
-0.04853053629408083,0.40329165193352406,0.883495145631068
-0.048631711544131984,0.40390240766337715,0.883495145631068
-0.0486323441669525,0.40406313285544376,0.883495145631068
-0.048632542452092975,0.4041595679706837,0.883495145631068
-0.04866792495302008,0.4044167282779903,0.883495145631068
-0.04866796683590063,0.4047381786621235,0.883495145631068
-0.048722208606727824,0.4052203542383233,0.883495145631068
-0.04873156335965484,0.4052203542383233,0.8836569579288026
-0.04873412908180852,0.4053810794303899,0.8836569579288026
-0.04873585492653981,0.40544536950721655,0.8836569579288026
-0.04879704049812178,0.4058311099681764,0.8836569579288026
-0.04881006647662167,0.4058954000450031,0.8836569579288026
-0.0488133784092421,0.4059275450834164,0.8836569579288026
-0.04882242122590502,0.4059275450834164,0.8838187702265372
-0.04883144493328129,0.405991835160243,0.8838187702265372
-0.048834421724633315,0.405991835160243,0.8839805825242718
-0.04883962936219377,0.406088270275483,0.8839805825242718
-0.04884924924920425,0.4061525603523096,0.8839805825242718
-0.04886916426648058,0.40624899546754956,0.8839805825242718
-0.04887149764852394,0.40631328554437623,0.8839805825242718
-0.048878435903395634,0.40631328554437623,0.8841423948220065
-0.048888285890848926,0.40637757562120286,0.8841423948220065
-0.048891600622228915,0.40637757562120286,0.8843042071197411
-0.04890300581614698,0.40647401073644285,0.8843042071197411
-0.0489075136167515,0.40647401073644285,0.8844660194174757
-0.04893551353887521,0.4066025908900961,0.8844660194174757
-0.04894824252289787,0.4066025908900961,0.8846278317152103
-0.04895098525123931,0.406795461120576,0.8846278317152103
-0.04903041595866253,0.4070526214278826,0.8846278317152103
-0.04903954423639373,0.4073419267736025,0.8846278317152103
-0.04904246760542752,0.4073419267736025,0.884789644012945
-0.04905269831146597,0.40740621685042916,0.884789644012945
-0.04905510502783411,0.4074705069272558,0.884789644012945
-0.049124640705147604,0.407695522196149,0.884789644012945
-0.04912789258325401,0.407695522196149,0.8849514563106796
-0.04913987932779096,0.40775981227297564,0.8849514563106796
-0.049141237326273235,0.40804911761869556,0.8849514563106796
-0.049146084142356106,0.40808126265710887,0.8849514563106796
-0.04914734295255452,0.40808126265710887,0.8852750809061488
-0.04923106995268656,0.40869201838696195,0.8852750809061488
-0.04923279088863125,0.40875630846378863,0.8852750809061488
-0.04925026040583386,0.40891703365585524,0.8852750809061488
-0.04925028612728527,0.4090456138095085,0.8852750809061488
-0.0492551884996843,0.4090777588479218,0.8852750809061488
-0.04925546797761432,0.4091420489247485,0.8852750809061488
-0.04925859417829592,0.4092063390015751,0.8852750809061488
-0.0492642317588558,0.4092706290784017,0.8852750809061488
-0.04926995923358679,0.4093349191552284,0.8852750809061488
-0.04927136852521258,0.40939920923205503,0.8852750809061488
-0.04929198090450693,0.40962422450094826,0.8852750809061488
-0.049296141934688786,0.40962422450094826,0.8854368932038835
-0.04934068576150763,0.4098492397698415,0.8854368932038835
-0.04934181180829422,0.4098492397698415,0.8855987055016181
-0.04936846205271922,0.4100421100003214,0.8855987055016181
-0.04937318836671073,0.4100421100003214,0.8857605177993527
-0.049430194668008964,0.41033141534604134,0.8857605177993527
-0.049433699313603474,0.41033141534604134,0.8859223300970874
-0.049440665242109993,0.4104278504612813,0.8859223300970874
-0.049459554263915795,0.41049214053810795,0.8859223300970874
-0.04946609333989116,0.41062072069176125,0.8859223300970874
-0.0494666079346604,0.4108135909222412,0.8859223300970874
-0.04946749368233455,0.4108778809990678,0.8859223300970874
-0.04947725953026805,0.41097431611430774,0.8859223300970874
-0.049482317927192265,0.41097431611430774,0.886084142394822
-0.04950801016644246,0.41113504130637435,0.886084142394822
-0.04951025850751589,0.41113504130637435,0.8862459546925566
-0.04954411773721784,0.41139220161368095,0.8862459546925566
-0.049545695737886974,0.41139220161368095,0.8864077669902912
-0.04961233036589108,0.41174579703622743,0.8864077669902912
-0.04961508892719246,0.41174579703622743,0.8867313915857605
-0.049622516436757136,0.41187437718988074,0.8867313915857605
-0.049627452225347646,0.41193866726670736,0.8867313915857605
-0.04962948684974411,0.4119708123051207,0.8867313915857605
-0.049631942225456194,0.4124208428429072,0.8867313915857605
-0.04963280360162675,0.4124208428429072,0.8870550161812297
-0.049643938319358316,0.41251727795814713,0.8870550161812297
-0.04964834471122559,0.41251727795814713,0.8872168284789644
-0.0496553562138643,0.4125494229965605,0.8872168284789644
-0.04966272810557176,0.41264585811180043,0.8872168284789644
-0.04970612312781403,0.41287087338069367,0.8872168284789644
-0.049710391303061485,0.41287087338069367,0.887378640776699
-0.04971262099336099,0.41290301841910704,0.887378640776699
-0.04971278738016527,0.41290301841910704,0.8875404530744336
-0.049727993634948287,0.41309588864958696,0.8875404530744336
-0.04973178897621239,0.41309588864958696,0.8877022653721682
-0.049739464315127435,0.4131601787264136,0.8877022653721682
-0.04974199879654717,0.4131601787264136,0.8878640776699029
-0.04976382547099639,0.4133851939953068,0.8878640776699029
-0.04976428066540617,0.41389951460991997,0.8878640776699029
-0.04976499905278714,0.41389951460991997,0.8880258899676375
-0.04980619117887164,0.4140602398019866,0.8880258899676375
-0.04982460391653626,0.4141566749172265,0.8880258899676375
-0.04982963012677455,0.4142531100324665,0.8880258899676375
-0.04983907210691413,0.41441383522453307,0.8880258899676375
-0.049850371645265845,0.41447812530135975,0.8880258899676375
-0.04985429805698366,0.41447812530135975,0.8883495145631068
-0.04985763848454228,0.414606705455013,0.8883495145631068
-0.04993369783696955,0.4151853161464528,0.8883495145631068
-0.049937299619336184,0.41524960622327944,0.8883495145631068
-0.049959147091434786,0.41544247645375937,0.8883495145631068
-0.04996140777676311,0.41586036195313253,0.8883495145631068
-0.04999627592847822,0.4159567970683725,0.8883495145631068
-0.04999781302672118,0.41608537722202577,0.8883495145631068
-0.05000298207061993,0.41614966729885244,0.8883495145631068
-0.05000673561233687,0.41614966729885244,0.888673139158576
-0.050056419876888414,0.4165354077598123,0.888673139158576
-0.050059302450724985,0.4165996978366389,0.888673139158576
-0.050059835780506934,0.41669613295187885,0.888673139158576
-0.050064346837405405,0.41676042302870553,0.888673139158576
-0.05006596681917869,0.41676042302870553,0.8888349514563106
-0.05008200690850528,0.41685685814394546,0.8888349514563106
-0.050083669066641634,0.41692114822077214,0.8888349514563106
-0.050084688468341354,0.41695329325918545,0.8888349514563106
-0.05008556075821702,0.4170175833360121,0.8888349514563106
-0.05009673427610445,0.41711401845125207,0.8888349514563106
-0.05010048737606404,0.4177890642579318,0.8888349514563106
-0.05018166076896885,0.4182390947957183,0.8888349514563106
-0.05018701796787517,0.41836767494937155,0.8888349514563106
-0.05019607372468626,0.4184319650261982,0.8888349514563106
-0.050200744137448794,0.4185926902182648,0.8888349514563106
-0.05020089842940684,0.41862483525667815,0.8888349514563106
-0.05020194121971994,0.4186891253335048,0.8888349514563106
-0.050204675010239175,0.4186891253335048,0.8889967637540453
-0.05021746285173012,0.4188177054871581,0.8889967637540453
-0.050218076147599044,0.4188177054871581,0.88915857605178
-0.050232544068380125,0.4189784306792247,0.88915857605178
-0.05023802438998243,0.4189784306792247,0.8893203883495145
-0.05026626360051234,0.41926773602494455,0.8893203883495145
-0.05026654178725626,0.41936417114018454,0.8893203883495145
-0.05035690321449299,0.419717766562731,0.8893203883495145
-0.05037010170984246,0.419717766562731,0.8894822006472491
-0.05038157959126016,0.4197820566395577,0.8894822006472491
-0.05038518647726675,0.42003921694686425,0.8894822006472491
-0.050428282216963494,0.4202963772541708,0.8894822006472491
-0.05043120966948822,0.4205856825998907,0.8894822006472491
-0.05044365858201638,0.42064997267671733,0.8894822006472491
-0.05044731309610234,0.4207464077919573,0.8894822006472491
-0.05045231654429305,0.42081069786878395,0.8894822006472491
-0.05045431202669365,0.42087498794561057,0.8894822006472491
-0.050460104404505546,0.42087498794561057,0.8896440129449839
-0.05046886215132351,0.42093927802243725,0.8896440129449839
-0.05046997374470291,0.4212607284065705,0.8896440129449839
-0.050471510256474506,0.4212928734449838,0.8896440129449839
-0.050471888126631725,0.42142145359863703,0.8896440129449839
-0.0504934505916676,0.42155003375229033,0.8896440129449839
-0.05049939419611155,0.4219357742132502,0.8896440129449839
-0.05051803978014929,0.42203220932849017,0.8896440129449839
-0.05051831791341849,0.42219293452055673,0.8896440129449839
-0.05053082472987763,0.4222893696357967,0.8896440129449839
-0.050541901494226105,0.4222893696357967,0.8898058252427185
-0.05057207176212658,0.42248223986627664,0.8898058252427185
-0.050577148404036765,0.42248223986627664,0.889967637540453
-0.05058244305040899,0.4225786749815166,0.889967637540453
-0.05058288112477133,0.4225786749815166,0.8901294498381876
-0.050585722794844745,0.4229965604808898,0.8901294498381876
-0.05060201925134544,0.42309299559612973,0.8901294498381876
-0.05060529140475273,0.42309299559612973,0.8902912621359224
-0.05061397049029115,0.4231894307113697,0.8902912621359224
-0.05062134053829487,0.4231894307113697,0.890453074433657
-0.05062960254823651,0.42322157574978303,0.890453074433657
-0.050631360914542234,0.42322157574978303,0.8906148867313916
-0.05067542125860336,0.42341444598026295,0.8906148867313916
-0.050677648786249696,0.42341444598026295,0.8907766990291263
-0.05068098384797526,0.42344659101867627,0.8907766990291263
-0.05068706721629207,0.4238323314796361,0.8907766990291263
-0.050693707801177657,0.42408949178694266,0.8907766990291263
-0.05071485057574393,0.42421807194059596,0.8907766990291263
-0.05072052209478439,0.42434665209424927,0.8907766990291263
-0.05073553822329918,0.4244752322479025,0.8907766990291263
-0.05073570534473332,0.4244752322479025,0.8909385113268609
-0.05075766113306329,0.4245395223247292,0.8909385113268609
-0.05075836561632813,0.4246038124015558,0.8909385113268609
-0.05078985338734421,0.42492526278568904,0.8909385113268609
-0.05079080831274074,0.42492526278568904,0.8911003236245955
-0.05079870305273637,0.42498955286251566,0.8911003236245955
-0.05080652546290004,0.42508598797775565,0.8911003236245955
-0.05081616587844501,0.4251502780545823,0.8911003236245955
-0.05082183611853902,0.4252467131698222,0.8911003236245955
-0.05083788640041925,0.4253752933234755,0.8911003236245955
-0.05084036326655378,0.4253752933234755,0.8912621359223301
-0.05085974596308307,0.4254717284387155,0.8912621359223301
-0.05086661095824241,0.4256324536307821,0.8912621359223301
-0.050936637676964436,0.4261789192838085,0.8912621359223301
-0.0509436271513275,0.4262432093606352,0.8912621359223301
-0.05095696351586143,0.4263074994374618,0.8912621359223301
-0.05096124375894001,0.42637178951428845,0.8912621359223301
-0.050972438591766145,0.4264039345527018,0.8912621359223301
-0.05097553302472552,0.42646822462952844,0.8912621359223301
-0.05100313222215208,0.426725384936835,0.8912621359223301
-0.05101190661852989,0.426725384936835,0.8914239482200648
-0.05101505310716731,0.4268861101289016,0.8914239482200648
-0.051015524764942144,0.4268861101289016,0.8915857605177994
-0.05102594147131362,0.4269825452441416,0.8915857605177994
-0.05102822742741736,0.4269825452441416,0.8919093851132686
-0.05104733882819318,0.4270789803593815,0.8919093851132686
-0.05105104507194752,0.4270789803593815,0.8920711974110033
-0.051054130660100505,0.4272075605130348,0.8920711974110033
-0.05105562462032864,0.4272075605130348,0.8922330097087379
-0.0510571752928482,0.42723970555144813,0.8922330097087379
-0.05106073264502836,0.42740043074351475,0.8922330097087379
-0.0510679664424748,0.42746472082034137,0.8922330097087379
-0.0510751286888822,0.42759330097399467,0.8922330097087379
-0.05107963207925398,0.4276575910508213,0.8922330097087379
-0.05108311548607403,0.4276575910508213,0.8923948220064725
-0.051087266586723856,0.427721881127648,0.8923948220064725
-0.0510885360402521,0.4277540261660613,0.8923948220064725
-0.051093239579097005,0.4278183162428879,0.8923948220064725
-0.05110209987678693,0.4279147513581279,0.8923948220064725
-0.05110529373797151,0.4279147513581279,0.8925566343042072
-0.05111300010441033,0.4281076215886078,0.8925566343042072
-0.051115616352638615,0.4283969269343277,0.8925566343042072
-0.05113380554616198,0.42849336204956767,0.8925566343042072
-0.05113661150562071,0.4285576521263943,0.8925566343042072
-0.05113769414216829,0.4285897971648076,0.8925566343042072
-0.05114046510557313,0.4285897971648076,0.8928802588996764
-0.05115439927818438,0.4286219422032209,0.8928802588996764
-0.051154612684879475,0.4286862322800476,0.8928802588996764
-0.051166502115181534,0.42884695747211415,0.8928802588996764
-0.051169101790212224,0.42884695747211415,0.893042071197411
-0.05117109140802323,0.4293612780867273,0.893042071197411
-0.05117178176113146,0.4293612780867273,0.8932038834951457
-0.051175467004783814,0.42942556816355393,0.8932038834951457
-0.05117945412717245,0.4295220032787939,0.8932038834951457
-0.051185254039644856,0.4296184383940339,0.8932038834951457
-0.05119186444237467,0.4296184383940339,0.8933656957928803
-0.051215699345420085,0.42990774373975377,0.8933656957928803
-0.05121684128131776,0.430229194123887,0.8933656957928803
-0.051221587326388596,0.43035777427754024,0.8933656957928803
-0.05123067349745519,0.43035777427754024,0.8936893203883495
-0.05125506919934564,0.43064707962326015,0.8936893203883495
-0.05125582881975538,0.4308720948921534,0.8936893203883495
-0.051273630686657246,0.43103282008422,0.8936893203883495
-0.05128066466022008,0.4311614002378733,0.8936893203883495
-0.051282754000487374,0.4311614002378733,0.8944983818770227
-0.05129409303599841,0.43128998039152655,0.8944983818770227
-0.05129549172017478,0.43128998039152655,0.8946601941747573
-0.05131087387542499,0.43138641550676654,0.8946601941747573
-0.05131804338343715,0.43145070558359316,0.8946601941747573
-0.05134524475135904,0.4317400109293131,0.8946601941747573
-0.051349604051355524,0.4317400109293131,0.8948220064724919
-0.051417584063736255,0.4320936063518596,0.8948220064724919
-0.05141855853136501,0.43215789642868624,0.8948220064724919
-0.05141922266414428,0.4326079269664727,0.8948220064724919
-0.05144518933603581,0.43280079719695264,0.8948220064724919
-0.0514481361173188,0.43280079719695264,0.8949838187702266
-0.05149810417682288,0.43312224758108586,0.8949838187702266
-0.0515009060863455,0.43325082773473916,0.8949838187702266
-0.051501717504755684,0.43325082773473916,0.8951456310679612
-0.05151304688201164,0.4333794078883924,0.8951456310679612
-0.051516412875278694,0.4334436979652191,0.8951456310679612
-0.05152319422130258,0.433540133080459,0.8951456310679612
-0.051526844203176936,0.433540133080459,0.8953074433656958
-0.05154876325150948,0.4336687132341123,0.8953074433656958
-0.051551602815472664,0.4336687132341123,0.8954692556634304
-0.05158649469288257,0.43392587354141887,0.8954692556634304
-0.051590167326557135,0.43392587354141887,0.8956310679611651
-0.05159528184694184,0.43402230865665886,0.8956310679611651
-0.05160137935370668,0.43402230865665886,0.8957928802588997
-0.05165651960955364,0.4343116140023787,0.8957928802588997
-0.05165803550517312,0.4343759040792054,0.8957928802588997
-0.05171076166961619,0.43466520942492526,0.8957928802588997
-0.05171429992088411,0.43466520942492526,0.8959546925566343
-0.05173371001036503,0.43482593461699187,0.8959546925566343
-0.05173622113093562,0.43540454530843165,0.8959546925566343
-0.051738344314383844,0.43540454530843165,0.8961165048543689
-0.05179316040802978,0.43559741553891157,0.8961165048543689
-0.05179494063641882,0.43559741553891157,0.8962783171521036
-0.05180270879215754,0.4356617056157382,0.8962783171521036
-0.05181268392383637,0.43572599569256487,0.8962783171521036
-0.05181438655167747,0.43572599569256487,0.8964401294498382
-0.05188992691020139,0.43620817126876466,0.8964401294498382
-0.0518929527070216,0.43627246134559133,0.8964401294498382
-0.05189326810831191,0.43636889646083127,0.8964401294498382
-0.051908234999138214,0.43646533157607126,0.8964401294498382
-0.05191068864226672,0.4365617666913112,0.8964401294498382
-0.05191145595066082,0.4365939117297245,0.8964401294498382
-0.05191173444909536,0.4365939117297245,0.8966019417475728
-0.051976238797171226,0.43701179722909766,0.8966019417475728
-0.0519787775964185,0.43707608730592434,0.8966019417475728
-0.0519996625912294,0.4372046674595776,0.8966019417475728
-0.05200007549799529,0.4372046674595776,0.8967637540453074
-0.05201499480836419,0.4373332476132309,0.8967637540453074
-0.052016797643230694,0.4373975376900575,0.8967637540453074
-0.05201726221273539,0.4374296827284709,0.8967637540453074
-0.05202484226214216,0.4375582628821241,0.8967637540453074
-0.05202537136900198,0.43759040792053744,0.8967637540453074
-0.05202749494742914,0.43759040792053744,0.8969255663430421
-0.05203892423555506,0.43771898807419074,0.8969255663430421
-0.052040219459813575,0.43771898807419074,0.8970873786407767
-0.052054638375678364,0.43781542318943073,0.8970873786407767
-0.0520577753097875,0.43787971326625735,0.8970873786407767
-0.05207240403288699,0.43800829341991065,0.8970873786407767
-0.05209113723495823,0.43800829341991065,0.897411003236246
-0.052100767902621026,0.4380725834967373,0.897411003236246
-0.05211505920222459,0.43816901861197727,0.897411003236246
-0.052126022727004784,0.4382333086888039,0.897411003236246
-0.052138127650503685,0.4382975987656305,0.897411003236246
-0.05215604544965946,0.4382975987656305,0.8975728155339806
-0.052183368707016786,0.4384261789192838,0.8975728155339806
-0.05218381808485084,0.43849046899611044,0.8975728155339806
-0.05218903623935811,0.4385547590729371,0.8975728155339806
-0.05219681060017339,0.4385547590729371,0.8977346278317152
-0.05221005453879585,0.43861904914976374,0.8977346278317152
-0.052211878385637955,0.43881191938024366,0.8977346278317152
-0.05224219932495977,0.43894049953389697,0.8977346278317152
-0.0522467652953264,0.43894049953389697,0.8978964401294498
-0.05224932756528328,0.4389726445723103,0.8978964401294498
-0.052259777468509405,0.4390690796875502,0.8978964401294498
-0.052286833969784174,0.43939053007168344,0.8978964401294498
-0.0522932198406339,0.43939053007168344,0.8980582524271845
-0.05230518302603221,0.43945482014851006,0.8980582524271845
-0.05230824138092094,0.43945482014851006,0.8982200647249191
-0.05232920660625656,0.43955125526375005,0.8982200647249191
-0.05233038334519324,0.43974412549423,0.8982200647249191
-0.05233379525942922,0.44035488122408306,0.8982200647249191
-0.05233606218065057,0.4403870262624964,0.8982200647249191
-0.05233797448882599,0.4407084766466296,0.8982200647249191
-0.05234512407749381,0.4407406216850429,0.8982200647249191
-0.05234691605943864,0.4407406216850429,0.8983818770226537
-0.05236207723572228,0.4408692018386962,0.8983818770226537
-0.052365136792199674,0.4408692018386962,0.8985436893203883
-0.05237120383143812,0.4410299270307628,0.8985436893203883
-0.05237151970876769,0.4410299270307628,0.898705501618123
-0.05238364302191373,0.44115850718441607,0.898705501618123
-0.05238576340384826,0.4413835224533093,0.898705501618123
-0.05238644479813498,0.4414156674917227,0.898705501618123
-0.052388394818364215,0.4414156674917227,0.8988673139158576
-0.05239691173084593,0.4415442476453759,0.8988673139158576
-0.0523977719386966,0.44189784306792246,0.8988673139158576
-0.052412467866316925,0.4419621331447491,0.8988673139158576
-0.05241326276777308,0.44202642322157576,0.8988673139158576
-0.052422705759436417,0.4421871484136424,0.8988673139158576
-0.052431334339855806,0.4424121636825356,0.8988673139158576
-0.05243502396945732,0.44247645375936223,0.8988673139158576
-0.05243591386923585,0.44247645375936223,0.8990291262135922
-0.05246849449754043,0.44263717895142884,0.8990291262135922
-0.05247111681794775,0.44263717895142884,0.8991909385113268
-0.05247712543353228,0.44283004918190877,0.8991909385113268
-0.05250919466977044,0.4431836446044553,0.8991909385113268
-0.05250975502259958,0.44347294995017517,0.8991909385113268
-0.052512447783059635,0.44353724002700184,0.8991909385113268
-0.052515737018223374,0.44353724002700184,0.8993527508090615
-0.05251620388552258,0.4436658201806551,0.8993527508090615
-0.052526264321378635,0.4436658201806551,0.8995145631067961
-0.05252838726839215,0.44369796521906846,0.8995145631067961
-0.0525300734223777,0.4439229804879617,0.8995145631067961
-0.0525322625697317,0.44405156064161494,0.8995145631067961
-0.052537504208234,0.4440837056800283,0.8995145631067961
-0.05253766882141736,0.44414799575685493,0.8995145631067961
-0.05254299122896511,0.44414799575685493,0.8996763754045307
-0.05255009532590188,0.4442444308720949,0.8996763754045307
-0.05255379971260338,0.4442444308720949,0.8998381877022654
-0.052610665568349424,0.4446623163714681,0.8998381877022654
-0.05261288225599603,0.4447266064482947,0.8998381877022654
-0.05263196967241529,0.444855186601948,0.8998381877022654
-0.05263316803995438,0.4456909576006943,0.8998381877022654
-0.05263741158537599,0.44575524767752095,0.8998381877022654
-0.05263896523563644,0.44598026294641424,0.8998381877022654
-0.05263904624667748,0.44598026294641424,0.9
-0.05264824390769496,0.4461088431000675,0.9
-0.05264987426079143,0.4463017133305474,0.9
-0.05265287321227452,0.4463338583689608,0.9
-0.052658915082765934,0.4463981484457874,0.9
-0.05266171966472266,0.4464302934842007,0.9
-0.052669803622881706,0.4464302934842007,0.9001618122977346
-0.05273223019156276,0.44678388890674725,0.9001618122977346
-0.05273247386649016,0.4468481789835739,0.9001618122977346
-0.0527340507556564,0.44745893471342696,0.9001618122977346
-0.05273572604185006,0.4476518049439069,0.9001618122977346
-0.052749473374510025,0.4478125301359735,0.9001618122977346
-0.05275075320918482,0.4479089652512135,0.9001618122977346
-0.052751830226038965,0.4479732553280401,0.9001618122977346
-0.0527597919924237,0.44816612555852003,0.9001618122977346
-0.05276076582877831,0.44848757594265326,0.9001618122977346
-0.05276484849138957,0.4487768812883731,0.9001618122977346
-0.05279040216658032,0.4490018965572664,0.9001618122977346
-0.05279451719954742,0.44913047671091966,0.9001618122977346
-0.05279966308626255,0.44925905686457296,0.9001618122977346
-0.052803901818917254,0.4495483622102928,0.9001618122977346
-0.05280956902086714,0.4495805072487062,0.9001618122977346
-0.052810167989648216,0.4495805072487062,0.9003236245954692
-0.05281282406415316,0.4496126522871195,0.9003236245954692
-0.052816668551944,0.44970908740235943,0.9003236245954692
-0.0528267633898733,0.44986981259442604,0.9003236245954692
-0.052833334188396364,0.44996624770966603,0.9003236245954692
-0.05283691606036445,0.44999839274807935,0.9003236245954692
-0.052837942514860625,0.45006268282490597,0.9003236245954692
-0.05285767665498675,0.4503198431322125,0.9003236245954692
-0.05286161977075249,0.4505448584011058,0.9003236245954692
-0.05286439697060774,0.45060914847793243,0.9003236245954692
-0.052865701512709695,0.45096274390047897,0.9003236245954692
-0.052890060579059595,0.4512199042077855,0.9003236245954692
-0.05289536353047469,0.4513484843614388,0.9003236245954692
-0.05290305220311137,0.4513484843614388,0.9008090614886731
-0.05290361017035872,0.45138062939985213,0.9008090614886731
-0.05290474603358153,0.45150920955350543,0.9008090614886731
-0.052938562821519264,0.45186280497605197,0.9008090614886731
-0.05294054566130868,0.45186280497605197,0.9009708737864077
-0.052950452596435216,0.4519270950528786,0.9009708737864077
-0.052950704613323685,0.4520235301681185,0.9009708737864077
-0.05296317365802883,0.4521199652833585,0.9009708737864077
-0.052966531791336424,0.45231283551383844,0.9009708737864077
-0.05297778784363272,0.45237712559066506,0.9009708737864077
-0.05297979826966248,0.45237712559066506,0.9011326860841424
-0.05298450622760481,0.45244141566749174,0.9011326860841424
-0.05299444653446844,0.4526021408595583,0.9011326860841424
-0.05299618712021725,0.4529235912436915,0.9011326860841424
-0.05300111000044394,0.45295573628210484,0.9011326860841424
-0.05300440341156193,0.45295573628210484,0.901294498381877
-0.05301030757578973,0.4530521713973448,0.901294498381877
-0.0530124977663286,0.4530521713973448,0.9016181229773462
-0.053027577415929505,0.45311646147417145,0.9016181229773462
-0.05303070066617033,0.45311646147417145,0.9017799352750809
-0.05303549617785974,0.45314860651258476,0.9017799352750809
-0.053039322260148236,0.45314860651258476,0.9019417475728155
-0.053049563948522005,0.45321289658941144,0.9019417475728155
-0.05305815593170066,0.45327718666623806,0.9019417475728155
-0.05306261493817649,0.4533093317046514,0.9019417475728155
-0.05306733933239843,0.453566492011958,0.9019417475728155
-0.05307119988093112,0.4536950721656112,0.9019417475728155
-0.05308555347123345,0.4537915072808512,0.9019417475728155
-0.05309698797390344,0.45414510270339775,0.9019417475728155
-0.05309701874712125,0.45414510270339775,0.9021035598705501
-0.05310621274215127,0.4543379729338777,0.9021035598705501
-0.05311469682664838,0.4543379729338777,0.9022653721682848
-0.05313639913688356,0.4544344080491176,0.9022653721682848
-0.05313748833328591,0.4544344080491176,0.9024271844660194
-0.05314053120980783,0.45449869812594423,0.9024271844660194
-0.05314713491240619,0.45449869812594423,0.9027508090614886
-0.05314817268889471,0.4545308431643576,0.9027508090614886
-0.053150048739528666,0.4545951332411842,0.9027508090614886
-0.053152304100368475,0.45475585843325084,0.9027508090614886
-0.05316459970044696,0.45482014851007746,0.9027508090614886
-0.053168124141022954,0.4550130187405574,0.9027508090614886
-0.05318464601924611,0.4551094538557974,0.9027508090614886
-0.05318953115172437,0.455173743932624,0.9027508090614886
-0.053211344334169186,0.4553666141631039,0.9027508090614886
-0.05321239249191417,0.4554630492783439,0.9027508090614886
-0.05322289269757202,0.45555948439358385,0.9027508090614886
-0.05322866763835954,0.45555948439358385,0.9029126213592233
-0.05325810168701689,0.4557844996624771,0.9029126213592233
-0.05326218328114812,0.4557844996624771,0.9030744336569579
-0.053271527844427846,0.4559130798161304,0.9030744336569579
-0.05327274502993218,0.45642740043074354,0.9030744336569579
-0.053283340494504616,0.4565559805843968,0.9030744336569579
-0.05328621588110605,0.45665241569963677,0.9030744336569579
-0.05332053689453509,0.4570060111221833,0.9030744336569579
-0.0533297263183522,0.45707030119900993,0.9030744336569579
-0.05333183264253377,0.45710244623742324,0.9030744336569579
-0.05333281505000015,0.4571667363142499,0.9030744336569579
-0.05334663894494107,0.45729531646790317,0.9030744336569579
-0.05335259299343881,0.45813108746664954,0.9030744336569579
-0.053356805577151334,0.45813108746664954,0.9032362459546925
-0.05336312870869869,0.4582596676203028,0.9032362459546925
-0.053366440296648776,0.4582596676203028,0.9033980582524271
-0.05338402172815043,0.458484682889196,0.9033980582524271
-0.053391175335350094,0.458484682889196,0.9035598705501618
-0.0533947561018544,0.4585489729660227,0.9035598705501618
-0.05339562548289223,0.45861326304284933,0.9035598705501618
-0.05340470466449576,0.45867755311967595,0.9035598705501618
-0.05341301540828208,0.45867755311967595,0.903883495145631
-0.05341625360449076,0.4587096981580893,0.903883495145631
-0.05341944218056127,0.45877398823491594,0.903883495145631
-0.05344924158130632,0.4588704233501559,0.903883495145631
-0.05345133884167336,0.45893471342698255,0.903883495145631
-0.053458893967033516,0.45896685846539587,0.903883495145631
-0.05346877619601331,0.4591918737342891,0.903883495145631
-0.0534741992909728,0.45964190427207563,0.903883495145631
-0.05348181943927799,0.45970619434890225,0.903883495145631
-0.0534894830336341,0.4597704844257289,0.903883495145631
-0.053490963554428006,0.4598026294641422,0.903883495145631
-0.05349100082463659,0.4598990645793822,0.903883495145631
-0.0534917120972353,0.4599312096177955,0.903883495145631
-0.05349232608698762,0.4600597897714488,0.903883495145631
-0.05350553437087163,0.4600919348098621,0.903883495145631
-0.05350958579279591,0.4600919348098621,0.9040453074433656
-0.053514901923887026,0.4601562248866887,0.9040453074433656
-0.053515322278099964,0.46031695007875534,0.9040453074433656
-0.0535281008383417,0.46044553023240864,0.9040453074433656
-0.05353182433374687,0.4605419653476486,0.9040453074433656
-0.05354297020391702,0.46060625542447525,0.9040453074433656
-0.05355048922365441,0.4606705455013019,0.9040453074433656
-0.053556500665532414,0.46108843100067504,0.9040453074433656
-0.05357341875554722,0.46124915619274165,0.9040453074433656
-0.05358615238020853,0.4613134462695683,0.9040453074433656
-0.05358693650922758,0.4616348966537015,0.9040453074433656
-0.053590350860968916,0.4636278890353274,0.9040453074433656
-0.05359165007794359,0.46366003407374073,0.9040453074433656
-0.05359169009617876,0.4640779195731139,0.9040453074433656
-0.0535920134328679,0.4641100646115272,0.9040453074433656
-0.053597024330275966,0.46430293484200713,0.9040453074433656
-0.05359736547791405,0.46436722491883375,0.9040453074433656
-0.05359842315249286,0.4643993699572471,0.9040453074433656
-0.053601158031769514,0.46446366003407374,0.9040453074433656
-0.0536078292633127,0.4645600951493137,0.9040453074433656
-0.053615585805651456,0.4648494004950336,0.9040453074433656
-0.053616106383051754,0.4648815455334469,0.9040453074433656
-0.053618244554898775,0.46513870584075345,0.9040453074433656
-0.05362236559996769,0.46520299591758013,0.9040453074433656
-0.053624635912624785,0.46529943103282007,0.9040453074433656
-0.05363479312580072,0.4657816066090199,0.9040453074433656
-0.05365078059883416,0.46584589668584653,0.9040453074433656
-0.05365116508036383,0.4663602173004597,0.9040453074433656
-0.053667938282164596,0.4664245073772863,0.9040453074433656
-0.05367408944157054,0.466488797454113,0.9040453074433656
-0.05368575699192735,0.466488797454113,0.9042071197411004
-0.05368713961451288,0.4665530875309396,0.9042071197411004
-0.05370182246249339,0.4666816676845929,0.9042071197411004
-0.05370496096114252,0.4666816676845929,0.904368932038835
-0.05371189242544161,0.46754958372175254,0.904368932038835
-0.0537149830928777,0.4676138737985792,0.904368932038835
-0.053720519557167445,0.46780674402905914,0.904368932038835
-0.05372188115495896,0.46780674402905914,0.9045307443365695
-0.05378876336202998,0.46848178983573885,0.9045307443365695
-0.053794043320215645,0.4689318203735253,0.9045307443365695
-0.05382331504316562,0.4691889806808319,0.9045307443365695
-0.053827232432672456,0.4697033012954451,0.9045307443365695
-0.05382970114570562,0.4697675913722717,0.9045307443365695
-0.05382987930025246,0.4697675913722717,0.9046925566343043
-0.05384537309073134,0.4698318814490983,0.9046925566343043
-0.053846694137834994,0.4698318814490983,0.9050161812297735
-0.05384806938991482,0.4699604616027516,0.9050161812297735
-0.05384821453720545,0.46999260664116493,0.9050161812297735
-0.05385919714037812,0.47012118679481824,0.9050161812297735
-0.05386984976447473,0.47015333183323155,0.9050161812297735
-0.05387258916550414,0.4702497669484715,0.9050161812297735
-0.053872914509851655,0.47031405702529816,0.9050161812297735
-0.05388395580652516,0.4705069272557781,0.9050161812297735
-0.05388618869958284,0.4705712173326047,0.9050161812297735
-0.053896453098354224,0.4706676524478447,0.9050161812297735
-0.05390941525469717,0.4706676524478447,0.9055016181229774
-0.053915529426433295,0.47095695779356456,0.9055016181229774
-0.053915723896954926,0.47095695779356456,0.905663430420712
-0.05395174881092757,0.4711819730624578,0.905663430420712
-0.0539569307101716,0.4711819730624578,0.9058252427184466
-0.053964750774674664,0.4712141181008711,0.9058252427184466
-0.05396636126532817,0.4719534539843775,0.9058252427184466
-0.05397176335187698,0.4719534539843775,0.9059870550161813
-0.05397319238760018,0.4720498890996175,0.9059870550161813
-0.05400229877975332,0.4722106142916841,0.9059870550161813
-0.05400367957414631,0.47243562956057733,0.9059870550161813
-0.054022503118971055,0.47262849979105725,0.9059870550161813
-0.0540241362932698,0.4726927898678839,0.9059870550161813
-0.054041206438948886,0.47275707994471056,0.9059870550161813
-0.05404180386715379,0.47275707994471056,0.9061488673139159
-0.054051381540086874,0.4728213700215372,0.9061488673139159
-0.05406038693741927,0.4729499501751905,0.9061488673139159
-0.05407404240864849,0.4729499501751905,0.9064724919093851
-0.05409283587370328,0.4730142402520171,0.9064724919093851
-0.054093401657742735,0.4730142402520171,0.9066343042071198
-0.05409888886273173,0.4730785303288437,0.9066343042071198
-0.054100864864419174,0.4731428204056704,0.9066343042071198
-0.054102370885228235,0.4731749654440837,0.9066343042071198
-0.05411017260383166,0.47327140055932365,0.9066343042071198
-0.054122251830622914,0.47333569063615033,0.9066343042071198
-0.05412298255252668,0.47333569063615033,0.9067961165048544
-0.0541339463200618,0.47343212575139026,0.9067961165048544
-0.05413524575143669,0.4734964158282169,0.9067961165048544
-0.054157372635472045,0.47356070590504357,0.9067961165048544
-0.054160947810490134,0.4739143013275901,0.9067961165048544
-0.054167502736082174,0.47417146163489665,0.9067961165048544
-0.054170680823674044,0.4742357517117233,0.9067961165048544
-0.05417522271340253,0.47433218682696326,0.9067961165048544
-0.05419074468351642,0.4744929120190299,0.9067961165048544
-0.05419518286907016,0.4746536372110965,0.9067961165048544
-0.0541983986927459,0.4746857822495098,0.9067961165048544
-0.0542005518066182,0.4746857822495098,0.906957928802589
-0.05423226520123203,0.47497508759522966,0.906957928802589
-0.05423545510306266,0.47503937767205634,0.906957928802589
-0.05423578974359483,0.4751358127872963,0.906957928802589
-0.05424459105235424,0.47523224790253626,0.906957928802589
-0.054247512779926954,0.4753286830177762,0.906957928802589
-0.054267493292018965,0.4754572631714295,0.906957928802589
-0.05426802717918622,0.47568227844032274,0.906957928802589
-0.05426850860369348,0.47571442347873605,0.906957928802589
-0.054271216825104995,0.4761323089781092,0.906957928802589
-0.05429555885509729,0.4762287440933492,0.906957928802589
-0.0542962992027457,0.47632517920858913,0.906957928802589
-0.05429968956652226,0.4763894692854158,0.906957928802589
-0.05431943375360998,0.4763894692854158,0.9071197411003237
-0.05432140075087716,0.47661448455430905,0.9071197411003237
-0.054322708994760216,0.47661448455430905,0.9072815533980583
-0.05432279180245603,0.476710919669549,0.9072815533980583
-0.05432513099952657,0.476807354784789,0.9072815533980583
-0.05432989440890773,0.4770002250152689,0.9072815533980583
-0.05433278731517999,0.4771609502073355,0.9072815533980583
-0.05433451735134481,0.4771609502073355,0.9074433656957929
-0.05433631106274672,0.47728953036098876,0.9074433656957929
-0.05434001213399292,0.4773216753994021,0.9074433656957929
-0.054353631995124996,0.4774824005914687,0.9074433656957929
-0.05435364426776379,0.47757883570670867,0.9074433656957929
-0.054380466372466296,0.4777395608987753,0.9074433656957929
-0.05438938423635692,0.47812530135973513,0.9074433656957929
-0.05439621948959655,0.47828602655180175,0.9074433656957929
-0.054396806876812365,0.47835031662862837,0.9074433656957929
-0.054401235047559504,0.47844675174386836,0.9074433656957929
-0.05441130180169179,0.478511041820695,0.9074433656957929
-0.05441335262913455,0.4785753318975216,0.9074433656957929
-0.054414190961162956,0.4786074769359349,0.9074433656957929
-0.054419048352982446,0.47892892732006814,0.9074433656957929
-0.0544228757721249,0.47899321739689477,0.9074433656957929
-0.054423121357559834,0.47912179755054807,0.9074433656957929
-0.05442329350235292,0.4794753929730946,0.9074433656957929
-0.054425536172240885,0.4795075380115079,0.9074433656957929
-0.05442730261544826,0.47966826320357453,0.9074433656957929
-0.054433016202592,0.47970040824198784,0.9074433656957929
-0.0544335290112935,0.47970040824198784,0.9076051779935275
-0.054453856194646544,0.47989327847246777,0.9076051779935275
-0.054454126740455355,0.48002185862612107,0.9076051779935275
-0.05446550857764887,0.4800861487029477,0.9076051779935275
-0.05446597582986051,0.4801825838181877,0.9076051779935275
-0.05448508495230597,0.4803111639718409,0.9076051779935275
-0.05449232228884937,0.4803754540486676,0.9076051779935275
-0.0544965518722782,0.48072904947121414,0.9076051779935275
-0.054514264330712325,0.4808576296248674,0.9076051779935275
-0.05451753478291105,0.4808576296248674,0.9077669902912622
-0.054518319011839345,0.4809862097785207,0.9077669902912622
-0.05452968965018257,0.481114789932174,0.9077669902912622
-0.054529839742067154,0.481114789932174,0.9079288025889968
-0.05453607238773467,0.4811790800090006,0.9079288025889968
-0.05454036429242709,0.4817898357388537,0.9079288025889968
-0.0545462972208684,0.481821980777267,0.9079288025889968
-0.05455581232694384,0.48201485100774694,0.9079288025889968
-0.054563310096642836,0.4821112861229869,0.9079288025889968
-0.054566445241280626,0.48217557619981355,0.9079288025889968
-0.054570138448927885,0.48230415635346685,0.9079288025889968
-0.05458719558495717,0.48246488154553346,0.9079288025889968
-0.05458778611430143,0.4825291716223601,0.9079288025889968
-0.05458832343671299,0.4825934616991867,0.9079288025889968
-0.05459775423560742,0.4827541868912533,0.9079288025889968
-0.05461007641770427,0.48281847696808,0.9079288025889968
-0.054629364095280464,0.4828827670449066,0.9079288025889968
-0.05462938840809317,0.48297920216014656,0.9079288025889968
-0.054631162020289836,0.48313992735221317,0.9079288025889968
-0.054637934398018784,0.48320421742903985,0.9079288025889968
-0.05464961158827075,0.4833006525442798,0.9079288025889968
-0.0546542497411599,0.4833006525442798,0.9080906148867314
-0.05465626147993369,0.48381497315889294,0.9080906148867314
-0.05465868035005672,0.48384711819730625,0.9080906148867314
-0.05466108226088351,0.4842650036966794,0.9080906148867314
-0.05468984319892578,0.48449001896557264,0.9080906148867314
-0.05469502976112983,0.4845543090423993,0.9080906148867314
-0.05470374940063283,0.48461859911922595,0.9080906148867314
-0.054706985272230946,0.48471503423446594,0.9080906148867314
-0.05475292036669377,0.4850686296570124,0.9080906148867314
-0.054753587226916256,0.4851329197338391,0.9080906148867314
-0.05475612377661698,0.4851972098106657,0.9080906148867314
-0.05475668798130384,0.48535793500273233,0.9080906148867314
-0.054760498811987746,0.48542222507955896,0.9080906148867314
-0.05476173858981931,0.48555080523321226,0.9080906148867314
-0.05477375217157904,0.4857436754636922,0.9080906148867314
-0.0547855274688569,0.4857436754636922,0.908252427184466
-0.05478966831414944,0.4857758205021055,0.908252427184466
-0.05479861097601896,0.4858401105789321,0.908252427184466
-0.054801238195244906,0.4859044006557588,0.908252427184466
-0.0548084672367643,0.48619370600147865,0.908252427184466
-0.05481282153108974,0.48622585103989197,0.908252427184466
-0.05481372618722824,0.48629014111671864,0.908252427184466
-0.054822486469007115,0.48632228615513196,0.908252427184466
-0.0548228745450301,0.4865151563856119,0.908252427184466
-0.054826426994772914,0.4866437365392652,0.908252427184466
-0.05483759737855015,0.4868366067697451,0.908252427184466
-0.05484165425003912,0.48690089684657173,0.908252427184466
-0.054844993429804534,0.48693304188498504,0.908252427184466
-0.05485282502593758,0.48702947700022503,0.908252427184466
-0.05485343703304946,0.48702947700022503,0.9084142394822007
-0.054861910443152806,0.48709376707705165,0.9084142394822007
-0.05488551029303901,0.4873509273843582,0.9084142394822007
-0.054904348177309714,0.4873509273843582,0.9085760517799353
-0.05490885941522761,0.4876402327300781,0.9085760517799353
-0.0549221922981189,0.4877688128837314,0.9085760517799353
-0.05492441293107647,0.48783310296055804,0.9085760517799353
-0.054934280506890365,0.48789739303738466,0.9085760517799353
-0.05494170735197906,0.48796168311421134,0.9085760517799353
-0.05494418294894643,0.48799382815262465,0.9085760517799353
-0.054947632019416326,0.4880902632678646,0.9085760517799353
-0.05496214068728872,0.4880902632678646,0.9087378640776699
-0.05498007009887684,0.4882831334983445,0.9087378640776699
-0.05498072764527484,0.4882831334983445,0.9088996763754046
-0.05498318026592208,0.4883474235751712,0.9088996763754046
-0.054987987968704743,0.4883474235751712,0.9090614886731392
-0.05500415550972454,0.4885081487672378,0.9090614886731392
-0.0550087424494794,0.4888617441897843,0.9090614886731392
-0.055009228954919054,0.48937606480439744,0.9090614886731392
-0.055040748674706985,0.48966537015011735,0.9090614886731392
-0.05504098055391238,0.489729660226944,0.9090614886731392
-0.05508547440666628,0.49017969076473045,0.9090614886731392
-0.05508722196634863,0.4902439808415571,0.9090614886731392
-0.05508883789759045,0.4902439808415571,0.9092233009708738
-0.05512752564200851,0.4905654312256903,0.9092233009708738
-0.055138178962984674,0.4905654312256903,0.9093851132686084
-0.05514045337226714,0.49059757626410366,0.9093851132686084
-0.05514223981210514,0.4906940113793436,0.9093851132686084
-0.05515988851690751,0.4908547365714102,0.9093851132686084
-0.05516298292062005,0.49133691214761,0.9093851132686084
-0.055177793681132736,0.4914654923012633,0.9093851132686084
-0.05517937116174454,0.4914654923012633,0.9095469255663431
-0.05518378877078084,0.49185123276222315,0.9095469255663431
-0.05518508972576969,0.49188337780063646,0.9095469255663431
-0.055186932718846615,0.49194766787746314,0.9095469255663431
-0.05519459254835868,0.4921083930695297,0.9095469255663431
-0.05521758559829176,0.492236973223183,0.9095469255663431
-0.05521898594028868,0.4923012633000096,0.9095469255663431
-0.05521901767953763,0.4923012633000096,0.9097087378640777
-0.05523062119180794,0.4923976984152496,0.9097087378640777
-0.055232771709372186,0.49249413353048954,0.9097087378640777
-0.05523523236633621,0.4925262785689029,0.9097087378640777
-0.05524163741883081,0.49281558391462277,0.9097087378640777
-0.055249381939437514,0.49287987399144945,0.9097087378640777
-0.0552495849103497,0.49294416406827607,0.9097087378640777
-0.055253191880730634,0.4929763091066894,0.9097087378640777
-0.05525396324475479,0.493040599183516,0.9097087378640777
-0.05527287577475165,0.493137034298756,0.9097087378640777
-0.05528190012320777,0.493137034298756,0.9100323624595469
-0.055289356090378605,0.4932656144524093,0.9100323624595469
-0.055290788365681465,0.4940049503359156,0.9100323624595469
-0.055306818665333546,0.4941013854511556,0.9100323624595469
-0.05530803959052716,0.4947764312578354,0.9100323624595469
-0.05532443161584494,0.4948728663730753,0.9100323624595469
-0.05533194311714523,0.4948728663730753,0.9101941747572816
-0.05533306820575884,0.49503359156514193,0.9101941747572816
-0.055339293245564414,0.49509788164196855,0.9101941747572816
-0.05534193191597031,0.4954514770645151,0.9101941747572816
-0.05536334069327725,0.4956122022565817,0.9101941747572816
-0.05536342158477359,0.4956764923334083,0.9101941747572816
-0.05536746540640031,0.49570863737182164,0.9101941747572816
-0.05538178093926466,0.49570863737182164,0.9103559870550162
-0.0554031887940068,0.4958050724870616,0.9103559870550162
-0.055408319113755156,0.49590150760230156,0.9103559870550162
-0.05540891139443349,0.4960622327943682,0.9103559870550162
-0.05541636223340146,0.4960943778327815,0.9103559870550162
-0.05541802563186449,0.49750875952296764,0.9103559870550162
-0.0554250449000413,0.49757304959979426,0.9103559870550162
-0.055436440601652925,0.49766948471503425,0.9103559870550162
-0.05543701913787896,0.49766948471503425,0.9105177993527508
-0.05544220379636561,0.498248095406474,0.9105177993527508
-0.055442262746309534,0.49828024044488733,0.9105177993527508
-0.055455348739440635,0.49828024044488733,0.9106796116504854
-0.055460908753202476,0.49834453052171396,0.9106796116504854
-0.055463688619176776,0.4989552862515671,0.9106796116504854
-0.055463772195188,0.499148156482047,0.9106796116504854
-0.05551824286238105,0.49940531678935357,0.9106796116504854
-0.05551828035287254,0.4999196374039667,0.9106796116504854
-0.05552398331982117,0.4999196374039667,0.9108414239482201
-0.05553213174827809,0.50004821755762,0.9108414239482201
-0.05554245306511679,0.5001446526728599,0.9108414239482201
-0.05554619760667062,0.5002089427496866,0.9108414239482201
-0.05554906380299646,0.5003375229033399,0.9108414239482201
-0.05555192112879648,0.5003696679417532,0.9108414239482201
-0.05555586515209565,0.5003696679417532,0.9110032362459547
-0.05555971322304254,0.5008839885563663,0.9110032362459547
-0.05556065396610238,0.5009161335947796,0.9110032362459547
-0.05556401660019317,0.5013983091709795,0.9110032362459547
-0.05558524767657136,0.5016233244398727,0.9110032362459547
-0.05558583438984488,0.5016876145166993,0.9110032362459547
-0.05559122796210114,0.5016876145166993,0.9111650485436893
-0.05559699899423354,0.5017197595551127,0.9111650485436893
-0.05560364505210591,0.5019447748240059,0.9111650485436893
-0.05562918420730073,0.5021376450544859,0.9111650485436893
-0.05563036410097505,0.502555530553859,0.9111650485436893
-0.05564421268566816,0.5027162557459256,0.9111650485436893
-0.05564928897445903,0.5034234465910187,0.9111650485436893
-0.05565374719665084,0.503455591629432,0.9111650485436893
-0.05566569732038368,0.503455591629432,0.911326860841424
-0.055667020155883984,0.5035198817062586,0.911326860841424
-0.0556763693595031,0.503648461859912,0.911326860841424
-0.05568323591585356,0.5037448969751519,0.911326860841424
-0.055685020805264884,0.5041627824745251,0.911326860841424
-0.05568853088202014,0.504259217589765,0.911326860841424
-0.055688561337014886,0.504259217589765,0.9114886731391586
-0.055703219634639145,0.5042913626281783,0.9114886731391586
-0.05570385791531446,0.5055128740878846,0.9114886731391586
-0.05570461297555834,0.5055771641647112,0.9114886731391586
-0.05570598470014332,0.5056735992799511,0.9114886731391586
-0.055708763578717846,0.5057378893567778,0.9114886731391586
-0.05572283810994583,0.5058021794336044,0.9114886731391586
-0.05572591425415091,0.5058021794336044,0.9118122977346278
-0.055742504107792024,0.5059950496640844,0.9118122977346278
-0.055742883788081565,0.506059339740911,0.9118122977346278
-0.05578369482490636,0.5064450802018708,0.9118122977346278
-0.05578521531796904,0.506862965701244,0.9118122977346278
-0.05583164131913532,0.507055835931724,0.9118122977346278
-0.05583680750326658,0.5073129962390305,0.9118122977346278
-0.055843259377282295,0.5073772863158571,0.9118122977346278
-0.05584801451854138,0.5073772863158571,0.9119741100323625
-0.05590297754455581,0.5076987366999903,0.9119741100323625
-0.055907942152411794,0.5082773473914302,0.9119741100323625
-0.055920580506567674,0.5085023626603233,0.9119741100323625
-0.05592112712867486,0.5085666527371501,0.9119741100323625
-0.0559252554681835,0.5085666527371501,0.9121359223300971
-0.05592871315945136,0.50866308785239,0.9121359223300971
-0.055930435989838656,0.5088559580828699,0.9121359223300971
-0.05593821444242658,0.5088559580828699,0.9122977346278317
-0.05594235122824348,0.5089202481596965,0.9122977346278317
-0.05594948319499243,0.5091131183901765,0.9122977346278317
-0.05595541503056217,0.5091131183901765,0.9124595469255663
-0.05597580129493679,0.5092416985438297,0.9124595469255663
-0.0559759731845364,0.5100453245041627,0.9124595469255663
-0.05597747002150594,0.5100453245041627,0.912621359223301
-0.05600941542919585,0.510270339773056,0.912621359223301
-0.05601255874991706,0.510366774888296,0.912621359223301
-0.05602109792040383,0.5103989199267093,0.912621359223301
-0.05602126839861399,0.5106560802340159,0.912621359223301
-0.05602238650429492,0.5107846603876691,0.912621359223301
-0.05603057516059856,0.5108489504644959,0.912621359223301
-0.05605687159484146,0.5110096756565624,0.912621359223301
-0.056058899628394665,0.511170400848629,0.912621359223301
-0.05610831821004164,0.5115239962711755,0.912621359223301
-0.056112679401720045,0.5115882863480022,0.912621359223301
-0.05611681238081506,0.5116204313864156,0.912621359223301
-0.05612138708636211,0.511877591693722,0.912621359223301
-0.056126481060548794,0.5119418817705487,0.912621359223301
-0.05612882100291544,0.5119418817705487,0.9127831715210356
-0.056135287347359286,0.5120061718473754,0.9127831715210356
-0.05614162853892973,0.5121026069626153,0.9127831715210356
-0.05614415247525145,0.5121347520010286,0.9127831715210356
-0.05614509836379522,0.5132276833070816,0.9127831715210356
-0.05614721251463012,0.5132919733839082,0.9127831715210356
-0.05615390109390889,0.5135812787296281,0.9127831715210356
-0.05616084244138947,0.5136134237680414,0.9127831715210356
-0.05616248282392777,0.5136134237680414,0.9129449838187702
-0.056168044629623326,0.513677713844868,0.9129449838187702
-0.05617764501054978,0.5137420039216947,0.9129449838187702
-0.05617976909431449,0.5143527596515478,0.9129449838187702
-0.05620372658942496,0.5145456298820277,0.9129449838187702
-0.05620958578122143,0.5152849657655341,0.9129449838187702
-0.05622148319701159,0.5162171718795204,0.9129449838187702
-0.0562365394243593,0.5163136069947604,0.9129449838187702
-0.056239425756144046,0.5163136069947604,0.9131067961165048
-0.05624721967704582,0.5164100421100003,0.9131067961165048
-0.05625074276992981,0.5166029123404803,0.9131067961165048
-0.05626786847204801,0.5167636375325468,0.9131067961165048
-0.05626813021884086,0.5168279276093735,0.9131067961165048
-0.05626969408524968,0.5168600726477868,0.9131067961165048
-0.05627034617611176,0.5168600726477868,0.9132686084142395
-0.05627977764586101,0.5169565077630268,0.9132686084142395
-0.05627985203962599,0.5171493779935067,0.9132686084142395
-0.05628674649013432,0.5172458131087466,0.9132686084142395
-0.05629127456610783,0.5174386833392266,0.9132686084142395
-0.05629846316504322,0.5175351184544665,0.9132686084142395
-0.0563006056517521,0.5177922787617731,0.9132686084142395
-0.056302010734052,0.5178565688385998,0.9132686084142395
-0.0563120796601036,0.517985148992253,0.9132686084142395
-0.05631278864033529,0.5180172940306663,0.9132686084142395
-0.05631304875322335,0.5180172940306663,0.9134304207119741
-0.05638406916462907,0.5184994696068662,0.9134304207119741
-0.05639133236656285,0.5186280497605195,0.9134304207119741
-0.056399341515596835,0.5188852100678261,0.9134304207119741
-0.056400661348016135,0.5193995306824392,0.9134304207119741
-0.05640447059647402,0.5194638207592658,0.9134304207119741
-0.056411892196436886,0.5195281108360924,0.9134304207119741
-0.05641269006439287,0.5195281108360924,0.9135922330097087
-0.056432902229193616,0.5197209810665724,0.9135922330097087
-0.05643335329124394,0.5200424314507056,0.9135922330097087
-0.056452067211894,0.5201067215275322,0.9135922330097087
-0.05645409972383253,0.5203960268732521,0.9135922330097087
-0.056468173664214694,0.5204603169500788,0.9135922330097087
-0.05646892032986123,0.5206531871805586,0.9135922330097087
-0.056483987797898816,0.5207496222957987,0.9135922330097087
-0.05648897849462853,0.5208139123726253,0.9135922330097087
-0.05649937494659346,0.5214246681024783,0.9135922330097087
-0.056504177105321296,0.5214568131408917,0.9135922330097087
-0.05650450287084591,0.5218746986402649,0.9135922330097087
-0.05650890617981402,0.5219068436786782,0.9135922330097087
-0.05651098485591416,0.5219068436786782,0.913915857605178
-0.056518031691159654,0.5219389887170915,0.913915857605178
-0.056524649103710745,0.5219389887170915,0.9140776699029126
-0.0565293957625827,0.5220354238323315,0.9140776699029126
-0.05653017736820776,0.5220354238323315,0.9142394822006472
-0.05654106566047046,0.5221318589475714,0.9142394822006472
-0.05654602886636784,0.5222282940628115,0.9142394822006472
-0.05654867342418218,0.5222925841396381,0.9142394822006472
-0.05655087590026131,0.5230640650615578,0.9142394822006472
-0.05655412080667027,0.5241248513291973,0.9142394822006472
-0.05655412080667038,0.5248641872127037,0.9142394822006472
-0.05656542242447865,0.5248641872127037,0.9144012944983819
-0.056567412558321706,0.5248963322511171,0.9144012944983819
-0.056568938070602814,0.5252499276736635,0.9144012944983819
-0.05659710953557695,0.5254427979041435,0.9144012944983819
-0.056599385819717185,0.5256678131730368,0.9144012944983819
-0.05660129865001384,0.5256999582114501,0.9144012944983819
-0.05660705446976738,0.5256999582114501,0.9145631067961165
-0.05666452840729852,0.5259571185187566,0.9145631067961165
-0.05666583931281566,0.5259571185187566,0.9147249190938511
-0.05666893325700961,0.5263428589797164,0.9147249190938511
-0.05668910542049588,0.5265357292101964,0.9147249190938511
-0.056689793037489,0.5265357292101964,0.9150485436893204
-0.05669069674143451,0.5265678742486097,0.9150485436893204
-0.05669137040806882,0.526792889517503,0.9150485436893204
-0.056704516037468844,0.526889324632743,0.9150485436893204
-0.056705226399824005,0.526889324632743,0.915210355987055
-0.05672139511678931,0.5270179047863962,0.915210355987055
-0.05672499599047642,0.5270179047863962,0.9153721682847896
-0.05673538722387805,0.5271143399016361,0.9153721682847896
-0.05673755404856434,0.5271786299784629,0.9153721682847896
-0.05676760030926725,0.5273393551705294,0.9153721682847896
-0.056768905894167665,0.527596515477836,0.9153721682847896
-0.05680963237590919,0.5278215307467292,0.9153721682847896
-0.05681138054187723,0.5278215307467292,0.9155339805825242
-0.05682116074514776,0.5279501109003826,0.9155339805825242
-0.0568298130264272,0.5279501109003826,0.9156957928802589
-0.05683992295096635,0.5280144009772092,0.9156957928802589
-0.056840148717682004,0.5280144009772092,0.9158576051779935
-0.056844006779059486,0.5282715612845157,0.9158576051779935
-0.05688203002795339,0.5285930116686489,0.9158576051779935
-0.05688558678937622,0.5285930116686489,0.9160194174757281
-0.05694245890448152,0.5289144620527821,0.9160194174757281
-0.05694393993655322,0.5302324086277284,0.9160194174757281
-0.05695099808669868,0.530296698704555,0.9160194174757281
-0.05695387133387808,0.530296698704555,0.9161812297734628
-0.05695714840165922,0.5303609887813816,0.9161812297734628
-0.056957574512702946,0.5304252788582082,0.9161812297734628
-0.05696106930365802,0.5304574238966215,0.9161812297734628
-0.05696737802539015,0.5304574238966215,0.916504854368932
-0.05696837676253069,0.5305538590118615,0.916504854368932
-0.056985503903621504,0.5306502941271015,0.916504854368932
-0.05700630444772142,0.5306502941271015,0.9166666666666666
-0.05702390095230836,0.5308431643575814,0.9166666666666666
-0.057024531904957876,0.5314860651258478,0.9166666666666666
-0.05702987938729043,0.5315182101642612,0.9166666666666666
-0.0570399124989579,0.5315182101642612,0.9169902912621359
-0.057042907704682955,0.5315503552026745,0.9169902912621359
-0.057043850558785913,0.5316146452795011,0.9169902912621359
-0.05705783708392287,0.5316146452795011,0.9173139158576051
-0.05706844335047445,0.5316789353563277,0.9173139158576051
-0.0570692729816793,0.5316789353563277,0.9174757281553398
-0.057075700302447796,0.5317432254331544,0.9174757281553398
-0.057080763489102404,0.5317432254331544,0.9176375404530744
-0.05708904969486395,0.5318396605483944,0.9176375404530744
-0.05709607252038762,0.5318396605483944,0.917799352750809
-0.057124841062945186,0.5320646758172876,0.917799352750809
-0.057132602376527786,0.5320646758172876,0.9179611650485436
-0.05714026165588382,0.5321932559709409,0.9179611650485436
-0.05714373865083949,0.5331897521617538,0.9179611650485436
-0.057145619259328484,0.5332218972001671,0.9179611650485436
-0.05715098288849241,0.5333504773538205,0.9179611650485436
-0.0571554180842026,0.5333826223922338,0.9179611650485436
-0.05715878424132392,0.5334469124690604,0.9179611650485436
-0.05716216263813462,0.5334790575074737,0.9179611650485436
-0.05716445185739072,0.5341219582757402,0.9179611650485436
-0.057175363202540574,0.5341219582757402,0.9181229773462783
-0.05720298711301741,0.53431482850622,0.9181229773462783
-0.057215110059588736,0.53431482850622,0.9182847896440129
-0.05724725461270008,0.5346362788903533,0.9182847896440129
-0.05725084682184761,0.5347005689671799,0.9182847896440129
-0.057263216082837076,0.5348612941592465,0.9182847896440129
-0.0572643127534484,0.535311324697033,0.9182847896440129
-0.05726499043173605,0.5353756147738596,0.9182847896440129
-0.057265473703839276,0.5355363399659263,0.9182847896440129
-0.05730938217403392,0.5357292101964062,0.9182847896440129
-0.057319026886294644,0.5357292101964062,0.9184466019417475
-0.05734032300245989,0.5358577903500594,0.9184466019417475
-0.057341458656241795,0.5359220804268862,0.9184466019417475
-0.05734807458757796,0.5359542254652995,0.9184466019417475
-0.05735068823555195,0.5362756758494326,0.9184466019417475
-0.05735371730895039,0.537207881963419,0.9184466019417475
-0.05736315832764255,0.5372400270018323,0.9184466019417475
-0.057364151130540275,0.5375614773859655,0.9184466019417475
-0.057374078368985226,0.5376579125012054,0.9184466019417475
-0.057376022897772716,0.5376579125012054,0.9186084142394823
-0.057394500224670075,0.537722202578032,0.9186084142394823
-0.0574256438355481,0.537722202578032,0.9189320388349514
-0.05745394174255203,0.537915072808512,0.9189320388349514
-0.057457622103046,0.5381079430389919,0.9189320388349514
-0.05746025981401942,0.5381722331158185,0.9189320388349514
-0.05746396699374445,0.5383329583078852,0.9189320388349514
-0.057465127420598006,0.5383972483847118,0.9189320388349514
-0.057467538726357736,0.5384293934231251,0.9189320388349514
-0.057468197606107774,0.5384936834999517,0.9189320388349514
-0.05755144322692918,0.5391687293066315,0.9189320388349514
-0.05755206968993515,0.5391687293066315,0.919093851132686
-0.05759630348453526,0.5394580346523514,0.919093851132686
-0.0576035045025175,0.5394580346523514,0.9192556634304208
-0.057667975202334965,0.5398437751133113,0.9192556634304208
-0.05767137306278086,0.5398437751133113,0.9194174757281554
-0.05767616196452818,0.5398759201517246,0.9194174757281554
-0.05767787836088406,0.5401330804590312,0.9194174757281554
-0.05767860394110563,0.5401652254974445,0.9194174757281554
-0.05767999445959171,0.5401652254974445,0.91957928802589
-0.05776144141704387,0.540615256035231,0.91957928802589
-0.057762027419188955,0.5406795461120576,0.91957928802589
-0.0577711589324128,0.5407438361888842,0.91957928802589
-0.057777623477549334,0.5409367064193642,0.91957928802589
-0.057785123368023605,0.5410652865730174,0.91957928802589
-0.05782328273334941,0.5411938667266707,0.91957928802589
-0.05783264443122155,0.5418367674949371,0.91957928802589
-0.057846392337020325,0.5419010575717638,0.91957928802589
-0.0578488188127832,0.5419653476485904,0.91957928802589
-0.057857151367868453,0.5419974926870038,0.91957928802589
-0.057862495532280234,0.5426082484168568,0.91957928802589
-0.05787165745220263,0.5427046835320968,0.91957928802589
-0.05787728737575659,0.5428654087241634,0.91957928802589
-0.05788430948126283,0.5429296988009901,0.91957928802589
-0.0578843237460302,0.5429296988009901,0.9197411003236245
-0.057923719392973305,0.5432511491851233,0.9197411003236245
-0.057929011813124376,0.5432511491851233,0.9199029126213593
-0.0579323546476207,0.5437976148381497,0.9199029126213593
-0.05794099128052588,0.5438619049149763,0.9199029126213593
-0.05795719470455263,0.5438619049149763,0.9200647249190939
-0.057964738672463934,0.5439261949918031,0.9200647249190939
-0.05796552068683314,0.5439261949918031,0.9202265372168285
-0.05798107455323498,0.5439904850686297,0.9202265372168285
-0.05798454274573556,0.5441512102606962,0.9202265372168285
-0.05800120712993584,0.5442797904143496,0.9202265372168285
-0.05800420681212948,0.544633385836896,0.9202265372168285
-0.05802184162278645,0.5447298209521361,0.9202265372168285
-0.058026525158225484,0.5449869812594426,0.9202265372168285
-0.05802770386352313,0.5450512713362693,0.9202265372168285
-0.05803204237903287,0.5456941721045356,0.9202265372168285
-0.05804382027102595,0.5457906072197757,0.9202265372168285
-0.0580555675090369,0.5457906072197757,0.920388349514563
-0.05806116680988793,0.545822752258189,0.920388349514563
-0.05806188001856344,0.5461442026423221,0.920388349514563
-0.05806684109304233,0.5462084927191488,0.920388349514563
-0.05806842412078339,0.546433507988042,0.920388349514563
-0.05807164430279882,0.546433507988042,0.9205501618122978
-0.05811680935456809,0.5468192484490019,0.9205501618122978
-0.05812611077565849,0.5468192484490019,0.9207119741100324
-0.05812619165387278,0.547237133948375,0.9207119741100324
-0.05814527432630473,0.5472692789867883,0.9207119741100324
-0.05815150351429754,0.5472692789867883,0.920873786407767
-0.058185845554201254,0.5473335690636151,0.920873786407767
-0.0581887464642315,0.547526439294095,0.920873786407767
-0.05819291365222057,0.5475907293709216,0.920873786407767
-0.05819465962712517,0.5481050499855348,0.920873786407767
-0.05820270557571272,0.5481693400623614,0.920873786407767
-0.05820612816537224,0.5482979202160146,0.920873786407767
-0.05823418710901829,0.5484586454080813,0.920873786407767
-0.058237762711636276,0.5484586454080813,0.9210355987055017
-0.058245888519744216,0.5484907904464946,0.9210355987055017
-0.058246394463957574,0.5485872255617346,0.9210355987055017
-0.05835042767315746,0.5492944164068276,0.9210355987055017
-0.05836004703655473,0.5496801568677875,0.9210355987055017
-0.058361328799740875,0.5496801568677875,0.9211974110032363
-0.058390492433941066,0.5499694622135074,0.9211974110032363
-0.05839485298065916,0.5499694622135074,0.9213592233009709
-0.05848743193810946,0.550644508020187,0.9213592233009709
-0.058494336844093,0.5507087980970137,0.9213592233009709
-0.058494478859000776,0.5507409431354271,0.9213592233009709
-0.05849892776071147,0.550837378250667,0.9213592233009709
-0.05852236093464658,0.5509659584043203,0.9213592233009709
-0.058522975481910766,0.5513195538268668,0.9213592233009709
-0.05854706340522681,0.5514159889421067,0.9213592233009709
-0.058555660133071064,0.5515445690957601,0.9213592233009709
-0.058584652218393096,0.5517695843646533,0.9213592233009709
-0.05859150818310299,0.5517695843646533,0.9215210355987055
-0.05859848772799314,0.5522839049792665,0.9215210355987055
-0.05860795975305655,0.5523481950560931,0.9215210355987055
-0.058608014042913714,0.5524124851329197,0.9215210355987055
-0.05861158880203077,0.5524124851329197,0.9216828478964402
-0.05861411583808207,0.552444630171333,0.9216828478964402
-0.0586245405259444,0.5525089202481597,0.9216828478964402
-0.05862842884374425,0.552637500401813,0.9216828478964402
-0.058631389526166366,0.5527660805554663,0.9216828478964402
-0.05863478134948891,0.5527982255938796,0.9216828478964402
-0.058635208332147026,0.5528625156707062,0.9216828478964402
-0.058637113670854335,0.5528946607091195,0.9216828478964402
-0.05864044148995334,0.5533768362853193,0.9216828478964402
-0.0586453930628163,0.5534089813237327,0.9216828478964402
-0.05865520730701318,0.5535054164389727,0.9216828478964402
-0.05869158840256289,0.5537304317078658,0.9216828478964402
-0.05869820328949166,0.5546947828602655,0.9216828478964402
-0.05870099670864315,0.5548233630139188,0.9216828478964402
-0.05870754941087414,0.5549197981291588,0.9216828478964402
-0.058717904444984315,0.5549519431675721,0.9216828478964402
-0.058739247637566716,0.5549519431675721,0.9218446601941748
-0.05877357800693239,0.5551769584364653,0.9218446601941748
-0.05877536989014559,0.5553055385901187,0.9218446601941748
-0.05879230159674226,0.5554984088205985,0.9218446601941748
-0.058797540314303176,0.5555626988974252,0.9218446601941748
-0.05881540439094418,0.5556912790510785,0.9218446601941748
-0.0588164591122628,0.5557877141663184,0.9218446601941748
-0.05881997598205879,0.5558198592047318,0.9218446601941748
-0.05882554888471636,0.5558198592047318,0.9220064724919094
-0.05882769774310226,0.5558841492815584,0.9220064724919094
-0.05886719734020979,0.5561734546272783,0.9220064724919094
-0.05886725168962931,0.5563341798193449,0.9220064724919094
-0.05887478415545877,0.5563663248577582,0.9220064724919094
-0.05887486751880322,0.5565913401266515,0.9220064724919094
-0.05888244736915732,0.5566556302034781,0.9220064724919094
-0.05888776056928274,0.5566556302034781,0.922168284789644
-0.05889441004963131,0.556752065318718,0.922168284789644
-0.05889462754823577,0.556752065318718,0.9223300970873787
-0.058896884180175746,0.5568163553955447,0.9223300970873787
-0.05890072988023831,0.5568806454723714,0.9223300970873787
-0.05890392056153615,0.5569127905107847,0.9223300970873787
-0.05891766414518995,0.5573306760101578,0.9223300970873787
-0.058936082692430725,0.5577164164711177,0.9223300970873787
-0.058936577792229716,0.5585843325082773,0.9223300970873787
-0.058944171330044315,0.5585843325082773,0.9224919093851133
-0.05894477938994003,0.5592915233533704,0.9224919093851133
-0.05895726017827885,0.5593236683917837,0.9224919093851133
-0.058964522945874176,0.5595165386222637,0.9224919093851133
-0.058966728598634055,0.5595808286990903,0.9224919093851133
-0.058971228822670696,0.5595808286990903,0.9226537216828479
-0.058994842309235906,0.5598379890063968,0.9226537216828479
-0.05900019923979921,0.5599344241216369,0.9226537216828479
-0.05904261029465796,0.5600951493137034,0.9226537216828479
-0.05904423881618931,0.5602558745057701,0.9226537216828479
-0.059052788998191164,0.5602880195441834,0.9226537216828479
-0.05905616880312614,0.56044874473625,0.9226537216828479
-0.05905666376812707,0.561155935581343,0.9226537216828479
-0.05907335808376768,0.5612202256581696,0.9226537216828479
-0.05908460131329413,0.5615738210807162,0.9226537216828479
-0.05908820985853719,0.5617024012343694,0.9226537216828479
-0.05909030372462126,0.5618631264264361,0.9226537216828479
-0.059157121261408485,0.5624095920794625,0.9226537216828479
-0.05916644564219187,0.5624095920794625,0.9228155339805825
-0.05918104545492542,0.5624738821562891,0.9228155339805825
-0.05918402920923238,0.5628274775788357,0.9228155339805825
-0.05918432305062188,0.5629239126940757,0.9228155339805825
-0.05918867891457419,0.562956057732489,0.9228155339805825
-0.059189730334646695,0.5632132180397955,0.9228155339805825
-0.05919384408640965,0.5640168440001285,0.9228155339805825
-0.05920273814742577,0.5641775691921952,0.9228155339805825
-0.05921267418881587,0.5643061493458484,0.9228155339805825
-0.05921373027048682,0.5643382943842618,0.9228155339805825
-0.05922337597284283,0.5644347294995018,0.9228155339805825
-0.05925457737437051,0.5645954546915684,0.9228155339805825
-0.05925550973727961,0.5646918898068083,0.9228155339805825
-0.05927846503994155,0.5648204699604616,0.9228155339805825
-0.05928343468384778,0.5651419203445948,0.9228155339805825
-0.05929012690670826,0.5651740653830082,0.9228155339805825
-0.0592932473477375,0.5652705004982481,0.9228155339805825
-0.059296129105397,0.5653026455366614,0.9228155339805825
-0.05930628030533486,0.5653026455366614,0.9229773462783172
-0.05930646471391243,0.5653347905750747,0.9229773462783172
-0.0593120732038927,0.5657205310360346,0.9229773462783172
-0.05932260352773666,0.5658491111896878,0.9229773462783172
-0.05932493841068992,0.5658491111896878,0.9231391585760518
-0.05933891628542809,0.5660098363817545,0.9231391585760518
-0.059341079608864866,0.5660098363817545,0.9233009708737864
-0.059347120904658934,0.5660741264585811,0.9233009708737864
-0.059354899092797064,0.5675206531871806,0.9233009708737864
-0.059365562980273845,0.5675849432640072,0.9233009708737864
-0.05936623177399453,0.5675849432640072,0.9234627831715211
-0.05940546844113265,0.5678742486097271,0.9234627831715211
-0.05941144980415941,0.5680349738017937,0.9234627831715211
-0.05945587459392693,0.5685492944164068,0.9234627831715211
-0.05946224554286855,0.5686778745700601,0.9234627831715211
-0.059466331578727494,0.5687743096853001,0.9234627831715211
-0.05948316338532034,0.5689993249541934,0.9234627831715211
-0.05948320486595671,0.5696422257224597,0.9234627831715211
-0.059566391171023914,0.5700279661834196,0.9234627831715211
-0.05957025316973469,0.5701244012986596,0.9234627831715211
-0.059573419938714456,0.5701565463370729,0.9234627831715211
-0.05957347714458866,0.5701565463370729,0.9236245954692557
-0.059578741133967106,0.5701886913754862,0.9236245954692557
-0.05958254287546172,0.5705101417596194,0.9236245954692557
-0.05961245878605459,0.5707994471053393,0.9236245954692557
-0.059613698080160316,0.5709923173358192,0.9236245954692557
-0.05963418940877768,0.5711851875662991,0.9236245954692557
-0.05963429576214008,0.571570928027259,0.9236245954692557
-0.059652322608198693,0.5717637982577389,0.9236245954692557
-0.05965486061300623,0.5717637982577389,0.9237864077669903
-0.05967907474837619,0.5719566684882188,0.9237864077669903
-0.05968150408641015,0.5735317753704716,0.9237864077669903
-0.05969401023182541,0.5736603555241249,0.9237864077669903
-0.059739092719913456,0.5738532257546047,0.9237864077669903
-0.059745741371975525,0.5738532257546047,0.9239482200647249
-0.05975007427508777,0.573885370793018,0.9239482200647249
-0.05976088723658479,0.5740139509466714,0.9239482200647249
-0.0597875108076662,0.574174676138738,0.9239482200647249
-0.05978945795716867,0.5743032562923913,0.9239482200647249
-0.0597930541284149,0.5743354013308046,0.9239482200647249
-0.05979330070401584,0.5748175769070044,0.9239482200647249
-0.059809456455855003,0.5748497219454177,0.9239482200647249
-0.05981266576395883,0.5749140120222443,0.9239482200647249
-0.05981419841588087,0.5749461570606577,0.9239482200647249
-0.059816519608971,0.575074737214311,0.9239482200647249
-0.059852678834235784,0.5754604776752709,0.9239482200647249
-0.059853782981707127,0.5754604776752709,0.9241100323624596
-0.05985681141603394,0.5755247677520975,0.9241100323624596
-0.05985727630767923,0.5755569127905108,0.9241100323624596
-0.059865343442581154,0.5763605387508438,0.9241100323624596
-0.059887227901640416,0.5765534089813237,0.9241100323624596
-0.05989256878587296,0.5767462792118037,0.9241100323624596
-0.059932325506125705,0.5770998746343502,0.9241100323624596
-0.05993559735290915,0.5782249509788164,0.9241100323624596
-0.05998246646489763,0.5785464013629497,0.9241100323624596
-0.05998368098613294,0.5785464013629497,0.9242718446601942
-0.0600136237319388,0.5787392715934295,0.9242718446601942
-0.06001422470437029,0.5787392715934295,0.9244336569579288
-0.06004141016353309,0.5788999967854962,0.9244336569579288
-0.06004361985860346,0.5789642868623228,0.9244336569579288
-0.06005529655393799,0.5790285769391494,0.9244336569579288
-0.06005541133110076,0.5792535922080427,0.9244336569579288
-0.06005972704309198,0.579285737246456,0.9244336569579288
-0.06006450495078586,0.5798322028994825,0.9244336569579288
-0.06015326475177851,0.5805393937445755,0.9244336569579288
-0.06015462030613555,0.5807965540518821,0.9244336569579288
-0.060155368685876454,0.5808286990902954,0.9244336569579288
-0.06016371187517899,0.5810537143591886,0.9244336569579288
-0.060310993828567305,0.5820823555884149,0.9244336569579288
-0.060312098414602944,0.5822109357420682,0.9244336569579288
-0.0603219917290152,0.5823073708573082,0.9244336569579288
-0.0603220390589963,0.5824038059725481,0.9244336569579288
-0.060335184606612524,0.5824680960493748,0.9244336569579288
-0.060347349902606706,0.5833681571249477,0.9244336569579288
-0.06036560805981267,0.5834967372786011,0.9244336569579288
-0.06036920733064094,0.5834967372786011,0.9245954692556634
-0.060416586381075055,0.5837217525474943,0.9245954692556634
-0.06042118790858736,0.5840110578932142,0.9245954692556634
-0.06043735412484519,0.5841396380468674,0.9245954692556634
-0.06044155465572032,0.5843003632389341,0.9245954692556634
-0.060463189628448266,0.5843646533157607,0.9245954692556634
-0.06046705177513667,0.5846218136230673,0.9245954692556634
-0.06051419880757375,0.5851361342376804,0.9245954692556634
-0.060520314399781505,0.5852325693529203,0.9245954692556634
-0.060523934950180436,0.5853611495065737,0.9245954692556634
-0.06052674076309905,0.585393294544987,0.9245954692556634
-0.06053093398076981,0.5855218746986403,0.9245954692556634
-0.06055905052380345,0.5856183098138802,0.9245954692556634
-0.06056616792387565,0.5867755311967597,0.9245954692556634
-0.060590622838950836,0.5869362563888264,0.9245954692556634
-0.06059071680317479,0.5869362563888264,0.9247572815533981
-0.060618459506188827,0.5870648365424797,0.9247572815533981
-0.06061941853762065,0.5871934166961329,0.9247572815533981
-0.06062359544919366,0.5872255617345463,0.9247572815533981
-0.06062507667975875,0.5880613327332926,0.9247572815533981
-0.06064738519884899,0.5882542029637725,0.9247572815533981
-0.06065058586984601,0.5883827831174259,0.9247572815533981
-0.060681780582514444,0.588607798386319,0.9247572815533981
-0.0606832558837021,0.588800668616799,0.9247572815533981
-0.06070593116931772,0.5889935388472789,0.9247572815533981
-0.06070693571193436,0.5889935388472789,0.9249190938511327
-0.060712570956951206,0.5890256838856922,0.9249190938511327
-0.060712871855764516,0.5890256838856922,0.9250809061488673
-0.0607473895566597,0.5892185541161722,0.9250809061488673
-0.060749637920067934,0.5892828441929988,0.9250809061488673
-0.06077143851968925,0.5893471342698254,0.9250809061488673
-0.06077302069884111,0.589893599922852,0.9250809061488673
-0.060774113879345004,0.5899578899996786,0.9250809061488673
-0.06078232327769195,0.5902793403838118,0.9250809061488673
-0.06078509456527087,0.5903436304606384,0.9250809061488673
-0.06078591452371934,0.590407920537465,0.9250809061488673
-0.060790010266577654,0.590504355652705,0.9250809061488673
-0.06079356415715742,0.5907936609984249,0.9250809061488673
-0.0607968127582863,0.5908258060368382,0.9250809061488673
-0.06079694204834113,0.5908900961136648,0.9250809061488673
-0.06082104123112514,0.5910186762673182,0.9250809061488673
-0.0608216921487984,0.5911472564209714,0.9250809061488673
-0.060847077386839865,0.5912758365746247,0.9250809061488673
-0.06084869034468682,0.5914365617666913,0.9250809061488673
-0.06089913442398914,0.5919187373428911,0.9250809061488673
-0.060902145040610256,0.5919830274197178,0.9250809061488673
-0.06095379839649362,0.5925294930727443,0.9250809061488673
-0.060955491285814845,0.5930759587257707,0.9250809061488673
-0.060964748288297066,0.5931723938410106,0.9250809061488673
-0.060971092666825655,0.5932688289562505,0.9250809061488673
-0.060972088532380564,0.5933331190330773,0.9250809061488673
-0.060980629326287006,0.5959690121829696,0.9250809061488673
-0.0609964801245339,0.5960333022597962,0.9250809061488673
-0.06100116307436382,0.5965797679128226,0.9250809061488673
-0.061006628392163476,0.5966440579896493,0.9250809061488673
-0.061010027630417074,0.5966440579896493,0.925242718446602
-0.0610106360115808,0.596708348066476,0.925242718446602
-0.06101276861991278,0.5969333633353692,0.925242718446602
-0.0610302144484558,0.5970297984506091,0.925242718446602
-0.061030723027423184,0.5970297984506091,0.9254045307443366
-0.061041400805161794,0.5971583786042625,0.9254045307443366
-0.0610440971113424,0.5973833938731556,0.9254045307443366
-0.06106734054778706,0.5976726992188756,0.9254045307443366
-0.06107009515265904,0.5990549358706484,0.9254045307443366
-0.06107884535306468,0.5991513709858883,0.9254045307443366
-0.06107962966157182,0.5994085312931949,0.9254045307443366
-0.06109892284702745,0.5995049664084349,0.9254045307443366
-0.06110257362505117,0.5995049664084349,0.9255663430420712
-0.06113839438836527,0.5997621267157415,0.9255663430420712
-0.061143083134429566,0.6001478671767013,0.9255663430420712
-0.06116342427545568,0.6002764473303546,0.9255663430420712
-0.061168607769543415,0.6002764473303546,0.9257281553398058
-0.06120680243447929,0.6005014625992479,0.9257281553398058
-0.06120927293169126,0.6005014625992479,0.9258899676375405
-0.06121073247217407,0.6006300427529011,0.9258899676375405
-0.0612155468082175,0.6006943328297277,0.9258899676375405
-0.061223413382276326,0.6009836381754476,0.9258899676375405
-0.0612321526351875,0.6010479282522743,0.9258899676375405
-0.06123925227559779,0.6010479282522743,0.9260517799352751
-0.0612406072652385,0.6010800732906876,0.9260517799352751
-0.06124204683583773,0.6011443633675142,0.9260517799352751
-0.06129355758989302,0.6015622488668874,0.9260517799352751
-0.061309680918430476,0.6017872641357807,0.9260517799352751
-0.061332170855181056,0.6020444244430873,0.9260517799352751
-0.0613401617454048,0.6020444244430873,0.9263754045307443
-0.061362000697109564,0.6022051496351538,0.9263754045307443
-0.06136696867794733,0.6023658748272204,0.9263754045307443
-0.06141389585848511,0.602623035134527,0.9263754045307443
-0.061418918425944435,0.602623035134527,0.926537216828479
-0.06142090983854187,0.6026551801729403,0.926537216828479
-0.06142523464278471,0.6029444855186602,0.926537216828479
-0.061495934298553934,0.60333022597962,0.926537216828479
-0.06149717804724508,0.60342666109486,0.926537216828479
-0.06156043509894826,0.6038766916326465,0.926537216828479
-0.06156477280162659,0.604423157285673,0.926537216828479
-0.06156741341861349,0.6044553023240863,0.926537216828479
-0.06156920435518903,0.6044553023240863,0.9268608414239482
-0.0615774749765956,0.6044874473624996,0.9268608414239482
-0.061579282543120784,0.6044874473624996,0.9270226537216828
-0.061580203701327996,0.6044874473624996,0.9273462783171521
-0.06159373689264669,0.6045517374393262,0.9273462783171521
-0.0615971921488393,0.6045517374393262,0.9275080906148867
-0.06160098344289844,0.6045838824777395,0.9275080906148867
-0.06160639239809346,0.6046481725545662,0.9275080906148867
-0.06160763410039538,0.6046481725545662,0.9276699029126214
-0.061612723203163244,0.6046803175929796,0.9276699029126214
-0.06161327014655854,0.605226783246006,0.9276699029126214
-0.06162678856030723,0.6053232183612459,0.9276699029126214
-0.06163573849379922,0.6053232183612459,0.927831715210356
-0.061659815759604386,0.6055803786685525,0.927831715210356
-0.061663641410605485,0.6059661191295124,0.927831715210356
-0.06167093930321049,0.606030409206339,0.927831715210356
-0.0616720944617028,0.606030409206339,0.9279935275080906
-0.061700360141833055,0.6062875695136456,0.9279935275080906
-0.061711088390223545,0.6064161496672988,0.9279935275080906
-0.061720947934519876,0.6064804397441255,0.9279935275080906
-0.06172575147786591,0.6066090198977788,0.9279935275080906
-0.06180352678344686,0.6072197756276319,0.9279935275080906
-0.06180411479113146,0.6072197756276319,0.9281553398058252
-0.06182489956785531,0.6073805008196985,0.9281553398058252
-0.061839489923750324,0.6073805008196985,0.9283171521035599
-0.06184101030854755,0.6074126458581118,0.9283171521035599
-0.06184377143403891,0.6078948214343116,0.9283171521035599
-0.061845078060380865,0.6079912565495516,0.9283171521035599
-0.06184862209493219,0.6080234015879649,0.9283171521035599
-0.06185795538366501,0.6082805618952715,0.9283171521035599
-0.0618651041897153,0.6083448519720981,0.9283171521035599
-0.06186789544878374,0.6083448519720981,0.9284789644012945
-0.061885767024125904,0.6085055771641648,0.9284789644012945
-0.06190102561634453,0.6085055771641648,0.9288025889967637
-0.06190372209319561,0.6085377222025781,0.9288025889967637
-0.06190412879980911,0.6086020122794047,0.9288025889967637
-0.06190536060707574,0.6086663023562313,0.9288025889967637
-0.06190873733111163,0.6088591725867113,0.9288025889967637
-0.061916839720369654,0.6089234626635379,0.9288025889967637
-0.06191812789769269,0.6089234626635379,0.9289644012944984
-0.061936616018164026,0.6090198977787779,0.9289644012944984
-0.06193898136800052,0.6092127680092577,0.9289644012944984
-0.06194329538929377,0.6092770580860845,0.9289644012944984
-0.06194388345958718,0.6094056382397377,0.9289644012944984
-0.06195237565464379,0.6095663634318043,0.9289644012944984
-0.061954395533007134,0.6096949435854576,0.9289644012944984
-0.061979495414904995,0.6098556687775242,0.9289644012944984
-0.06198948898565115,0.6099521038927641,0.9289644012944984
-0.061993001866639696,0.6100163939695908,0.9289644012944984
-0.06199391347527078,0.6101449741232441,0.9289644012944984
-0.06200292088287629,0.6106271496994439,0.9289644012944984
-0.06200592018849288,0.6106914397762705,0.9289644012944984
-0.06200752837493961,0.611237905429297,0.9289644012944984
-0.062023380141129125,0.6113664855829503,0.9289644012944984
-0.06202801409304831,0.6115272107750169,0.9289644012944984
-0.062035831907198635,0.6116557909286702,0.9289644012944984
-0.06203776559169705,0.6117200810054968,0.9289644012944984
-0.062041592600430406,0.6117522260439101,0.9289644012944984
-0.06204266657784574,0.6121701115432833,0.9289644012944984
-0.06204538694279066,0.6122344016201099,0.9289644012944984
-0.062049465397188586,0.6122986916969366,0.9289644012944984
-0.062050768320964456,0.6122986916969366,0.929126213592233
-0.06205386848062794,0.6123308367353499,0.929126213592233
-0.06206296332231631,0.6123308367353499,0.9292880258899676
-0.0620712894203036,0.6124272718505899,0.9292880258899676
-0.06207365986382968,0.6125879970426564,0.9292880258899676
-0.062083631555780505,0.6127487222347231,0.9292880258899676
-0.0620854747324458,0.6128130123115497,0.9292880258899676
-0.06217307360663549,0.6134559130798162,0.9292880258899676
-0.06217317021235247,0.6134559130798162,0.9294498381877022
-0.06219698897508641,0.6136809283487094,0.9294498381877022
-0.062207730736085154,0.613841653540776,0.9294498381877022
-0.06221607331606821,0.6138737985791893,0.9294498381877022
-0.06222552011444232,0.6140666688096692,0.9294498381877022
-0.0622326151850201,0.6140666688096692,0.9296116504854369
-0.062233334403103746,0.6141631039249091,0.9296116504854369
-0.06230838360931634,0.6147095695779357,0.9296116504854369
-0.06231298596492857,0.6147095695779357,0.9297734627831715
-0.06231813671869901,0.614741714616349,0.9297734627831715
-0.06232014087204346,0.614741714616349,0.9299352750809061
-0.062348981805686376,0.6148702947700022,0.9299352750809061
-0.062352472073341825,0.6151917451541354,0.9299352750809061
-0.06237517740609516,0.6153524703462021,0.9299352750809061
-0.06237929543482734,0.6153524703462021,0.9300970873786408
-0.06240878519314824,0.6155774856150953,0.9300970873786408
-0.062408901227982705,0.6155774856150953,0.9302588996763754
-0.06241029087989597,0.6156739207303352,0.9302588996763754
-0.06242964570286841,0.6159310810376418,0.9302588996763754
-0.06243044158841066,0.6160596611912951,0.9302588996763754
-0.06244660716656819,0.6161882413449484,0.9302588996763754
-0.0624482954712664,0.616252531421775,0.9302588996763754
-0.0624614624473267,0.6163811115754283,0.9302588996763754
-0.06246277089584129,0.6164454016522549,0.9302588996763754
-0.06247629821890843,0.616541836767495,0.9302588996763754
-0.06247813669733787,0.616541836767495,0.93042071197411
-0.06248172845146027,0.6165739818059083,0.93042071197411
-0.06248561116966622,0.6165739818059083,0.9305825242718446
-0.06252170466184592,0.6167025619595615,0.9305825242718446
-0.06252398547994031,0.6177633482272011,0.9305825242718446
-0.06252901113071607,0.6178276383040278,0.9305825242718446
-0.06252911498618513,0.617956218457681,0.9305825242718446
-0.06254190554144035,0.6181812337265743,0.9305825242718446
-0.06254444704239487,0.6184383940338809,0.9305825242718446
-0.06255897650972653,0.6186312642643608,0.9305825242718446
-0.06256836286498685,0.6186955543411874,0.9305825242718446
-0.06262127173641352,0.6191134398405607,0.9305825242718446
-0.06262136162693216,0.6204956764923334,0.9305825242718446
-0.0626351806929974,0.6205921116075733,0.9305825242718446
-0.06264003883803404,0.6205921116075733,0.9307443365695793
-0.06266292852672162,0.6207849818380533,0.9307443365695793
-0.06266355072305291,0.6208492719148799,0.9307443365695793
-0.06271818299458487,0.6211707222990132,0.9307443365695793
-0.06271964084916076,0.6211707222990132,0.9309061488673139
-0.062723408352104,0.6212028673374265,0.9309061488673139
-0.06272443312776776,0.6212028673374265,0.9310679611650485
-0.06272977319145107,0.6213957375679064,0.9310679611650485
-0.0628476289659824,0.6222957986434794,0.9310679611650485
-0.06284882641435102,0.622456523835546,0.9310679611650485
-0.06289900813169669,0.6228744093349191,0.9310679611650485
-0.06290065881533957,0.6228744093349191,0.9312297734627831
-0.06290307331244188,0.6229708444501592,0.9312297734627831
-0.06290418416644461,0.623163714680639,0.9312297734627831
-0.06298826477456299,0.6235494551415989,0.9312297734627831
-0.0629939059817719,0.6235494551415989,0.9313915857605178
-0.06302540188668354,0.6238709055257321,0.9313915857605178
-0.06302599743245635,0.6238709055257321,0.9315533980582524
-0.06303019269378757,0.6239030505641454,0.9315533980582524
-0.06303497915453077,0.6240316307177987,0.9315533980582524
-0.0630716400697649,0.624256645986692,0.9315533980582524
-0.06307721593253507,0.624256645986692,0.931715210355987
-0.06308201875792419,0.6243530811019319,0.931715210355987
-0.06308322343139605,0.6245780963708252,0.931715210355987
-0.06313338836291371,0.6250924169854383,0.931715210355987
-0.06313351622706376,0.6256067376000515,0.931715210355987
-0.06313987625476258,0.6256710276768781,0.931715210355987
-0.06313988767649886,0.6257353177537047,0.931715210355987
-0.06318338743247925,0.6258317528689447,0.931715210355987
-0.0631846840727211,0.6258317528689447,0.9318770226537216
-0.06319623742365976,0.625960333022598,0.9318770226537216
-0.06321133188064548,0.625960333022598,0.9322006472491909
-0.0632230431211715,0.6260889131762513,0.9322006472491909
-0.06322781258023652,0.6261532032530779,0.9322006472491909
-0.0632327806550132,0.6263139284451444,0.9322006472491909
-0.06323540330225919,0.6263139284451444,0.9323624595469255
-0.06323723898519945,0.6269568292134109,0.9323624595469255
-0.06329557153346138,0.6273425696743707,0.9323624595469255
-0.06329739074261392,0.6273425696743707,0.9325242718446602
-0.0633024713187128,0.627374714712784,0.9325242718446602
-0.06330553894899366,0.627374714712784,0.9326860841423948
-0.06338605225428257,0.6277283101353306,0.9326860841423948
-0.06339530198427484,0.6280176154810505,0.9326860841423948
-0.06342148685819915,0.6283069208267704,0.9326860841423948
-0.06342299293631232,0.6283069208267704,0.9328478964401294
-0.06342693337310867,0.6283390658651837,0.9328478964401294
-0.06342829009625961,0.6284033559420104,0.9328478964401294
-0.06343419969957587,0.6290462567102768,0.9328478964401294
-0.06345724491731908,0.62917483686393,0.9328478964401294
-0.06346257274123906,0.6294319971712367,0.9328478964401294
-0.0634789555150938,0.6295605773248899,0.9328478964401294
-0.06349632494084934,0.6295605773248899,0.933009708737864
-0.06352735850596719,0.6297855925937832,0.933009708737864
-0.06352891425481916,0.6297855925937832,0.9331715210355987
-0.06354566794034677,0.6299784628242631,0.9331715210355987
-0.06355216621033966,0.6299784628242631,0.9333333333333333
-0.0635530611320429,0.6302034780931564,0.9333333333333333
-0.06355582772691415,0.6302034780931564,0.933495145631068
-0.06359005112333588,0.6305570735157029,0.933495145631068
-0.06359219141921996,0.630974959015076,0.933495145631068
-0.06359374861694767,0.6310071040534894,0.933495145631068
-0.06359838352715491,0.6310071040534894,0.9336569579288025
-0.06365088603355878,0.6315214246681025,0.9336569579288025
-0.06365148137535848,0.6317785849754091,0.9336569579288025
-0.06366799147379881,0.6318428750522357,0.9336569579288025
-0.06367050567639487,0.6318428750522357,0.9338187702265373
-0.06367852691090636,0.6319393101674756,0.9338187702265373
-0.06368012081188429,0.6319393101674756,0.9339805825242719
-0.0636967020881235,0.6320357452827157,0.9339805825242719
-0.0637148781948148,0.6324536307820888,0.9339805825242719
-0.06373336485637837,0.632678646050982,0.9339805825242719
-0.06373528405701412,0.6328072262046354,0.9339805825242719
-0.06378395569704104,0.6330965315503552,0.9339805825242719
-0.06378899206572608,0.6334179819344884,0.9339805825242719
-0.06382609543652923,0.6335465620881416,0.9339805825242719
-0.06382777996537342,0.6337394323186216,0.9339805825242719
-0.06383366320845107,0.6345752033173679,0.9339805825242719
-0.0638729171205129,0.6348966537015012,0.9339805825242719
-0.06388060462017592,0.6348966537015012,0.9341423948220064
-0.06390583857029558,0.6351859590472211,0.9341423948220064
-0.0639070509896501,0.6351859590472211,0.934304207119741
-0.06394470104652372,0.6354431193545276,0.934304207119741
-0.0639487931765953,0.6357967147770741,0.934304207119741
-0.06396635172379245,0.6359895850075541,0.934304207119741
-0.06397111648611181,0.6367932109678871,0.934304207119741
-0.06397458677254453,0.6368253560063004,0.934304207119741
-0.06397976645142434,0.6368253560063004,0.9344660194174758
-0.06400151147966165,0.637082516313607,0.9344660194174758
-0.06400421863860101,0.637082516313607,0.9346278317152104
-0.06400755888916432,0.6371146613520203,0.9346278317152104
-0.06401220239404437,0.6371146613520203,0.934789644012945
-0.06402791033818711,0.637178951428847,0.934789644012945
-0.06403323040258457,0.637178951428847,0.9349514563106797
-0.06404517125160386,0.6372110964672603,0.9349514563106797
-0.06404712418101233,0.6374361117361536,0.9349514563106797
-0.06406906102361887,0.6376289819666334,0.9349514563106797
-0.06406944245654789,0.6378218521971134,0.9349514563106797
-0.06408241982471591,0.6379182873123533,0.9349514563106797
-0.0640939492791684,0.6382397376964866,0.9349514563106797
-0.06410116848711772,0.6384004628885531,0.9349514563106797
-0.06410128311429253,0.6384004628885531,0.9351132686084143
-0.06411212112877801,0.6385611880806198,0.9351132686084143
-0.06411869014558541,0.6385611880806198,0.9352750809061489
-0.06413769074223691,0.638689768234273,0.9352750809061489
-0.06414248087655605,0.638689768234273,0.9354368932038835
-0.06414430442794011,0.6387219132726863,0.9354368932038835
-0.0641471226173927,0.6387219132726863,0.9355987055016182
-0.06415838055270151,0.6388504934263396,0.9355987055016182
-0.06415986482887293,0.6388504934263396,0.9357605177993528
-0.0641631459923318,0.6389147835031663,0.9357605177993528
-0.06416398560744602,0.6389147835031663,0.9359223300970874
-0.06416774625414906,0.639686264425086,0.9359223300970874
-0.06416841985517052,0.639686264425086,0.936084142394822
-0.06419440427187362,0.6399434247323925,0.936084142394822
-0.06421913912329791,0.6399434247323925,0.9362459546925567
-0.06424326073752529,0.6401362949628725,0.9362459546925567
-0.06424371967293624,0.6408434858079656,0.9362459546925567
-0.06430954372645886,0.6414220964994053,0.9362459546925567
-0.0643121889225125,0.6414220964994053,0.9364077669902913
-0.06432111616065894,0.6415185316146452,0.9364077669902913
-0.06432258939881152,0.6415185316146452,0.9365695792880259
-0.06433732349156712,0.6416149667298853,0.9365695792880259
-0.06434198417044268,0.6417435468835385,0.9365695792880259
-0.06438647579770906,0.6421614323829117,0.9365695792880259
-0.0643877225007552,0.6421614323829117,0.9367313915857605
-0.0644075234192319,0.6423543026133917,0.9367313915857605
-0.06441216029581553,0.6423543026133917,0.9368932038834952
-0.06448366728361538,0.6429650583432447,0.9368932038834952
-0.06448611082672928,0.6429650583432447,0.9372168284789644
-0.06453934382086746,0.6434150888810312,0.9372168284789644
-0.06453960699661432,0.6437365392651644,0.9372168284789644
-0.06454616212299963,0.6437365392651644,0.9373786407766991
-0.06455472891332664,0.643993699572471,0.9373786407766991
-0.06455940984362185,0.643993699572471,0.9375404530744337
-0.0645901107157954,0.6442187148413643,0.9375404530744337
-0.0645972618325989,0.6442187148413643,0.9378640776699029
-0.06461045208006716,0.6443794400334308,0.9378640776699029
-0.06461175568339805,0.6444437301102575,0.9378640776699029
-0.06463641383220953,0.6446687453791508,0.9378640776699029
-0.06463780477054043,0.644797325532804,0.9378640776699029
-0.06464521495953657,0.6448294705712173,0.9378640776699029
-0.06465039783215287,0.6448294705712173,0.9380258899676376
-0.06473771107222104,0.6453116461474171,0.9380258899676376
-0.06473801287114639,0.6453116461474171,0.9381877022653722
-0.064766511534528,0.6455366614163104,0.9381877022653722
-0.06477221862718147,0.6455366614163104,0.9383495145631068
-0.06479665590242978,0.6457616766852037,0.9383495145631068
-0.0647989391464695,0.6457616766852037,0.9385113268608414
-0.0648399729923414,0.6461795621845768,0.9385113268608414
-0.06484179687045694,0.6461795621845768,0.9386731391585761
-0.06486533068703937,0.6463081423382301,0.9386731391585761
-0.06486622724847518,0.6464688675302968,0.9386731391585761
-0.06490360546760354,0.6468546079912566,0.9386731391585761
-0.06490605494432405,0.6471439133369764,0.9386731391585761
-0.06496107020972902,0.6476260889131763,0.9386731391585761
-0.06496113103128232,0.6476260889131763,0.9388349514563107
-0.06496295651606127,0.6479153942588961,0.9388349514563107
-0.06503008572320446,0.6483654247966826,0.9388349514563107
-0.06503221892737876,0.6485904400655759,0.9388349514563107
-0.0650434645189727,0.6487833102960558,0.9388349514563107
-0.06504552846420597,0.6488154553344692,0.9388349514563107
-0.06504685358413759,0.6488154553344692,0.9389967637540453
-0.06505203819102673,0.6489440354881224,0.9389967637540453
-0.06505784651476054,0.6489440354881224,0.9391585760517799
-0.06505963475812604,0.6489761805265357,0.9391585760517799
-0.06506105882325591,0.6494262110643222,0.9391585760517799
-0.06509958620176637,0.6499083866405221,0.9391585760517799
-0.06509997884132324,0.6499726767173487,0.9391585760517799
-0.06512704405058384,0.6500369667941753,0.9391585760517799
-0.06513131906380981,0.6504869973319618,0.9391585760517799
-0.06519888644896193,0.6510334629849883,0.9391585760517799
-0.06520120877263785,0.6514192034459482,0.9391585760517799
-0.06522248674056247,0.6515477835996014,0.9391585760517799
-0.06522938340468726,0.651612073676428,0.9391585760517799
-0.06528633862409638,0.6520299591758012,0.9391585760517799
-0.06528925923151957,0.6520942492526278,0.9391585760517799
-0.06529851091903721,0.6521906843678679,0.9391585760517799
-0.06530362922277294,0.6521906843678679,0.9393203883495146
-0.06530855439385458,0.6523192645215211,0.9393203883495146
-0.06531187001819921,0.652512134752001,0.9393203883495146
-0.0653766561687133,0.6532514706355074,0.9393203883495146
-0.06538274357207285,0.653508630942814,0.9393203883495146
-0.06540524308290768,0.6536372110964672,0.9393203883495146
-0.06540732313088343,0.6536372110964672,0.9394822006472492
-0.06541219136194776,0.6536693561348805,0.9394822006472492
-0.06541630169224733,0.6537336462117073,0.9394822006472492
-0.06545115898200238,0.6540872416342538,0.9394822006472492
-0.06545267028410551,0.6540872416342538,0.9396440129449838
-0.06545958496886156,0.6541193866726671,0.9396440129449838
-0.06546068527902643,0.6547622874409335,0.9396440129449838
-0.0655241370259107,0.6553408981323733,0.9396440129449838
-0.06552986844676034,0.6554694782860265,0.9396440129449838
-0.0655407649198178,0.6555980584396799,0.9396440129449838
-0.06554110117219847,0.6557587836317464,0.9396440129449838
-0.06554666229376899,0.6558230737085731,0.9396440129449838
-0.06554940662288172,0.6559837989006397,0.9396440129449838
-0.0655586753467216,0.6562409592079462,0.9396440129449838
-0.06559863247650194,0.6565945546304928,0.9396440129449838
-0.06560239611615326,0.6565945546304928,0.9398058252427185
-0.06563931921734634,0.6568517149377994,0.9398058252427185
-0.06563944906614455,0.6568517149377994,0.9399676375404531
-0.06564151412173203,0.6568838599762127,0.9399676375404531
-0.06564737668361736,0.657912501205439,0.9399676375404531
-0.06567504058329982,0.6582982416663988,0.9399676375404531
-0.06567605928789616,0.6583625317432255,0.9399676375404531
-0.06570051912736169,0.6586518370889454,0.9399676375404531
-0.06570752770765687,0.6586518370889454,0.9401294498381877
-0.06574413727924272,0.6590697225883185,0.9401294498381877
-0.06574532465177685,0.659326882895625,0.9401294498381877
-0.06579550683237961,0.6596804783181716,0.9401294498381877
-0.06579611713118477,0.660323379086438,0.9401294498381877
-0.06580793874236185,0.6604519592400913,0.9401294498381877
-0.06580919958691545,0.6607091195473979,0.9401294498381877
-0.06581064355295924,0.6617377607766242,0.9401294498381877
-0.06581660438764542,0.6618020508534508,0.9401294498381877
-0.06581791252234237,0.6618020508534508,0.9402912621359223
-0.06583244159339197,0.662027066122344,0.9402912621359223
-0.0658404387617269,0.6621877913144106,0.9402912621359223
-0.06585887100186999,0.6625413867369572,0.9402912621359223
-0.06586061634913176,0.6625413867369572,0.940453074433657
-0.06587189801133564,0.6626378218521971,0.940453074433657
-0.06587245790390123,0.662927127197917,0.940453074433657
-0.06587816281903519,0.6629592722363303,0.940453074433657
-0.0658821607263197,0.6629592722363303,0.9406148867313916
-0.06588647772205236,0.6630878523899836,0.9406148867313916
-0.06589403155787626,0.664630814233823,0.9406148867313916
-0.06590570012102365,0.664727249349063,0.9406148867313916
-0.06591072331734404,0.664727249349063,0.9407766990291262
-0.06596358802701957,0.6650808447716094,0.9407766990291262
-0.06596434480953617,0.6650808447716094,0.9409385113268608
-0.06596743827207124,0.6651129898100229,0.9409385113268608
-0.06597035511549332,0.665338005078916,0.9409385113268608
-0.06597316604472453,0.6660130508855958,0.9409385113268608
-0.06597530354722758,0.6660451959240091,0.9409385113268608
-0.06598487570808353,0.6661094860008357,0.9409385113268608
-0.06599397921876693,0.6662702111929024,0.9409385113268608
-0.06599768357763192,0.6662702111929024,0.9411003236245955
-0.06600754148409799,0.6663987913465557,0.9411003236245955
-0.06600912698268069,0.6663987913465557,0.9412621359223301
-0.06603900016341668,0.666623806615449,0.9412621359223301
-0.06603987858989396,0.6667202417306889,0.9412621359223301
-0.06606151905749102,0.6670095470764088,0.9412621359223301
-0.06606823025093705,0.6670738371532354,0.9412621359223301
-0.06606995094636853,0.6671059821916487,0.9412621359223301
-0.06607104054629431,0.6671702722684754,0.9412621359223301
-0.0660825972577152,0.667234562345302,0.9412621359223301
-0.06608274756908511,0.6676524478446751,0.9412621359223301
-0.06608471605069582,0.6677167379215018,0.9412621359223301
-0.06608514575087748,0.6677167379215018,0.9414239482200647
-0.06609101080782509,0.6678131730367418,0.9414239482200647
-0.06609165269314016,0.6678131730367418,0.9415857605177993
-0.06619915971091961,0.6686810890739014,0.9415857605177993
-0.0662008878956078,0.6687775241891414,0.9415857605177993
-0.06623771350856084,0.6691632646501012,0.9415857605177993
-0.06623822969662119,0.6691632646501012,0.941747572815534
-0.06632031645783226,0.6698061654183677,0.941747572815534
-0.06632662253256333,0.6698061654183677,0.9419093851132686
-0.0663962800249317,0.6705133562634608,0.9419093851132686
-0.06640212483650554,0.6705133562634608,0.9420711974110032
-0.0664238817219116,0.6707062264939406,0.9420711974110032
-0.06642993441027095,0.6707062264939406,0.9422330097087379
-0.06650032364404529,0.6711562570317271,0.9422330097087379
-0.06650468232212214,0.6711562570317271,0.9427184466019417
-0.06658441356132044,0.6720241730688868,0.9427184466019417
-0.06658941766269394,0.6720241730688868,0.9428802588996764
-0.06659307523570324,0.6721527532225401,0.9428802588996764
-0.06659867076555487,0.6721527532225401,0.943042071197411
-0.06663654866765983,0.6724742036066733,0.943042071197411
-0.06664030011148575,0.6724742036066733,0.9432038834951456
-0.06667813134204253,0.6728599440676332,0.9432038834951456
-0.06668046795258864,0.6728599440676332,0.9433656957928802
-0.06672026628582617,0.673342119643833,0.9433656957928802
-0.06672776535152852,0.6734064097206596,0.9433656957928802
-0.06673019809329012,0.6734064097206596,0.9435275080906149
-0.06673045664855709,0.674145745604166,0.9435275080906149
-0.06676629342853063,0.6746279211803659,0.9435275080906149
-0.06676876205387,0.6746279211803659,0.9436893203883495
-0.06677991966598523,0.6747565013340191,0.9436893203883495
-0.06678060784632783,0.6748207914108457,0.9436893203883495
-0.06682436708520939,0.674949371564499,0.9436893203883495
-0.06682546968843278,0.6757208524864187,0.9436893203883495
-0.06690183303214292,0.6763316082162718,0.9436893203883495
-0.06690262532552405,0.6763316082162718,0.9438511326860841
-0.06692221177656477,0.6766209135619917,0.9438511326860841
-0.06694255977065888,0.6766209135619917,0.9440129449838188
-0.06697790196701608,0.6768780738692983,0.9440129449838188
-0.06697830976986113,0.6768780738692983,0.9441747572815534
-0.0669870676155313,0.6769745089845383,0.9441747572815534
-0.06698986751123365,0.6776816998296313,0.9441747572815534
-0.06699289303218159,0.6777138448680446,0.9441747572815534
-0.06699446269718701,0.6777138448680446,0.944336569579288
-0.06700587544833647,0.6778745700601112,0.944336569579288
-0.06701303432329181,0.6778745700601112,0.9446601941747573
-0.06709576464459366,0.678356745636311,0.9446601941747573
-0.06709662274514777,0.6784853257899643,0.9446601941747573
-0.06710840019160735,0.6785174708283777,0.9446601941747573
-0.06710954743960984,0.6785174708283777,0.9448220064724919
-0.06719226390704391,0.6791603715966441,0.9448220064724919
-0.067194243903477,0.6793210967887107,0.9448220064724919
-0.0672154446960434,0.6795139670191905,0.9448220064724919
-0.0672188041458675,0.6795139670191905,0.9449838187702265
-0.06729098442778769,0.6801247227490437,0.9449838187702265
-0.06729434511964616,0.6801247227490437,0.9453074433656958
-0.06731621995826809,0.6803175929795237,0.9453074433656958
-0.06732359489361495,0.6803175929795237,0.9454692556634304
-0.06738397646978789,0.6808640586325501,0.9454692556634304
-0.0673840418543265,0.6808640586325501,0.945631067961165
-0.06739456342497918,0.68096049374779,0.945631067961165
-0.0673972647844634,0.68096049374779,0.9457928802588996
-0.06742253770059126,0.6811855090166833,0.9457928802588996
-0.06742773232689181,0.6811855090166833,0.9459546925566343
-0.0674400865840003,0.6813140891703365,0.9459546925566343
-0.06744217188058538,0.6813140891703365,0.9461165048543689
-0.06745105890644248,0.6814748143624032,0.9461165048543689
-0.06745337708346455,0.6816998296312964,0.9461165048543689
-0.06746028560369383,0.6817962647465363,0.9461165048543689
-0.06746627508673742,0.6817962647465363,0.9462783171521035
-0.06746756111996438,0.6818284097849497,0.9462783171521035
-0.06747065659777501,0.6818284097849497,0.9464401294498382
-0.06747854448438662,0.6818926998617764,0.9464401294498382
-0.06748271728921146,0.6818926998617764,0.9466019417475728
-0.0675224528525023,0.6821177151306695,0.9466019417475728
-0.06752691512340764,0.6821177151306695,0.9467637540453074
-0.06753498617445247,0.6822141502459096,0.9467637540453074
-0.06753645745534642,0.6822141502459096,0.946925566343042
-0.06764712814822371,0.683757112089749,0.946925566343042
-0.06764779651513586,0.683757112089749,0.9470873786407767
-0.06770672345608453,0.684367867819602,0.9470873786407767
-0.0677159487709364,0.684367867819602,0.9474110032362459
-0.06774360313178246,0.6846250281269086,0.9474110032362459
-0.06774591208126485,0.6846250281269086,0.9475728155339805
-0.06775957793345044,0.6848821884342152,0.9475728155339805
-0.06776014305433092,0.6848821884342152,0.9477346278317152
-0.0677605979936362,0.6849143334726285,0.9477346278317152
-0.06776201056906034,0.6849143334726285,0.9478964401294498
-0.06778635952744211,0.685171493779935,0.9478964401294498
-0.067788751023793,0.685171493779935,0.9480582524271844
-0.06778951664118238,0.6852357838567618,0.9480582524271844
-0.06780168874226794,0.6852357838567618,0.948220064724919
-0.06780294998927855,0.6852679288951751,0.948220064724919
-0.06780424255534506,0.6852679288951751,0.9483818770226538
-0.06783863148194957,0.6856536693561349,0.9483818770226538
-0.06784078001628524,0.6856536693561349,0.9485436893203884
-0.06794781864243477,0.6867144556237744,0.9485436893203884
-0.06795532954893285,0.6867144556237744,0.9488673139158577
-0.06799671909287724,0.6871001960847343,0.9488673139158577
-0.06800099087878075,0.687164486161561,0.9488673139158577
-0.06800138407814188,0.6871966311999743,0.9488673139158577
-0.06800648527163122,0.6871966311999743,0.9490291262135923
-0.06800764865768377,0.6872287762383876,0.9490291262135923
-0.06801123218055505,0.6872287762383876,0.9491909385113269
-0.06802475606645414,0.6873573563920409,0.9491909385113269
-0.06802530440120985,0.6873573563920409,0.9493527508090615
-0.06806195160373835,0.6877430968530007,0.9493527508090615
-0.06806196760641026,0.6877430968530007,0.9495145631067962
-0.06807845975772475,0.6880002571603073,0.9495145631067962
-0.06807879130715094,0.6880002571603073,0.9496763754045308
-0.06808319040431399,0.6880324021987206,0.9496763754045308
-0.0680862884458105,0.6880966922755473,0.9496763754045308
-0.06810937901826958,0.6884502876980938,0.9496763754045308
-0.06811073268098466,0.6884502876980938,0.9498381877022654
-0.06812516511601091,0.6886753029669871,0.9498381877022654
-0.0681299577193139,0.6886753029669871,0.95
-0.06814306998802033,0.688771738082227,0.95
-0.0681478412475881,0.688771738082227,0.9501618122977347
-0.0681678689634223,0.6889003182358803,0.9501618122977347
-0.06816885725642374,0.6889003182358803,0.9503236245954693
-0.0681695401784847,0.6889324632742936,0.9503236245954693
-0.06817155064138108,0.6889324632742936,0.9504854368932039
-0.06817663171960192,0.6890931884663603,0.9504854368932039
-0.06818312980347285,0.6890931884663603,0.9506472491909385
-0.06823832950658232,0.6896717991578,0.9506472491909385
-0.06824058671564076,0.6896717991578,0.9508090614886732
-0.06825869209718649,0.6899289594651066,0.9508090614886732
-0.06825873376798575,0.6899289594651066,0.9509708737864078
-0.0683147747413832,0.6902825548876531,0.9509708737864078
-0.06832241639778064,0.6902825548876531,0.9511326860841424
-0.06834548432594234,0.6904111350413064,0.9511326860841424
-0.06834661085171873,0.6904111350413064,0.9512944983818771
-0.06834983255218968,0.6904432800797197,0.9512944983818771
-0.06835172458366617,0.6904432800797197,0.9514563106796117
-0.06836713057545607,0.6905397151949597,0.9514563106796117
-0.06836846893846521,0.6905397151949597,0.9516181229773463
-0.06837182071247705,0.690571860233373,0.9516181229773463
-0.06837524414754098,0.690571860233373,0.9517799352750809
-0.06837693362099218,0.6906040052717863,0.9517799352750809
-0.06837795355610321,0.6906040052717863,0.9519417475728156
-0.06841080233629615,0.6910218907711595,0.9519417475728156
-0.06841368760142724,0.6910218907711595,0.9521035598705502
-0.06843686416250899,0.691375486193706,0.9521035598705502
-0.06844162697674416,0.691375486193706,0.9522653721682848
-0.06855535507831506,0.6928220129223055,0.9522653721682848
-0.06856410649412087,0.6928220129223055,0.9524271844660194
-0.06857818583472297,0.692982738114372,0.9524271844660194
-0.06858122688646356,0.692982738114372,0.9525889967637541
-0.06860975465263192,0.6934327686521585,0.9525889967637541
-0.06861014331149767,0.6934327686521585,0.9527508090614887
-0.06866973590539854,0.6940435243820117,0.9527508090614887
-0.06867053771663623,0.6940435243820117,0.9529126213592233
-0.06868836507304876,0.6941078144588383,0.9529126213592233
-0.06869040058006931,0.6941078144588383,0.9530744336569579
-0.06871762788891211,0.6943971198045582,0.9530744336569579
-0.06871864077215828,0.6943971198045582,0.9532362459546926
-0.06873093135450792,0.6944935549197981,0.9532362459546926
-0.06873132214934247,0.6944935549197981,0.9533980582524272
-0.0687355221150665,0.6945899900350381,0.9533980582524272
-0.06873837916348963,0.6945899900350381,0.9535598705501618
-0.06876986922540412,0.6950078755344112,0.9535598705501618
-0.0687714672398016,0.6950078755344112,0.9537216828478965
-0.06893050080013058,0.6969044328007972,0.9537216828478965
-0.0689328747779413,0.6969044328007972,0.9538834951456311
-0.06903315038370395,0.6981902343373301,0.9538834951456311
-0.06903919691385885,0.6981902343373301,0.9540453074433657
-0.06906800686623044,0.6984795396830499,0.9540453074433657
-0.06906941944066342,0.6984795396830499,0.9542071197411003
-0.06911162570091434,0.6988331351055964,0.9542071197411003
-0.06911303317390277,0.6988331351055964,0.954368932038835
-0.06918679991234084,0.6994117457970362,0.954368932038835
-0.06919119029076776,0.6994117457970362,0.9545307443365696
-0.06920707032301587,0.6996046160275161,0.9545307443365696
-0.06920795151980991,0.6996046160275161,0.9546925566343042
-0.0692297561944179,0.6999582114500627,0.9546925566343042
-0.06923623835597237,0.6999582114500627,0.9548543689320388
-0.06926475302628926,0.7003439519110225,0.9548543689320388
-0.069269545942991,0.7003439519110225,0.9550161812297735
-0.06927203158244533,0.7003760969494358,0.9550161812297735
-0.0692746961321013,0.7003760969494358,0.9551779935275081
-0.06928108885427336,0.7004403870262625,0.9551779935275081
-0.06929133697534484,0.7004403870262625,0.9553398058252427
-0.06929784358573271,0.7005368221415025,0.9553398058252427
-0.06929952241856258,0.7005368221415025,0.9555016181229773
-0.06931428531788986,0.700793982448809,0.9555016181229773
-0.06931695079376804,0.700793982448809,0.955663430420712
-0.06934287136740525,0.7011475778713555,0.955663430420712
-0.06934936469850717,0.7011475778713555,0.9558252427184466
-0.06935610817091409,0.7012440129865956,0.9558252427184466
-0.06936144662407334,0.7012440129865956,0.9559870550161812
-0.06936790271982962,0.7013725931402488,0.9559870550161812
-0.06937120206690162,0.7013725931402488,0.9561488673139159
-0.06939941370824765,0.7016297534475554,0.9561488673139159
-0.06940199006893061,0.7016297534475554,0.9564724919093851
-0.06943199663938021,0.7020797839853419,0.9564724919093851
-0.0694325541849623,0.7021440740621685,0.9564724919093851
-0.06944163936140652,0.7022083641389951,0.9564724919093851
-0.06944603970741048,0.7022726542158217,0.9564724919093851
-0.0694474682511329,0.7023047992542351,0.9564724919093851
-0.06945152469405191,0.7023047992542351,0.9567961165048544
-0.06946351380698773,0.7023690893310618,0.9567961165048544
-0.06946934822763418,0.7024333794078884,0.9567961165048544
-0.06954122323575407,0.7033334404834614,0.9567961165048544
-0.06954789610132073,0.7033334404834614,0.9571197411003236
-0.06954952262868336,0.7033655855218747,0.9571197411003236
-0.06955818075577774,0.7033655855218747,0.9574433656957929
-0.06959002428297789,0.7036870359060079,0.9574433656957929
-0.06959337512523783,0.7036870359060079,0.9576051779935275
-0.0697633121829806,0.7052942878266739,0.9576051779935275
-0.06976473076991285,0.7052942878266739,0.9577669902912621
-0.06983538744669021,0.7058086084412871,0.9577669902912621
-0.06983827992923958,0.7058086084412871,0.9579288025889967
-0.06994696492658914,0.7069658298241667,0.9579288025889967
-0.06994755901662969,0.7069658298241667,0.9580906148867314
-0.07005019870497103,0.7081873412838728,0.9580906148867314
-0.07005160135010763,0.7082516313606995,0.9580906148867314
-0.07007912401955824,0.7085730817448327,0.9580906148867314
-0.07008027092447372,0.7085730817448327,0.958252427184466
-0.07011129902324581,0.7089266771673792,0.958252427184466
-0.0701123875717013,0.7089266771673792,0.9584142394822006
-0.07012760660916556,0.7091195473978591,0.9584142394822006
-0.0701283642739991,0.7091195473978591,0.9585760517799353
-0.07015156473004303,0.709408852743579,0.9585760517799353
-0.0701562087893674,0.709408852743579,0.9587378640776699
-0.07016734594017854,0.709505287858819,0.9587378640776699
-0.07017195645590474,0.7095695779356457,0.9587378640776699
-0.07018943909489034,0.7096981580892989,0.9587378640776699
-0.07019160228958826,0.7097624481661255,0.9587378640776699
-0.07025710931677981,0.7108232344337652,0.9587378640776699
-0.07025797005709883,0.7108232344337652,0.9588996763754045
-0.0702660587619186,0.7109196695490051,0.9588996763754045
-0.07026801295334995,0.7109196695490051,0.9590614886731391
-0.07033777539819791,0.7116590054325115,0.9590614886731391
-0.070338039704686,0.7116590054325115,0.9592233009708738
-0.07043571098008716,0.7127840817769777,0.9592233009708738
-0.07043616650552215,0.7127840817769777,0.9593851132686084
-0.07047721558932096,0.7134912726220708,0.9593851132686084
-0.07047858982052801,0.7134912726220708,0.959546925566343
-0.07047931117107403,0.7135234176604841,0.959546925566343
-0.07048255849744461,0.7135877077373107,0.959546925566343
-0.0705097304957707,0.7137484329293774,0.959546925566343
-0.07051061806853604,0.7137484329293774,0.9597087378640776
-0.07055646468509402,0.7142627535439905,0.9597087378640776
-0.07056670294094974,0.7142627535439905,0.9598705501618123
-0.07062943385527509,0.7150020894274969,0.9598705501618123
-0.07063348311170153,0.7150020894274969,0.9600323624595469
-0.0709005960372579,0.7187309138834421,0.9600323624595469
-0.07090543244662556,0.7187309138834421,0.9601941747572815
-0.07097017556582252,0.7194059596901218,0.9601941747572815
-0.07097284154873279,0.7194059596901218,0.9603559870550162
-0.07105316441686627,0.7203381658041081,0.9603559870550162
-0.07105341228008394,0.7203381658041081,0.9605177993527508
-0.07106857385150916,0.7205631810730014,0.9605177993527508
-0.07106921920077786,0.7205631810730014,0.9606796116504854
-0.0711286506351354,0.7213668070333344,0.9606796116504854
-0.07112932093251656,0.7213668070333344,0.96084142394822
-0.07113747502802087,0.7214632421485744,0.96084142394822
-0.07114407334312778,0.7214632421485744,0.9611650485436893
-0.07115278192833363,0.721527532225401,0.9611650485436893
-0.07115333151600345,0.721527532225401,0.9613268608414239
-0.07121076887728228,0.722331158185734,0.9613268608414239
-0.07121715785760852,0.722331158185734,0.9614886731391585
-0.0712274206201241,0.7223633032241473,0.9614886731391585
-0.0712328228974991,0.7223633032241473,0.9616504854368932
-0.07127013474955696,0.7228776238387605,0.9616504854368932
-0.07127138925071214,0.7228776238387605,0.9618122977346278
-0.07130382835054855,0.7232955093381337,0.9618122977346278
-0.0713041846924859,0.7232955093381337,0.9619741100323624
-0.07133847172381469,0.7235848146838535,0.9619741100323624
-0.07134004773873659,0.7235848146838535,0.962135922330097
-0.07141042435409445,0.7243884406441866,0.962135922330097
-0.07141074029383876,0.7243884406441866,0.9622977346278317
-0.07142778723328402,0.7247098910283197,0.9622977346278317
-0.07143291383600964,0.7247098910283197,0.9624595469255663
-0.07148528528189818,0.7253206467581729,0.9624595469255663
-0.07148893126141753,0.7253206467581729,0.9626213592233009
-0.07148921628910859,0.7253527917965862,0.9626213592233009
-0.07148929845743274,0.7254170818734128,0.9626213592233009
-0.07148971808322202,0.7254170818734128,0.9627831715210357
-0.0714992589557098,0.7255456620270662,0.9627831715210357
-0.0714997976087765,0.7255456620270662,0.9629449838187703
-0.07154061965903868,0.7261885627953325,0.9629449838187703
-0.07154073523916821,0.7261885627953325,0.9631067961165048
-0.07157664045379203,0.7265743032562924,0.9631067961165048
-0.07157891556207541,0.7265743032562924,0.9632686084142394
-0.07162266172225445,0.7271529139477322,0.9632686084142394
-0.07162319343845414,0.7271529139477322,0.9634304207119742
-0.07172408976110878,0.7285030055610916,0.9634304207119742
-0.0717287950643069,0.7285030055610916,0.9635922330097088
-0.07173167118761875,0.7285672956379183,0.9635922330097088
-0.07173640598495012,0.7285672956379183,0.963915857605178
-0.07179731240683718,0.7294030666366647,0.963915857605178
-0.07179830336269644,0.7294030666366647,0.9640776699029127
-0.07189336358543408,0.7305924330579575,0.9640776699029127
-0.0718969245509149,0.7305924330579575,0.9642394822006473
-0.0719056965151822,0.7307210132116108,0.9642394822006473
-0.07191129139299735,0.7307210132116108,0.9644012944983819
-0.07196954700422648,0.7314282040567038,0.9644012944983819
-0.07197259523962007,0.7314924941335305,0.9644012944983819
-0.07200391001946921,0.731846089556077,0.9644012944983819
-0.07200456542547623,0.731846089556077,0.9647249190938512
-0.07206120918752529,0.7327782956700634,0.9647249190938512
-0.07206440759052796,0.7327782956700634,0.9648867313915858
-0.07208683003509608,0.7329390208621299,0.9648867313915858
-0.07209015775275535,0.7330354559773699,0.9648867313915858
-0.07209019862927918,0.7330354559773699,0.9650485436893204
-0.07211029999915247,0.7332283262078498,0.9650485436893204
-0.07211248123642827,0.7332283262078498,0.9652103559870551
-0.0722043116005715,0.7340319521681828,0.9652103559870551
-0.07220666247387941,0.7340962422450095,0.9652103559870551
-0.07223975880743416,0.7344819827059693,0.9652103559870551
-0.0722423898110005,0.7344819827059693,0.9653721682847897
-0.0722708935813437,0.7346105628596226,0.9653721682847897
-0.07227272810797108,0.7346105628596226,0.9655339805825243
-0.0722751650055718,0.7347069979748626,0.9655339805825243
-0.07228126237622995,0.7347712880516892,0.9655339805825243
-0.07229822661760088,0.7349320132437558,0.9655339805825243
-0.07230011220239696,0.7349320132437558,0.9658576051779936
-0.07231025286150361,0.7351248834742358,0.9658576051779936
-0.07231157208667732,0.7352213185894757,0.9658576051779936
-0.07232528394756432,0.7352213185894757,0.9660194174757282
-0.07237811924904436,0.7358963643961555,0.9660194174757282
-0.07237865155692852,0.7358963643961555,0.9661812297734628
-0.07240021001081076,0.7363463949339419,0.9661812297734628
-0.07240516193914592,0.7363463949339419,0.9663430420711974
-0.07249609138248819,0.7375679063936481,0.9663430420711974
-0.07249833874700512,0.7376321964704747,0.9663430420711974
-0.0725000502581587,0.7376643415088882,0.9663430420711974
-0.07250191722411975,0.7376643415088882,0.9665048543689321
-0.07251215779372161,0.737857211739368,0.9665048543689321
-0.07251667471011947,0.737857211739368,0.9668284789644013
-0.07257097420012076,0.7384036773923944,0.9668284789644013
-0.07257175597383492,0.7384036773923944,0.9669902912621359
-0.07261079883046884,0.738757272814941,0.9669902912621359
-0.07261337991253747,0.738757272814941,0.9671521035598706
-0.07263918295069594,0.7391751583143142,0.9671521035598706
-0.0726392809199008,0.7391751583143142,0.9673139158576052
-0.07279135051991559,0.7412324407727667,0.9673139158576052
-0.07279433341417729,0.7412324407727667,0.9674757281553398
-0.07299411654256227,0.7439969140763123,0.9674757281553398
-0.07299618507177963,0.7439969140763123,0.9676375404530745
-0.07300329907039288,0.7440933491915522,0.9676375404530745
-0.0730038679538475,0.7440933491915522,0.9677993527508091
-0.0730649439450653,0.7449291201902987,0.9677993527508091
-0.07307259685247564,0.7449291201902987,0.9679611650485437
-0.07315916421809787,0.7462470667652448,0.9679611650485437
-0.07315947084482544,0.746375646918898,0.9679611650485437
-0.07319079828294184,0.7468578224950979,0.9679611650485437
-0.07319417947920542,0.7468578224950979,0.9681229773462783
-0.07322111066553011,0.7471471278408177,0.9681229773462783
-0.07322300931451453,0.7471471278408177,0.968284789644013
-0.07323788445980939,0.7475007232633643,0.968284789644013
-0.07324155974187169,0.747565013340191,0.968284789644013
-0.07327316787960642,0.7480471889163908,0.968284789644013
-0.07327614284762396,0.7480471889163908,0.9684466019417476
-0.07332736474236301,0.7488186698383105,0.9684466019417476
-0.07333120202801252,0.7488186698383105,0.9686084142394822
-0.07336971333330566,0.7494615706065769,0.9686084142394822
-0.07337188572885128,0.7495901507602302,0.9686084142394822
-0.07348047989849577,0.7511652576424829,0.9686084142394822
-0.07348187421066882,0.7511652576424829,0.9687702265372168
-0.07353885866129306,0.7519688836028159,0.9687702265372168
-0.07353980659745424,0.7520331736796425,0.9687702265372168
-0.07359297776866469,0.752579639332669,0.9687702265372168
-0.07359439533527756,0.752579639332669,0.9689320388349515
-0.07362375864001086,0.7529653797936289,0.9689320388349515
-0.07363144079148015,0.7529653797936289,0.9690938511326861
-0.07364760629948702,0.7532546851393488,0.9690938511326861
-0.07365140217087063,0.7532546851393488,0.9692556634304207
-0.07367423717425764,0.7535439904850686,0.9692556634304207
-0.0736762439526758,0.7535439904850686,0.9694174757281553
-0.07368009109516005,0.7536404256003086,0.9694174757281553
-0.07368323551734496,0.7536404256003086,0.96957928802589
-0.07375596442701154,0.7547333569063615,0.96957928802589
-0.07375711994558071,0.7547333569063615,0.9697411003236246
-0.0738728418977353,0.7563084637886143,0.9697411003236246
-0.07387582697496059,0.7563727538654409,0.9697411003236246
-0.0739279578075483,0.7571120897489473,0.9697411003236246
-0.0739290952043753,0.7571120897489473,0.9699029126213592
-0.07398419388529742,0.7579800057861069,0.9699029126213592
-0.07398460084383013,0.7579800057861069,0.9700647249190939
-0.07401699585773647,0.7584621813623067,0.9700647249190939
-0.07402148806355979,0.7584621813623067,0.9702265372168285
-0.07408940381569384,0.7592336622842264,0.9702265372168285
-0.0740911750783117,0.7592336622842264,0.9703883495145631
-0.07417747286815113,0.7607766241280658,0.9703883495145631
-0.07418680623215529,0.7607766241280658,0.9705501618122977
-0.0741894586186233,0.7608409142048925,0.9705501618122977
-0.07419228401055866,0.7609052042817191,0.9705501618122977
-0.07443787846996058,0.7642482882767045,0.9705501618122977
-0.07445253277334862,0.7643125783535312,0.9705501618122977
-0.07449206771722272,0.7648911890449709,0.9705501618122977
-0.07449476369253272,0.7648911890449709,0.9707119741100324
-0.07451807011904982,0.7650840592754509,0.9707119741100324
-0.07452374827242852,0.7650840592754509,0.970873786407767
-0.07452798924871284,0.7651804943906908,0.970873786407767
-0.07453208497274888,0.7651804943906908,0.9710355987055016
-0.07484288309973164,0.7694879295380758,0.9710355987055016
-0.07484517548807329,0.7694879295380758,0.9711974110032362
-0.07486252956292916,0.769809379922209,0.9711974110032362
-0.07486449706382875,0.7698736699990356,0.9711974110032362
-0.07492917857971504,0.7709666013050885,0.9711974110032362
-0.07492924085976804,0.7710308913819152,0.9711974110032362
-0.07493423814771727,0.7712237616123951,0.9711974110032362
-0.07493444778379793,0.7713201967276351,0.9711974110032362
-0.07493712367646899,0.7713844868044617,0.9711974110032362
-0.07493972929047327,0.7713844868044617,0.9713592233009709
-0.07495517428375842,0.7717059371885949,0.9713592233009709
-0.07495521485678419,0.7717059371885949,0.9715210355987055
-0.07498489748869813,0.7723166929184481,0.9715210355987055
-0.07498861350985958,0.7723166929184481,0.9716828478964401
-0.07500636297331464,0.7726381433025813,0.9716828478964401
-0.07500651507120698,0.7726381433025813,0.9718446601941747
-0.07502342038305582,0.7729595936867144,0.9718446601941747
-0.07502400951845739,0.7735382043781542,0.9718446601941747
-0.07502474515501728,0.7735382043781542,0.9720064724919094
-0.07506566721957836,0.774116815069594,0.9720064724919094
-0.07506638272729904,0.774116815069594,0.972168284789644
-0.07510002311012592,0.7745347005689672,0.972168284789644
-0.07510025782190716,0.7745347005689672,0.9723300970873786
-0.07523189191254614,0.7766562731042463,0.9723300970873786
-0.07523327627992393,0.7766562731042463,0.9724919093851133
-0.07528399564038862,0.7774920441029927,0.9724919093851133
-0.07528790184192802,0.7774920441029927,0.9726537216828479
-0.07537814889592537,0.7787778456395256,0.9726537216828479
-0.07538031349536645,0.7787778456395256,0.9728155339805825
-0.07544243047167648,0.7798064868687518,0.9728155339805825
-0.07545268533847965,0.7798064868687518,0.9729773462783171
-0.07554268425325034,0.7811565784821113,0.9729773462783171
-0.07554418676460511,0.7811565784821113,0.9731391585760518
-0.07559573280944654,0.7819923494808576,0.9731391585760518
-0.07559668023726362,0.7820566395576842,0.9731391585760518
-0.0757108348836028,0.7840817769777235,0.9731391585760518
-0.07571355531832269,0.7840817769777235,0.9733009708737864
-0.07574146046722435,0.78453180751551,0.9733009708737864
-0.07574385395587208,0.78453180751551,0.973462783171521
-0.07584753524522642,0.7863962197434826,0.973462783171521
-0.07584795833356617,0.7864605098203092,0.973462783171521
-0.07589847364205388,0.7871998457038156,0.973462783171521
-0.07589971812137952,0.7872641357806422,0.973462783171521
-0.0759435278882103,0.7878427464720821,0.973462783171521
-0.07594418093432165,0.7878427464720821,0.9736245954692556
-0.07608964984636951,0.7898678838921213,0.9736245954692556
-0.07609014119834534,0.7898678838921213,0.9737864077669903
-0.07617040902521582,0.7914751358127873,0.9737864077669903
-0.07617815972479164,0.7918287312353338,0.9737864077669903
-0.07621035687790073,0.792246616734707,0.9737864077669903
-0.0762110314489634,0.792246616734707,0.9739482200647249
-0.07624432838533152,0.7927287923109068,0.9739482200647249
-0.07624476626306187,0.79314667781028,0.9739482200647249
-0.07624702277634027,0.7931788228486933,0.9739482200647249
-0.07624922641877274,0.79324311292552,0.9739482200647249
-0.07627665534189804,0.7936288533864798,0.9739482200647249
-0.07627774829239808,0.7936288533864798,0.9741100323624595
-0.07627950168320985,0.7936931434633064,0.9741100323624595
-0.07631905514058529,0.7943038991931596,0.9741100323624595
-0.07631981566864404,0.7943681892699862,0.9741100323624595
-0.07636509448898465,0.7949146549230126,0.9741100323624595
-0.07636564256039968,0.7949146549230126,0.9742718446601941
-0.07636884357972434,0.7950110900382525,0.9742718446601941
-0.07636928465548626,0.7952361053071458,0.9742718446601941
-0.07637475872874833,0.7953003953839725,0.9742718446601941
-0.07638184587556862,0.7953646854607991,0.9742718446601941
-0.07641663931423809,0.7959111511138256,0.9742718446601941
-0.07642169021712536,0.7960397312674788,0.9742718446601941
-0.07642349368740636,0.7960718763058922,0.9742718446601941
-0.07642604332862296,0.7961683114211322,0.9742718446601941
-0.07646081234509022,0.7967147770741586,0.9742718446601941
-0.07646481479756562,0.7971648076119451,0.9742718446601941
-0.07647830693562108,0.7974219679192517,0.9742718446601941
-0.07647871984253823,0.7974219679192517,0.9744336569579288
-0.07648217874276364,0.7975826931113182,0.9744336569579288
-0.07648301667244684,0.7975826931113182,0.9745954692556634
-0.07652407014884621,0.7981613038027581,0.9745954692556634
-0.07653119873054248,0.7981613038027581,0.974757281553398
-0.07656703928655689,0.7989649297630911,0.974757281553398
-0.07656770286286363,0.7989649297630911,0.9749190938511327
-0.07657834823375254,0.7992863801472243,0.9749190938511327
-0.07658013544829767,0.7993506702240509,0.9749190938511327
-0.07665342146294762,0.8002828763380372,0.9749190938511327
-0.0766555923486984,0.8002828763380372,0.9750809061488673
-0.07669397345969098,0.8009257771063036,0.9750809061488673
-0.07669558253322634,0.8009257771063036,0.9752427184466019
-0.0767056353119675,0.8012472274904369,0.9752427184466019
-0.07670888369487455,0.8015043877977435,0.9752427184466019
-0.0767093967954432,0.8015365328361568,0.9752427184466019
-0.07671163041690082,0.8015365328361568,0.9754045307443365
-0.07672121929719555,0.8016972580282233,0.9754045307443365
-0.07672139980745585,0.80176154810505,0.9754045307443365
-0.07672702295563749,0.8018901282587033,0.9754045307443365
-0.07672868180339992,0.8022115786428364,0.9754045307443365
-0.07675983742937081,0.8025330290269697,0.9754045307443365
-0.07676314770809911,0.8025330290269697,0.9755663430420712
-0.07676897021914197,0.8026937542190363,0.9755663430420712
-0.07677331142179256,0.8026937542190363,0.9757281553398058
-0.07679420609303583,0.8031759297952361,0.9757281553398058
-0.07679513077220318,0.8031759297952361,0.9758899676375404
-0.07683386334982872,0.8036581053714359,0.9758899676375404
-0.07683388441307648,0.8037223954482625,0.9758899676375404
-0.07685035914794808,0.8041081359092224,0.9758899676375404
-0.07685367667508702,0.8042045710244624,0.9758899676375404
-0.07686120228204674,0.8042367160628757,0.9758899676375404
-0.07686184395328655,0.8042367160628757,0.976051779935275
-0.07691864202269078,0.8048796168311421,0.976051779935275
-0.07692106083989314,0.8049439069079688,0.976051779935275
-0.07694063086427555,0.805168922176862,0.976051779935275
-0.07694742055420178,0.8052332122536886,0.976051779935275
-0.07703117370214696,0.8067118840207014,0.976051779935275
-0.07703650720188943,0.8067118840207014,0.9762135922330097
-0.07704067087333355,0.8067440290591147,0.9762135922330097
-0.07704095529587607,0.8072583496737279,0.9762135922330097
-0.07705140750457778,0.8073869298273811,0.9762135922330097
-0.07705404587742509,0.8073869298273811,0.9763754045307443
-0.07711500201783866,0.8082548458645408,0.9763754045307443
-0.07711644771289006,0.8086405863255006,0.9763754045307443
-0.07712420906190959,0.8088334565559806,0.9763754045307443
-0.0771269433316486,0.8088977466328072,0.9763754045307443
-0.07713536730866166,0.8090906168632872,0.9763754045307443
-0.07713633397398123,0.8092191970169405,0.9763754045307443
-0.07718160432243454,0.8097978077083802,0.9763754045307443
-0.07718166603521054,0.8103121283229934,0.9763754045307443
-0.07720670677817326,0.8107300138223665,0.9763754045307443
-0.07720834842262692,0.8107300138223665,0.9765372168284789
-0.07723272039035262,0.8109550290912597,0.9765372168284789
-0.07723540737225659,0.8109550290912597,0.9766990291262136
-0.07734500492778296,0.8124658458966858,0.9766990291262136
-0.07734502206489174,0.8125622810119258,0.9766990291262136
-0.07734571981835497,0.8125622810119258,0.9768608414239482
-0.07735732671026302,0.8127230062039924,0.9768608414239482
-0.07735819882003514,0.812787296280819,0.9768608414239482
-0.07741628621736824,0.8137516474332187,0.9768608414239482
-0.07741631053796272,0.813880227586872,0.9768608414239482
-0.07755016870364728,0.815680349738018,0.9768608414239482
-0.0775504730494504,0.8157446398148446,0.9768608414239482
-0.07756907627164428,0.8159053650069111,0.9768608414239482
-0.07757047764536557,0.8159053650069111,0.9770226537216828
-0.07757654169916556,0.8160339451605645,0.9770226537216828
-0.0775766324321302,0.8160339451605645,0.9771844660194174
-0.07758210855425574,0.8161625253142177,0.9771844660194174
-0.07758357531583848,0.8161625253142177,0.9773462783171522
-0.07764709491171795,0.8173840367739239,0.9773462783171522
-0.07764744509642335,0.8175447619659906,0.9773462783171522
-0.07774290637140568,0.8187662734256967,0.9773462783171522
-0.07774331120753053,0.8187662734256967,0.9775080906148867
-0.07779282677285476,0.8196341894628564,0.9775080906148867
-0.07779386507742492,0.8196341894628564,0.9776699029126213
-0.07799285736056766,0.8227844032273619,0.9776699029126213
-0.07799536361777964,0.8228486933041885,0.9776699029126213
-0.07800631400288294,0.8231379986499083,0.9776699029126213
-0.07800968008339326,0.8231379986499083,0.977831715210356
-0.07803937346810397,0.8236201742261082,0.977831715210356
-0.07804555032340266,0.8236201742261082,0.9779935275080907
-0.07810984823556089,0.8246809604937478,0.9779935275080907
-0.07811192368652514,0.8246809604937478,0.9781553398058253
-0.07816715023235232,0.8255488765309075,0.9781553398058253
-0.07816722468643167,0.8255488765309075,0.9783171521035599
-0.0783073190181463,0.8280240444887331,0.9783171521035599
-0.07830811646561309,0.8280883345655599,0.9783171521035599
-0.07832799937230922,0.828506220064933,0.9783171521035599
-0.07833101404150367,0.8285705101417596,0.9783171521035599
-0.07845874630452032,0.8308528078691054,0.9783171521035599
-0.07845944785435338,0.8308528078691054,0.9784789644012944
-0.0784960144562516,0.8314635635989585,0.9784789644012944
-0.07849895240787114,0.8314635635989585,0.9786407766990292
-0.07856325054179214,0.8325564949050114,0.9786407766990292
-0.07856337538844438,0.8325564949050114,0.9788025889967638
-0.07858194027414,0.832813655212318,0.9788025889967638
-0.07858608770965214,0.832813655212318,0.9789644012944984
-0.07865363547068216,0.8341958918640908,0.9789644012944984
-0.07865830863941908,0.8342601819409174,0.9789644012944984
-0.07866109815270245,0.8343887620945707,0.9789644012944984
-0.07866168038406152,0.8344530521713973,0.9789644012944984
-0.07866821267091972,0.8345494872866374,0.9789644012944984
-0.07866940596615851,0.8345494872866374,0.9791262135922331
-0.07867474152332643,0.8345816323250507,0.9791262135922331
-0.07867958483740956,0.8345816323250507,0.9792880258899677
-0.07871406486596538,0.8349673727860105,0.9792880258899677
-0.07871474258219685,0.8350316628628371,0.9792880258899677
-0.07872938351211634,0.8353209682085571,0.9792880258899677
-0.07873034224541786,0.8353209682085571,0.9794498381877023
-0.07881300740412905,0.8366067697450899,0.9794498381877023
-0.0788130242051725,0.8366067697450899,0.9796116504854369
-0.07886062098627744,0.8373139605901829,0.9796116504854369
-0.07886277209417625,0.8373139605901829,0.9797734627831716
-0.07888382855352843,0.8376997010511428,0.9797734627831716
-0.07888389243659699,0.8378925712816226,0.9797734627831716
-0.07888457260826637,0.8379568613584494,0.9797734627831716
-0.07888604288972295,0.8379568613584494,0.9799352750809062
-0.07890365020777762,0.8381497315889292,0.9799352750809062
-0.07890502350940864,0.8381497315889292,0.9800970873786408
-0.07891544543880563,0.8383104567809958,0.9800970873786408
-0.07891573441241906,0.8383104567809958,0.9802588996763754
-0.07895568805241304,0.8387926323571957,0.9802588996763754
-0.0789651655336715,0.8387926323571957,0.9804207119741101
-0.07897426929348061,0.8390819377029155,0.9804207119741101
-0.0789780233334319,0.8390819377029155,0.9805825242718447
-0.07898414737077997,0.8391462277797422,0.9805825242718447
-0.07898441566393377,0.8393069529718088,0.9805825242718447
-0.0789893652787223,0.8394033880870487,0.9805825242718447
-0.07898949873051253,0.8394033880870487,0.9807443365695793
-0.07903620297867692,0.8402070140473817,0.9807443365695793
-0.07903834551741007,0.8402713041242085,0.9807443365695793
-0.07909367733763772,0.8409142048924748,0.9807443365695793
-0.07909720756736133,0.8409784949693014,0.9807443365695793
-0.07917619779819934,0.8420071361985277,0.9807443365695793
-0.07917743652657294,0.8420071361985277,0.9809061488673139
-0.07921866613882705,0.8424571667363142,0.9809061488673139
-0.07921880486966904,0.8424571667363142,0.9810679611650486
-0.0792390278172409,0.8426500369667942,0.9810679611650486
-0.0792406617961306,0.8426500369667942,0.9813915857605178
-0.07926613887267403,0.8430036323893407,0.9813915857605178
-0.07926987156915727,0.8431643575814073,0.9813915857605178
-0.07929266152401576,0.8436143881191938,0.9813915857605178
-0.07929326173276974,0.8436143881191938,0.9815533980582525
-0.07934566317978525,0.8441929988106336,0.9815533980582525
-0.07934631119156688,0.8441929988106336,0.9817152103559871
-0.07934954880758144,0.8442894339258735,0.9817152103559871
-0.07934961731196366,0.8442894339258735,0.9818770226537217
-0.0793510631170764,0.8443537240027001,0.9818770226537217
-0.07935293642771774,0.8444823041563535,0.9818770226537217
-0.07935421479026183,0.8444823041563535,0.9820388349514563
-0.0794054572204917,0.8451252049246198,0.9820388349514563
-0.07940676507368488,0.8451252049246198,0.982200647249191
-0.07947088392880958,0.8460252660001929,0.982200647249191
-0.07947137649056468,0.8460252660001929,0.9823624595469256
-0.07950675743167684,0.8467646018836993,0.9823624595469256
-0.07950805358035173,0.8467646018836993,0.9825242718446602
-0.07955364260552406,0.8474717927287924,0.9825242718446602
-0.07955443553949254,0.8476325179208589,0.9825242718446602
-0.07959782843358265,0.8482432736507121,0.9825242718446602
-0.07960087382347064,0.8482432736507121,0.9826860841423948
-0.07964240299126712,0.8489183194573917,0.9826860841423948
-0.07964304218212359,0.8506541515317111,0.9826860841423948
-0.07965010951788187,0.8508148767237776,0.9826860841423948
-0.07965346919566924,0.8508791668006044,0.9826860841423948
-0.07965752826517625,0.850943456877431,0.9826860841423948
-0.07965852055360367,0.8510720370310842,0.9826860841423948
-0.07972854582211086,0.8521328232987239,0.9826860841423948
-0.07972997765864659,0.8524221286444438,0.9826860841423948
-0.07974467067593793,0.852647143913337,0.9826860841423948
-0.07974532551760782,0.8527435790285769,0.9826860841423948
-0.07976759242215781,0.8530650294127101,0.9826860841423948
-0.07977094681571817,0.8531293194895367,0.9826860841423948
-0.07979721573858817,0.85354720498891,0.9826860841423948
-0.07979885311523599,0.85354720498891,0.9830097087378641
-0.07988914033661337,0.8548008614870295,0.9830097087378641
-0.07989074264151153,0.8548008614870295,0.9831715210355987
-0.07998951146505989,0.856247388215629,0.9831715210355987
-0.0799903441049149,0.8564724034845221,0.9831715210355987
-0.08004981190066524,0.8575331897521618,0.9831715210355987
-0.08005115379435024,0.8576296248674017,0.9831715210355987
-0.08009191036060603,0.8579510752515349,0.9831715210355987
-0.08009261130182971,0.8581439454820149,0.9831715210355987
-0.0800942665652149,0.8581439454820149,0.9833333333333333
-0.08009683477189539,0.8581760905204282,0.9833333333333333
-0.08010320141314825,0.8582403805972548,0.9833333333333333
-0.08010417721529883,0.8582403805972548,0.983495145631068
-0.08012513047044284,0.8584975409045614,0.983495145631068
-0.08012514568880635,0.858561830981388,0.983495145631068
-0.08018675669680392,0.8595583271722009,0.983495145631068
-0.08018730182130701,0.8596869073258543,0.983495145631068
-0.08020767088393643,0.8600726477868141,0.983495145631068
-0.08020849852883749,0.8600726477868141,0.9836569579288026
-0.08020962700209217,0.8601369378636408,0.9836569579288026
-0.08024169055182206,0.8605226783246006,0.9836569579288026
-0.0802439055240734,0.8605226783246006,0.9838187702265372
-0.0802488750822497,0.8605869684014272,0.9838187702265372
-0.08025454563953216,0.8605869684014272,0.9839805825242719
-0.08027359673402745,0.8608762737471471,0.9839805825242719
-0.0802770990110126,0.8608762737471471,0.9841423948220065
-0.08029246893439396,0.8610048539008004,0.9841423948220065
-0.08029640199608229,0.861069143977627,0.9841423948220065
-0.08037972308447044,0.8625478157446398,0.9841423948220065
-0.08038013235026648,0.8629014111671863,0.9841423948220065
-0.08040437497290492,0.8633192966665595,0.9841423948220065
-0.08040465427789445,0.8638336172811727,0.9841423948220065
-0.08042144503531906,0.8640264875116526,0.9841423948220065
-0.0804215202181886,0.8640907775884792,0.9841423948220065
-0.0804218845038237,0.8641229226268925,0.9841423948220065
-0.08042355926973405,0.8641229226268925,0.9843042071197411
-0.08048579300136582,0.8648301134719856,0.9843042071197411
-0.08048608698462323,0.8648944035488122,0.9843042071197411
-0.0804918408748902,0.8650229837024656,0.9843042071197411
-0.08049293285278658,0.8650229837024656,0.9844660194174757
-0.08051414010298036,0.8653122890481855,0.9844660194174757
-0.08051470441288139,0.8653122890481855,0.9846278317152104
-0.08051614632922255,0.8653765791250121,0.9846278317152104
-0.08051889525557687,0.865473014240252,0.9846278317152104
-0.0806060404068425,0.8668231058536114,0.9846278317152104
-0.08060790460460393,0.8669195409688515,0.9846278317152104
-0.08061348964659798,0.8674338615834646,0.9846278317152104
-0.0806240237844143,0.8677553119675978,0.9846278317152104
-0.0806310996535271,0.867883892121251,0.9846278317152104
-0.08064374364821225,0.8681410524285577,0.9846278317152104
-0.080647089004796,0.8681410524285577,0.9849514563106796
-0.08066036353285394,0.8684946478511042,0.9849514563106796
-0.08066068266219184,0.8685589379279308,0.9849514563106796
-0.08068035603361251,0.8689446783888907,0.9849514563106796
-0.08068180521383356,0.8689446783888907,0.9851132686084142
-0.08068260427480278,0.868976823427304,0.9851132686084142
-0.0806828666857296,0.8690411135041306,0.9851132686084142
-0.08069642065508242,0.8691054035809572,0.9851132686084142
-0.08070247892371935,0.8692982738114372,0.9851132686084142
-0.08072576144926868,0.8694911440419172,0.9851132686084142
-0.080726673190878,0.8694911440419172,0.9852750809061489
-0.08074432669146775,0.8696518692339837,0.9852750809061489
-0.08074527897813988,0.8697161593108104,0.9852750809061489
-0.08074703313949261,0.8697483043492237,0.9852750809061489
-0.08074853494314715,0.8698125944260503,0.9852750809061489
-0.08075545196881606,0.8698447394644636,0.9852750809061489
-0.08075659010284647,0.8704554951943168,0.9852750809061489
-0.08078848847858411,0.8708412356552766,0.9852750809061489
-0.08078883615307719,0.8708412356552766,0.9854368932038835
-0.08079421735886388,0.8709055257321032,0.9854368932038835
-0.08079703191600973,0.8726092127680093,0.9854368932038835
-0.08083277785625781,0.8730592433057958,0.9854368932038835
-0.08083710767198271,0.8734128387283423,0.9854368932038835
-0.08083882003032383,0.8735092738435822,0.9854368932038835
-0.08083902427012118,0.8737021440740622,0.9854368932038835
-0.08086981761482337,0.8738950143045421,0.9854368932038835
-0.080871942846725,0.8744736249959819,0.9854368932038835
-0.0808832316732242,0.8745379150728085,0.9854368932038835
-0.08088522052068592,0.8745379150728085,0.9855987055016181
-0.0808856502682796,0.8748915104953551,0.9855987055016181
-0.08097785870460666,0.8760165868398213,0.9855987055016181
-0.08098415780801366,0.8765309074544344,0.9855987055016181
-0.08099881493125238,0.876595197531261,0.9855987055016181
-0.08099976028775974,0.8770452280690475,0.9855987055016181
-0.08105575812274479,0.8778809990677939,0.9855987055016181
-0.08106095108854555,0.8785881899128869,0.9855987055016181
-0.08106333142774835,0.8787489151049536,0.9855987055016181
-0.0810666473414906,0.8787489151049536,0.9857605177993527
-0.08107658610010471,0.8789417853354334,0.9857605177993527
-0.08107864728077424,0.8799704265646597,0.9857605177993527
-0.08108390519684572,0.8800347166414864,0.9857605177993527
-0.08108406635556858,0.880099006718313,0.9857605177993527
-0.08114597403455748,0.8809669227554727,0.9857605177993527
-0.08115080511602779,0.8810312128322993,0.9857605177993527
-0.08121194437685203,0.8820598540615256,0.9857605177993527
-0.08121304219732423,0.8821241441383523,0.9857605177993527
-0.08122926700525834,0.8825098845993121,0.9857605177993527
-0.08122970974508054,0.8825741746761387,0.9857605177993527
-0.08123513956770162,0.8826384647529654,0.9857605177993527
-0.08123601608092035,0.8826384647529654,0.9859223300970874
-0.08129798447000841,0.8836671059821917,0.9859223300970874
-0.08129867999151302,0.8836671059821917,0.986084142394822
-0.08132655583176296,0.8840528464431515,0.986084142394822
-0.081327447413728,0.8841171365199781,0.986084142394822
-0.08133464537792634,0.8842457166736314,0.986084142394822
-0.08133474355681442,0.8842457166736314,0.9862459546925566
-0.08135337919378155,0.8845671670577646,0.9862459546925566
-0.08135559858792041,0.8846314571345912,0.9862459546925566
-0.08136097484424154,0.8847278922498313,0.9862459546925566
-0.08136350087048272,0.8847278922498313,0.9864077669902913
-0.08136825395304376,0.8848886174418978,0.9864077669902913
-0.0813741667766894,0.8848886174418978,0.9865695792880259
-0.08142175666671303,0.8857886785174708,0.9865695792880259
-0.0814219280218842,0.8858851136327108,0.9865695792880259
-0.08154226518152402,0.8875888006686168,0.9865695792880259
-0.0815489867276048,0.8875888006686168,0.9867313915857605
-0.08169345301683201,0.8900318235880292,0.9867313915857605
-0.08169393884440823,0.8900318235880292,0.9868932038834951
-0.0817150426516085,0.8903854190105757,0.9868932038834951
-0.08171532041396068,0.8903854190105757,0.9870550161812298
-0.08188017205614434,0.8926998617763349,0.9870550161812298
-0.08188131472191024,0.8926998617763349,0.9872168284789644
-0.08195549073105562,0.8937927930823877,0.9872168284789644
-0.08195575091162421,0.8937927930823877,0.9875404530744336
-0.08195656478232671,0.8938570831592144,0.9875404530744336
-0.08195864841530204,0.893921373236041,0.9875404530744336
-0.08197792030289547,0.8943714037738275,0.9875404530744336
-0.08197808225940434,0.8943714037738275,0.9877022653721683
-0.08207391522111496,0.895721495387187,0.9877022653721683
-0.08207536864614245,0.8957857854640137,0.9877022653721683
-0.08213268534179397,0.8963965411938667,0.9877022653721683
-0.08213273168968566,0.8964608312706933,0.9877022653721683
-0.0821449300037736,0.8966537015011733,0.9877022653721683
-0.08214621198114991,0.8966537015011733,0.9878640776699029
-0.08215920364356538,0.8968465717316533,0.9878640776699029
-0.08215961974979435,0.8968465717316533,0.9880258899676375
-0.08220062385840682,0.8973930373846797,0.9880258899676375
-0.082202611929097,0.8974573274615063,0.9880258899676375
-0.08221005248344132,0.8975537625767462,0.9880258899676375
-0.0822115992930399,0.897618052653573,0.9880258899676375
-0.08221356616909364,0.8976823427303996,0.9880258899676375
-0.08221759936451245,0.8976823427303996,0.9881877022653721
-0.0822290064267917,0.8978752129608795,0.9881877022653721
-0.08223143512613751,0.8979395030377061,0.9881877022653721
-0.08233318522615574,0.8990002893053457,0.9881877022653721
-0.08233412440120774,0.8990002893053457,0.9883495145631068
-0.08252964163266063,0.9019576328393712,0.9883495145631068
-0.08253008539199275,0.9019576328393712,0.9885113268608414
-0.0825322824235985,0.9020540679546112,0.9885113268608414
-0.08253293375362303,0.9021183580314378,0.9885113268608414
-0.08255347935141105,0.9023433733003311,0.9885113268608414
-0.0825576010622921,0.9024076633771577,0.9885113268608414
-0.08257778591359077,0.9027612587997043,0.9885113268608414
-0.08258403187174346,0.9028255488765309,0.9885113268608414
-0.08258466293017319,0.9028576939149442,0.9885113268608414
-0.08258721780943662,0.9029219839917708,0.9885113268608414
-0.08262860107283904,0.9036291748368639,0.9885113268608414
-0.08263028679038098,0.9036291748368639,0.988673139158576
-0.0827223194117972,0.9050114114886367,0.988673139158576
-0.08272559079031577,0.9050757015654634,0.988673139158576
-0.08276901944014836,0.9056221672184899,0.988673139158576
-0.08276994597415227,0.9056221672184899,0.9888349514563107
-0.08288874610303248,0.9076151596001157,0.9888349514563107
-0.08289256506263515,0.9076794496769424,0.9888349514563107
-0.08294895299300392,0.9081937702915555,0.9888349514563107
-0.08295064638669913,0.9081937702915555,0.9889967637540453
-0.08305593226680619,0.9097045870969815,0.9889967637540453
-0.08305603584935384,0.9097045870969815,0.9891585760517799
-0.08319207371287357,0.9116332894017808,0.9891585760517799
-0.08319208893694052,0.9116332894017808,0.9893203883495145
-0.0832322006527112,0.9120833199395674,0.9893203883495145
-0.08323565946625094,0.912147610016394,0.9893203883495145
-0.08332265701158337,0.9131762512456202,0.9893203883495145
-0.08332307994595523,0.9131762512456202,0.9894822006472492
-0.08333015149006628,0.9132405413224469,0.9894822006472492
-0.08333579511321343,0.9133048313992735,0.9894822006472492
-0.08346734588624721,0.9145906329358063,0.9894822006472492
-0.08346809671454047,0.9145906329358063,0.9896440129449838
-0.0834893656598798,0.9148156482046996,0.9896440129449838
-0.08349056679221073,0.9148156482046996,0.9898058252427184
-0.08356165492758139,0.9154906940113794,0.9898058252427184
-0.08356209944117254,0.9154906940113794,0.989967637540453
-0.08361617054452491,0.9161335947796457,0.989967637540453
-0.08361912822615214,0.9161335947796457,0.9901294498381877
-0.08366749616714958,0.9165836253174322,0.9901294498381877
-0.0836675838583622,0.9165836253174322,0.9902912621359223
-0.08368616018032099,0.9167122054710856,0.9902912621359223
-0.08368698314175704,0.9167764955479122,0.9902912621359223
-0.08380321803536878,0.9176444115850718,0.9902912621359223
-0.08380674754594647,0.9177087016618984,0.9902912621359223
-0.08392556741671497,0.918865923044778,0.9902912621359223
-0.08392631336501893,0.918865923044778,0.9904530744336569
-0.08407542192666695,0.9205374650422707,0.9904530744336569
-0.08407820775456143,0.9205374650422707,0.9906148867313915
-0.084145327140633,0.9210839306952971,0.9906148867313915
-0.08415462396716272,0.9211482207721238,0.9906148867313915
-0.08431300937111713,0.9232376482689897,0.9906148867313915
-0.08431309564104783,0.9233019383458163,0.9906148867313915
-0.0843390689583679,0.9235912436915362,0.9906148867313915
-0.08434334784778891,0.9235912436915362,0.9907766990291262
-0.08437738003343986,0.9239126940756694,0.9907766990291262
-0.0843777220287244,0.9239126940756694,0.9909385113268608
-0.08441209306184067,0.9242019994213893,0.9909385113268608
-0.08441311599248574,0.9242019994213893,0.9911003236245954
-0.08443383365975465,0.9242984345366293,0.9911003236245954
-0.08443671490507043,0.9242984345366293,0.9912621359223301
-0.08453809603712914,0.9253270757658555,0.9912621359223301
-0.084540547423827,0.9253913658426822,0.9912621359223301
-0.08459899213692273,0.9260021215725353,0.9912621359223301
-0.08460281997131758,0.9260664116493619,0.9912621359223301
-0.0846347032932222,0.9264200070719084,0.9912621359223301
-0.08463576318468652,0.9264200070719084,0.9914239482200647
-0.08466841875583969,0.9269664727249349,0.9914239482200647
-0.08466889147067885,0.9270307628017616,0.9914239482200647
-0.0847046115259949,0.9273200681474815,0.9914239482200647
-0.08470545080510683,0.9273200681474815,0.9915857605177993
-0.08473800658142927,0.9277700986852679,0.9915857605177993
-0.08474052521256731,0.9277700986852679,0.9917475728155339
-0.08475583319873653,0.9278665338005079,0.9917475728155339
-0.08475790197659572,0.9278665338005079,0.9919093851132686
-0.08485161278907238,0.9287023047992542,0.9919093851132686
-0.08485380022652833,0.9287665948760809,0.9919093851132686
-0.08489462445979973,0.9292166254138674,0.9919093851132686
-0.08489825892382757,0.9292166254138674,0.9920711974110032
-0.0850552228847774,0.9306631521424669,0.9920711974110032
-0.08507004810206364,0.9306631521424669,0.9922330097087378
-0.08537067914105728,0.9333311903307725,0.9922330097087378
-0.0853866699436453,0.9333311903307725,0.9923948220064724
-0.0856678815355999,0.9357742132501848,0.9923948220064724
-0.08566806429328694,0.9357742132501848,0.9925566343042072
-0.08577667097496972,0.9365778392105178,0.9925566343042072
-0.08577745024904088,0.9366421292873445,0.9925566343042072
-0.08618324626946394,0.9400173583207432,0.9925566343042072
-0.08618588714674469,0.9400173583207432,0.9927184466019418
-0.08624361020560367,0.9404352438201163,0.9927184466019418
-0.0862455446321066,0.940499533896943,0.9927184466019418
-0.08640635338757446,0.9416567552798225,0.9927184466019418
-0.0864117782071076,0.9416567552798225,0.9928802588996763
-0.08671105762709969,0.9439711980455817,0.9928802588996763
-0.08671128188503213,0.9439711980455817,0.9930420711974111
-0.08672606817554163,0.9440676331608217,0.9930420711974111
-0.08672906227664157,0.9440676331608217,0.9932038834951457
-0.08699309690327078,0.9460927705808608,0.9932038834951457
-0.08699398310327594,0.9461570606576875,0.9932038834951457
-0.08708727019922308,0.9468963965411938,0.9932038834951457
-0.08708990847879972,0.9469606866180205,0.9932038834951457
-0.08718581163272182,0.9477964576167669,0.9932038834951457
-0.08719740186501213,0.9478607476935935,0.9932038834951457
-0.08731152737217152,0.9485357935002733,0.9932038834951457
-0.0873154354630461,0.9486643736539265,0.9932038834951457
-0.08765191708521014,0.9510109614580989,0.9932038834951457
-0.08766589907101913,0.9510752515349256,0.9932038834951457
-0.08772433116532918,0.9515574271111253,0.9932038834951457
-0.08772554538716981,0.9516217171879521,0.9932038834951457
-0.08784441603480325,0.9523610530714585,0.9932038834951457
-0.0878454812130921,0.9524574881866984,0.9932038834951457
-0.0880889989823222,0.9539040149152979,0.9932038834951457
-0.08808964488537391,0.9539040149152979,0.9933656957928803
-0.08830303447813309,0.9555112668359639,0.9933656957928803
-0.08831156481039326,0.9555755569127905,0.9933656957928803
-0.08839530415783398,0.956025587450577,0.9933656957928803
-0.08839666718578942,0.956025587450577,0.9935275080906149
-0.08845091971363989,0.956218457681057,0.9935275080906149
-0.0884550326670886,0.956218457681057,0.9936893203883496
-0.08854816023205053,0.9569577935645633,0.9936893203883496
-0.08854850536309061,0.95702208364139,0.9936893203883496
-0.08864755805422941,0.9579221447169629,0.9936893203883496
-0.08866405057166121,0.9579221447169629,0.9938511326860842
-0.08866705682398562,0.9579542897553762,0.9938511326860842
-0.088667981920804,0.9579542897553762,0.9941747572815534
-0.08882300892750389,0.9588543508309493,0.9941747572815534
-0.08882450946190351,0.9588543508309493,0.9943365695792881
-0.08883641859108793,0.9590472210614291,0.9943365695792881
-0.0888388959008472,0.9590472210614291,0.9944983818770227
-0.08911213303690979,0.9606223279436819,0.9944983818770227
-0.0891203429760567,0.9606223279436819,0.9946601941747573
-0.0891435983213073,0.9607830531357485,0.9946601941747573
-0.08914494471403533,0.9608473432125751,0.9946601941747573
-0.08915721601296928,0.9609116332894018,0.9946601941747573
-0.08915857568902513,0.9609759233662284,0.9946601941747573
-0.08925771809769845,0.9617474042881481,0.9946601941747573
-0.08925878421288158,0.9618116943649747,0.9946601941747573
-0.08939365354369788,0.9627117554405478,0.9946601941747573
-0.08940379275594806,0.9627117554405478,0.9948220064724919
-0.08948709552289941,0.9632260760551609,0.9948220064724919
-0.08948930770661473,0.9632260760551609,0.9949838187702266
-0.08957983955430587,0.9639011218618406,0.9949838187702266
-0.08959165853776951,0.9639011218618406,0.9951456310679612
-0.08983049302908297,0.9650261982063069,0.9951456310679612
-0.08983127041237937,0.9650261982063069,0.9953074433656958
-0.09000514322060077,0.9657012440129866,0.9953074433656958
-0.0900141815958902,0.9657012440129866,0.9954692556634305
-0.09010041980820821,0.9661834195891864,0.9954692556634305
-0.090109438227431,0.9661834195891864,0.9956310679611651
-0.09045133337070971,0.9677263814330258,0.9956310679611651
-0.0904534309153977,0.9677263814330258,0.9957928802588997
-0.09047656172085333,0.9677906715098524,0.9957928802588997
-0.09048347460543349,0.967854961586679,0.9957928802588997
-0.09048631251600492,0.967854961586679,0.9959546925566343
-0.09053969140903706,0.968047831817159,0.9959546925566343
-0.09053970147876855,0.9681121218939857,0.9959546925566343
-0.09065483633283544,0.9686264425085988,0.9959546925566343
-0.09066192573189935,0.9686264425085988,0.996116504854369
-0.09072682675699967,0.9689800379311453,0.996116504854369
-0.09073126220484462,0.9689800379311453,0.9962783171521036
-0.09073573650401989,0.969044328007972,0.9962783171521036
-0.09073696267627407,0.969044328007972,0.9964401294498382
-0.09073782262038704,0.9690764730463853,0.9964401294498382
-0.09074082928688876,0.969140763123212,0.9964401294498382
-0.090863990801474,0.9696229386994117,0.9964401294498382
-0.0908803220202074,0.9696229386994117,0.9966019417475728
-0.09095020996016667,0.9700729692371982,0.9966019417475728
-0.09095413081267745,0.9700729692371982,0.9967637540453075
-0.09095882849583714,0.9701051142756115,0.9967637540453075
-0.09096407533319278,0.9701051142756115,0.9969255663430421
-0.09113030641675951,0.9709730303127713,0.9969255663430421
-0.09113648356820025,0.9710373203895979,0.9969255663430421
-0.09113921453546847,0.9710373203895979,0.9970873786407767
-0.09152209174560982,0.9722588318493041,0.9970873786407767
-0.09152834894835715,0.9722588318493041,0.9972491909385113
-0.09164651807726637,0.9726767173486772,0.9972491909385113
-0.09166907889379966,0.9727410074255038,0.9972491909385113
-0.09197324224998199,0.9737053585779035,0.9972491909385113
-0.09197898814035077,0.9737696486547301,0.9972491909385113
-0.09200308679109159,0.9738660837699701,0.9972491909385113
-0.09202343764077381,0.9738660837699701,0.997411003236246
-0.09202557860294552,0.9738982288083834,0.997411003236246
-0.09204523814246646,0.9738982288083834,0.9975728155339806
-0.09221385946332461,0.9745732746150632,0.9975728155339806
-0.09222395362824226,0.9746375646918898,0.9975728155339806
-0.09230701583019629,0.9747982898839564,0.9975728155339806
-0.09231106979743275,0.9747982898839564,0.9977346278317152
-0.09302307695627465,0.976566266996689,0.9977346278317152
-0.0930245919029078,0.976566266996689,0.9978964401294499
-0.09305294237812084,0.9766948471503424,0.9978964401294499
-0.09305823190764001,0.9766948471503424,0.9980582524271845
-0.0930792638754877,0.976759137227169,0.9980582524271845
-0.09307949640125268,0.976759137227169,0.9982200647249191
-0.09309464873288759,0.9768234273039956,0.9982200647249191
-0.0931727913585233,0.9770484425728889,0.9982200647249191
-0.09318938145266553,0.9770484425728889,0.9983818770226537
-0.09351768893272233,0.9779806486868752,0.9983818770226537
-0.09353234788148668,0.9779806486868752,0.9985436893203884
-0.093719405714427,0.9785914044167283,0.9985436893203884
-0.09371999877003329,0.9785914044167283,0.998705501618123
-0.09395631775974556,0.9792985952618214,0.998705501618123
-0.09399720583098681,0.9792985952618214,0.9988673139158576
-0.094132496068911,0.9796200456459545,0.9988673139158576
-0.09413996981558015,0.9796200456459545,0.9990291262135922
-0.09468841515506154,0.9810022822977273,0.9990291262135922
-0.09471581524202372,0.9810022822977273,0.9991909385113269
-0.09482088011977402,0.9811951525282073,0.9991909385113269
-0.09484753760304682,0.9811951525282073,0.9993527508090615
-0.09527172012271895,0.9819987784885403,0.9993527508090615
-0.09527525533962283,0.9819987784885403,0.9995145631067961
-0.09530632332489136,0.982063068565367,0.9995145631067961
-0.09530986916192186,0.982063068565367,0.9996763754045307
-0.09541925750420777,0.9822237937574335,0.9996763754045307
-0.09542324860456314,0.9822237937574335,0.9998381877022654
-0.0966136395313068,0.9841203510238195,0.9998381877022654
-0.09661457105160848,0.9841203510238195,1.0
-0.09728279609498691,0.9849561220225658,1.0
-0.09731314416304326,0.9850204120993925,1.0
-0.09749386510154051,0.985470442637179,1.0
-0.097519257710251,0.9855347327140056,1.0
-0.09964063317402161,0.9900350380918705,1.0
-0.09964139694410701,0.9900993281686972,1.0
-0.1001824064443746,0.9910636793210967,1.0
-0.10018327893599599,0.9911279693979235,1.0
-0.102067528175604,0.9955639846989617,1.0
-0.10206784014574194,0.9956282747757883,1.0
-0.10219150656983433,0.9959497251599215,1.0
-0.10227801363977668,0.9960140152367483,1.0
-0.10767170731642262,1.0,1.0
