y_true,anom_score,y_pred
1,-0.08239489680226214,0
0,-0.0930034744074189,0
0,-0.04913938689504527,0
0,-0.01325637307627281,0
0,-0.07187924882877933,0
0,-0.07929587516896319,0
0,-0.0673825078937117,0
0,-0.03403272511026084,0
0,-0.04682445471909119,0
0,-0.08316415373266617,0
1,-0.045856670559541346,0
0,0.08678045954000735,1
0,-0.06570416758541742,0
0,-0.05781948120795838,0
0,-0.017806986987485285,0
1,-0.04719365403454229,0
0,-0.05878621067187262,0
0,-0.056344548779362014,0
0,-0.017416967551787677,0
0,-0.05483581818914918,0
0,-0.05667802697603613,0
0,-0.07904639530980928,0
0,-0.07872551645176873,0
0,-0.05598816819904873,0
0,-0.04537475327868512,0
0,-0.09429006847683147,0
0,-0.05320929603569474,0
0,0.018169964134110317,1
0,-0.07911135906492633,0
0,0.05739318836849949,1
0,0.23876543113886417,1
0,0.022986284675647006,1
1,0.05699781045687857,1
0,-0.055074120050113695,0
0,-0.06127734597859552,0
0,0.06918529059506173,1
0,0.03811334194818117,1
1,0.020788539663415317,1
0,-0.08067795773232267,0
0,-0.05605062035468994,0
0,0.007162112030358547,1
1,0.016812575021424414,1
1,-0.05438078435364774,0
0,-0.05776111709623316,0
0,-0.03823237659744477,0
1,-0.03176982550220808,0
0,-0.06792781509124851,0
1,-0.05034701285612647,0
0,-0.03731674974225835,0
0,-0.07340195550997247,0
0,-0.08348036590528102,0
0,-0.031078821643176102,0
0,-0.007858925300044561,0
0,-0.018014142877288863,0
1,0.018642208242853675,1
0,-0.059038476453255384,0
0,-0.06276165455120597,0
0,-0.055280556765076094,0
0,-0.050097797560372026,0
1,0.032196969510273954,1
0,-0.08440151778086635,0
0,0.01849621878527552,1
0,-0.06739817973268142,0
1,0.02371505908625493,1
0,-0.06491801375861883,0
0,-0.05287392585439371,0
0,-0.08354428733761626,0
0,-0.07064032021953504,0
0,-0.06604846799509673,0
0,0.05102494775031219,1
0,-0.05974166342411752,0
0,-0.055679343897666045,0
0,-0.08817732838167547,0
0,-0.06551440370886119,0
1,0.039965857168567265,1
1,0.022108963122197567,1
0,-0.06052776365245688,0
0,-0.060345999902479075,0
1,-0.03725622170025966,0
0,-0.05687794560532289,0
0,-0.0866402643635063,0
0,-0.09398333322767816,0
0,-0.0654129571519943,0
1,-0.05337332879564438,0
0,-0.06940499191967509,0
0,-0.06706014432355106,0
0,-0.05553308702355558,0
0,0.02528935442551772,1
1,-0.007516371647123932,0
0,-0.03826394120379206,0
0,-0.07833815605089839,0
0,0.1277019482508981,1
1,0.04265667682338392,1
0,-0.06413158318580542,0
0,-0.04099234709973487,0
0,-0.06956548538512575,0
0,-0.059238207713667834,0
0,-0.05065919819766623,0
0,-0.08383769402038249,0
0,0.05646285867984213,1
0,-0.007887396902800159,0
0,-0.06249108392466901,0
0,0.011324388813461761,1
0,-0.04351748850601672,0
1,0.02371505908625493,1
1,0.022696425743937598,1
1,0.018704360797310082,1
0,0.08339975410058853,1
0,-0.04500059971839604,0
0,-0.048583599089124185,0
1,-0.07126748905541169,0
1,0.016727081269584887,1
0,-0.0559052693517153,0
1,0.022108963122197567,1
0,-0.05074344636391043,0
1,-0.030647237968585928,0
0,-0.03594321164032954,0
0,-0.07167572349554802,0
0,-0.0833719545557029,0
0,-0.06289124918287975,0
0,0.05739318836849949,1
0,-0.019673013382286886,0
0,0.08678045954000735,1
0,0.06918529059506173,1
0,-0.04590162634724171,0
0,-0.0727236556081512,0
0,-0.053264871058911145,0
0,-0.06458549587240786,0
1,-0.05199853407447075,0
0,-0.08359487322777037,0
0,-0.05163951545674089,0
0,-0.020246776686568213,0
0,-0.08542212233122937,0
0,-0.0881771044765372,0
0,-0.0014353440330560074,0
0,-0.0007944095040036681,0
0,-0.055656007485705206,0
1,-0.0322605695030353,0
0,-0.052039382154576264,0
0,-0.06120569836345441,0
0,-0.0690422956304596,0
0,-0.020561279264353693,0
0,-0.056846879678514206,0
0,-0.05759153164235559,0
0,-0.041297029536845664,0
0,-0.025195815462035753,0
0,-0.07829610912046797,0
0,-0.03960152379130877,0
0,-0.06753015615285823,0
0,0.10953307899996445,1
0,-0.02752902153117237,0
0,-0.08538251178236239,0
0,-0.08463876760599376,0
0,-0.01345554206830607,0
0,-0.07861037303286084,0
0,-0.04533738816372601,0
0,-0.013599272773661797,0
0,-0.08435808159813096,0
0,0.02528935442551772,1
0,-0.0700732671962277,0
0,-0.049796789671198494,0
0,-0.09024120791180656,0
0,0.060763902667985925,1
0,-0.004959289968815062,0
1,0.0018748501749662472,1
0,-0.0840963832760856,0
1,0.02306593421792602,1
1,-0.05004514950468747,0
1,0.017810304883961736,1
0,-0.051833677564080194,0
0,-0.05366651420643326,0
0,-0.05558965137543331,0
0,-0.01913921526289758,0
0,-0.05613116731615414,0
1,0.02306593421792602,1
0,-0.0667409638000766,0
0,0.013650778303407884,1
1,-0.031154028924512966,0
1,0.01962331518296634,1
0,0.05739318836849949,1
0,-0.07331140443633177,0
0,-0.0796906770504407,0
0,-0.03640650169498727,0
0,-0.03235916858241372,0
0,0.12521563920730783,1
0,0.08678045954000735,1
0,-0.027832251378776596,0
0,0.06669443791425067,1
0,-0.009671071683536092,0
1,0.022108963122197567,1
0,0.06918529059506173,1
1,0.022108963122197567,1
0,-0.020365759759760904,0
0,-0.06129651246836215,0
0,-0.07643350560215756,0
0,-0.07675733178923183,0
1,-0.017906637549094384,0
0,-0.024215772902104582,0
0,-0.06523305745275365,0
0,-0.06792781509124851,0
0,-0.03773990909746122,0
1,0.01751910108047583,1
0,-0.011243289264297851,0
0,-0.05445602781913356,0
1,0.04367376496925812,1
0,-0.07195470729169856,0
0,-0.08181506173996944,0
0,-0.022477186830301976,0
0,-0.049632443368975876,0
0,0.10953307899996445,1
0,0.007009693733765254,1
0,-0.05411558830642643,0
0,-0.0693084269811346,0
1,-0.06196815324027338,0
0,-0.02520253511999121,0
0,-0.025457582010689483,0
0,-0.07193423693738044,0
0,-0.04076868633877462,0
0,-0.009623544409854079,0
1,-0.04093971515538897,0
0,-0.07733468008524652,0
0,-0.05322849523461343,0
0,-0.05841914869305326,0
0,-0.01174490316852922,0
0,-0.040650751010966935,0
0,0.12521563920730783,1
0,0.08678045954000735,1
0,-0.03436771064968086,0
1,0.020788539663415317,1
0,0.02528935442551772,1
0,-0.07046531143810919,0
0,-0.07742987163215281,0
1,0.02362955767125552,1
0,-0.05584732733669018,0
0,-0.05036081128563602,0
1,0.022108963122197567,1
1,0.018642208242853675,1
0,-0.0897239967763625,0
0,-0.08420276975219249,0
0,-0.03895725935750638,0
0,-0.08650625026829162,0
0,-0.07208462571591118,0
0,0.0018312819851223905,1
0,0.02528935442551772,1
0,0.05390100672706177,1
0,-0.07988932758619582,0
0,-0.0477257166192645,0
1,-0.06524418624152278,0
0,-0.058885705855897696,0
1,-0.020686697798110498,0
0,-0.05366651420643326,0
0,-0.08069519060017982,0
0,-0.0574757389891658,0
0,-0.06792992408817844,0
0,0.08678045954000735,1
0,-0.05450967587522115,0
1,-0.0322605695030353,0
0,-0.08335076663075214,0
1,-0.030647237968585928,0
1,0.02306593421792602,1
0,-0.022618713619128594,0
1,-0.030647237968585928,0
1,-0.05931596086646346,0
0,0.08339975410058853,1
0,-0.04148148717830413,0
1,0.016727081269584887,1
1,0.016812575021424414,1
0,-0.05761055510317581,0
0,0.05595830808457236,1
0,0.019393916772855624,1
0,-0.0316820568626337,0
0,-0.06088718523871223,0
0,-0.0893159113095901,0
0,0.08339975410058853,1
0,-0.03639772114890821,0
0,-0.05254958762337264,0
0,-0.052469823047355646,0
0,-0.07997356889882867,0
0,-0.05784016280878024,0
0,-0.05157294402791346,0
0,-0.08024872611619333,0
0,-0.08577307256154515,0
0,0.017878084115748316,1
1,0.0024345875455683563,1
0,0.1277019482508981,1
0,0.012873326839562771,1
0,-0.0828926052876659,0
0,-0.07907603158143078,0
0,-0.07952322884260338,0
0,-0.05115571753484327,0
1,0.020882390501738124,1
0,-0.06265631053020265,0
0,-0.06863204394066247,0
0,-0.0753900342665842,0
0,0.05739318836849949,1
0,-0.04014409001941405,0
1,0.01751910108047583,1
1,-0.030647237968585928,0
0,-0.019941782032442346,0
0,-0.08911235829660852,0
0,-0.08495807376792475,0
0,-0.061193859758602975,0
1,0.01751910108047583,1
1,-0.030229972927765247,0
0,0.0005418028893254823,1
0,-0.08591784756790244,0
0,-0.08454160195075555,0
0,-0.08190397521501236,0
0,0.1277019482508981,1
0,-0.09845956869136813,0
0,-0.0906577377940645,0
0,-0.05784016280878024,0
0,0.06918529059506173,1
1,0.0021279734955201857,1
0,-0.03973683534876504,0
0,-0.07349502965763632,0
0,0.08277114911561279,1
0,0.08678045954000735,1
0,0.017836537042729583,1
0,-0.08176670021811772,0
0,-0.08405844051398359,0
0,-0.05685721899771745,0
0,-0.0679599056212819,0
1,-0.007223627874107241,0
0,-0.060678215723388385,0
0,-0.07242114797190968,0
1,0.02045611042720885,1
0,0.06160648306646044,1
0,0.011580702546438393,1
0,-0.06721369816416173,0
0,-0.03927566592657,0
0,-0.002621522528963416,0
0,-0.06916883626467124,0
1,-0.031154028924512966,0
0,-0.07025741352472126,0
1,-0.0577694702565249,0
0,0.03873868699375971,1
0,-0.08428490818696505,0
0,-0.038696328870710894,0
0,-0.08704744567578787,0
0,-0.06317568411592189,0
1,0.03073364623859709,1
0,-0.02465322113778462,0
0,-0.05287392585439371,0
0,-0.06854781435346313,0
0,-0.045418913359066115,0
0,-0.055679343897666045,0
0,-0.04373149740541704,0
0,-0.024386263483509085,0
1,-0.040408486462136795,0
0,-0.05736198672431564,0
0,-0.014775761813997534,0
0,0.06918529059506173,1
0,0.08339975410058853,1
0,-0.056313678304172554,0
0,-0.07474067456911782,0
0,-0.04134864749898093,0
0,-0.06077728425395129,0
0,-0.00042757553641104007,0
0,-0.02831982524548099,0
0,-0.07773628340929428,0
0,-0.09056045024139481,0
0,-0.08684744588307686,0
0,-0.055947485248729056,0
0,0.03811334194818117,1
0,-0.0739263052472241,0
0,0.02528935442551772,1
0,-0.08686845860586268,0
0,-0.028836132615914056,0
0,-0.08048246436958933,0
0,-0.08393729429956825,0
0,-0.0577214264915345,0
0,0.04848542432808778,1
0,0.1277019482508981,1
0,-0.07962280351341078,0
0,-0.08519733292763715,0
0,-0.08122198946899556,0
0,-0.07989580647604361,0
1,-0.030647237968585928,0
0,-0.054867691696118215,0
0,0.02528935442551772,1
0,-0.07163530190743062,0
0,-0.06421470265036439,0
0,-0.06925380547017856,0
0,-0.07967336104439893,0
0,-0.05658639666489046,0
0,-0.005315254497363198,0
0,-0.00914584636045812,0
0,-0.0856552389146309,0
0,-0.052117457892434604,0
0,-0.06286768837918427,0
0,-0.05598816819904873,0
0,0.06160648306646044,1
0,0.011799959485666034,1
0,-0.07785127935274788,0
0,-0.029011189442370466,0
0,0.02528935442551772,1
0,0.18048818412117196,1
0,-0.07299114743153723,0
0,-0.008866493246605434,0
1,-0.044372975520218905,0
0,-0.0743225153278973,0
0,-0.06755391207801359,0
0,-0.07572150598686589,0
0,-0.025375142363854908,0
0,-0.049632443368975876,0
0,-0.0699830323178251,0
0,-0.04868150139881666,0
0,0.1277019482508981,1
0,-0.07949082899886384,0
0,-0.0577214264915345,0
0,-0.027433492593580133,0
0,-0.05585292592620472,0
0,-0.0748959777806203,0
0,-0.027339653681149545,0
1,0.029619340097468694,1
0,-0.05585032846993454,0
0,-0.030565910112209937,0
0,0.02528935442551772,1
0,-0.08202477423394139,0
0,-0.08098008604818224,0
1,0.025584671548748772,1
0,-0.061741186538515846,0
0,-0.058724053052232605,0
0,-0.039242938379342895,0
1,-0.01864110810054337,0
0,-0.06903708623144822,0
0,0.05366250510217885,1
0,0.03811334194818117,1
0,-0.0525872663720407,0
0,-0.025514007251621285,0
1,-0.030647237968585928,0
1,0.02371505908625493,1
0,-0.05813922092297619,0
0,-0.003052808240568028,0
0,-0.06088718523871223,0
0,-0.07393154369133281,0
1,0.02240018417497347,1
0,-0.05839241353869179,0
0,0.02528935442551772,1
0,0.18048818412117196,1
0,0.10554632086192439,1
0,-0.03546750905758528,0
0,0.03573931247134643,1
1,-0.04465947968063677,0
1,0.02306593421792602,1
0,-0.051774855969109634,0
0,-0.03811491305506254,0
1,0.034117220333011455,1
0,0.08339975410058853,1
0,-0.06489721803787041,0
0,-0.0637084212561122,0
0,-0.07695250637861939,0
0,0.02528935442551772,1
0,-0.08775858201225423,0
0,-0.06622775268912845,0
0,-0.06499804385537333,0
0,-0.07870296796729609,0
0,-0.0693084269811346,0
0,-0.0410987963701927,0
1,0.02371505908625493,1
0,-0.06472106916824522,0
1,0.03791361842962959,1
0,0.036303242097296184,1
0,-0.07242862334851952,0
0,0.05739318836849949,1
0,-0.03177793934267337,0
0,-0.02432467667504823,0
0,-0.02259592231112012,0
0,0.095379893261748,1
0,-0.06192787371639974,0
0,-0.06454732941126046,0
0,-0.06861169225398223,0
0,0.06669443791425067,1
0,-0.027854361796580185,0
1,0.022108963122197567,1
0,0.05739318836849949,1
0,-0.06778010070218088,0
1,-0.031154028924512966,0
0,-0.019994990147348346,0
0,-0.010930737466797125,0
0,0.04105868350056707,1
0,-0.0882215271076992,0
0,-0.04060070541528321,0
0,-0.07185375753437556,0
0,-0.06950021636373044,0
0,-0.06447148219252913,0
0,-0.06941308085157194,0
0,-0.05605062035468994,0
0,-0.05068622453841026,0
0,-0.0410987963701927,0
1,-0.03164230826171727,0
1,0.02371505908625493,1
1,0.022108963122197567,1
0,-0.05659624043005679,0
0,-0.06218946954283466,0
0,0.017607667469366928,1
0,-0.02473989241133373,0
0,-0.01659546984295024,0
0,-0.07683795225206941,0
0,-0.05652128206146401,0
0,-0.0668395330808984,0
0,0.03811334194818117,1
0,-0.02331421731383515,0
0,-0.051126826694312566,0
1,0.02371505908625493,1
0,-0.042033696642351126,0
1,0.022696425743937598,1
0,0.05739318836849949,1
0,0.025700690796983117,1
0,-0.06510790095182034,0
0,-0.040050592557860365,0
0,-0.05234037198519209,0
0,-0.0838830315395599,0
1,-0.009716351759540942,0
0,0.037666581066643334,1
0,-0.027475733819916026,0
1,0.016812575021424414,1
1,-0.03164230826171727,0
0,0.005959077351279651,1
1,-0.07409490738854047,0
0,-0.036356240274628304,0
0,-0.060727356479296224,0
0,-0.044148747544057176,0
0,-0.06284913121360886,0
0,0.2294107931864261,1
1,0.02371505908625493,1
1,0.02362955767125552,1
0,-0.07149823113070047,0
0,-0.040650751010966935,0
0,-0.03898097232322628,0
0,-0.0801303470410058,0
1,0.02251581758792809,1
0,-0.011031646139622597,0
0,0.08678045954000735,1
0,0.03811334194818117,1
0,-0.06650442116060978,0
0,-0.04044010908840806,0
0,-0.030757944378543844,0
0,0.08339975410058853,1
0,-0.08426480098626249,0
0,-0.05508128866163864,0
0,0.06918529059506173,1
0,-0.07714500092933407,0
0,-0.02432925964852939,0
0,-0.03707550646666241,0
0,-0.06108549724357454,0
0,-0.050241115889954835,0
0,-0.03971944631377711,0
0,-0.06606278848370067,0
0,-0.04489568557104623,0
0,-0.06400583725333236,0
0,0.12521563920730783,1
1,-0.030647237968585928,0
0,-0.06709993132268616,0
0,0.05102494775031219,1
1,-0.03176982550220808,0
1,-0.031154028924512966,0
0,-0.015663027201159196,0
0,-0.07114329485960014,0
0,0.18048818412117196,1
0,-0.04890383642183932,0
1,0.018642208242853675,1
0,-0.03771135796933084,0
0,0.1801813140057853,1
1,0.01692223502596013,1
1,0.022696425743937598,1
0,0.14666219215207066,1
0,0.10917500908454192,1
0,-0.03974840184434031,0
1,-0.030647237968585928,0
0,-0.07172141486398381,0
0,-0.07508083402816496,0
1,0.04541117716863885,1
1,0.018704360797310082,1
0,-0.07464868860540363,0
0,0.026696028967273522,1
0,-0.040258009425672814,0
1,0.020882390501738124,1
0,-0.03762360711267221,0
0,-0.07381544665266182,0
0,-0.0410987963701927,0
0,-0.05800577786400424,0
1,-0.07246003917991178,0
0,-0.06541883149115885,0
0,-0.06411547822095137,0
0,-0.011813959867388424,0
1,0.022108963122197567,1
0,-0.06916883626467124,0
1,-0.030647237968585928,0
1,-0.031154028924512966,0
0,-0.06576157818635664,0
0,0.004821671510928716,1
0,-0.06523305745275365,0
1,0.02306593421792602,1
0,-0.04620165834390805,0
0,0.002504114060451701,1
0,-0.01995402489850151,0
0,-0.04120796466905058,0
0,0.08339975410058853,1
0,-0.053026930121906346,0
0,-0.0602371240518112,0
0,-0.06533109885128435,0
1,0.02371505908625493,1
0,-0.08394558575811595,0
1,-0.030647237968585928,0
0,-0.05287392585439371,0
1,0.01751910108047583,1
0,-0.08116640489559268,0
0,-0.07568282287431816,0
0,-0.028745143175549104,0
0,-0.051902612425612116,0
0,-0.06606907271683482,0
0,0.0024540586659382857,1
1,0.058978257709309645,1
1,0.022108963122197567,1
1,0.022108963122197567,1
0,-0.07670769450435866,0
0,0.1271835802971889,1
0,-0.07638942346663552,0
0,-0.07395292503040274,0
0,-0.07668293577384377,0
0,-0.0656292539871528,0
0,-0.08944922514126669,0
0,-0.02627154947601623,0
0,-0.07400250200732178,0
0,-0.006118158375824301,0
0,-0.021642358784082882,0
1,0.01751910108047583,1
0,0.23029719942048554,1
0,-0.07599238772550077,0
0,-0.05320929603569474,0
1,0.02371505908625493,1
0,-0.07622932168033592,0
0,-0.055033370478333565,0
0,-0.06839066241610697,0
0,0.017836537042729583,1
0,-0.05323019326340517,0
0,-0.06848551732677716,0
0,-0.07387477409340332,0
0,-0.062199962273185916,0
0,-0.07925771725685382,0
0,-0.047321567736655634,0
1,0.03677697397674595,1
0,-0.08013052536565152,0
0,-0.05766136825648416,0
0,-0.052058048989121086,0
0,-0.07571790418026247,0
0,-0.05203795788787563,0
0,0.0046970199340151675,1
0,-0.043619331716748144,0
0,-0.02174272384632997,0
0,-0.05883595182408152,0
0,-0.010955653746740013,0
0,-0.0280977311609924,0
1,-0.06542310596589906,0
1,-0.050509929960697975,0
0,-0.08829918001687154,0
0,-0.05487463172205648,0
0,-0.07476268424420918,0
1,-0.03838396047564879,0
0,-0.035604492931872234,0
0,-0.018126806716586674,0
0,-0.07346816081302465,0
1,0.016625207348326176,1
1,-0.005594502922506239,0
0,-0.08213666461312558,0
0,-0.06793027341233837,0
0,-0.06831832254641784,0
0,-0.09215102435426581,0
0,0.06918529059506173,1
0,-0.053546795414234294,0
0,-0.019801453980838046,0
0,-0.07129778675521253,0
1,-0.03164230826171727,0
0,-0.09404952465033722,0
0,-0.0681923768555458,0
1,0.02251581758792809,1
0,0.05739318836849949,1
0,0.05739318836849949,1
1,0.02371505908625493,1
0,-0.026908560459885322,0
0,-0.08479313444445519,0
0,-0.03950806326325973,0
1,-0.0030105999119398597,0
0,-0.04700593760405236,0
0,0.100361652963736,1
0,-0.04780322582992963,0
0,-0.08265898525091941,0
0,-0.07266794285808609,0
0,-0.07512780439296024,0
0,-0.09069791794298493,0
0,-0.03139677767990495,0
0,-0.08196151294996751,0
0,-0.07553337952497952,0
0,-0.07382493299157827,0
0,0.0020342056607792758,1
0,-0.04147302189101998,0
0,-0.059904566918925595,0
0,-0.08895186765639312,0
0,-0.07883821500408011,0
0,-0.040106205988208854,0
0,-0.08336469304114347,0
0,-0.07039439644766782,0
0,-0.07759203270460302,0
0,-0.05363767639523448,0
0,-0.054483098763777715,0
1,0.02371505908625493,1
0,-0.08689185205853112,0
0,-0.06157851648228618,0
0,-0.0741842975495024,0
0,-0.08481064013730749,0
0,-0.0526634849667062,0
0,-0.07509504454315513,0
0,-0.05526641716623526,0
1,0.0036572020002446637,1
0,-0.02574219818257345,0
0,-0.04134864749898093,0
0,-0.057773754008869416,0
0,-0.0284295418091135,0
0,-0.0787113050379657,0
0,-0.06334029199993207,0
0,-0.08086696467802612,0
1,0.02371505908625493,1
0,-0.08260553089116762,0
0,-0.0416882587758422,0
0,-0.08119555337901396,0
0,-0.0290891721241211,0
0,-0.06408704885719141,0
0,-0.060975354299260764,0
0,-0.05359113740754634,0
0,-0.028111736493973638,0
0,-0.06243524250781851,0
0,0.12521563920730783,1
0,0.095379893261748,1
0,-0.06311905731855888,0
0,-0.07815826568383472,0
0,-0.0855010745358914,0
0,0.06669443791425067,1
0,-0.03898097232322628,0
0,-0.0716094351904158,0
0,-0.04145207491177766,0
0,-0.05221260852234588,0
0,-0.05035192854905429,0
0,-0.0803653991022778,0
0,-0.0361666705155792,0
0,-0.05585292592620472,0
0,-0.07837655354964662,0
0,0.095379893261748,1
0,-0.07405839910994216,0
0,-0.05730356127567238,0
0,-0.03625707992128474,0
0,-0.018419983039651366,0
0,-0.07274296625105331,0
0,-0.07520827228600024,0
0,-0.08054282131699814,0
0,-0.06491845098643728,0
0,0.11226941501094456,1
0,0.08339975410058853,1
0,-0.09807498820438837,0
0,0.08678045954000735,1
0,-0.05016589447158559,0
1,0.02371505908625493,1
0,-0.05676769401256598,0
0,-0.016837602775049254,0
0,-0.0570789117461562,0
1,0.02371505908625493,1
0,-0.035691246901133455,0
0,0.100361652963736,1
0,-0.05746028454375546,0
1,0.01751910108047583,1
0,-0.06067563498985046,0
1,-0.0322605695030353,0
0,-0.0693084269811346,0
0,0.10953307899996445,1
0,-0.061193859758602975,0
0,-0.02673364350814239,0
1,0.02306593421792602,1
0,-0.06074648186218645,0
0,-0.07726069193100732,0
0,-0.05573196744821107,0
0,-0.0706953651034225,0
0,-0.09150687045361999,0
1,-0.0738818509582781,0
0,0.0018398236319709937,1
0,-0.041064950042885184,0
0,-0.04301337306561881,0
0,-0.06961856480479223,0
0,0.11729036897954181,1
0,-0.056280974944205364,0
0,-0.06975823093112676,0
0,0.05739318836849949,1
0,-0.08221462295940657,0
0,-0.058305154316324104,0
0,-0.03459031738086721,0
0,-0.003442065501110092,0
1,-0.07377385771900874,0
1,0.02371505908625493,1
0,-0.07615039101944282,0
0,-0.06812729299334741,0
1,0.02673517504229317,1
0,-0.056011234253465214,0
0,-0.005968469694795142,0
0,0.07258919439274591,1
1,0.02306593421792602,1
0,0.006348771529704256,1
0,-0.07343179730304983,0
0,0.01701688780548105,1
0,-0.08500551104292398,0
0,0.02528935442551772,1
0,-0.02415300084994776,0
0,-0.049945637840306034,0
0,-0.05376662014380973,0
0,-0.07559902996584889,0
1,-0.04643843324766023,0
0,-0.05025050853567126,0
0,-0.0640919549571975,0
0,-0.07148873805949857,0
0,-0.06359934398137385,0
0,-0.09153312173321737,0
0,-0.007030138741829395,0
0,-0.07302861082919421,0
0,-0.07954985175292767,0
0,-0.08193749917745491,0
0,0.061046769389723754,1
0,-0.013450580599076056,0
0,-0.08020658528252206,0
1,0.018704360797310082,1
0,0.08678045954000735,1
0,-0.06096596379773689,0
1,-0.029121962906936083,0
0,-0.052926113466377045,0
1,-0.017391645456455163,0
0,-0.0609802648209159,0
0,0.0019444721410830645,1
0,-0.08326946602972601,0
0,0.01752781339870868,1
0,-0.05730356127567238,0
0,-0.0761263182494919,0
0,-0.091234517812389,0
0,-0.09004435906832775,0
1,0.022108963122197567,1
0,-0.04687226635184988,0
1,-0.009093597436746703,0
0,0.0152279277338504,1
0,-0.07358007507221459,0
0,-0.060202228757955445,0
0,-0.05667802697603613,0
0,-0.04696859141223031,0
0,0.02528935442551772,1
0,-0.08110659131323872,0
1,0.022108963122197567,1
1,0.02371505908625493,1
0,-0.08398582048718112,0
1,0.016727081269584887,1
0,-0.0680783408588817,0
1,-0.03164230826171727,0
0,0.05739318836849949,1
0,0.08339975410058853,1
1,0.02371505908625493,1
0,-0.06317568411592189,0
0,-0.07693383380816365,0
0,-0.06086693782463848,0
0,-0.05784016280878024,0
0,-0.023408004694809192,0
1,-0.02207767166662894,0
0,0.095379893261748,1
0,-0.07527663305028459,0
1,-0.08262134836371837,0
0,-0.03414737637567694,0
0,-0.04980965798027842,0
0,-0.05706916093716319,0
0,0.09373893816060619,1
0,0.020892962246561786,1
0,-0.04044010908840806,0
0,-0.07893150660676335,0
0,0.09216249131404386,1
1,0.04815422867940955,1
0,-0.0009245269681927848,0
0,-0.06106496744014739,0
0,-0.06990594496845037,0
0,-0.08287797763301952,0
0,0.08678045954000735,1
0,-0.012521791995420084,0
0,-0.08650501734160781,0
1,0.018704360797310082,1
0,-0.0868129034912205,0
0,-0.057246968877619264,0
0,-0.02552636845535783,0
0,-0.07522309669501365,0
0,0.09275210731681316,1
0,-0.08718314338022626,0
0,0.08339975410058853,1
1,-0.031154028924512966,0
0,0.012768434130278172,1
0,-0.06450648536671033,0
0,-0.06740392578411042,0
0,-0.027888850122972986,0
1,-0.02944044479050989,0
0,-0.0356112926396413,0
0,-0.04282373759340252,0
0,-0.06458608662486054,0
0,-0.05756159691796492,0
0,-0.06918760609744729,0
1,-0.030647237968585928,0
0,-0.0409095256100967,0
0,-0.07462667684034857,0
0,-0.0691802269349146,0
1,-0.07624546629788598,0
1,-0.05077073186884146,0
0,-0.041289969089615186,0
1,0.015769469932073177,1
0,-0.059575446883600724,0
1,-0.0322605695030353,0
0,0.007162112030358547,1
0,-0.08477967682119653,0
0,0.01842546077547169,1
0,-0.07970115560779095,0
1,0.018704360797310082,1
0,-0.05648844643969919,0
0,0.06918529059506173,1
1,0.02371505908625493,1
0,-0.004225691234321538,0
0,-0.02056663207902165,0
0,-0.07352887587793011,0
0,0.016044722592392868,1
0,-0.06497103641803575,0
0,0.005824353303036323,1
0,-0.07556786184566006,0
0,-0.0416882587758422,0
0,0.0019444721410830645,1
1,0.02306593421792602,1
0,-0.08327023959994961,0
0,0.007532345790098871,1
0,-0.05734128275726763,0
0,-0.08508361226095534,0
0,-0.08153296523580839,0
0,-0.08033463153673748,0
0,-0.06117466617337719,0
0,-0.0410987963701927,0
1,0.02306593421792602,1
1,-0.05572232356736334,0
0,-0.003601329528858166,0
0,0.02528935442551772,1
0,-0.08770243876954181,0
0,-0.07183684998321821,0
0,-0.0034739108968681043,0
0,-0.03168352901913418,0
0,-0.07327515855406402,0
0,-0.010163528319268478,0
0,-0.07345708779020665,0
1,0.07243504673093448,1
0,-0.07008581800600483,0
1,-0.05139738626811241,0
0,-0.042002888952580864,0
0,-0.043599898995027864,0
0,-0.06092797647617676,0
0,-0.052465766106072786,0
1,0.018704360797310082,1
0,-0.06514972329088192,0
0,-0.0781495179671528,0
0,-0.03457289053199447,0
0,-0.060765290171282016,0
0,-0.08502825121070595,0
0,0.03811334194818117,1
1,0.020788539663415317,1
0,0.06669443791425067,1
0,-0.0916896099806137,0
1,0.02371505908625493,1
0,-0.04836910336503203,0
0,-0.030690554726975516,0
0,-0.07194972993314963,0
0,-0.04868110534777487,0
0,-0.022579378163842645,0
1,0.022108963122197567,1
0,-0.025044030664934824,0
1,-0.031154028924512966,0
0,0.08339975410058853,1
0,-0.08652509743008624,0
0,-0.07714999017370328,0
0,-0.07398498676494436,0
0,-0.038081222394370395,0
0,0.027491735076024204,1
0,-0.05595006303375155,0
0,0.08678045954000735,1
0,0.100361652963736,1
0,-0.07965770232151503,0
0,-0.04493035448490412,0
0,-0.0914944690333187,0
1,0.02371505908625493,1
1,-0.0322605695030353,0
0,-0.06553127983876678,0
0,-0.05790608420852028,0
1,0.022108963122197567,1
0,-0.05685721899771745,0
0,-0.06919113295805518,0
0,-0.06321551085900545,0
0,-0.07171206990188678,0
0,-0.06076778383175219,0
1,0.018704360797310082,1
0,-0.0696774131240478,0
0,-0.07476230826582853,0
0,-0.024706060861855117,0
0,-0.04849252842075591,0
0,-0.06351347518927619,0
0,-0.017709952787184124,0
0,-0.09145354155372021,0
0,-0.059346402733541304,0
0,-0.08375190955059492,0
0,-0.03239718042389644,0
0,-0.08148897637672814,0
0,-0.05366651420643326,0
0,0.06160648306646044,1
0,-0.09537639304205009,0
1,0.02371505908625493,1
1,0.007883013538520722,1
0,-0.05618839792417424,0
0,-0.019536299141883595,0
1,-0.048189503029905656,0
0,-0.008290830273849026,0
0,-0.07239797386828223,0
0,-0.06879776846839208,0
0,-0.07567415435237845,0
1,-0.030647237968585928,0
0,0.012932397611758795,1
0,-0.05031702623548012,0
0,-0.03302910028223943,0
0,-0.03762389474202049,0
0,-0.02526842293257231,0
0,-0.06523305745275365,0
0,-0.08108907263615883,0
0,-0.07021319412482024,0
0,-0.06422627535054226,0
0,-0.07669872134028621,0
0,-0.08157262558124667,0
0,-0.08127561831055968,0
0,-0.06445110251568864,0
0,-0.05621590632684653,0
0,-0.04969834064699663,0
1,0.07741946491483986,1
0,-0.06595239133981662,0
0,0.022181989430659188,1
0,0.037286563908282444,1
0,-0.08058226810390795,0
0,0.08678045954000735,1
0,-0.08541279700941484,0
0,0.05739318836849949,1
0,-0.0808461052078514,0
0,-0.06566128870414323,0
0,0.06274269682991207,1
0,-0.06857056879113915,0
0,-0.07078122274211679,0
0,-0.017436680343536848,0
0,-0.05223751181743347,0
0,-0.08904646839892882,0
0,-0.06730334306106589,0
0,-0.07925909969728984,0
1,-0.07552383763331505,0
1,0.02362955767125552,1
1,-0.02024339732747399,0
0,-0.059741366429868714,0
1,-0.031154028924512966,0
0,-0.051700449128564696,0
0,0.06669443791425067,1
1,0.01660108107014291,1
0,0.10953307899996445,1
0,-0.08249377759748594,0
0,-0.0712837986281224,0
0,-0.06868485095857102,0
0,-0.05206375003183411,0
0,-0.053451389452405185,0
0,0.0030444957965078956,1
1,-0.030647237968585928,0
0,0.036171599193157156,1
0,-0.05150989012444013,0
1,0.020788539663415317,1
0,0.1801813140057853,1
0,-0.09124313197566142,0
0,-0.03269568268662543,0
0,0.02528935442551772,1
0,0.05739318836849949,1
0,-0.05676896774293638,0
0,-0.052926818573662104,0
0,-0.053026930121906346,0
0,0.10953307899996445,1
0,-0.04075433580175408,0
1,-0.032950516717203004,0
0,0.08678045954000735,1
0,-0.053962321605054486,0
0,-0.06117057665306325,0
0,-0.07825984047094375,0
0,-0.05667802697603613,0
0,-0.08683309996413263,0
0,-0.03594321164032954,0
1,0.022607459467776425,1
0,-0.03594321164032954,0
0,-0.04908024600109945,0
0,-0.09010461176760592,0
0,-0.06273492809844766,0
0,-0.042671795873936935,0
0,-0.06076002950106835,0
0,-0.009031150369998131,0
0,-0.05333519201379949,0
1,0.028235936958997954,1
0,-0.06491801375861883,0
0,0.02528935442551772,1
0,-0.021671091809313703,0
0,-0.058458936678743245,0
0,-0.05730356127567238,0
0,-0.01656370418516534,0
0,0.002617455976516414,1
0,0.11226941501094456,1
0,-0.018581059377750175,0
1,-0.04749921389549311,0
1,-0.018404698991471957,0
0,-0.07427759125059735,0
0,-0.07372481671786724,0
0,-0.06536330564666437,0
0,-0.08116330526797028,0
0,0.024500457400961517,1
0,-0.005783709569580908,0
1,-0.012210191561238093,0
0,-0.06721560445471075,0
0,-0.07471862559732179,0
0,-0.03175377644963223,0
0,-0.06086693782463848,0
1,-0.03176982550220808,0
0,0.004049678488395991,1
0,-0.05230513937411685,0
1,-0.017554276341846864,0
0,-0.08637550691472984,0
0,-0.06077728425395129,0
0,-0.045543961760096285,0
1,-0.02921787906885459,0
0,-0.09042573610522991,0
0,-0.06916883626467124,0
0,-0.046906649478172746,0
0,-0.06262722934831455,0
0,-0.049796789671198494,0
0,-0.03594321164032954,0
0,0.03811334194818117,1
0,-0.036958227606975036,0
0,-0.05685721899771745,0
0,-0.05612362858415848,0
0,-0.063887593350901,0
0,-0.08665157140443269,0
0,0.03471705178636908,1
0,-0.07890359628063737,0
0,0.004302893744859704,1
0,0.08339975410058853,1
0,-0.06817574063649545,0
0,-0.06686158276556903,0
1,0.02371505908625493,1
0,0.1801813140057853,1
0,-0.05143076091392207,0
0,0.08678045954000735,1
0,-0.09508043843840469,0
0,-0.060174333305480276,0
0,0.002680745479857416,1
0,-0.039075923345440966,0
0,0.007061985303231766,1
0,0.038646871097528845,1
0,-0.05384909930541382,0
0,-0.025782346482169816,0
0,-0.06538494395990135,0
1,0.022696425743937598,1
1,0.03993709088846309,1
0,-0.07734181307089971,0
0,-0.051700449128564696,0
0,-0.03808421901919773,0
0,-0.07902530298480898,0
0,-0.08580236621106396,0
0,-0.05141741256629362,0
0,0.01072253461706918,1
0,-0.05638853735453753,0
0,-0.02673449344862039,0
0,0.08339975410058853,1
0,-0.057046244034662186,0
0,0.1277019482508981,1
0,-0.03234022956638055,0
0,-0.0899115379694494,0
0,-0.05540969834765391,0
0,-0.002391694230088892,0
0,-0.014584108443756683,0
0,-0.09201340232582317,0
0,-0.06383663820927454,0
0,-0.07100484880720914,0
0,-0.03892636901139518,0
0,-0.07538002726344456,0
0,-0.08168692088263996,0
0,-0.05662320082538791,0
0,0.02473272758419598,1
0,-0.057203709232283906,0
0,-0.07028692930145691,0
1,-0.03018729642041762,0
0,-0.08759519363496421,0
0,0.08339975410058853,1
0,-0.09120777022038645,0
0,-0.0726403896967866,0
0,-0.07740839734148935,0
0,-0.04890383642183932,0
1,-0.06674356096243833,0
0,-0.05371877766094363,0
1,-0.0322605695030353,0
0,-0.04736416054866577,0
0,-0.0732312562810396,0
0,-0.07031818995107414,0
0,0.06918529059506173,1
0,-0.05130666297997111,0
1,0.06100336065115641,1
0,-0.06088718523871223,0
1,0.022696425743937598,1
0,-0.04135423318982717,0
0,-0.07496170136351216,0
0,0.030301177554089453,1
0,-0.05781904910706831,0
0,-0.053881522305188445,0
0,-0.06555023534774096,0
0,-0.040050592557860365,0
1,-0.02183220500222205,0
0,-0.0825339544739987,0
0,-0.005681076583418432,0
0,0.11226941501094456,1
0,-0.05180801062941681,0
1,0.025584671548748772,1
0,-0.07438759769500669,0
0,-0.039701122325945026,0
0,-0.023476670316784187,0
1,0.02306593421792602,1
0,-0.01559849754667808,0
0,-0.07997075353589889,0
0,-0.07683002016050355,0
0,-0.07872787934184666,0
1,0.02045611042720885,1
0,-0.08057373642006543,0
0,-0.07552152729033507,0
0,-0.06140357521292261,0
0,0.015534129366139071,1
1,-0.025252581421750686,0
0,-0.06307258896733747,0
0,-0.0005380612802289853,0
0,-0.08202366285083057,0
0,-0.0753527493066411,0
0,-0.08757765045365745,0
1,-0.009448783977302033,0
0,-0.05591100347526878,0
0,-0.06823350644644971,0
0,-0.079175457090222,0
0,-0.0562184634259521,0
0,-0.04488869145131286,0
1,-0.05748607774999731,0
0,0.12521563920730783,1
0,-0.005363885280829983,0
0,0.03811334194818117,1
0,-0.06528859528592584,0
0,-0.08254558761286002,0
0,-0.028045382273969688,0
0,-0.089081807472223,0
0,-0.04803307165845805,0
0,0.011437100966499969,1
0,0.03811334194818117,1
0,0.0024751727773622,1
1,-0.06347289891134755,0
1,-0.030647237968585928,0
0,-0.07446311866044597,0
0,-0.05746180307560067,0
0,-0.07535107993663004,0
1,-0.06307410041625239,0
0,-0.06200407553333881,0
1,0.01751910108047583,1
0,-0.0768670302248246,0
0,0.05739318836849949,1
0,-0.08714170409632327,0
0,-0.026485648408194062,0
1,-0.030647237968585928,0
0,0.03755343513864373,1
0,0.08678045954000735,1
0,-0.08042008946560553,0
1,0.022108963122197567,1
1,0.01751910108047583,1
0,-0.08902508257694763,0
0,-0.07793988022008741,0
0,-0.05214809672936804,0
0,-0.0652938712320753,0
1,0.03677697397674595,1
1,-0.07462625524382493,0
1,0.032161676833216135,1
0,-0.014977511289811007,0
0,-0.055816768607506506,0
1,0.021406619527576054,1
0,-0.0884922402889422,0
0,-0.059310978223683364,0
0,-0.07374100359693397,0
0,-0.09314122840380334,0
0,-0.07590176420914746,0
1,-0.02281355085873299,0
0,-0.07266644105784742,0
0,0.08678045954000735,1
1,0.018704360797310082,1
0,0.012558436097433456,1
0,-0.06558145640942215,0
0,-0.07317493863111041,0
0,-0.004158237689857069,0
0,-0.03974840184434031,0
0,-0.05306578260862721,0
0,-0.008544069140497546,0
1,-0.01818498289967463,0
0,-0.08524843413622324,0
0,-0.06973799148696602,0
0,0.10554632086192439,1
0,-0.054626049105722,0
0,0.1277019482508981,1
0,-0.003633264058576502,0
0,-0.07434530850283438,0
0,-0.07713931533996693,0
0,-0.07269623009879639,0
0,-0.022454950271004692,0
0,0.07258919439274591,1
1,0.025605198364720194,1
1,0.02306593421792602,1
0,-0.07769571878643833,0
0,-0.055950485705207886,0
0,-0.05213021745254315,0
0,0.0003614665259055183,1
1,0.02371505908625493,1
0,-0.09882653789770585,0
0,-0.05164129703185677,0
0,0.004998519431932524,1
0,-0.020636882128068745,0
0,-0.053236862187763245,0
1,0.01751910108047583,1
0,-0.053258757694751135,0
0,-0.0021378195886966322,0
0,-0.08585547998986948,0
0,-0.07476179589040427,0
1,0.01751910108047583,1
0,-0.052944815591649375,0
0,-0.03179627823755299,0
0,-0.07688500400574766,0
0,-0.0799985223944279,0
1,0.022108963122197567,1
0,-0.014621338329913747,0
0,0.18048818412117196,1
0,-0.053881522305188445,0
1,0.018704360797310082,1
0,-0.0742525708576488,0
0,-0.06051373816263467,0
0,-0.08212498834715254,0
0,0.006227500174881273,1
1,-0.03164230826171727,0
0,0.003464815753859596,1
1,-0.02944044479050989,0
0,-0.023056635830449645,0
0,-0.031345111644838164,0
1,0.022108963122197567,1
1,0.022108963122197567,1
1,0.018704360797310082,1
0,0.01701688780548105,1
0,-0.07585452001776227,0
0,0.02528935442551772,1
0,0.08678045954000735,1
0,0.06669443791425067,1
0,0.013359212792519948,1
0,0.0005585441747694153,1
0,0.05739318836849949,1
0,-0.07783918719221289,0
0,-0.021430341928159347,0
0,0.03811334194818117,1
0,-0.056452989402856035,0
0,-0.0342516541751266,0
0,0.06160648306646044,1
1,-0.07175535648634185,0
0,-0.07092198211054279,0
0,-0.059314819436360244,0
0,-0.014135691463237343,0
0,-0.07756590512801748,0
0,0.050189677133822164,1
0,-0.01524225299164711,0
0,-0.049632443368975876,0
0,-0.07426802711188346,0
0,-0.0693084269811346,0
0,-0.07029071205668769,0
0,-0.05762166869940272,0
1,0.02371505908625493,1
0,-0.05322849523461343,0
0,-0.05416203591742713,0
0,-0.07556652986525791,0
0,-0.030606035990610403,0
0,0.12521563920730783,1
0,-0.04110448219616203,0
0,-0.0499051214543903,0
0,-0.04418526093405123,0
0,-0.06345744885028043,0
0,-0.06875605970465326,0
0,-0.07697426065080343,0
0,0.1801813140057853,1
0,-0.044699697121436455,0
0,-0.04986493214277471,0
0,0.05739318836849949,1
0,-0.04873077168452361,0
0,-0.06307414367694786,0
0,-0.07900096512987514,0
0,0.03811334194818117,1
1,-0.030647237968585928,0
1,0.021406619527576054,1
1,0.018704360797310082,1
0,-0.06400583725333236,0
1,0.02371505908625493,1
0,0.029966350409796227,1
0,-0.033273728947521286,0
0,-0.07311380733688205,0
0,-0.03910108987972055,0
0,-0.061057499909170365,0
1,-0.030647237968585928,0
0,-0.05820907303253625,0
0,-0.027955330660582756,0
0,0.1801813140057853,1
0,0.02528935442551772,1
0,0.06160648306646044,1
0,-0.0593896240765473,0
0,0.041117214851080885,1
0,-0.0839111246066267,0
0,-0.06585299489135904,0
0,-0.026572927718002015,0
0,-0.07854239438554322,0
0,-0.07058280372858078,0
0,-0.023016238890674168,0
0,-0.06040377416450993,0
0,-0.041393409734589326,0
1,-0.031154028924512966,0
0,0.08808601537557714,1
1,0.01751910108047583,1
0,-0.07867082005258264,0
0,-0.08558760118896136,0
0,-0.0711879840296466,0
0,-0.021913452510338383,0
0,-0.04154109130456374,0
1,0.02371505908625493,1
0,0.002680745479857416,1
0,-0.06699913112312383,0
0,-0.08258792664593889,0
0,-0.05141741256629362,0
0,-0.08228326962183735,0
0,0.05739318836849949,1
1,0.02306593421792602,1
0,-0.017060455713942768,0
1,-0.030647237968585928,0
0,-0.03625707992128474,0
0,-0.05687794560532289,0
0,-0.029781577293129136,0
0,-0.05416203591742713,0
0,-0.05952563439233205,0
0,-0.07364388187627596,0
0,0.10953307899996445,1
0,-0.02066879084379858,0
0,-0.05583215137429037,0
1,0.02371505908625493,1
1,-0.030647237968585928,0
0,-0.08287453044857085,0
1,0.02306593421792602,1
0,-0.06519350086417369,0
0,-0.04415670269450961,0
0,-0.08709479190792407,0
0,-0.015385678607729159,0
0,-0.036906797447168294,0
0,-0.014077670752094706,0
0,0.05483002652413449,1
0,-0.016266744798669797,0
1,0.02306593421792602,1
0,-0.020052393148769998,0
0,-0.03899782660978873,0
1,-0.012956323305163109,0
0,-0.0712267256564258,0
0,-0.04145207491177766,0
0,-0.06720991727318903,0
1,0.01751910108047583,1
0,-0.08800312349293671,0
0,0.18002793084631852,1
1,-0.06827166238656768,0
0,-0.06940378465908559,0
0,-0.04525906139357372,0
0,0.1277019482508981,1
0,-0.08600733797607579,0
0,-0.034893814315992644,0
0,-0.09005450547120691,0
0,-0.050901911194786265,0
0,-0.06116394875690567,0
0,0.05739318836849949,1
0,-0.03295971317265878,0
0,-0.08002870200671786,0
0,-0.0571569419333145,0
0,-0.06839775462856035,0
1,0.02306593421792602,1
0,-0.05718286719504473,0
0,-0.07991596260737932,0
0,-0.05966377921213872,0
0,-0.08786138702615542,0
0,-0.07659834685865724,0
0,-0.05353661811400856,0
1,-0.0322605695030353,0
0,0.051529826934815115,1
1,-0.03164230826171727,0
0,-0.06442956425170904,0
0,-0.02118584216890257,0
0,-0.06776830466519751,0
0,-0.07607681124484889,0
0,0.05686863699551914,1
0,-0.09746222809716287,0
0,-0.07405712510891027,0
0,-0.06317568411592189,0
0,-0.020203528558861705,0
0,-0.05040338985879461,0
0,-0.05566089192269802,0
0,-0.03958995360456896,0
1,-0.031154028924512966,0
1,0.015769469932073177,1
0,-0.09008992859914733,0
1,-0.01125435753546361,0
1,-0.07025410804594173,0
0,0.095379893261748,1
0,-0.07544879995633369,0
0,0.024364589979853246,1
0,-0.012725280442525244,0
0,-0.060276267616558854,0
0,-0.0657853258243668,0
0,-0.055608257047517096,0
0,0.0025673892917982277,1
0,0.09275210731681316,1
0,-0.0516739537424199,0
1,-0.030647237968585928,0
1,-0.030647237968585928,0
0,-0.026527306005214357,0
0,-0.056774419792769315,0
0,-0.0677894423848977,0
0,0.03811334194818117,1
0,0.006341681916341768,1
0,-0.02749082178669271,0
0,-0.07604076785936859,0
0,-0.06921202305527929,0
0,-0.0805973040962516,0
0,-0.02639825869353435,0
0,-0.03885541895775563,0
0,-0.0006499736735814388,0
1,-0.05934300428452938,0
0,-0.051902612425612116,0
0,-0.04868110534777487,0
0,-0.06497393112124117,0
0,-0.07619054074474668,0
0,-0.06894267243149033,0
1,-0.03164230826171727,0
0,0.01705388041338829,1
1,0.02371505908625493,1
0,-0.0632784651504616,0
0,-0.040236178155262425,0
1,0.021406619527576054,1
0,-0.04780866442510251,0
0,-0.016427183367768605,0
0,-0.07840550454194867,0
0,-0.05687794560532289,0
0,0.02528935442551772,1
0,-0.050229471936075576,0
1,-0.030647237968585928,0
0,-0.08081542749040888,0
0,-0.08527278985972558,0
0,-0.06066686232809376,0
0,-0.00718236360117841,0
1,-0.006036991443973405,0
0,-0.03163203637095674,0
0,-0.05810076024461236,0
0,0.10784961271318427,1
1,0.020788539663415317,1
0,0.05612787565955102,1
0,-0.0763820060081527,0
0,0.095379893261748,1
0,0.08339975410058853,1
0,-0.05496012003688383,0
1,-0.031154028924512966,0
0,0.006984521224015272,1
0,-0.024257375077877452,0
0,-0.05771479839215976,0
0,-0.029370665720477862,0
0,-0.056157391644909405,0
0,-0.07388649004151687,0
0,-0.08205025099399221,0
0,-0.025856282216439652,0
0,-0.030246404607522592,0
0,0.012344435518837127,1
1,-0.0322605695030353,0
0,-0.048299292870708166,0
0,-0.05464273119400598,0
0,-0.009835302727946083,0
0,-0.07970515239378528,0
0,-0.06547744171173703,0
1,-0.031154028924512966,0
1,-0.033319034141023385,0
0,-0.08171071582111239,0
0,-0.05014204253369453,0
0,0.12521563920730783,1
0,-0.05196510731251963,0
1,-0.046372421170856326,0
0,-0.06496174706519059,0
0,-0.0656292539871528,0
0,-0.06040377416450993,0
0,0.10953307899996445,1
0,-0.06523305745275365,0
0,-0.09322792280557984,0
0,-0.07726932834575673,0
0,0.02528935442551772,1
0,-0.06229612924061573,0
0,0.003114307204505673,1
0,0.08678045954000735,1
1,-0.03237981227916531,0
1,0.02371505908625493,1
0,-0.0289153190798358,0
0,0.13207068145931333,1
0,-0.04709781264075308,0
0,0.08678045954000735,1
0,-0.025242331668464013,0
0,-0.05163951545674089,0
0,-0.0651488825620179,0
0,-0.07868045011646357,0
0,-0.041245196757696334,0
0,-0.05585032846993454,0
0,-0.0017080196886048449,0
0,0.011203652135807207,1
0,-0.0692112826856891,0
0,-0.019203041603300275,0
0,-0.054166295469109726,0
1,0.02251581758792809,1
0,0.058222066741793976,1
0,-0.023776696591408686,0
0,-0.07996853791020359,0
0,-0.0652938712320753,0
1,0.02371505908625493,1
0,-0.08733821856907115,0
0,0.0020997243779644625,1
1,-0.05751827529947584,0
0,-0.05182402171139283,0
0,-0.09125670501765071,0
0,-0.006891823584400103,0
1,-0.004682258106830928,0
1,0.02371505908625493,1
0,-0.05608330770738312,0
0,-0.08049077710715369,0
0,-0.027562421410975202,0
0,-0.04075093585912781,0
0,-0.04148148717830413,0
0,-0.01143913924448059,0
1,0.018704360797310082,1
1,-0.029996330057608656,0
0,0.056978436667642685,1
1,0.02306593421792602,1
0,-0.0722689394620128,0
0,-0.03499422267857627,0
0,-0.06571033752252453,0
0,-0.05469955253287223,0
0,-0.035660057192503036,0
0,-0.07792661360905029,0
0,0.06918529059506173,1
0,0.06669443791425067,1
1,0.03901129336260811,1
1,0.025563872707289437,1
1,0.016727081269584887,1
0,-0.05130747398108487,0
1,-0.031154028924512966,0
1,0.022108963122197567,1
0,-0.05247300202952687,0
1,-0.019407342258559335,0
0,0.22948612684794378,1
0,-0.0872645184394612,0
0,-0.05944797201819185,0
0,-0.06487338083794153,0
0,0.03194399267176895,1
0,0.018542393818240632,1
0,0.06678102056583468,1
0,0.025628845589162452,1
0,-0.0391602572608587,0
0,-0.025359045994064078,0
0,-0.06625632575682039,0
0,-0.0868087179942924,0
1,0.02306593421792602,1
0,-0.06606907271683482,0
0,-0.05166343141757207,0
0,0.007390922926267862,1
0,-0.03181528737868766,0
1,-0.0428164536284828,0
0,-0.023016238890674168,0
1,0.01341199326529463,1
0,-0.06289666561053897,0
0,-0.02853843605927564,0
0,0.001089885487906006,1
0,-0.06986810725667048,0
0,-0.07409502278710184,0
0,-0.06148681859311128,0
1,-0.035309423664624084,0
1,0.00121257810647879,1
0,-0.07110262025788294,0
0,-0.050229471936075576,0
1,-0.017270614113747085,0
0,0.100361652963736,1
1,0.018704360797310082,1
0,-0.08795697817193232,0
0,-0.0777763744838591,0
0,-0.032410922409415566,0
0,-0.0737217315712066,0
0,-0.06234984131347099,0
0,-0.07089885915868954,0
1,0.02251581758792809,1
0,-0.03568237632453952,0
0,-0.02011268956269363,0
0,-0.057910671074865805,0
0,-0.07733721285100592,0
1,-0.03176982550220808,0
0,-0.09370776277676618,0
0,-0.06561238166287092,0
0,0.01706767999913006,1
0,-0.07117141548780931,0
0,-0.041327194523403,0
0,0.042582134424925866,1
0,0.08976320048640352,1
1,-0.03797103062105739,0
0,-0.07223607710413299,0
0,-0.05196271612698511,0
1,-0.06023729215666895,0
0,-0.07025389801293108,0
0,-0.08265814102882707,0
0,0.06918529059506173,1
0,-0.004433533754795438,0
0,-0.05676271800225968,0
0,-0.03221738010136577,0
0,-0.053667871196938166,0
0,-0.07490187399891918,0
0,-0.00890930167984999,0
0,-0.056789248038147444,0
0,-0.07502802416595633,0
0,0.02528935442551772,1
0,0.03623307204039883,1
0,-0.04904000645448925,0
0,-0.05746180307560067,0
0,-0.06493836334794223,0
0,-0.0713246672084718,0
0,-0.060350096076507376,0
0,0.05102494775031219,1
0,-0.06559020644248087,0
0,-0.032029154196813736,0
0,-0.07391220538282667,0
0,-0.0693084269811346,0
0,0.024566483845299247,1
1,-0.03237981227916531,0
1,0.016812575021424414,1
0,-0.044812090321365905,0
0,0.23114399396525598,1
0,-0.06219323524273157,0
0,-0.0855541561588688,0
0,-0.025966803316233522,0
0,-0.037331633420022325,0
1,0.07644961272722517,1
0,-0.055947485248729056,0
0,-0.06043675749429028,0
0,0.10554632086192439,1
0,-0.08423062766394818,0
0,-0.049796789671198494,0
0,0.05739318836849949,1
0,0.08678045954000735,1
0,-0.0028995101790091904,0
0,-0.08936857539196519,0
1,0.020788539663415317,1
0,-0.07444080799517633,0
1,-0.0077566996385040055,0
0,-0.06039914688145692,0
0,-0.08943910674499289,0
0,-0.07678622034615179,0
0,-0.0888187334949419,0
0,-0.03590231275445116,0
0,-0.07837920082333533,0
0,0.11226941501094456,1
0,-0.06587729037768764,0
1,0.02371505908625493,1
0,-0.0705603817937841,0
1,0.02362955767125552,1
0,-0.020635452911986263,0
0,0.08678045954000735,1
1,0.02792201697311658,1
0,-0.0499051214543903,0
1,-0.04747613850193949,0
0,-0.02471142582779151,0
0,-0.08781103833048148,0
0,-0.06153458569813791,0
0,-0.0713206075249142,0
0,-0.07070135392981558,0
0,0.02528935442551772,1
0,-0.06433915600426876,0
0,-0.08472340709260467,0
0,-0.05962346381146977,0
0,-0.08190662072478305,0
1,-0.012505449066528673,0
0,-0.08893078487768341,0
0,-0.07392684441218461,0
0,-0.0771138110347217,0
0,0.01238252072659396,1
0,-0.046029625638698,0
0,-0.023344647730461854,0
0,-0.03492525478453595,0
0,-0.0562184634259521,0
0,-0.07496784797415751,0
1,0.02306593421792602,1
0,-0.05665300951414881,0
1,-0.030647237968585928,0
0,-0.06897751304138894,0
0,0.06918529059506173,1
0,-0.022082132041151392,0
1,0.02371505908625493,1
0,0.05739318836849949,1
0,-0.049796789671198494,0
0,-0.049632443368975876,0
0,-0.09115098385982173,0
0,-0.07717744260801962,0
0,-0.06273612904877812,0
1,0.022696425743937598,1
0,0.004375187380496692,1
0,-0.055679343897666045,0
0,0.095379893261748,1
0,-0.07588297448104214,0
0,-0.02001042418459298,0
0,-0.053050651354667466,0
0,-0.03826277282609858,0
0,-0.08078165123464298,0
0,-0.095230088595121,0
1,-0.024703583568302934,0
0,-0.07808893356742908,0
0,-0.006562964972277985,0
0,0.02528935442551772,1
0,0.00349142151519799,1
0,0.08678045954000735,1
0,-0.0511933499011164,0
0,-0.004469030815915265,0
0,-0.04860088815477315,0
0,-0.015932411148139425,0
0,-0.062353579960181094,0
1,-0.041727304614776695,0
0,0.100361652963736,1
0,-0.08101758599737491,0
0,-0.053435916420749185,0
0,0.03944376647271797,1
0,-0.08293218019044185,0
1,-0.05026948343704546,0
1,-0.04719365403454229,0
0,0.10953307899996445,1
0,-0.06411317968781588,0
0,-0.07268079285214524,0
0,-0.054118098949505866,0
1,0.02251581758792809,1
0,-0.057046244034662186,0
0,-0.09161666460550677,0
0,-0.005771898893244254,0
0,-0.07033814984524367,0
1,-0.032950516717203004,0
0,-0.0423070750262074,0
0,-0.06739766274613224,0
0,0.06918529059506173,1
0,-0.02511784117324728,0
0,-0.05321179984606256,0
0,-0.053527393657860245,0
0,-0.061389639445627364,0
0,-0.05366651420643326,0
0,-0.06418083976675598,0
0,-0.057001803372109305,0
0,-0.06278050518266487,0
0,-0.00886562867864038,0
0,-0.08700409918429597,0
0,-0.05496012003688383,0
0,-0.04085449805789687,0
0,-0.08767245116070688,0
0,0.03470856977467429,1
0,0.02473272758419598,1
0,-0.075906901732532,0
0,-0.027037558076766388,0
1,0.02371505908625493,1
0,-0.0743470527339985,0
0,-0.05067176472485607,0
0,-0.05355476579391055,0
0,0.02528935442551772,1
0,0.027657398681815493,1
0,-0.052066140678148354,0
0,-0.037560747107647896,0
0,-0.039118873937386334,0
0,0.05739318836849949,1
0,-0.09009489545216876,0
0,0.01637002494797768,1
0,-0.041602501591235685,0
0,-0.03197580772777453,0
1,0.02251581758792809,1
0,-0.05369304179204343,0
0,-0.08266383832158225,0
0,0.08339975410058853,1
0,-0.0794945130758708,0
0,-0.07673367790365099,0
0,0.017990977727534885,1
0,-0.018630753531014954,0
0,-0.06121345782190374,0
0,-0.05921568842634034,0
0,0.018092152765261327,1
0,-0.07706793160331954,0
0,-0.07769632920449726,0
1,0.045570316499036645,1
0,-0.09049049676878912,0
0,0.12521563920730783,1
0,-0.07595903374250662,0
0,-0.08271886930148209,0
1,0.02306593421792602,1
0,-0.01693070413328346,0
0,-0.06229409617954518,0
0,0.06160648306646044,1
0,-0.06096377422637744,0
0,-0.005614893210339311,0
0,0.06160648306646044,1
0,0.05102494775031219,1
0,-0.027070289575545803,0
0,-0.055560937310427216,0
0,-0.01580813688359889,0
0,-0.020109927723284182,0
0,-0.02189482667281606,0
0,0.0061133441817851075,1
0,-0.08589170463924445,0
0,-0.024976716144791578,0
0,-0.06211507717437681,0
0,-0.05675998846357877,0
1,-0.0322605695030353,0
0,-0.08220270065048896,0
0,-0.035878405779551814,0
0,-0.05665745445531045,0
0,-0.08668433553357285,0
0,0.013129327406105618,1
0,0.09373893816060619,1
0,-0.06375353479711726,0
0,-0.08546312677080387,0
0,-0.05505929502984386,0
0,0.02528935442551772,1
0,-0.0816267743392427,0
0,-0.08710787371119516,0
0,0.07258919439274591,1
0,-0.0593098835209282,0
1,-0.027138548163541942,0
1,-0.02207767166662894,0
0,0.02528935442551772,1
0,0.095379893261748,1
0,-0.0344676508998652,0
0,-0.05131956853800124,0
0,0.05126977679145983,1
0,0.05517661601515056,1
0,0.06918529059506173,1
0,-0.05127454518506358,0
0,0.030397033774107185,1
0,-0.06670127491653188,0
0,-0.05201643610161938,0
0,0.06918529059506173,1
0,-0.04650033607783943,0
1,0.016812575021424414,1
0,-0.05577782354842942,0
0,-0.06130464794491913,0
1,-0.07049460611853309,0
0,-0.02601825766039595,0
0,-0.05273937567093945,0
0,-0.05685721899771745,0
0,-0.04096143531244634,0
0,-0.05957317098123183,0
0,-0.059904566918925595,0
0,-0.04195813233961471,0
0,-0.05762166869940272,0
0,-0.06861467401524302,0
0,-0.06571033752252453,0
0,-0.05323019326340517,0
0,-0.06396706988408912,0
0,0.100361652963736,1
0,-0.013361213770439917,0
0,-0.026058737100326745,0
0,-0.07553556655963212,0
0,-0.06699043912399594,0
0,0.06669443791425067,1
1,-0.08000833623520504,0
0,0.03811334194818117,1
0,-0.049069345754572946,0
0,-0.06077728425395129,0
0,0.01701688780548105,1
0,-0.06919664846408813,0
0,-0.07159278506093858,0
0,-0.07020708266028297,0
0,-0.06283272359380498,0
1,-0.057303864166185325,0
0,-0.06676218862035604,0
0,0.03811334194818117,1
0,-0.027885389210449196,0
1,0.015769469932073177,1
1,0.025584671548748772,1
0,-0.03336453267476236,0
0,-0.011133581941874415,0
0,-0.04186517049790073,0
1,0.025563872707289437,1
0,-0.027568568692946493,0
0,-0.021825179889699786,0
0,-0.06083438016237386,0
0,-0.04980965798027842,0
1,0.02371505908625493,1
0,-0.06836792306351125,0
0,-0.025870990494442192,0
0,-0.07694396396947079,0
0,-0.0014202351838049632,0
0,-0.053451389452405185,0
0,-0.07547805331193663,0
0,-0.05187591796767954,0
0,0.06803628982608878,1
0,-0.023347673057476592,0
0,-0.07419539239093642,0
0,-0.06410758518889592,0
1,0.029619340097468694,1
0,-0.03773191901433076,0
0,0.10953307899996445,1
0,0.10554632086192439,1
0,0.03756719108236328,1
0,-0.04866703452337984,0
0,-0.06307258896733747,0
0,-0.06528686527706573,0
1,-0.04806101643552507,0
0,-0.06086693782463848,0
0,0.06918529059506173,1
0,0.02528935442551772,1
0,-0.05441937507977773,0
0,-0.020928090476871664,0
0,-0.07390130329516709,0
0,-0.059314819436360244,0
0,0.019839454884486685,1
0,-0.06519350086417369,0
0,-0.04464307600474571,0
0,-0.06144796867997593,0
1,0.022696425743937598,1
0,-0.06546262699076194,0
0,-0.06411317968781588,0
0,-0.04747922371176333,0
0,-0.059904566918925595,0
1,-0.04785830219897963,0
0,0.05739318836849949,1
0,-0.07340660148348455,0
0,-0.03977478391232758,0
0,-0.08307687724257073,0
0,0.004434908789350933,1
0,0.01876200794296079,1
0,0.02528935442551772,1
0,-0.022813180308949188,0
0,-0.03527680329506322,0
0,-0.06519350086417369,0
0,-0.07253461614239026,0
0,-0.024162459752473997,0
0,-0.038872277834394175,0
0,-0.0752697330888854,0
0,-0.04125340772802932,0
0,-0.05591455340534385,0
0,-0.08257478900836479,0
1,-0.021330943744548747,0
0,0.08339975410058853,1
1,-0.030647237968585928,0
1,-0.03594878932107981,0
0,-0.06803252252855507,0
1,-0.032950516717203004,0
0,-0.07778573873078692,0
1,0.028634875234863855,1
1,0.02371505908625493,1
1,-0.04689048457447437,0
0,0.09373893816060619,1
0,0.11226941501094456,1
1,0.022108963122197567,1
0,-0.08929652891378953,0
0,-0.08063885648075247,0
0,-0.08482560626971064,0
1,0.031330153195920585,1
1,0.022108963122197567,1
0,-0.06712302131518039,0
1,0.02306593421792602,1
1,0.022696425743937598,1
1,0.02371505908625493,1
0,-0.07232439641589894,0
0,-0.04194827830596726,0
0,-0.07020206988437938,0
0,-0.060733190767948975,0
0,-0.05710014364458882,0
0,-0.0254379857327387,0
0,-0.04731910767743347,0
0,-0.04670037498241025,0
1,0.04666694145692252,1
0,-0.05363739366905712,0
0,-0.05668285019541375,0
1,-0.05636705842760231,0
0,-0.039787618184889295,0
0,-0.02084378810581594,0
0,-0.01661953555663348,0
0,-0.020118778880010346,0
0,-0.07645063643358424,0
0,-0.07986598446968335,0
0,-0.09027808458399467,0
0,-0.06715797167681498,0
0,-0.017647102169787376,0
0,-0.07714887446435215,0
1,0.02306593421792602,1
1,-0.0802723801375489,0
1,0.028436045843080016,1
0,-0.07628191860560801,0
0,0.08678045954000735,1
0,-0.03644455698422838,0
1,0.02306593421792602,1
1,0.02371505908625493,1
0,-0.0693084269811346,0
0,-0.0450276312592473,0
1,0.02371505908625493,1
0,0.007390922926267862,1
0,-0.06983969148988128,0
0,-0.030074610895303777,0
0,-0.05326160447334233,0
0,-0.08620736930177703,0
0,0.0014506320275075035,1
1,0.022607459467776425,1
0,0.04639409455538934,1
1,-0.05995103562240256,0
0,-0.06595682660578656,0
0,-0.07931891871933083,0
0,-0.03762231574582953,0
1,0.018824571193721273,1
0,-0.06892073197538612,0
0,-0.09121523559644906,0
0,-0.06904565052558909,0
0,-0.09222668033599585,0
0,-0.004923537937777112,0
1,0.018704360797310082,1
0,0.02528935442551772,1
0,0.05739318836849949,1
0,0.02506172422640829,1
0,-0.06176108706689731,0
0,-0.014620078929809377,0
0,-0.08123034706185805,0
0,-0.06510665440768626,0
0,-0.05727751244113649,0
0,-0.06576042415977085,0
0,0.002526786123513647,1
0,-0.06911411647893922,0
0,-0.07535631726414249,0
0,-0.030039453240581437,0
1,0.018704360797310082,1
0,-0.05605062035468994,0
0,-0.01734782458025269,0
0,-0.06400983449783926,0
0,-0.061669873730821057,0
0,-0.05534677650243902,0
0,-0.07579481885089956,0
0,-0.039501907714477424,0
0,0.02528935442551772,1
0,-0.04069506876724688,0
1,-0.0322605695030353,0
0,-0.03301790910142838,0
0,-0.03888627075696727,0
0,-0.07350232055367262,0
0,-0.06322494450749638,0
0,-0.06477816100399936,0
0,-0.06070863409012861,0
0,-0.03981535818713455,0
0,0.05455477549071386,1
0,-0.09627885754755011,0
0,-0.07802016680923435,0
0,-0.03244623277755093,0
0,-0.06361277797889259,0
0,-0.08421386177450835,0
0,-0.00389823635734593,0
0,0.07367191238689041,1
0,-0.05366651420643326,0
0,-0.06250054042405628,0
0,0.08339975410058853,1
0,-0.08271478164612567,0
0,0.12521563920730783,1
0,-0.06420556406557287,0
0,0.05787348109305024,1
0,-0.07334255719855409,0
0,0.024754547325349208,1
0,-0.06698921588322554,0
0,-0.05573196744821107,0
0,-0.058079629327981774,0
0,0.100361652963736,1
0,-0.04690479309205542,0
0,-0.04342717300875121,0
0,0.2313089065677133,1
0,-0.07972772577822407,0
0,-0.08307566347717948,0
0,-0.07378657783425613,0
0,0.023820904297014778,1
0,0.04239720953190884,1
0,-0.05487463172205648,0
0,0.06918529059506173,1
1,-0.030647237968585928,0
0,-0.05328189687639007,0
1,-0.04302232942121398,0
0,-0.052517402794356405,0
0,-0.05665300951414881,0
0,-0.021030512857494466,0
0,-0.09451330248514811,0
0,-0.0654129571519943,0
0,-0.03382099935255567,0
0,-0.08324281084556062,0
0,-0.03135391169049151,0
0,-0.08396750966922967,0
0,0.02528935442551772,1
0,-0.02774675709666058,0
0,-0.053026930121906346,0
0,-0.06400583725333236,0
0,0.05308695335467317,1
0,-0.0817455298370312,0
0,-0.02302927757797063,0
0,-0.08177036196288107,0
0,0.1277019482508981,1
0,-0.06871192135963289,0
0,-0.051087731757825716,0
0,-0.03026665829396258,0
0,-0.05790608420852028,0
0,-0.014411358556694231,0
1,-0.0322605695030353,0
0,-0.020002654085012617,0
0,-0.05476772307605593,0
0,-0.06548926893361162,0
0,0.12521563920730783,1
0,-0.07925355822254992,0
0,-0.004947903469526671,0
0,-0.05720775114784282,0
0,0.02528935442551772,1
0,-0.05731537420955163,0
0,0.23017517104315643,1
0,-0.06764109797893658,0
0,0.03811334194818117,1
0,0.004049678488395991,1
1,0.05392399132982961,1
0,-0.07553928356078055,0
0,-0.04765516353016891,0
0,0.05739318836849949,1
0,-0.06443779773110336,0
0,-0.0723401933395249,0
0,-0.05871968742171241,0
0,-0.032624037971818176,0
0,0.08678045954000735,1
0,-0.07956236713441717,0
0,-0.07167487944423784,0
0,-0.020632460946165554,0
0,-0.06717554708573298,0
0,-0.07617744060759396,0
0,0.10953307899996445,1
0,-0.05907186932427244,0
0,0.03811334194818117,1
0,-0.0826994250287989,0
0,-0.0036452209725846285,0
0,0.014346306957098376,1
0,-0.06400281457571666,0
0,0.1315642656284438,1
0,-0.0013270505180906778,0
0,-0.03960152379130877,0
1,0.02306593421792602,1
0,0.023306289734707275,1
0,0.026092277134467934,1
0,-0.002047489834721028,0
0,-0.0815036914939587,0
1,-0.05866483780730286,0
0,-0.05734128275726763,0
0,-0.062378013295070533,0
0,0.02221792636176212,1
0,-0.06375300818372287,0
0,-0.014436626262338936,0
0,-0.07135175318396131,0
1,0.02371505908625493,1
0,-0.08056906698167915,0
0,0.0030444957965078956,1
0,0.02528935442551772,1
0,-0.04545802311027747,0
1,-0.023563738268138568,0
0,0.007900905742614928,1
0,-0.05665300951414881,0
0,-0.06140357521292261,0
1,-0.029892681575738322,0
0,0.002397488127674152,1
0,-0.022314253093152103,0
0,-0.05201643610161938,0
0,-0.06555930759888012,0
0,0.08678045954000735,1
0,-0.06240730714565862,0
0,0.013276362604892955,1
0,0.01720864807876743,1
0,-0.0024899916791799592,0
1,-0.03164230826171727,0
0,0.05196839052815583,1
0,-0.06120569836345441,0
0,-0.0067446304928340806,0
0,-0.02993141494465984,0
1,-0.0322605695030353,0
1,-0.031154028924512966,0
0,-0.06528430024791693,0
0,-0.05496012003688383,0
0,0.03811334194818117,1
0,-0.06140357521292261,0
1,0.02371505908625493,1
0,-0.06562086771715331,0
0,-0.06005684951562179,0
0,-0.0183232833555102,0
0,0.10953307899996445,1
1,0.020788539663415317,1
1,-0.09179242169612217,0
1,0.020788539663415317,1
0,-0.03901392468498138,0
1,-0.030647237968585928,0
0,-0.0535323709525336,0
1,-0.061739890260591124,0
0,0.05856270828612553,1
0,-0.030835705927787116,0
0,0.039105387758212595,1
0,-0.08979065610805365,0
0,0.03938309178908139,1
0,-0.06916883626467124,0
0,0.02528935442551772,1
0,-0.0022751854349498113,0
0,-0.025940874381814083,0
0,-0.08009343451340178,0
0,0.05739318836849949,1
1,0.018704360797310082,1
1,0.018704360797310082,1
1,-0.0322605695030353,0
0,-0.05893957195256283,0
0,0.024743018423574847,1
1,0.018704360797310082,1
0,0.013531822073682864,1
0,-0.03446492440403126,0
1,0.02371505908625493,1
0,0.08339975410058853,1
0,-0.06535473656268403,0
1,0.02371505908625493,1
1,0.02306593421792602,1
1,0.022607459467776425,1
0,-0.05358824787474559,0
0,-0.02367306860397722,0
0,-0.0656292539871528,0
0,-0.06229612924061573,0
0,-0.05844086848784402,0
0,-0.0577214264915345,0
0,-0.012556028924142648,0
0,0.100361652963736,1
0,-0.08033764669818766,0
0,-0.03914383415322997,0
0,-0.04617937624011176,0
0,-0.06096596379773689,0
0,-0.08050000171743094,0
0,-0.05353661811400856,0
0,-0.015874585621957815,0
0,-0.06583861981190686,0
0,-0.08809565328970753,0
0,-0.050770318703573014,0
0,-0.05016589447158559,0
0,-0.08563877558490479,0
0,0.06918529059506173,1
0,-0.02978742974006271,0
0,-0.06096298327619459,0
0,-0.05839236050733748,0
1,-0.06339672673535207,0
0,0.04867278679597742,1
0,-0.00606476486492824,0
0,-0.08179176162968055,0
0,0.01241295377087337,1
0,-0.03036477364187079,0
0,0.095379893261748,1
0,0.02528935442551772,1
0,-0.05416203591742713,0
0,0.014511142104969399,1
1,-0.01427246684760769,0
0,-0.05287392585439371,0
0,-0.05603871345683514,0
0,-0.03474515067112249,0
1,-0.030647237968585928,0
1,-0.032692549964194795,0
0,-0.029252830109259498,0
0,-0.0827971234641991,0
0,-0.06587746194305172,0
0,-0.0005692141735545442,0
0,-0.0150465703299284,0
0,-0.031595900958853396,0
0,-0.05959217739559042,0
0,-0.06555930759888012,0
0,-0.06400281457571666,0
0,-0.03766130208371704,0
0,-0.062114456509936355,0
0,-0.01740673925252162,0
1,-0.028440269393504136,0
0,-0.06136444540068331,0
0,-0.0540749667346318,0
0,0.02528935442551772,1
0,-0.053626381726530115,0
0,0.018743871084189068,1
0,-0.07348527847449893,0
0,-0.0886319905485295,0
1,-0.030647237968585928,0
0,-0.05591317638216392,0
0,-0.051949318564550095,0
0,0.08678045954000735,1
0,-0.040050612533905905,0
0,-0.0871501186294682,0
0,-0.022684831399910454,0
1,-0.08072039552238652,0
0,-0.03522926159285111,0
0,-0.08015730018289019,0
0,-0.08419950557026046,0
0,0.05739318836849949,1
0,-0.03085182063203118,0
0,-0.03621806379729331,0
0,0.0063790272232618905,1
0,-0.05712681153404964,0
0,-0.06782697107867042,0
0,0.02528935442551772,1
0,0.08339975410058853,1
0,0.06669443791425067,1
0,-0.046942682140184544,0
0,-0.07278996198652632,0
0,-0.03912917317350101,0
1,0.025584671548748772,1
1,0.025584671548748772,1
1,-0.031498617229646864,0
0,-0.02168501906148468,0
0,-0.05959831692624068,0
0,-0.0782579641415273,0
0,0.05781125840277468,1
0,-0.026450324809665637,0
0,0.02528935442551772,1
0,-0.03252445747103777,0
0,-0.08097533925894723,0
0,-0.0226877828339071,0
0,0.06160648306646044,1
0,0.012804974407232494,1
0,-0.058314292440796,0
1,-0.04908747209724784,0
0,-0.01973116310507783,0
0,-0.030618891737223375,0
0,0.05404496710517526,1
1,0.03265311262482684,1
0,-0.005229176678455627,0
0,-0.08322184615078515,0
0,-0.06254809440654602,0
0,-0.058696265491731237,0
0,-0.011902738482651498,0
0,0.03811334194818117,1
0,-0.061006740133166315,0
0,-0.08235137298668077,0
0,-0.06572720604204096,0
0,-0.05685721899771745,0
0,-0.08144501810685617,0
0,-0.02889650047177722,0
0,-0.0791185329592557,0
0,-0.0799057372254871,0
0,0.1277019482508981,1
0,-0.05811899817660893,0
0,-0.019920658209115927,0
0,0.013153862667802274,1
0,-0.08654827732470577,0
1,0.03520499891997786,1
0,-0.0528898773220447,0
0,-0.002702419729545602,0
1,-0.031154028924512966,0
0,-0.052117457892434604,0
0,-0.08712514430267221,0
0,-0.057221552044331214,0
0,-0.07368049978346475,0
0,-0.04897483746036185,0
0,-0.08751135110593561,0
0,-0.012606928475484891,0
0,-0.08768548063986159,0
0,-0.07254543882848147,0
1,-0.004680095298163212,0
0,-0.08632478617659206,0
0,0.05739318836849949,1
0,-0.06179751544659412,0
0,-0.0477594926591175,0
0,-0.08992957682506908,0
0,0.08678045954000735,1
0,0.095379893261748,1
0,-0.07067543503668405,0
0,-0.07584307969727744,0
1,0.022108963122197567,1
0,-0.055679343897666045,0
0,-0.05284398041484245,0
1,0.02371505908625493,1
0,-0.0632784651504616,0
0,0.2294107931864261,1
0,0.23876543113886417,1
1,0.022108963122197567,1
0,0.02528935442551772,1
0,-0.05809447293111858,0
0,-0.05487463172205648,0
0,-0.06691160835994153,0
0,-0.028166928590164786,0
0,0.03811334194818117,1
0,-0.018553777460960263,0
0,-0.06030140462516981,0
0,0.06918529059506173,1
0,0.007448227825226361,1
0,-0.025179231727838425,0
0,0.06918529059506173,1
0,-0.023418773452018093,0
1,0.026921089276025434,1
0,-0.08512962441516514,0
0,-0.03930724322079132,0
1,-0.03164230826171727,0
1,0.01751910108047583,1
0,0.07053225731473178,1
0,-0.05002971220662766,0
0,-0.06038176463540251,0
0,-0.08780633678736721,0
0,0.05739318836849949,1
0,-0.0564137310525098,0
0,-0.08039380856796424,0
0,-0.06606907271683482,0
0,0.03811334194818117,1
0,0.0204956545866386,1
0,-0.03594321164032954,0
1,-0.015476072281944753,0
0,-0.07805460486529425,0
0,-0.05143521701885284,0
0,-0.051352294979757074,0
0,-0.05892295686171317,0
1,-0.030647237968585928,0
1,0.02045611042720885,1
0,-0.06931084716287295,0
0,-0.072065340757278,0
1,-0.032950516717203004,0
0,-0.07154541820078059,0
0,-0.081523097802426,0
0,-0.04056235747942205,0
0,-0.07110796484995296,0
0,0.08339975410058853,1
0,-0.051700449128564696,0
0,0.003398214559898083,1
0,-0.06798351633115074,0
0,-0.08705722520815412,0
0,-0.03514219164816745,0
0,-0.05378803503431978,0
0,-0.056880900572689796,0
1,0.02306593421792602,1
0,-0.030347536360485594,0
0,-0.07383369149854796,0
0,-0.06812266056297339,0
0,-0.08051572303024546,0
0,-0.046916188045913854,0
0,-0.06846215284127927,0
1,-0.030647237968585928,0
1,-0.031154028924512966,0
0,-0.05353661811400856,0
0,-0.08858074111358838,0
1,-0.043608417258582666,0
0,-0.07515879658068048,0
0,-0.07145456055498267,0
0,-0.0037330549141867397,0
1,-0.018995822618182556,0
0,-0.06499733387485307,0
0,-0.0555380374386929,0
1,-0.03237981227916531,0
0,-0.07816352821664818,0
0,-0.07693487617376682,0
0,-0.015998271109597673,0
0,-0.07976121642129153,0
0,-0.012014445844549582,0
0,0.23029719942048554,1
0,-0.0632784651504616,0
0,0.100361652963736,1
0,-0.05267882860557532,0
1,0.016812575021424414,1
0,-0.07385787523824144,0
0,-0.05702178843627986,0
0,-0.07399706233377867,0
0,-0.07459513247146654,0
0,-0.03015169758861236,0
1,0.01751910108047583,1
0,-0.07939940807459178,0
1,0.02306593421792602,1
0,-0.06923143147088295,0
1,0.02371505908625493,1
0,0.018198006273165812,1
0,-0.019721008585496025,0
0,-0.07550277728891286,0
0,-0.05101673599797368,0
0,-0.06019372871554712,0
0,0.100361652963736,1
0,-0.05404871961875257,0
0,0.01376350672342197,1
0,0.042223481823006836,1
0,-0.041064950042885184,0
0,-0.08151348915756773,0
0,-0.037503806584332444,0
0,0.08339975410058853,1
0,0.14666219215207066,1
1,0.020788539663415317,1
0,-0.053026930121906346,0
0,-0.03447728757229784,0
1,0.01751910108047583,1
1,0.02306593421792602,1
0,0.02528935442551772,1
1,0.022607459467776425,1
0,-0.06077110286509524,0
0,0.06427958103892117,1
0,-0.08947711641929418,0
0,-0.09322573259127986,0
0,-0.07447585729285677,0
0,0.039800435577933335,1
1,-0.0005905562532885211,0
0,-0.0728891543391233,0
0,-0.054183814767509664,0
0,-0.062261590820867296,0
0,0.003674115577381065,1
0,-0.08164648537991581,0
1,0.02306593421792602,1
1,-0.04277603767155086,0
1,0.022696425743937598,1
0,0.015393164203386434,1
0,-0.027714706683320767,0
0,-0.03628988695647767,0
0,-0.09028365403699445,0
0,-0.06076788951581552,0
0,-0.07584374623737028,0
0,-0.0656292539871528,0
0,-0.08381822059117428,0
0,-0.07554077709693441,0
0,-0.027151009827071082,0
0,-0.06107111547637295,0
0,-0.03160714354910282,0
0,0.02528935442551772,1
1,0.018704360797310082,1
1,-0.02207767166662894,0
0,-0.05492013941474899,0
0,-0.05583215137429037,0
0,-0.021013237246808925,0
0,-0.0785583672033332,0
0,0.012344435518837127,1
0,-0.06788429369511245,0
0,-0.0818634338192063,0
1,0.01751910108047583,1
0,0.06918529059506173,1
1,0.02371505908625493,1
0,-0.05287392585439371,0
0,0.095379893261748,1
1,0.016418339546547034,1
0,0.008404815537443877,1
1,-0.04952558840326532,0
0,-0.05214809672936804,0
1,0.055523971603408495,1
0,-0.05658928939212976,0
0,-0.08053131989893175,0
0,-0.06789824145148193,0
1,-0.030647237968585928,0
0,-0.04002285171900216,0
1,-0.06497116357699467,0
0,-0.07406346941488479,0
0,-0.02676449433427891,0
0,-0.08705012600101397,0
0,-0.030194436713041506,0
1,0.007351363187158344,1
0,-0.0693084269811346,0
0,-0.07848645309359187,0
0,-0.06913773977885634,0
1,-0.05554051732019816,0
0,-0.08635146133147276,0
0,-0.02992830803517421,0
0,-0.07194930759919366,0
0,0.03811334194818117,1
0,0.10953307899996445,1
0,-0.08298897154817247,0
0,-0.03637017315954327,0
1,0.018642208242853675,1
0,-0.08983822954669396,0
0,-0.07737188472853657,0
0,-0.05687794560532289,0
1,-0.07245328503576642,0
0,0.06918529059506173,1
0,-0.0637003219404586,0
0,-0.05453242187371543,0
0,0.019441448349896362,1
0,-0.07208592778989964,0
0,0.11226941501094456,1
0,-0.08273734156053214,0
1,0.022108963122197567,1
0,0.1801813140057853,1
0,-0.07826405215829169,0
1,-0.030647237968585928,0
0,-0.05820164548664147,0
0,-0.05342699008118118,0
0,-0.08842905425342446,0
0,0.06918529059506173,1
0,-0.07601725891477673,0
0,-0.09214103282897079,0
0,-0.02798485231208564,0
0,-0.0721364264454083,0
0,-0.0517366002067684,0
0,-0.06542555416096418,0
0,-0.07120858281750475,0
0,-0.0564137310525098,0
1,0.022108963122197567,1
0,0.06669443791425067,1
0,-0.03580699854731734,0
1,-0.0019093074427288248,0
0,-0.05423698686731271,0
0,-0.06802158790187568,0
0,0.05102494775031219,1
0,-0.07727412699700131,0
0,-0.06070229319276149,0
0,-0.0562184634259521,0
0,-0.023942830879097654,0
0,0.02528935442551772,1
0,0.056989620598855595,1
0,-0.06163033694925818,0
1,0.02371505908625493,1
0,-0.05237979864741199,0
0,-0.019240639151081318,0
0,-0.08271627358199957,0
1,0.022108963122197567,1
0,-0.07624628328439192,0
0,0.05739318836849949,1
0,-0.06452578026663991,0
0,-0.0413114238062956,0
0,-0.08847853597663075,0
1,0.05604857067609892,1
1,0.01751910108047583,1
0,-0.054751577586784894,0
0,0.02436540599298631,1
0,0.06918529059506173,1
0,0.02805812617266701,1
0,-0.03996923612451947,0
0,-0.051337997841097105,0
0,-0.03426341184478071,0
0,-0.053026930121906346,0
0,-0.07459540905070833,0
0,0.051240490679899886,1
0,-0.042562740191004034,0
0,-0.017013399121368233,0
0,-0.03594321164032954,0
0,-0.0891393591903793,0
1,-0.02207767166662894,0
1,0.022108963122197567,1
0,-0.059190961507477935,0
0,0.09275210731681316,1
1,0.02371505908625493,1
1,0.018642208242853675,1
1,0.026930789668465294,1
0,-0.07116585539327897,0
0,-0.05552470708059298,0
0,-0.029530514008168585,0
0,0.042758219059913394,1
0,-0.06528859528592584,0
0,-0.09308058782878681,0
0,0.1277019482508981,1
0,-0.038465365379807326,0
0,-0.07438009027257086,0
1,-0.06934053124560385,0
0,-0.060285249444857025,0
0,0.05746334998306146,1
0,0.03811334194818117,1
0,0.028019303640592574,1
0,-0.08499118930404681,0
0,-0.041202280125253954,0
1,0.018704360797310082,1
0,-0.07124953270109735,0
0,-0.07160566022450854,0
0,-0.06096596379773689,0
0,-0.004726161950162955,0
0,-0.08689134470752441,0
0,-0.0705488232217103,0
0,-0.01908391964029804,0
0,-0.06290873867564256,0
0,-0.06313507381165301,0
0,-0.08287307047404896,0
0,-0.07157439311620822,0
1,0.02371505908625493,1
0,0.001268601935462077,1
0,-0.08541880428360094,0
1,0.020788539663415317,1
0,-0.05478137687963858,0
0,-0.07845645331994722,0
1,0.02371505908625493,1
0,-0.041064950042885184,0
0,-0.062261590820867296,0
0,-0.07459390170293034,0
0,-0.0859270967520383,0
0,-0.08586827576203182,0
0,-0.05605062035468994,0
0,-0.06491845098643728,0
0,-0.028304233427318193,0
1,0.018704360797310082,1
0,0.021129140043604777,1
0,-0.07618139273893626,0
0,-0.014684884151113908,0
0,-0.07117241357757847,0
0,0.02528935442551772,1
0,-0.08363976849190258,0
0,-0.09171477924594995,0
0,-0.0680305026678949,0
0,0.100361652963736,1
0,0.005757881901426232,1
0,-0.08566107886276292,0
1,-0.02207767166662894,0
0,-0.02349470199008935,0
1,0.015769469932073177,1
0,0.05739318836849949,1
0,0.100361652963736,1
0,0.00816515114696037,1
0,-0.08514924613224073,0
0,-0.062143948018957285,0
0,-0.06523305745275365,0
0,-0.06546262699076194,0
1,0.004614097885184076,1
0,-0.018983348864370142,0
0,-0.02298912183353019,0
0,-0.07484171720287897,0
0,-0.05676769401256598,0
0,0.06160648306646044,1
0,-0.08093073601805029,0
0,-0.09261891494778018,0
0,-0.03766291748020806,0
0,-0.05849598424710639,0
0,0.002504114060451701,1
0,-0.03892529438013692,0
0,-0.0262724636769614,0
0,-0.0655474364278586,0
0,-0.028986305870952078,0
1,-0.030647237968585928,0
0,-0.06894662250606687,0
1,0.022108963122197567,1
0,-0.06395346962910708,0
0,-0.04753633170531507,0
0,0.10554632086192439,1
0,-0.07809627783668521,0
1,-0.027289259394333076,0
1,0.029619340097468694,1
0,0.03811334194818117,1
0,0.05739318836849949,1
1,0.018824571193721273,1
0,-0.07879128345348535,0
0,-0.05730356127567238,0
0,0.03811334194818117,1
0,-0.05930861100032486,0
0,-0.08821047353798794,0
0,-0.06812266056297339,0
0,0.017975321253354548,1
0,-0.0644720608784905,0
0,0.08339975410058853,1
0,0.03865489724519289,1
1,0.022108963122197567,1
0,-0.01733982440590015,0
0,0.06918529059506173,1
0,0.05540944773848966,1
0,0.017134130981848572,1
0,-0.07047107847168455,0
0,-0.09142843141423335,0
0,0.06669443791425067,1
0,0.05884339956795537,1
0,-0.053881522305188445,0
0,0.11226941501094456,1
0,-0.0638833721253736,0
0,-0.05071573330091139,0
0,-0.017022111657538086,0
0,0.14666219215207066,1
0,-0.08319106230207984,0
0,-0.0394367277353716,0
0,-0.08188567055059104,0
0,-0.06096596379773689,0
0,-0.08122517518897154,0
0,-0.000980960289080235,0
0,-0.07483267481995731,0
0,-0.068974462784828,0
0,-0.0499051214543903,0
0,-0.0693084269811346,0
0,-0.08920913031624206,0
1,0.022108963122197567,1
1,0.022607459467776425,1
0,-0.0743262281759351,0
0,0.095379893261748,1
0,0.002886892002260888,1
1,-0.0401853044045723,0
0,-0.05147381840271226,0
0,0.10953307899996445,1
0,-0.06911091235523076,0
0,-0.04842175813353483,0
0,-0.028038687316983835,0
0,-0.093499272579675,0
0,-0.0785052229837292,0
0,-0.07834265647822464,0
1,0.015769469932073177,1
0,-0.05411558830642643,0
0,-0.002242254368950647,0
1,-0.031728411932414435,0
0,0.08339975410058853,1
0,-0.07000457354714607,0
1,-0.049042259633438834,0
1,-0.031154028924512966,0
0,-0.09010556535128711,0
0,-0.038751405858288956,0
0,-0.06077728425395129,0
0,-0.03594321164032954,0
0,-0.0769680681225775,0
0,-0.06839066241610697,0
0,-0.03394895165601547,0
0,0.05739318836849949,1
1,0.025584671548748772,1
0,-0.07857300813576168,0
0,-0.05349927902957963,0
0,-0.08678031680548448,0
0,-0.06339201081997514,0
0,-0.08578928694143456,0
0,-0.02331189030615416,0
0,-0.0677731662952829,0
1,0.015769469932073177,1
0,0.10953307899996445,1
1,0.022696425743937598,1
0,-0.06595682660578656,0
1,0.02371505908625493,1
0,-0.050437447645694355,0
0,0.06160648306646044,1
0,-0.08427237392478076,0
0,0.018092152765261327,1
0,-0.056379466786893095,0
0,-0.07773374284619994,0
0,-0.05236998861875469,0
0,-0.06403246754408504,0
1,-0.02873745283878748,0
0,0.007390922926267862,1
0,-0.08764864986979276,0
0,-0.08200881645753816,0
0,-0.09044924305343177,0
0,0.05858954504575653,1
0,-0.07232679790706037,0
0,-0.08697944591397389,0
0,-0.07829746499933715,0
0,-0.053026930121906346,0
1,0.012265169692732947,1
0,-0.05809579517628233,0
0,-0.06708153960704505,0
0,-0.06731743187181977,0
0,0.03237307626210317,1
0,0.018542393818240632,1
0,-0.08487868197638415,0
0,-0.08982001665137235,0
0,-0.05790608420852028,0
1,-0.03577135170620249,0
0,0.011531058928621163,1
1,0.020788539663415317,1
0,-0.07892062631867308,0
0,-0.052926818573662104,0
1,0.01751910108047583,1
0,-0.052544944376516856,0
0,-0.05401501720232871,0
0,-0.024613655739561757,0
1,-0.04093971515538897,0
0,-0.09080665549063749,0
0,-0.06472681807566216,0
1,-0.046372421170856326,0
0,-0.032462754628796886,0
0,-0.03375165600399627,0
1,0.020432203207398136,1
0,0.06347400266145298,1
0,-0.050337343186322825,0
0,-0.08934184780362853,0
0,-0.07339212713340143,0
0,-0.03625222309002124,0
0,-0.05652128206146401,0
1,-0.013580519464083951,0
0,-0.0770987155295279,0
0,-0.06392556645001907,0
0,-0.040650751010966935,0
0,-0.05781548106314505,0
0,-0.06237144059963212,0
1,0.022696425743937598,1
0,0.027786968924727207,1
0,-0.011750255917831187,0
0,-0.055857620829192156,0
0,-0.05564641559492317,0
0,0.03811334194818117,1
0,-0.04794597236207837,0
0,-0.03628734227574476,0
1,0.02371505908625493,1
0,-0.039118873937386334,0
0,-0.06096683958275656,0
0,-0.09112423827249727,0
0,-0.07522847079951739,0
0,-0.05687794560532289,0
0,0.06160648306646044,1
0,-0.05180801062941681,0
0,-0.06449403159075179,0
0,-0.06138094935136007,0
0,-0.027246468357082776,0
0,-0.07785833371847822,0
1,0.018704360797310082,1
0,-0.051700449128564696,0
0,0.01159655615946864,1
1,0.01751910108047583,1
0,-0.04121533622353929,0
0,-0.08372588385679935,0
0,-0.05703135592247055,0
0,-0.0732368908057065,0
0,-0.032019330967166415,0
0,-0.013333455429325014,0
0,-0.03886864673849838,0
0,0.03811334194818117,1
0,-0.01832168114360072,0
0,0.02413710041262007,1
0,-0.05814629698844043,0
0,-0.06049968927117333,0
0,-0.07004897403789051,0
0,-0.08113223193793107,0
0,-0.07463529387921347,0
0,-0.05082726450231384,0
0,0.03140776461794148,1
0,-0.05221260852234588,0
1,0.02306593421792602,1
0,-0.056318537645562494,0
0,-0.08351257447411159,0
0,-0.08185303195590832,0
0,-0.06521456871233033,0
0,0.05739318836849949,1
1,-0.02547644892421025,0
0,0.08339975410058853,1
0,-0.04665490399760841,0
0,-0.0031891188667058645,0
1,-0.06928893398370173,0
0,0.1801813140057853,1
0,-0.0648772929467209,0
1,0.029619340097468694,1
0,0.05739318836849949,1
0,0.05739318836849949,1
0,-0.05435165555650551,0
0,-0.0728192406164902,0
0,-0.08355629120216979,0
0,0.12338088405588266,1
0,-0.08471207956066329,0
0,0.02528935442551772,1
0,-0.04110448219616203,0
0,0.009093186657945784,1
0,0.02528935442551772,1
0,-0.05817440003177865,0
0,-0.08061535722343582,0
0,-0.026020144425996206,0
0,-0.02910769295180382,0
0,-0.0211232736310229,0
0,-0.08495807376792475,0
0,-0.0695416898337346,0
0,-0.030132208774714953,0
1,0.016812575021424414,1
0,-0.07616791143924628,0
0,0.013021439907710652,1
0,-0.06587746194305172,0
0,-0.07374882235346614,0
0,-0.0660401865355954,0
1,0.018704360797310082,1
0,-0.025935965939121508,0
0,-0.07554547932999967,0
0,-0.052825979337552065,0
0,-0.023758549116785488,0
0,0.11226941501094456,1
0,0.095379893261748,1
0,0.0250430383040402,1
0,-0.054487018385734776,0
1,-0.044758896783202384,0
0,0.016744657244643246,1
0,-0.035227222986632556,0
0,0.11729036897954181,1
1,0.016727081269584887,1
0,-0.05178621420278118,0
0,-0.07267692142458004,0
0,0.03568851417919905,1
0,-0.0693084269811346,0
0,-0.028632724474603855,0
0,-0.05071573330091139,0
0,0.0026601122253651077,1
0,-0.0632784651504616,0
1,0.028235936958997954,1
0,-0.054428167954075624,0
0,-0.027581945819399878,0
0,-0.04577865078623078,0
0,-0.0806049730269523,0
0,-0.08441920937773478,0
0,0.018976714961026042,1
0,-0.0354571426319395,0
0,-0.061431537832789485,0
0,-0.051700449128564696,0
0,-0.07796818872435746,0
0,-0.044383012547352496,0
0,-0.04644342319020417,0
1,0.02251581758792809,1
0,0.020561428653119385,1
0,0.18048818412117196,1
0,-0.08778159448688977,0
0,-0.07477247902571488,0
0,-0.05401501720232871,0
0,-0.06172391602812155,0
0,-0.008308678615151888,0
1,-0.0870840899828138,0
0,-0.06371278514210083,0
0,-0.06045491427142097,0
0,-0.08158651012992635,0
0,0.0572742008251379,1
0,-0.06326264388375952,0
0,-0.09431661883768577,0
0,-0.04797569496167525,0
1,0.029619340097468694,1
0,-0.06408704885719141,0
0,-0.050188727458346905,0
1,0.022108963122197567,1
0,-0.034300038515006015,0
1,-0.004248327722343737,0
0,-0.039705345186340446,0
0,0.08339975410058853,1
0,-0.0758316573611561,0
0,0.007884585802365618,1
0,0.0263642737488331,1
0,0.08339975410058853,1
1,0.022607459467776425,1
0,-0.02295290823667051,0
0,-0.07306787971150547,0
1,0.028235936958997954,1
0,-0.024632695495495682,0
0,0.01705388041338829,1
1,-0.050266706882466816,0
0,-0.052969595394712354,0
0,-0.05706916093716319,0
1,0.022108963122197567,1
1,0.018960605006462128,1
0,-0.09369940871469995,0
0,-0.06088718523871223,0
0,0.017975321253354548,1
0,-0.04850902148962377,0
0,0.06918529059506173,1
0,0.100361652963736,1
1,0.020882390501738124,1
0,-0.020841309265148322,0
0,-0.026089106727916422,0
0,-0.06375698065480973,0
0,-0.06107435582408183,0
0,-0.02548099692907191,0
0,-0.06546262699076194,0
0,-0.06499733387485307,0
0,-0.05790608420852028,0
0,-0.05718286719504473,0
0,-0.05652128206146401,0
0,-0.03391285309578407,0
0,-0.021601053336790743,0
0,0.016019833608760026,1
0,-0.04675374107777308,0
1,-0.0322605695030353,0
0,0.06918529059506173,1
0,-0.03412243804998505,0
0,-0.08663230422482404,0
0,-0.059728302647060805,0
0,-0.05593344732991451,0
0,-0.06023514194894314,0
1,0.015769469932073177,1
0,-0.0563825597158813,0
0,-0.08162540543961888,0
0,0.06918529059506173,1
0,0.05739318836849949,1
0,-0.0825465784364316,0
0,-0.06400281457571666,0
1,0.018704360797310082,1
0,-0.015082810279959336,0
0,-0.05146180568843439,0
0,-0.052517799421335,0
0,-0.06757807312151387,0
0,-0.01825434543353488,0
0,-0.06368601433857296,0
1,0.016727081269584887,1
0,0.016710944575566433,1
0,-0.005023914560428111,0
1,0.02306593421792602,1
0,-0.07885978135689559,0
0,-0.08236723144397373,0
0,-0.041406644929521286,0
0,-0.06378922636363443,0
0,-0.07324114945690319,0
0,-0.0897867139925061,0
1,0.018704360797310082,1
0,-0.05201643610161938,0
1,0.02251581758792809,1
0,0.06669443791425067,1
1,-0.08259549616493794,0
1,0.02306593421792602,1
0,-0.08924471399778594,0
0,0.06160648306646044,1
1,-0.03176982550220808,0
0,-0.08997822077200612,0
1,-0.07877806392052955,0
1,-0.04881916525788621,0
0,-0.060202228757955445,0
0,-0.040674038558685455,0
0,-0.07845432782077905,0
0,-0.018898019904234675,0
0,-0.05584732733669018,0
0,-0.018493275351122274,0
0,-0.0763516727043394,0
0,0.03811334194818117,1
0,-0.06120569836345441,0
1,-0.029121962906936083,0
0,-0.002556231312497159,0
0,0.04124592584123332,1
1,-0.03237981227916531,0
0,-0.07393086025589596,0
1,0.018704360797310082,1
0,-0.08385014544980157,0
1,-0.031154028924512966,0
0,0.00766627536069453,1
0,-0.06826279419745157,0
0,-0.03446563373717437,0
0,-0.07873502858561138,0
0,-0.05287392585439371,0
0,-0.06881002000302311,0
0,-0.005477220621192991,0
0,0.05102494775031219,1
0,-0.06314338948844361,0
0,-0.08639727403109593,0
0,-0.060975354299260764,0
0,-0.04919518000150458,0
0,-0.020046066176618804,0
0,-0.08055712796605297,0
1,0.021447592861518205,1
0,-0.07292634062399317,0
0,-0.05496012003688383,0
0,0.06669443791425067,1
0,-0.06916883626467124,0
0,0.06918529059506173,1
0,0.095379893261748,1
0,-0.06390003802784805,0
1,0.016654767170769524,1
0,0.095379893261748,1
0,-0.06491845098643728,0
0,-0.05115831713795732,0
0,0.03808500520051128,1
0,0.11226941501094456,1
0,-0.06059382580532563,0
1,-0.03176982550220808,0
0,-0.03135479575450406,0
0,0.05380487463368899,1
0,-0.07791865739824483,0
1,-0.07254559465490551,0
0,-0.0735883275975801,0
0,-0.079097280876545,0
0,-0.029094357939051074,0
0,-0.07484488409213697,0
0,0.095379893261748,1
0,-0.08224508245100937,0
0,-0.06571033752252453,0
0,-0.07826917187588017,0
0,0.03809060707783196,1
0,-0.08528594915059756,0
0,-0.0632784651504616,0
0,-0.0361666705155792,0
1,-0.03143154188015268,0
0,-0.06411317968781588,0
1,0.025336833866435815,1
1,-0.0553216900721642,0
0,-0.08453375535190039,0
0,-0.05633219434542519,0
0,0.05308702370988194,1
0,-0.0425827053661601,0
1,-0.05618359296968478,0
0,-0.053451389452405185,0
0,-0.050071284404176186,0
1,0.01751910108047583,1
0,-0.0680299331629034,0
0,-0.027856930207289243,0
0,-0.03594321164032954,0
1,0.03370705646535088,1
0,0.05757554694189826,1
0,-0.06292830172344899,0
0,-0.06546262699076194,0
1,-0.02944044479050989,0
1,-0.032507071199731175,0
0,-0.06334029199993207,0
1,0.025584671548748772,1
0,-0.05665300951414881,0
0,-0.09299130934108035,0
0,-0.06595089649192554,0
0,-0.043229956254164426,0
0,-0.07159604244257267,0
0,-0.07361211692488684,0
0,-0.060955880167962107,0
1,0.05978233444098646,1
0,0.09373893816060619,1
0,0.011439628312534533,1
0,-0.07025146422765688,0
0,-0.04312726644758047,0
0,-0.07194998956831988,0
1,0.022696425743937598,1
0,-0.028321605639739178,0
1,-0.06708052953439553,0
0,-0.0502206208391523,0
0,-0.07115331993299567,0
0,-0.04953101774912394,0
0,-0.05353699749609542,0
0,-0.01558965038283433,0
0,-0.06583861981190686,0
0,0.05593130718755923,1
0,-0.006125325868188813,0
0,0.06672062256248501,1
0,-0.08731719287497719,0
0,-0.02370120373310819,0
0,-0.052639414880689295,0
0,-0.07085489703409287,0
0,-0.057561683447369616,0
1,0.02306593421792602,1
0,-0.06705080379608885,0
0,-0.06023324400915153,0
0,-0.0450378513213337,0
0,-0.07400604082102585,0
0,-0.06570416758541742,0
0,-0.06179751544659412,0
0,-0.026130069848800952,0
1,0.020882390501738124,1
0,0.004049678488395991,1
1,0.02306593421792602,1
0,-0.07139930187236898,0
1,-0.045736922521746326,0
0,0.03811334194818117,1
0,-0.06020676939435399,0
0,0.03811334194818117,1
1,-0.013797176872125227,0
0,-0.017175623931658723,0
0,-0.02498932145186822,0
0,-0.04697116218896663,0
0,-0.05423698686731271,0
0,-0.05025050853567126,0
0,-0.07758685405175048,0
0,-0.05477802846113017,0
0,-0.06539412977236064,0
0,-0.05558965137543331,0
0,-0.0617481501153086,0
0,-0.02820283031249271,0
0,-0.021943212974221804,0
0,-0.07724193577483479,0
1,-0.054780215740031835,0
0,-0.08143280869392783,0
0,-0.081378046250774,0
0,-0.08240996737106387,0
1,-0.0322605695030353,0
0,-0.08803821943961687,0
0,-0.0740890304887139,0
0,0.01830855410149468,1
1,-0.030229972927765247,0
0,-0.05797379439748107,0
0,0.14666219215207066,1
0,-0.09264277905426965,0
0,-0.06120569836345441,0
0,0.08678045954000735,1
0,0.002583852082741811,1
0,-0.0538615043914234,0
0,-0.08670350251767,0
0,-0.028009082157366194,0
0,-0.014297505708032343,0
0,-0.05423698686731271,0
0,0.100361652963736,1
0,-0.05788314828747265,0
0,0.052517845525790974,1
1,-0.05639563702818223,0
0,0.05739318836849949,1
1,-0.047622087150975934,0
0,0.006227500174881273,1
0,-0.012120902774255704,0
0,-0.08455458189973869,0
0,-0.05551725884629094,0
0,-0.05833554402692043,0
0,-0.02923717589566427,0
0,0.02528935442551772,1
0,-0.08432680820307625,0
1,0.021760929749572777,1
0,-0.08054510357980138,0
0,-0.059336566076063635,0
0,-0.03704497944174001,0
0,-0.06880001710376465,0
0,-0.08136935379261717,0
0,-0.04568220152988878,0
0,-0.060604543598563654,0
1,0.02371505908625493,1
0,-0.0687481969157338,0
0,-0.06294088391473801,0
0,-0.08632023002541883,0
0,-0.025070741908016947,0
0,-0.0654129571519943,0
0,-0.05188261969268121,0
0,-0.0841212973072995,0
1,0.005796079550980715,1
0,-0.060651625666801934,0
0,-0.018090306223146002,0
0,-0.04328920185353391,0
0,-0.05601114702812565,0
0,-0.053838966088347595,0
0,-0.08997837647254786,0
0,-0.08359457819330512,0
0,0.003254611893603987,1
0,-0.06275993008444924,0
1,0.025605198364720194,1
0,-0.028165681732644998,0
0,-0.006963670888848195,0
0,-0.025793156579966003,0
1,-0.02207767166662894,0
0,-0.02986886197920452,0
1,-0.04103881115895025,0
0,0.018542393818240632,1
0,0.08339975410058853,1
0,-0.02119212385725483,0
0,-0.04272940414621368,0
0,-0.040979507144806804,0
1,-0.07069323155241092,0
0,0.13933315707872562,1
0,-0.0680783408588817,0
0,0.095379893261748,1
0,-0.07282264190323595,0
0,-0.029179644647863878,0
0,-0.051700449128564696,0
1,0.01751910108047583,1
0,-0.06829987145116517,0
1,0.008010176682124337,1
0,-0.05412823680395645,0
0,0.08678045954000735,1
0,-0.04585743151714361,0
0,0.020766032218259456,1
1,0.02371505908625493,1
0,0.14666219215207066,1
1,-0.0478067323113322,0
0,-0.040258009425672814,0
0,0.11226941501094456,1
1,-0.07222510485102707,0
0,-0.06490843718867201,0
0,-0.051655952482836165,0
0,-0.059961366103076286,0
0,-0.08393065940676936,0
0,-0.08632537079622155,0
0,-0.04110448219616203,0
1,-0.007828257542390693,0
0,-0.09380879794858143,0
0,0.03811334194818117,1
0,0.08678045954000735,1
0,-0.05997090246082293,0
0,-0.07612068659018673,0
0,-0.07178984080742451,0
1,-0.030647237968585928,0
0,-0.07152501230565311,0
0,-0.06402390269214053,0
0,-0.056344548779362014,0
0,0.03811334194818117,1
0,0.13451374314337572,1
0,-0.04945034557821959,0
0,-0.07308587864630356,0
0,0.09275210731681316,1
0,-0.050670732218250525,0
0,-0.00720130379681011,0
1,0.022108963122197567,1
0,-0.005407022591964017,0
0,-0.043922723646216466,0
0,-0.08427993343595946,0
0,0.011498490658470417,1
0,0.12521563920730783,1
1,0.02306593421792602,1
0,-0.054776936862400205,0
0,-0.013225469081389107,0
0,-0.07294807966716937,0
1,-0.04883468703490551,0
0,-0.0739961752225462,0
0,-0.025276837911050676,0
1,0.02371505908625493,1
0,-0.026121532241419165,0
0,-0.050930625494881365,0
0,-0.08867253470204406,0
0,-0.051211088218971856,0
0,-0.06400583725333236,0
0,-0.05890887366469849,0
0,-0.06533319685036498,0
1,0.029619340097468694,1
0,-0.08498349543051337,0
0,-0.06867396059658937,0
0,-0.05904345716962378,0
0,0.23565040100147439,1
0,-0.07435644960787968,0
0,-0.06091888568899506,0
0,-0.0852668927989303,0
0,-0.0982728001109317,0
0,-0.06425853506889867,0
0,-0.0737430448839898,0
0,-0.09047248431790578,0
0,-0.06750308951815487,0
0,-0.03594321164032954,0
1,-0.03176982550220808,0
0,-0.07854829173483757,0
0,-0.05942353169006426,0
0,-0.09256025578515226,0
1,0.02306593421792602,1
1,-2.70826221127618e-05,0
0,-0.06086693782463848,0
0,0.05468170416724083,1
0,-0.04957303743426755,0
0,-0.025266717430830143,0
0,-0.0892770457101193,0
0,0.06669443791425067,1
0,-0.0528898773220447,0
0,-0.041327194523403,0
0,-0.07920965021221282,0
0,-0.06140792608367396,0
0,0.23029719942048554,1
0,-0.0969633960448939,0
0,-0.0617339406894451,0
0,0.06261788044250982,1
0,-0.05633219434542519,0
0,-0.07601716378858464,0
1,-0.032950516717203004,0
0,-0.08779149871252723,0
0,-0.05320929603569474,0
0,-0.05719634284815861,0
1,-0.032950516717203004,0
1,0.01751910108047583,1
0,-0.08161859670656363,0
0,0.02528935442551772,1
0,-0.043945687951890966,0
0,-0.04680156512669298,0
0,-0.06604301733739715,0
1,-0.025148080717395216,0
0,-0.0808842696278177,0
0,-0.0542511376983687,0
1,0.008451781711862671,1
0,-0.07449308796780502,0
0,-0.06565712543889224,0
1,0.025584671548748772,1
0,-0.07784081309300822,0
1,0.02371505908625493,1
0,-0.08011448008749222,0
0,-0.06480181022095138,0
0,-0.05584732733669018,0
0,0.02528935442551772,1
1,-0.03237981227916531,0
1,0.016727081269584887,1
0,-0.08505547536718505,0
1,-0.03176982550220808,0
1,-0.030647237968585928,0
0,-0.07112063564961468,0
0,-0.07852831937677357,0
0,0.01705388041338829,1
0,0.1277019482508981,1
0,-0.07978746228821765,0
1,-0.06795055715972365,0
0,-0.05322849523461343,0
0,-0.07962358629239386,0
0,-0.09371997777293078,0
0,-0.033182355536412966,0
0,-0.05245888373005836,0
0,-0.09291560901866741,0
0,-0.024727069964473325,0
0,-0.05062530815400529,0
0,-0.0827018790658835,0
0,-0.048579308473192584,0
0,-0.05416203591742713,0
1,0.02306593421792602,1
0,-0.08163666385449247,0
0,-0.0818619223940989,0
0,-0.07538996902557149,0
0,-0.00014845028127363769,0
0,-0.07769572626647853,0
0,-0.06856041537662783,0
0,0.06669443791425067,1
0,-0.05113982800643929,0
0,-0.015045043639527134,0
0,-0.0488279603961142,0
0,-0.040757472807564865,0
0,0.02741564077394365,1
0,-0.08374222073141346,0
1,-0.028166978023770772,0
0,0.03816071278762445,1
0,-0.03930128579506004,0
0,0.08339975410058853,1
0,0.05739318836849949,1
1,0.02251581758792809,1
0,-0.09732697669476437,0
1,0.14231869250997942,1
0,-0.07611760973740506,0
0,-0.06088718523871223,0
0,-0.04887814142180025,0
0,0.09275210731681316,1
0,-0.08394919599576828,0
0,-0.04763157617107988,0
0,-0.03625707992128474,0
0,-0.05970601377794704,0
0,-0.07111547726372364,0
0,-0.05450967587522115,0
0,0.11226941501094456,1
1,-0.030647237968585928,0
0,-0.06571033752252453,0
0,-0.05371877766094363,0
0,-0.0709438956264749,0
0,-0.06814157277598026,0
0,-0.0656292539871528,0
1,-0.0322605695030353,0
0,-0.06951420143498271,0
0,-0.022629286055754427,0
0,-0.07705542514694103,0
0,0.1277019482508981,1
1,0.058119219030333014,1
0,0.11226941501094456,1
0,-0.03157373248229223,0
0,-0.0738623994585691,0
1,-0.030647237968585928,0
1,-0.057664411831863494,0
0,-0.05022100124061801,0
0,-0.0841112366328563,0
0,-0.06398242122699987,0
0,-0.0792596057678418,0
0,0.08485333715216281,1
0,-0.022058177528497702,0
0,-0.05616184175429123,0
1,-0.02944044479050989,0
0,-0.06519350086417369,0
0,0.12521563920730783,1
0,-0.06325914717353076,0
0,-0.023316480644930526,0
0,-0.05925714975638868,0
1,0.016812575021424414,1
0,0.00039223889083783714,1
0,-0.05617431055343691,0
1,-0.06031830151797313,0
0,0.026070220781879594,1
0,-0.0564137310525098,0
1,-0.052684671107510905,0
0,-0.051375334278688733,0
1,0.022696425743937598,1
0,-0.06285207477402421,0
0,0.05573048553001747,1
0,-0.017479450845103772,0
0,-0.0017093773098817988,0
0,-0.08273538438489275,0
0,0.1801813140057853,1
0,-0.0576910782175058,0
0,-0.045674351160416016,0
1,-0.013215934719592037,0
0,-0.06130464794491913,0
1,0.018642208242853675,1
0,-0.011735771244276882,0
0,-0.05163951545674089,0
0,-0.05059979918916746,0
0,0.007162112030358547,1
0,-0.06884544563856809,0
0,-0.055315829298976105,0
1,0.025584671548748772,1
0,-0.054115902314035125,0
0,0.05613084631651177,1
0,-0.0477257166192645,0
0,-0.027367962593781714,0
1,-0.030647237968585928,0
0,-0.0804884699781967,0
0,-0.06096596379773689,0
0,-0.06792781509124851,0
1,0.022607459467776425,1
0,-0.066428646902499,0
0,-0.06052226647078296,0
1,0.02371505908625493,1
0,-0.06409721154278142,0
0,-0.006452441824572053,0
0,0.05739318836849949,1
0,-0.047415912085145506,0
0,-0.0597995487431936,0
1,0.02371505908625493,1
0,0.009312715942245031,1
0,-0.05964746460324938,0
1,0.022108963122197567,1
0,-0.08144975152069528,0
0,-0.06593652465410177,0
0,-0.058462802126011126,0
0,0.08339975410058853,1
0,-0.05411558830642643,0
1,0.022108963122197567,1
0,0.06918529059506173,1
0,-0.08039814010842428,0
0,-0.07324053945516595,0
0,-0.05916540880437143,0
0,-0.08097564965364767,0
0,0.018252814346898294,1
0,-0.052117457892434604,0
0,-0.05583215137429037,0
0,0.03811334194818117,1
0,-0.05437472509904073,0
0,-0.07879880129571903,0
0,-0.06148681859311128,0
0,-0.060997150195918615,0
0,-0.062473519087836715,0
0,-0.050097797560372026,0
0,-0.048579308473192584,0
0,-0.05916993507205259,0
0,0.035884198357490904,1
0,-0.08449207001797387,0
0,-0.04802115364908921,0
0,-0.02980240430479797,0
0,-0.044214652763564066,0
0,-0.06297860676983957,0
0,0.017952963495242447,1
0,-0.05219126166726312,0
0,-0.03432964664596522,0
0,-0.05464562014201685,0
1,-0.05457255024680535,0
0,-0.08394441883594006,0
0,-0.06346179769302446,0
0,-0.08518936439335889,0
1,-0.030647237968585928,0
1,-0.032950516717203004,0
0,-0.02191090634837295,0
0,-0.03337215052910636,0
0,0.030133150098587635,1
1,-0.030647237968585928,0
0,-0.04562257284579929,0
0,-0.07082250526551592,0
0,-0.06738131685327853,0
0,-0.043334559509325576,0
0,-0.07759754961219734,0
0,-0.05583215137429037,0
0,-0.011336830671561049,0
0,-0.07511103912495176,0
0,-0.020315816278563437,0
0,0.06918529059506173,1
0,-0.07602062740711368,0
0,-0.05655077124788649,0
1,-0.02495992556810306,0
0,-0.07999647198109494,0
0,-0.06485747566915401,0
0,0.1801813140057853,1
0,0.08339975410058853,1
0,-0.0750156463886637,0
0,-0.026476783603626874,0
1,-0.0322605695030353,0
0,-0.08003125569289249,0
0,-0.06478264539934142,0
0,-0.0371068223824812,0
0,-0.028469658256756458,0
0,-0.0654129571519943,0
0,-0.06885091332928533,0
0,0.14666219215207066,1
0,-0.07080551701655546,0
0,-0.04883828740214902,0
1,-0.04747613850193949,0
0,0.05818014897282675,1
0,-0.08258148399929954,0
0,-0.0677150904004975,0
0,-0.0030831941311476596,0
1,0.018642208242853675,1
0,0.08339975410058853,1
1,-0.08178375862963733,0
0,-0.06553127983876678,0
0,-0.0642504659273811,0
1,-0.05620268427207653,0
1,0.02306593421792602,1
0,-0.08354117285487722,0
0,-0.05130747398108487,0
0,-0.06700924908471784,0
0,-0.07646076426525172,0
0,-0.06585299489135904,0
0,-0.026379290819594448,0
0,-0.052241774950926356,0
0,0.03811334194818117,1
0,-0.033419825927935465,0
0,-0.06256008473044866,0
0,0.005690433460216027,1
0,-0.05967501226498023,0
0,-0.05009965281843737,0
1,0.025605198364720194,1
0,-0.04881840674271787,0
0,-0.0633700407413782,0
0,0.05889099195331993,1
0,-0.027994838419893253,0
0,-0.057150834681568674,0
0,-0.041327194523403,0
0,-0.05754904287090229,0
1,0.028235936958997954,1
0,-0.061776099382288896,0
0,-0.06317568411592189,0
0,-0.06927218397893903,0
0,-0.055550732549075,0
0,-0.02891008928848976,0
0,-0.07832415020456468,0
0,-0.06546033830092984,0
0,0.013048091671031603,1
0,-0.039385749601593634,0
0,-0.022012012208029952,0
0,-0.08890376797039828,0
0,0.037523435450950715,1
1,-0.0357225800493608,0
0,0.08678045954000735,1
0,-0.032428271348931614,0
0,-0.06244096974427743,0
0,-0.01610466749741213,0
0,-0.05667347881928575,0
0,-0.06421465930892406,0
1,-0.051676148046373604,0
1,0.02371505908625493,1
0,-0.07743471303762905,0
0,-0.05119663813402359,0
0,-0.07282669142548154,0
0,-0.024158418291155503,0
0,-0.04955786984348348,0
0,-0.025362921947064854,0
0,-0.053174949115457726,0
0,-0.029981722710707037,0
1,-0.030647237968585928,0
0,-0.056344548779362014,0
0,-0.03947544548932369,0
0,0.046438096279271424,1
0,-0.07756292812826304,0
0,-0.05180801062941681,0
0,-0.009696528364740054,0
1,0.028235936958997954,1
0,-0.04904225409468077,0
0,-0.05180801062941681,0
0,-0.0692112826856891,0
1,-0.045926028890557524,0
0,-0.08618185396836853,0
0,-0.054459095123815304,0
0,-0.04957168826010688,0
0,-0.01422973865487609,0
0,-0.018931450481288692,0
1,0.022108963122197567,1
0,0.05656796195681468,1
0,-0.08584540552811104,0
0,0.05739318836849949,1
0,-0.08117439160480605,0
0,-0.07733872279940518,0
0,-0.04021500044159604,0
1,0.04643102290597656,1
0,-0.06670362697270321,0
0,-0.08399176636882022,0
0,-0.08694752222660274,0
1,-0.04719365403454229,0
1,-0.04717774560717897,0
0,-0.02911551988829547,0
0,-0.05736198672431564,0
0,-0.07542277889473697,0
0,-0.051700449128564696,0
0,-0.018946510962352336,0
0,-0.0721220502966573,0
0,0.051957204378999644,1
1,0.022108963122197567,1
1,0.01751910108047583,1
0,-0.08460918533095113,0
1,-0.03365474892339254,0
0,0.010107305235722563,1
0,0.10554632086192439,1
0,-0.011017136597116395,0
0,0.056359246100244675,1
0,0.04195526915172432,1
0,-0.019937447671849684,0
1,-0.030647237968585928,0
1,-0.0322605695030353,0
0,0.06669443791425067,1
1,0.018704360797310082,1
0,-0.03390083946552064,0
1,-0.023697151345514478,0
0,-0.06096596379773689,0
1,0.02306593421792602,1
0,-0.029166472172820423,0
1,0.02306593421792602,1
1,-0.0322605695030353,0
0,-0.07345168143904013,0
1,-0.048530534854945184,0
0,0.06669443791425067,1
0,-0.03614126666944345,0
0,-0.053456197918100246,0
0,-0.0794498595493715,0
0,-0.08099519107488795,0
0,-0.04011129400145036,0
1,0.022696425743937598,1
0,-0.03625950023335006,0
0,-0.07787208051789435,0
0,-0.09183268582507503,0
1,-0.02705550056161976,0
0,-0.08665797591313168,0
1,-0.031154028924512966,0
0,-0.09036838740711112,0
1,-0.007270972033180834,0
1,-0.031154028924512966,0
0,-0.09045284261281095,0
1,0.0306216079769297,1
0,-0.06433915600426876,0
0,-0.06100975760781224,0
0,-0.06750546292520831,0
1,0.016727081269584887,1
0,-0.0694786257724101,0
0,-0.06559325909319541,0
0,0.02528935442551772,1
0,0.06918529059506173,1
0,-0.08160925423812393,0
0,-0.04969857181871129,0
0,-0.05605062035468994,0
0,-0.012637590744291494,0
0,0.05255513594627703,1
0,-0.080535729499638,0
0,0.06918529059506173,1
0,-0.05891602230762366,0
1,0.018642208242853675,1
0,-0.07762336871469527,0
0,-0.0703959094961899,0
0,-0.05696871347382976,0
0,-0.05867661237214433,0
0,-0.08561323818094374,0
0,-0.08530604565079708,0
0,-0.06536122078449502,0
0,-0.08734414799735979,0
0,-0.06720952779235051,0
0,-0.05563645816606111,0
1,0.022696425743937598,1
0,-0.08201571846153477,0
1,0.02306593421792602,1
0,-0.0562184634259521,0
0,0.01819167379036335,1
0,-0.040650751010966935,0
0,-0.07673457239202958,0
0,-0.06886322387219462,0
0,-0.06411317968781588,0
0,-0.07971438389926244,0
0,0.05739318836849949,1
0,-0.08250368157281235,0
0,-0.05949104512661141,0
0,0.002882317614749774,1
0,-0.07716163230809531,0
0,-0.08592036729476882,0
0,-0.01526489459154845,0
1,-0.03732138814376451,0
0,-0.06466215067489428,0
1,0.02306593421792602,1
0,-0.08171336315783356,0
0,0.10953307899996445,1
0,-0.06992802581897811,0
0,-0.05559399373952667,0
0,-0.07539984234682656,0
0,0.05037843643320483,1
0,-0.06537198784999143,0
1,-0.02944044479050989,0
0,-0.02317633363753613,0
0,-0.061190026184073376,0
1,0.01751910108047583,1
0,0.02271971444528398,1
1,0.018642208242853675,1
0,-0.03149055645094673,0
0,-0.05043945901051866,0
0,-0.041736264348626706,0
0,-0.07584680525460735,0
0,0.06651077528215699,1
1,0.02251581758792809,1
0,-0.05127454518506358,0
0,-0.06352615139423662,0
0,0.02528935442551772,1
0,-0.06142408917903791,0
1,0.02306593421792602,1
0,-0.06497103641803575,0
0,-0.09591921373753132,0
0,-0.08252438654435074,0
0,-0.050797923676479284,0
0,-0.063887593350901,0
0,-0.08417928925818502,0
0,-0.05406128424283235,0
0,0.05102494775031219,1
0,-0.01483162342552935,0
0,-0.005363885280829983,0
0,-0.023347673057476592,0
0,0.05739318836849949,1
1,-0.0343205626373394,0
0,-0.08276537616305152,0
0,-0.06317568411592189,0
0,0.02528935442551772,1
1,-0.030647237968585928,0
0,-0.06044496523695114,0
0,-0.0737870348254232,0
0,-0.07748946006684732,0
0,0.002941889405635889,1
0,-0.08143343872671166,0
1,-0.021065041870878376,0
0,-0.05017770658971288,0
0,-0.08829665681392751,0
0,-0.07989650784806818,0
0,-0.01893164748968368,0
1,0.01962331518296634,1
0,-0.0693084269811346,0
0,0.059696956282788594,1
0,-0.08508292138476675,0
0,-0.008615472483443742,0
1,-0.08368631975101343,0
0,-0.06947039124590065,0
0,-0.0208177544987439,0
0,-0.026662834126134738,0
0,-0.05917921484818578,0
0,-0.06171020905643693,0
0,-0.044620283359253166,0
1,-0.01446614002082397,0
0,-0.06725116894722383,0
1,-0.012505449066528673,0
1,-0.013580519464083951,0
0,0.10554632086192439,1
1,-0.033109142714819795,0
0,0.06746058084741002,1
0,-0.08285311188270861,0
0,-0.09070659057282199,0
0,-0.0644896188823228,0
0,-0.053435916420749185,0
0,-0.03892636901139518,0
0,-0.016083519996224593,0
1,-0.0378828945131085,0
0,-0.0262724636769614,0
0,-0.031603808494650665,0
0,-0.05180801062941681,0
0,-0.08290758750923666,0
0,-0.0449527615838019,0
0,-0.07742516290001628,0
0,-0.06629087310434251,0
0,-0.08054973772612706,0
0,0.1277019482508981,1
1,-0.028218878361474575,0
1,-0.06281153696651703,0
1,0.02371505908625493,1
0,0.01720864807876743,1
0,-0.05327945970518949,0
0,-0.05159336185118507,0
0,-0.05799379984655845,0
0,-0.08055003939451277,0
0,-0.05351551517570652,0
0,0.03811334194818117,1
0,0.0015376313645975026,1
0,-0.05416203591742713,0
0,-0.05374194842743191,0
0,-0.06379866675683443,0
1,0.02371505908625493,1
0,-0.0848754565545457,0
0,-0.051700449128564696,0
0,-0.0693084269811346,0
0,-0.041067066448457035,0
0,0.06918529059506173,1
0,0.02528935442551772,1
0,-0.08737682899193822,0
0,0.08678045954000735,1
0,0.03811334194818117,1
0,-0.06639389687327435,0
0,-0.059618381746397886,0
0,-0.07137669045421557,0
0,0.04988537643428592,1
0,-0.09271550899110365,0
0,-0.03969795566296169,0
0,-0.053026930121906346,0
0,-0.027522814956201624,0
0,0.08678045954000735,1
0,0.08678045954000735,1
0,0.1290651837347525,1
0,-0.07068645005286522,0
1,-0.023969343684400568,0
0,-0.06098127077345078,0
1,0.02371505908625493,1
0,-0.054037175478028165,0
0,-0.06233903499542498,0
1,-0.0322605695030353,0
0,-0.08675496212512668,0
0,-0.05585448002494381,0
0,-0.07446763909777154,0
0,-0.07451832384868728,0
0,-0.06974719857010542,0
0,-0.06833014589545944,0
0,-0.06883388330108475,0
0,-0.04579848306289169,0
1,0.029619340097468694,1
0,-0.08479416443522164,0
1,0.02371505908625493,1
0,-0.07513331870460743,0
0,-0.039749979947308,0
1,0.022696425743937598,1
0,-0.06616671783863531,0
0,-0.03929843455702181,0
0,-0.06430831688799249,0
0,-0.06032081126298777,0
0,-0.09151304596933019,0
0,-0.036152480755521854,0
1,-0.03176982550220808,0
0,-0.061740226501793005,0
0,0.08339975410058853,1
1,-0.06917809470832842,0
0,-0.05414084011049375,0
0,-0.06779087219333846,0
0,-0.06523305745275365,0
0,-0.057363342474849366,0
0,-0.057046244034662186,0
0,0.0009704603001610135,1
0,-0.08054802491315016,0
1,-0.03599002484797387,0
0,-0.06077728425395129,0
0,-0.06958457330928741,0
0,-0.058768668509496524,0
1,0.02371505908625493,1
0,-0.055384585696606814,0
0,-0.08718067027330534,0
0,0.005234448197476316,1
0,-0.06277186502496107,0
0,-0.022849957324676762,0
1,-0.016688877311824946,0
0,-0.05505929502984386,0
0,-0.034865481126861164,0
0,-0.08099741634523783,0
0,-0.061665007572991315,0
1,0.022108963122197567,1
0,-0.07307612036557792,0
0,-0.06381339678305264,0
0,-0.05066729767910205,0
1,-0.08501180720541485,0
0,-0.014442845476424493,0
0,-0.07464003328180846,0
0,-0.028700557288792006,0
0,-0.07227626685099686,0
0,-0.04971038568545172,0
1,0.02371505908625493,1
0,-0.07644743269277726,0
0,-0.05533476064023518,0
0,-0.06179751544659412,0
0,0.04414743156543577,1
1,-0.030711938183750065,0
0,-0.05820907303253625,0
0,-0.05095719381640973,0
0,-0.05460853233044166,0
0,-0.0022094237046751397,0
1,-0.023268044548972966,0
0,0.05739318836849949,1
0,-0.04695972820263489,0
0,-0.041736264348626706,0
0,-0.05450287114090768,0
0,-0.02242744677816083,0
0,-0.07460007855353717,0
0,-0.07579885105033685,0
0,-0.05508128866163864,0
1,0.022696425743937598,1
0,-0.06553127983876678,0
0,-0.033204221380671084,0
0,-0.0618099243153723,0
0,-0.073308335755837,0
1,0.026921089276025434,1
0,-0.02120632035298531,0
0,-0.05051224356850181,0
1,-0.0322605695030353,0
0,-0.05234037198519209,0
0,-0.06932612812190753,0
0,-0.0666010368073382,0
0,-0.02365192339643163,0
0,-0.08856699648895666,0
0,0.095379893261748,1
0,-0.09069323715994543,0
0,-0.097424057864959,0
0,0.01315109233958911,1
1,0.02251581758792809,1
0,0.012558436097433456,1
0,-0.05353661811400856,0
0,-0.054465841251627733,0
1,-0.04903277067715234,0
0,-0.05411558830642643,0
0,-0.050463107317577804,0
0,-0.06491845098643728,0
0,-0.0564137310525098,0
0,-0.012362282150653492,0
1,-0.04268150328797782,0
0,-0.04712655040088115,0
0,-0.08120706416622203,0
0,-0.0864904912313405,0
0,-0.0394367277353716,0
0,-0.08295217711570102,0
0,-0.06136444540068331,0
0,-0.08643729448159354,0
0,-0.07342681032959236,0
0,-0.07629268686627799,0
1,0.02371505908625493,1
0,-0.05529685355972036,0
0,-0.05897734395547427,0
0,-0.06334029199993207,0
1,-0.02145333893825002,0
0,-0.05563331579783526,0
0,-0.07058090818832574,0
0,-0.07458908456040797,0
1,-0.07055762001946975,0
0,-0.06890576573600266,0
0,0.03811334194818117,1
0,-0.07211826070915645,0
0,0.01644872353610838,1
0,0.009238064336864804,1
0,-0.07394234835947894,0
0,-0.024319726373282557,0
0,-0.06108549724357454,0
0,-0.05923273844297988,0
1,0.022108963122197567,1
0,-0.07766539677370998,0
0,-0.014483907006319408,0
1,0.016812575021424414,1
0,-0.08146254231593453,0
0,0.095379893261748,1
0,-0.0808451777066796,0
0,-0.07582135338241547,0
0,-0.0914364274400637,0
0,-0.06546262699076194,0
0,-0.08365185385019619,0
0,-0.05785908505687626,0
0,-0.08447198465140415,0
0,-0.08131972396786252,0
0,-0.025998566104522614,0
0,-0.07275462743781907,0
0,-0.058081747948691864,0
0,0.10953307899996445,1
0,-0.04445373481850201,0
0,-0.030485595153231404,0
0,-0.0816079510113476,0
0,-0.0869744760081233,0
1,0.02371505908625493,1
0,-0.06445110251568864,0
1,0.020882390501738124,1
0,-0.05573196744821107,0
0,-0.08360156081342818,0
0,-0.04881320680790324,0
1,0.018704360797310082,1
0,-0.07914167404284639,0
0,-0.05685721899771745,0
0,-0.08036699454244839,0
0,0.06160648306646044,1
0,0.07258919439274591,1
0,-0.021469591830382218,0
1,-0.04170878456813959,0
0,-0.009311044069919283,0
0,0.045172442859497286,1
0,-0.060432707562396326,0
0,-0.07006402222574193,0
1,0.022108963122197567,1
0,-0.051700449128564696,0
0,0.02528935442551772,1
0,-0.02540021597067682,0
0,-0.05970601377794704,0
0,0.08678045954000735,1
1,-0.012813860300835145,0
0,-0.03858327863843691,0
0,-0.08733073864999158,0
0,-0.06369079500169905,0
0,-0.06583861981190686,0
0,-0.039685470007667034,0
1,-0.05225959680207726,0
0,-0.08402797165817788,0
0,0.0043595578474181496,1
0,-0.06365799123913346,0
0,-0.08332175381361956,0
1,-0.011583813434153156,0
0,-0.008763767562543545,0
0,-0.07021873214655078,0
0,-0.08045715407971016,0
0,-0.08327396021943939,0
0,-0.05218570723573901,0
0,-0.06059382580532563,0
1,0.017851068851912677,1
0,-0.06571033752252453,0
1,0.02251581758792809,1
0,-0.08658824323035597,0
0,-0.025451461294627997,0
0,-0.06423070987149065,0
0,-0.08515149546607342,0
0,-0.05893669255978046,0
0,-0.08615999340326524,0
0,-0.06844717112963244,0
0,-0.06285207477402421,0
1,-0.044836586055936545,0
0,-0.06000380990987941,0
0,-0.06866229803418644,0
0,-0.051902612425612116,0
0,-0.05516610563642632,0
0,-0.0180636187082866,0
1,-0.03237981227916531,0
0,-0.019071212788535352,0
0,-0.07090216478007405,0
0,-0.08137146776026616,0
0,-0.07916580482415547,0
0,-0.05987807338359458,0
0,-0.05830282086199262,0
0,-0.059193436676759636,0
0,0.06918529059506173,1
0,0.13523304249202772,1
0,-0.06551095798254158,0
0,-0.06903631432024976,0
0,0.05102494775031219,1
0,-0.057555457745266825,0
0,-0.06522444266851068,0
0,-0.07601362783816662,0
0,0.025047683506461138,1
0,0.004383781041455093,1
0,-0.023136836069907685,0
0,0.06918529059506173,1
0,-0.0713407618746032,0
0,0.03643490529890592,1
0,-0.06364430825527578,0
1,0.04160460583226244,1
0,-0.07971154485425325,0
0,-0.05800577786400424,0
0,-0.06365888621816351,0
0,-0.05534677650243902,0
0,-0.08969832304857034,0
0,-0.06725512483927659,0
0,-0.08395954627301777,0
1,0.020882390501738124,1
0,-0.0750104174425229,0
0,-0.06179751544659412,0
1,-0.02258476415919558,0
1,-0.03237981227916531,0
1,0.02371505908625493,1
0,-0.04961855885055433,0
0,-0.06908472276621674,0
0,-0.07541731400929524,0
0,-0.05411558830642643,0
0,0.06160648306646044,1
1,0.024667855401208638,1
1,0.02371505908625493,1
0,-0.0566522943713309,0
0,-0.07933803013611324,0
0,-0.06509584433239324,0
1,0.02371505908625493,1
0,-0.07523929406871621,0
1,0.029619340097468694,1
0,-0.04394408810075939,0
0,-0.061193859758602975,0
1,0.029619340097468694,1
0,-0.08128796076042549,0
1,0.0345901890889736,1
1,-0.03296945346097263,0
0,-0.07486385750575081,0
0,-0.07984397022643192,0
0,-0.07948196696410409,0
0,-0.07726308604201088,0
0,-0.08152847983956346,0
0,-0.0317188241472412,0
0,-0.07107359928619855,0
0,0.02528935442551772,1
0,0.027740545144879114,1
0,-0.05732057782181155,0
0,-0.06653095075549104,0
0,0.1277019482508981,1
0,-0.03833967159456403,0
0,-0.03254008190943186,0
0,-0.07438938407960222,0
0,-0.016697457699207885,0
0,-0.013946108287093806,0
0,-0.0639295378724396,0
1,0.02306593421792602,1
0,-0.06613673517859953,0
0,-0.05237979864741199,0
0,0.14666219215207066,1
0,-0.05559399373952667,0
0,0.23114399396525598,1
0,-0.06343550942776804,0
0,-0.05323019326340517,0
0,-0.06745161138955535,0
0,0.12521563920730783,1
1,0.016727081269584887,1
0,-0.0831528268729314,0
0,-0.06817574063649545,0
0,-0.06201365506468315,0
1,0.018704360797310082,1
0,-0.02236323134054352,0
0,-0.07107621736544911,0
0,-0.038166932161746714,0
1,-0.08161156285402033,0
0,0.08678045954000735,1
0,-0.07132039305235244,0
0,-0.024463286616610236,0
0,-0.06854482804512962,0
0,-0.08858304637970943,0
0,-0.03793326684052406,0
1,0.02371505908625493,1
0,-0.08628847998033257,0
0,-0.05321179984606256,0
0,-0.06781225296354837,0
1,0.02371505908625493,1
0,0.08339975410058853,1
0,0.055062665205703354,1
1,0.017717825319431224,1
0,-0.05445325925009703,0
0,-0.05359113740754634,0
0,-0.09067927523393632,0
0,-0.055366706075459016,0
1,0.05478970683474893,1
0,-0.05820907303253625,0
0,-0.07639899640338127,0
0,-0.07309310783640077,0
0,-0.07896773930837953,0
0,-0.08569892891686964,0
0,-0.06157931058027305,0
0,-0.009058515413075674,0
0,-0.024570024925290535,0
0,-0.06954064809188382,0
0,-0.05180801062941681,0
1,-0.030647237968585928,0
0,-0.07900801695443915,0
0,-0.061547365344091665,0
0,-0.05131623287731124,0
0,-0.013134220925324291,0
1,-0.002153697899519136,0
0,-0.0693084269811346,0
0,-0.048579308473192584,0
0,0.06918529059506173,1
0,-0.03787282344887705,0
1,-0.031154028924512966,0
0,-0.08212292673383964,0
0,0.002147441587028398,1
0,-0.06927314570863108,0
1,0.020788539663415317,1
0,0.12521563920730783,1
0,-0.053026930121906346,0
0,-0.08692340487485078,0
0,-0.07505116801649658,0
0,-0.027012633313262535,0
0,-0.06445110251568864,0
0,-0.014728165594066533,0
1,0.02371505908625493,1
0,-0.058662689383858824,0
1,-0.031154028924512966,0
0,0.06918529059506173,1
0,-0.02337752984162661,0
0,-0.09051650628001445,0
0,-0.04272714543222084,0
0,-0.0641041553941194,0
0,-0.052469823047355646,0
0,-0.07438815969283702,0
0,-0.08460731711428732,0
0,-0.07605138970169156,0
0,-0.042914173715937975,0
1,0.02371505908625493,1
0,-0.08787118845026443,0
0,0.01423339116147937,1
0,0.02528935442551772,1
0,-0.06302967958901023,0
0,-0.050468533439570584,0
0,-0.07196428423304113,0
0,-0.07804518415429673,0
0,-0.05559399373952667,0
0,0.14666219215207066,1
0,-0.09314315691915359,0
0,-0.03273143462311112,0
1,0.02251581758792809,1
0,-0.09056678961602854,0
0,-0.06565712543889224,0
0,-0.04282769234912076,0
0,-0.06621444264253956,0
0,0.14666219215207066,1
0,-0.06481640168198011,0
0,-0.07321256185758218,0
0,-0.0872178353939494,0
1,0.02371505908625493,1
1,0.02371505908625493,1
0,0.00577129762387163,1
0,-0.060202228757955445,0
1,0.016727081269584887,1
0,0.03811334194818117,1
0,-0.05366651420643326,0
0,-0.06943181329868459,0
0,-0.040236178155262425,0
0,-0.059099062799548296,0
0,0.016706229798954753,1
0,-0.026493125797219574,0
0,-0.0882331126510375,0
0,0.0152279277338504,1
0,0.032509308443704144,1
1,-0.0322605695030353,0
0,0.10554632086192439,1
0,-0.08811570499548316,0
0,-0.0867439131824479,0
0,0.03811334194818117,1
0,0.06918529059506173,1
0,0.05547164280367267,1
0,0.012768434130278172,1
0,-0.04792293149415172,0
1,-0.019248406084361402,0
0,-0.07494471948876014,0
0,-0.0578577151052459,0
0,0.1277019482508981,1
0,-0.06806787115582685,0
0,-0.01257264772823724,0
0,-0.02616250899966599,0
0,-0.07943838768713152,0
0,-0.07866255769719643,0
0,-0.0545309079226759,0
0,-0.01949012339256323,0
0,-0.05218570723573901,0
0,-0.08354145484900949,0
1,0.02371505908625493,1
0,-0.06814109186352929,0
0,0.18048818412117196,1
0,-0.08281302203982427,0
1,-0.032896820763048285,0
0,0.23046192102487228,1
0,-0.06018626469997024,0
0,0.14666219215207066,1
0,-0.09683424332559798,0
0,-0.0677541121879614,0
0,-0.08096681106644343,0
0,-0.05127454518506358,0
0,-0.048927208638127884,0
1,0.04884016520401646,1
1,0.01751910108047583,1
0,-0.09537682115495472,0
0,-0.050097797560372026,0
0,-0.027182009961869757,0
0,-0.06430865383624979,0
0,-0.07914666296516526,0
0,-0.059957236944639614,0
0,-0.05734128275726763,0
1,0.016812575021424414,1
0,0.12521563920730783,1
0,-0.0883847280643037,0
0,-0.03348031300029447,0
0,-0.07909313624198283,0
0,-0.06795605388271131,0
0,-0.05601114702812565,0
1,0.022607459467776425,1
0,-0.06143357172649955,0
0,-0.09150426453132926,0
0,-0.05132958423571565,0
0,0.10953307899996445,1
0,-0.05953577732961263,0
0,-0.08223673948235,0
0,0.05182213357780008,1
0,0.02528935442551772,1
0,-0.07317022726661276,0
0,-0.0577214264915345,0
0,-0.004693103017482825,0
0,-0.053565841811783865,0
1,0.04949352301797938,1
0,-0.052182322704992734,0
0,-0.07353170330392633,0
0,-0.09492973518454112,0
0,-0.08331364029397659,0
0,-0.06017142255184427,0
0,-0.07844563568580964,0
0,-0.07675935275742396,0
0,-0.02289940431189924,0
0,-0.025543723328660117,0
0,-0.07590100016459311,0
0,0.11226941501094456,1
0,-0.015891204852306495,0
0,0.013461290516686208,1
1,0.06439420469872092,1
0,0.0019444721410830645,1
0,-0.07803484081909495,0
0,-0.06284913121360886,0
0,-0.07409435537735742,0
0,-0.01566931179302211,0
0,0.01347577197458305,1
0,-0.06541640365551199,0
1,-0.02207767166662894,0
0,-0.06326610168987157,0
0,-0.05333519201379949,0
1,-0.031154028924512966,0
1,-0.032950516717203004,0
0,0.06918529059506173,1
0,-0.06320208261666282,0
0,0.095379893261748,1
0,-0.08950113034150348,0
0,-0.05746893887314758,0
0,0.095379893261748,1
1,-0.032842199593568044,0
0,-0.06096596379773689,0
0,0.14666219215207066,1
0,-0.06263615598108252,0
1,0.022696425743937598,1
0,-0.038503018509157494,0
0,-0.075419035812609,0
0,0.0032132922278589326,1
0,-0.06210284507808356,0
0,-0.08251955740734274,0
0,0.06669443791425067,1
0,-0.07524818506028685,0
0,-0.011712741552910744,0
0,-0.03967738711493113,0
0,-0.07681418212624441,0
0,0.003610687577559002,1
0,-0.06559449045441412,0
0,-0.054932591101856,0
0,-0.04719210333789764,0
1,0.02371505908625493,1
1,0.018704360797310082,1
0,-0.0801379217325931,0
1,0.022108963122197567,1
0,-0.05214809672936804,0
0,-0.07660049297489063,0
1,0.033845510757593456,1
0,-0.053026930121906346,0
0,0.02528935442551772,1
0,0.023564238198971355,1
0,-0.024134436856054375,0
0,0.02611037723913845,1
0,-0.057288750237374286,0
0,-0.05201643610161938,0
0,-0.06179751544659412,0
1,-0.019787115325808735,0
0,-0.07171651914104943,0
0,-0.08131957571382703,0
0,-0.05911541852176194,0
0,-0.05585032846993454,0
0,-0.03290681770027776,0
0,0.0024540586659382857,1
0,-0.0748730067946426,0
1,0.018704360797310082,1
0,-0.0604332325311383,0
0,0.001790890171834314,1
0,-0.05439759741683092,0
1,-0.032950516717203004,0
0,-0.03297537336386541,0
0,-0.0743018875075423,0
0,-0.07624427965904684,0
0,-0.08291085338193893,0
0,-0.05710014364458882,0
0,-0.04282998292950019,0
1,-0.03176982550220808,0
0,0.05976679101268445,1
0,0.012908080866632199,1
0,-0.069796070713804,0
0,-0.02101928070290332,0
0,-0.06576310949561004,0
0,-0.05163879324122134,0
0,-0.05356641253488359,0
0,-0.08734739641680739,0
0,0.1277019482508981,1
0,0.02528935442551772,1
0,-0.022585920739605803,0
0,-0.021072958619537452,0
0,-0.08097363376024663,0
0,-0.06583268808304577,0
0,-0.08150616570742936,0
0,0.08339975410058853,1
0,-0.05736198672431564,0
0,-0.018854676486236233,0
0,-0.004551923485268283,0
0,-0.06491845098643728,0
0,-0.050424615137064255,0
1,-0.04871584054252198,0
0,-0.03625707992128474,0
1,-0.0445502086577384,0
0,0.12521563920730783,1
0,-0.042711550759758965,0
0,0.06918529059506173,1
0,-0.018730653290150112,0
1,-0.050721575673511765,0
0,-0.06805586424767462,0
0,-0.08835158358743295,0
1,0.02251581758792809,1
0,-0.06861169225398223,0
0,0.095379893261748,1
0,-0.05878621067187262,0
0,-0.0391963961029837,0
0,-0.07945091055553333,0
1,0.022108963122197567,1
0,-0.08145513108986285,0
0,0.05081388946326526,1
0,0.1277019482508981,1
0,-0.059904566918925595,0
1,-0.04753667614700269,0
0,-0.0711512909542662,0
1,0.02306593421792602,1
0,-0.03436771064968086,0
0,0.02528935442551772,1
0,-0.046076105775298914,0
1,-0.031154028924512966,0
0,0.095379893261748,1
0,0.03811334194818117,1
0,-0.061193859758602975,0
0,-0.03429164842965343,0
0,-0.07951357494843342,0
0,0.08678045954000735,1
0,-0.04343032318960227,0
1,0.018704360797310082,1
0,-0.045295196184241215,0
0,-0.07071341812195037,0
0,-0.06431937316608383,0
0,-0.04910726086769723,0
0,-0.006844967643053923,0
0,-0.01847351849137513,0
0,-0.04067232886065508,0
0,-0.0680783408588817,0
1,-0.031154028924512966,0
0,-0.013017815953010492,0
1,-0.0140637733197303,0
0,-0.0762526444122838,0
0,-0.06697068360112651,0
1,-0.03164230826171727,0
0,-0.057436032174114415,0
0,-0.06724970427765481,0
1,-0.04458747285340664,0
0,-0.08361256619728119,0
1,0.020788539663415317,1
1,0.029619340097468694,1
1,0.02306593421792602,1
0,-0.02673854998373676,0
1,-0.0322605695030353,0
0,-0.03479116298669477,0
1,0.022108963122197567,1
0,0.095379893261748,1
1,-0.031154028924512966,0
0,0.1277019482508981,1
0,-0.005637293023792789,0
0,-0.05008745165750639,0
0,-0.0759449543842951,0
0,0.06918529059506173,1
0,0.08678045954000735,1
1,-0.031154028924512966,0
1,-0.030647237968585928,0
0,0.05739318836849949,1
0,-0.02241879704465166,0
0,-0.05676769401256598,0
0,-0.04912858836544054,0
0,-0.06404451575722125,0
0,-0.05654286876789849,0
0,0.01407721670705575,1
0,0.024707605856531423,1
0,-0.0918430172391142,0
0,-0.06732092493141312,0
0,0.03779172692573507,1
0,-0.06115786478061075,0
0,-0.06311706118346438,0
0,-0.08297710458247498,0
1,0.01751910108047583,1
0,-0.06819954186217031,0
0,-0.032683965431400286,0
0,-0.0452524623453775,0
0,-0.01610576236540684,0
0,-0.06606907271683482,0
0,-0.07645958805434244,0
0,-0.002910870817386335,0
0,0.059307517843440793,1
0,-0.05163951545674089,0
0,-0.05060202401027114,0
1,-0.015736723801643482,0
0,-0.05376662014380973,0
0,-0.06595101117363472,0
0,-0.08452669587052464,0
0,-0.06148681859311128,0
0,-0.057288750237374286,0
0,-0.087423835640971,0
0,-0.08097254923467612,0
1,0.01751910108047583,1
0,0.08339975410058853,1
0,-0.08617145937199494,0
1,0.028235936958997954,1
0,-0.06916883626467124,0
0,-0.02425654114973186,0
0,-0.08142832507997533,0
0,0.0063790272232618905,1
1,0.02371505908625493,1
0,-0.027540057920312333,0
1,0.01751910108047583,1
0,-0.02042410645270709,0
0,0.05798435857685036,1
0,-0.05800577786400424,0
1,0.025584671548748772,1
0,-0.022653862538907665,0
0,-0.05754675657880759,0
0,-0.07987812458243321,0
0,-0.05200365988404665,0
0,0.05730633712788036,1
1,-0.03921061936249598,0
0,-0.08184346167722434,0
0,-0.026181254920235986,0
0,-0.07633086208553275,0
1,0.02251581758792809,1
0,-0.08409556901165033,0
0,0.095379893261748,1
0,-0.08768193687168557,0
0,-0.08335453330910081,0
0,-0.08149076410861328,0
0,0.041771354000713634,1
0,-0.03811462944387373,0
0,-0.05140472926619416,0
0,-0.0812875859094922,0
0,-0.041245196757696334,0
0,-0.06106496744014739,0
0,-0.05676769401256598,0
0,-0.033022513376712304,0
0,-0.08524860633060688,0
0,-0.005311499172852285,0
0,0.02528935442551772,1
0,-0.07033979002824486,0
0,-0.08686496242944769,0
0,0.02528935442551772,1
0,-0.05255410314119657,0
0,0.06918529059506173,1
0,-0.07974111702531472,0
0,0.029779656952354183,1
0,-0.0592173462185257,0
0,-0.057810053203464884,0
0,-0.051946044184843665,0
0,-0.0686498625789902,0
0,-0.06499733387485307,0
0,-0.05766136825648416,0
1,0.02306593421792602,1
0,-0.00813329653907019,0
1,0.005466057429816429,1
0,-0.05287392585439371,0
1,-0.03763000686437917,0
0,-0.08239700680178746,0
0,-0.03533570337077768,0
0,0.05739318836849949,1
0,0.02528935442551772,1
0,-0.04868110534777487,0
1,-0.03237981227916531,0
0,-0.035984048707169536,0
0,-0.06283798089188142,0
0,-0.03466628811276051,0
0,-0.028410652888857302,0
0,-0.04868110534777487,0
0,-0.06150249727081131,0
0,-0.023575557086406573,0
0,-0.059117104790070873,0
0,-0.03761688755201131,0
0,0.14666219215207066,1
0,-0.08225983963749206,0
0,-0.06812266056297339,0
0,-0.04281866700039427,0
0,-0.03594321164032954,0
0,-0.06052721182076232,0
0,0.00863418709057917,1
0,-0.05234059837410604,0
1,0.022607459467776425,1
1,-0.02258476415919558,0
0,-0.060115700847197584,0
1,-0.07438293977163002,0
0,-0.08811239776706309,0
0,-0.03594321164032954,0
0,-0.04598469736958455,0
0,-0.057773754008869416,0
0,-0.08710272756015175,0
1,0.02371505908625493,1
0,-0.06916883626467124,0
0,-0.05710014364458882,0
0,-0.04879990910348192,0
0,-0.022999093635818424,0
0,-0.07597669405369178,0
0,-0.06200407553333881,0
1,0.02045611042720885,1
0,-0.0693084269811346,0
0,-0.049632443368975876,0
0,-0.07231929556666894,0
0,0.10953307899996445,1
0,-0.02937631446910305,0
1,0.04299971599990615,1
0,-0.08665100965820016,0
1,0.018704360797310082,1
0,0.1801813140057853,1
0,-0.05411558830642643,0
0,-0.0363616554995862,0
0,-0.07593831220861819,0
0,0.18002793084631852,1
0,-0.07196317342310987,0
1,0.018704360797310082,1
0,-0.04700593760405236,0
0,-0.061741186538515846,0
0,-0.07765096819142042,0
0,-0.08585690658883627,0
0,0.09227261614060778,1
0,-0.041064950042885184,0
0,-0.08515104021951686,0
0,-0.03733412145756543,0
0,-0.08406160269329482,0
0,-0.057461372553667345,0
1,0.02371505908625493,1
0,-0.06400281457571666,0
0,-0.06553127983876678,0
0,0.095379893261748,1
0,-0.06183967490175657,0
0,-0.03594321164032954,0
1,0.018704360797310082,1
0,-0.06568933205943689,0
1,0.022607459467776425,1
0,-0.05605062035468994,0
0,-0.021132433885028112,0
0,-0.07498350687894628,0
0,-0.08139739356891612,0
1,0.02306593421792602,1
0,-0.049396023951065404,0
0,-0.05322849523461343,0
0,-0.0735164543136404,0
0,-0.052058048989121086,0
0,0.03811334194818117,1
0,-0.029516269314627863,0
0,-0.006065057735348323,0
0,-0.05255751577678164,0
0,0.05739318836849949,1
0,-0.0728631703494928,0
0,-0.07473595751580336,0
0,-0.07608191387659685,0
0,-0.05238781228347689,0
0,0.03555617624461871,1
0,-0.06824509415739077,0
0,-0.08848082174709032,0
0,-0.05882818648962074,0
1,0.01751910108047583,1
0,-0.07967398012872912,0
0,-0.016865741588174776,0
0,-0.06000380990987941,0
1,-0.0322605695030353,0
0,0.095379893261748,1
1,-0.0322605695030353,0
0,-0.030140297464689103,0
0,-0.024494935378836957,0
0,-0.056399517635882745,0
0,0.012816729641882962,1
0,0.01713350313869333,1
0,-0.060975354299260764,0
0,-0.058186306371472485,0
0,-0.049984082388729145,0
0,-0.07789530088217989,0
0,-0.06010183735363317,0
0,-0.028692040035267985,0
0,-0.0821314470975007,0
0,-0.0761556003232941,0
0,-0.006676614065540154,0
0,-0.04191688693850648,0
0,-0.040236178155262425,0
0,-0.042177767419411094,0
0,0.08678045954000735,1
0,0.043198517650790635,1
0,0.03811334194818117,1
0,-0.07807755150582468,0
1,0.029619340097468694,1
1,0.06549027174221467,1
1,0.02371505908625493,1
0,0.08339975410058853,1
0,0.05739318836849949,1
0,-0.07685251494194567,0
0,-0.068974462784828,0
1,0.00029438567814310534,1
0,0.10953307899996445,1
1,0.016727081269584887,1
0,-0.05221260852234588,0
0,-0.07936630071961953,0
0,-0.043530659582028564,0
1,0.01751910108047583,1
0,-0.02932190733773382,0
0,-0.0860342437518507,0
0,0.011382141960807113,1
0,-0.053450052653763735,0
0,-0.08987661436547478,0
0,0.08678045954000735,1
0,-0.05371877766094363,0
0,-0.055120032534149044,0
0,-0.088688043934187,0
1,0.022108963122197567,1
0,-0.026167966414128274,0
0,-0.0692112826856891,0
0,0.01407721670705575,1
0,-0.054344106878285,0
0,-0.05671473514588071,0
1,-0.05118482207631547,0
0,-0.001892799105120857,0
0,-0.015639618722690263,0
0,-0.06072481779238609,0
0,-0.05834079342386117,0
1,-0.03356996286384056,0
0,-0.03712615619881182,0
0,0.045248081159007913,1
1,0.022108963122197567,1
0,0.06918529059506173,1
0,0.019712746714003138,1
1,-0.06660327212461964,0
0,0.100361652963736,1
0,-0.05320929603569474,0
0,-0.05676769401256598,0
0,-0.08764830696800813,0
0,-0.06640621795811547,0
1,0.022607459467776425,1
1,0.022108963122197567,1
0,-0.056629593916819265,0
0,-0.08058556200618294,0
1,-0.0322605695030353,0
0,-0.027193842548224878,0
0,-0.07562252183479551,0
0,0.23565040100147439,1
0,-0.052806950303521116,0
1,0.02240018417497347,1
0,0.05710977541105311,1
0,-0.04587006863920795,0
0,-0.08708372350134197,0
0,-0.024997337878645998,0
1,-0.0322605695030353,0
0,-0.04970205697074437,0
0,-0.07192085920240515,0
0,0.08678045954000735,1
0,-0.06155290684408482,0
1,-0.031728411932414435,0
1,0.01751910108047583,1
0,0.0274455431118118,1
0,-0.09303742349535588,0
0,-0.027841185548625524,0
0,-0.08059269214073306,0
0,-0.030146213339020678,0
1,0.02306593421792602,1
0,-0.03982538082977749,0
0,-0.05562715391170708,0
1,-0.03164230826171727,0
0,-0.049415365081528884,0
0,0.14242774232497346,1
0,0.005428964890051957,1
0,0.095379893261748,1
0,0.05440818657997282,1
0,0.004990109992031533,1
1,0.06438491226488918,1
0,-0.022196060307041632,0
0,-0.09007162320556972,0
0,-0.03206809684657458,0
0,-0.022961210213086225,0
0,-0.07557893360801349,0
1,-0.0322605695030353,0
0,-0.04110448219616203,0
1,0.016727081269584887,1
1,-0.05776674781608465,0
0,-0.06826891779592242,0
0,0.037630318514227934,1
0,0.03811334194818117,1
0,0.058725874502089215,1
0,-0.04005233197027708,0
0,-0.060186806000845194,0
0,-0.04121606645912007,0
0,-0.04719582510967968,0
0,-0.07250784494184798,0
0,-0.09530480112014322,0
0,-0.07740531376913523,0
0,-0.03382099935255567,0
1,0.02371505908625493,1
0,-0.027399043400169965,0
0,-0.04650421282032069,0
0,-0.05702178843627986,0
0,-0.056234769174076715,0
0,-0.056789248038147444,0
0,-0.06844438218085153,0
0,0.14666219215207066,1
0,-0.048385104386614586,0
0,0.02778740540560609,1
0,-0.056280974944205364,0
0,0.04045743355165199,1
0,-0.05333519201379949,0
0,-0.0631083877696848,0
0,0.016113590336745087,1
0,-0.08004907346964935,0
0,0.05102494775031219,1
0,0.05739318836849949,1
1,-0.05841484392232227,0
0,-0.04082223537688684,0
0,-0.05685721899771745,0
1,0.02306593421792602,1
0,-0.04780322582992963,0
0,0.0681633058402803,1
0,-0.05221260852234588,0
0,-0.05450967587522115,0
1,0.018642208242853675,1
0,-0.02677604076438861,0
0,-0.06899446925090519,0
0,-0.05273937567093945,0
0,0.1801813140057853,1
0,-0.06305405638007627,0
0,-0.07545045156916474,0
0,0.04316599538591115,1
0,-0.014706898835323057,0
0,-0.019673013382286886,0
0,0.2294741484101367,1
0,-0.06408073244686235,0
0,-0.08870896158670111,0
0,-0.04868110534777487,0
0,0.100361652963736,1
0,-0.07182993914773605,0
1,0.02371505908625493,1
0,-0.05035192854905429,0
0,-0.0833395621111499,0
0,-0.06327665024156326,0
1,0.022108963122197567,1
0,0.100361652963736,1
0,-0.093653413958602,0
0,0.02528935442551772,1
0,-0.08361741209716406,0
1,-0.04539943159247295,0
0,-0.09206337711153884,0
1,-0.05449747845135511,0
0,-0.05031702623548012,0
0,0.02528935442551772,1
0,-0.06421429739361129,0
0,-0.054061475289783334,0
0,-0.07603417563057024,0
0,-0.037333077678866455,0
1,0.02371505908625493,1
0,-0.04967804543163762,0
1,-0.030229972927765247,0
0,-0.004581384463995919,0
0,0.100361652963736,1
0,-0.08544182461697347,0
0,-0.04937299052872329,0
0,0.01739454408858032,1
0,-0.06842416646165655,0
0,-0.05021559834973349,0
0,-0.0519356594784508,0
0,-0.06702062328991931,0
1,-0.07031124228760544,0
0,-0.0709897295599291,0
0,-0.06533109885128435,0
0,-0.060697590185499195,0
0,-0.07297974189917611,0
0,-0.028939558470670645,0
0,-0.06411317968781588,0
0,-0.0031239198654622324,0
0,0.002886892002260888,1
0,-0.06307258896733747,0
0,-0.08617145917272379,0
0,-0.062109676555669735,0
0,-0.07181040676909023,0
0,-0.06395968145448716,0
1,0.022108963122197567,1
0,0.057819628974551396,1
0,-0.05056477273180893,0
0,-0.011753000912881728,0
1,-0.01136972080881754,0
0,0.04150298321828605,1
0,-0.08568360474578218,0
0,-0.062491482209670435,0
0,-0.022269555026444676,0
0,0.006607484823189513,1
0,-0.06571033752252453,0
0,0.0008167223345594277,1
0,-0.07949479797943448,0
0,-0.08856878299267057,0
0,-0.006038876608602584,0
0,-0.062374198842938156,0
0,-0.030714635984996685,0
0,0.23016569812235066,1
0,-0.06243745718807103,0
0,-0.07807125866653891,0
0,-0.06159856323774382,0
0,-0.05294586365984377,0
1,0.029619340097468694,1
0,0.095379893261748,1
0,-0.08458632261972598,0
0,-0.07797610072996786,0
0,-0.0839894833260173,0
1,-0.023729152571754952,0
0,-0.05221260852234588,0
0,-0.05687794560532289,0
1,-0.0322605695030353,0
0,-0.03201439304883691,0
0,-0.09491926763002756,0
0,-0.08356522281379469,0
0,-0.07517550012836827,0
0,-0.030231492897148382,0
0,-0.003191078187998131,0
0,-0.06111252879726009,0
0,-0.02707536387591486,0
0,-0.023223316317839193,0
0,-0.08321023796177601,0
0,-0.07857037243535853,0
0,-0.05213021745254315,0
1,0.028235936958997954,1
0,-0.06880349515946815,0
0,-0.041064950042885184,0
0,-0.040956402299076544,0
0,-0.05521816756384723,0
0,-0.00898006363486803,0
0,-0.06168744599050313,0
0,-0.02827631050060264,0
1,-0.042248307451546674,0
0,-0.03403272511026084,0
0,-0.06615937186777532,0
0,-0.061470548288823534,0
0,-0.07628644280163116,0
0,-0.03901458487975629,0
0,-0.0739925101993531,0
0,-0.06531737867833032,0
0,-0.02980232132953703,0
0,-0.07261451356952575,0
0,-0.07743767266958645,0
0,-0.06157103700792127,0
0,-0.047551395413861164,0
1,0.016727081269584887,1
0,-0.08620628659832785,0
0,-0.07171794349082117,0
0,-0.06151568140255331,0
0,-0.08137868121796532,0
0,-0.028041849542854158,0
0,0.04735062711223548,1
0,-0.07081356125335092,0
0,0.08678045954000735,1
1,-0.031154028924512966,0
0,-0.05820907303253625,0
0,0.18002793084631852,1
1,0.025605198364720194,1
1,-0.02207767166662894,0
0,0.23098952939433126,1
1,0.02371505908625493,1
0,-0.08836796417330611,0
0,-0.05468100330657266,0
0,-0.0632585506929374,0
0,0.05102494775031219,1
0,-0.033494712411772154,0
1,0.02251581758792809,1
1,0.02371505908625493,1
0,-0.013860334426069987,0
1,0.02251581758792809,1
0,-0.07622361306469927,0
1,0.018704360797310082,1
1,-0.07306635431523728,0
0,0.1801813140057853,1
0,0.012807156760932137,1
1,0.02371505908625493,1
0,-0.05234037198519209,0
0,-0.0805885115351464,0
1,-0.0322605695030353,0
0,-0.08052493245992098,0
1,0.02306593421792602,1
0,-0.0901007871723084,0
0,-0.05366651420643326,0
0,-0.03531734751488308,0
0,-0.06911230091805654,0
0,-0.04920295040206957,0
0,-0.08738955255834302,0
0,-0.033635554657447164,0
1,0.018704360797310082,1
0,0.002680745479857416,1
0,-0.07820964302463518,0
0,-0.07545060966901151,0
0,-0.06488179632822594,0
0,-0.06578610607245938,0
0,-0.04485125607591267,0
0,-0.03875312931825614,0
0,-0.07988661121712659,0
0,0.04082360233270921,1
0,-0.06782505904607539,0
1,0.022108963122197567,1
0,0.0459011902276828,1
0,0.095379893261748,1
0,-0.05246196196573444,0
0,-0.015581098057165732,0
0,-0.02863368576789249,0
0,-0.07010543889733406,0
0,-0.06077728425395129,0
0,-0.026265945212679553,0
0,-0.08666265538508999,0
0,-0.04070223111665816,0
0,0.005234448197476316,1
1,-0.0322605695030353,0
1,-0.046180807968130344,0
0,-0.02688574687009465,0
0,-0.05658928939212976,0
1,-0.06431990702303819,0
0,-0.07522616945479643,0
0,-0.056789248038147444,0
1,-0.03237981227916531,0
1,0.04830877867491912,1
0,-0.034590736043765447,0
0,0.02528935442551772,1
0,-0.058536995331259944,0
1,0.01751910108047583,1
0,-0.03382099935255567,0
0,-0.03960152379130877,0
1,0.02306593421792602,1
0,0.05739318836849949,1
0,0.1277019482508981,1
0,-0.08885052258807241,0
0,-0.08677922158200568,0
0,0.06669443791425067,1
0,-0.0632024235078123,0
0,-0.002922564268782013,0
0,-0.05583350184904373,0
0,-0.0034395429791040932,0
0,-0.01741352822749681,0
0,0.06257479050463854,1
0,-0.03754052660557772,0
0,-0.08530601580903163,0
0,0.013378154648562512,1
0,-0.0775776486088664,0
0,-0.06559020644248087,0
0,-0.003437742346631689,0
0,0.08339975410058853,1
0,0.095379893261748,1
0,0.030054575270068606,1
0,-0.041985480179461965,0
1,-0.01136972080881754,0
0,-0.08876929444903464,0
0,-0.06993968443283455,0
0,-0.06285207477402421,0
1,-0.002268883835633728,0
0,-0.08353288328921488,0
0,0.05102494775031219,1
0,-0.0515488831544042,0
0,-0.0792114382092799,0
1,0.01751910108047583,1
0,-0.0706237645625929,0
0,-0.026462370001239133,0
0,0.019753503619566848,1
0,-0.07454732601009723,0
0,-0.08854252746006513,0
0,-0.052205451646754886,0
0,-0.05032459326914834,0
0,-0.0693084269811346,0
0,0.10554632086192439,1
0,-0.05110616681672536,0
1,0.02371505908625493,1
0,-0.08581831490477648,0
0,-0.08985285116209668,0
0,-0.06381117799943348,0
0,0.0527306862764223,1
0,-0.0560007258546239,0
0,-0.031460552600241,0
0,-0.06106496744014739,0
0,-0.08063293506599034,0
0,-0.03611407390168625,0
0,-0.0564137310525098,0
1,0.017810304883961736,1
0,-0.08285312613315488,0
0,-0.06001484191430817,0
0,-0.053435916420749185,0
0,-0.05866173970377736,0
0,-0.028115517686728098,0
0,0.0030444957965078956,1
0,-0.055950485705207886,0
0,-0.013922206282320715,0
0,-0.08975780664055133,0
0,0.02528935442551772,1
0,0.03811334194818117,1
0,-0.040771025559387164,0
0,-0.08372571150292246,0
0,-0.056602288863065786,0
0,-0.06193067445531614,0
0,-0.06366646336712534,0
0,-0.04769726529890739,0
0,-0.05762166869940272,0
0,-0.013923733674833683,0
0,0.10953307899996445,1
1,0.022607459467776425,1
0,-0.0353252616485254,0
0,-0.05574044530931255,0
0,-0.08467924462837118,0
0,0.10953307899996445,1
0,-0.06848551732677716,0
1,0.02371505908625493,1
0,-0.04926726164425094,0
1,-0.03164230826171727,0
0,-0.07787502882572861,0
0,0.04335025200102394,1
0,-0.07872091637985457,0
0,-0.06252698158292325,0
1,0.02306593421792602,1
0,0.01894486720439681,1
0,-0.03375165600399627,0
0,-0.07797691739867874,0
0,-0.029563667896670975,0
0,-0.019114272972413415,0
0,0.11226941501094456,1
0,0.18002793084631852,1
0,0.022422018454911097,1
0,-0.07954984919786545,0
0,-0.023150841668185373,0
0,-0.0668733357128235,0
0,-0.05016589447158559,0
0,-0.0061828662637081755,0
0,-0.06775753631527953,0
0,-0.01537214589170971,0
0,-0.02857275783886598,0
0,0.06160648306646044,1
1,0.015769469932073177,1
0,-0.019558543442489418,0
1,-0.047622087150975934,0
0,-0.08500832611145226,0
0,0.001618927386707214,1
0,-0.08994871824506045,0
0,0.002513863314999143,1
0,-0.07466761072374928,0
0,0.18048818412117196,1
0,-0.02890101112835075,0
0,0.02528935442551772,1
0,-0.06845886550272112,0
0,-0.03135541703505279,0
1,0.02371505908625493,1
0,0.003628541761135362,1
0,-0.04740243532995253,0
0,0.03300785256498662,1
0,0.018092152765261327,1
0,-0.08244270061864195,0
0,0.0011260615612916913,1
0,-0.06585299489135904,0
0,-0.030126442793434682,0
0,-0.06901671345292032,0
1,-0.08563986581427219,0
0,-0.0772079200526622,0
0,-0.0728981895622195,0
0,-0.008509207122495255,0
0,0.08339975410058853,1
0,-0.06373614171189407,0
0,-0.08779523118220423,0
0,-0.07672635442095344,0
0,0.08339975410058853,1
0,-0.0630441549501577,0
0,0.052578949028379895,1
0,-0.04961855885055433,0
0,-0.09111864257839902,0
0,-0.08110441083176667,0
1,-0.030647237968585928,0
1,-0.020539153988426317,0
0,-0.07386680569212684,0
0,0.047715502022922185,1
0,-0.02622703797398751,0
0,-0.06413656088811054,0
0,-0.09035436363933735,0
0,-0.017476599647989643,0
0,-0.06402561090632042,0
0,-0.07322919802026828,0
0,-0.08970152980412338,0
0,-0.06392556645001907,0
0,-0.0660401865355954,0
0,-0.06130464794491913,0
0,0.0027941272358815716,1
0,0.02890728986714719,1
0,-0.053258757694751135,0
0,-0.06761927373873233,0
0,-0.030739735520390776,0
0,-0.006238670867478147,0
0,-0.05273937567093945,0
0,0.03811334194818117,1
1,0.020788539663415317,1
0,0.06160648306646044,1
0,-0.08480924265909034,0
0,-0.06543503639176973,0
0,-0.07735310594490935,0
0,-0.06844717112963244,0
0,0.05739318836849949,1
1,0.016727081269584887,1
0,-0.06781979524875736,0
0,0.10554632086192439,1
0,0.025664090287753627,1
0,-0.049327452932544646,0
0,-0.05882711457836143,0
1,-0.030647237968585928,0
0,-0.0816992309779711,0
1,0.025584671548748772,1
0,-0.06047924891444706,0
0,-0.045701123166883184,0
0,-0.0019751195236865637,0
0,-0.046374335920234544,0
0,-0.05939551184003633,0
0,-0.08819971253939385,0
0,-0.08335260164729297,0
0,0.03811334194818117,1
0,-0.06136444540068331,0
0,0.002504114060451701,1
0,-0.06123688655679316,0
0,-0.05780295434563809,0
0,-0.08112220965564515,0
0,0.06669443791425067,1
0,-0.03214693022794196,0
1,0.029619340097468694,1
0,-0.023207050859209655,0
0,0.02528935442551772,1
1,0.002577210360411031,1
0,-0.053745211669509796,0
0,-0.08672021019146725,0
0,-0.04305789353166389,0
0,0.03811334194818117,1
0,-0.043848427725250105,0
0,-0.05115831713795732,0
0,-0.05839241353869179,0
0,0.095379893261748,1
0,-0.047050073449609764,0
0,-0.07255111277820664,0
1,-0.032950516717203004,0
0,-0.0542511376983687,0
0,0.095379893261748,1
0,0.10554632086192439,1
0,0.043689404883306304,1
0,-0.059764237164965595,0
0,-0.06587746194305172,0
0,-0.0534150288155415,0
0,-0.061222067645062606,0
0,-0.04855158836155388,0
0,-0.0492879366456182,0
0,-0.06916883626467124,0
1,0.020882390501738124,1
0,-0.07586570117112024,0
0,-0.011709020705763018,0
0,-0.011838785543447972,0
1,0.029619340097468694,1
0,-0.0675826183585605,0
1,-0.03164230826171727,0
0,-0.05196271612698511,0
0,-0.07678650213389038,0
1,0.022607459467776425,1
1,0.02306593421792602,1
1,-0.031154028924512966,0
1,-0.060402622242068604,0
0,0.1277019482508981,1
0,-0.053451389452405185,0
0,-0.03049306386617584,0
1,0.02251581758792809,1
0,-0.059190961507477935,0
0,-0.010330770956561541,0
0,-0.06731128585690538,0
0,0.028234930150434545,1
0,-0.049632443368975876,0
0,-0.024218054110749232,0
1,0.022696425743937598,1
1,0.020788539663415317,1
1,0.018642208242853675,1
0,0.057488810741897156,1
1,0.018924187616074173,1
0,-0.05761055510317581,0
0,-0.08678805922362409,0
0,-0.03468065326393832,0
1,-0.02014252837000341,0
0,-0.06775000934996056,0
0,-0.06536765237813885,0
0,-0.05371877766094363,0
0,-0.07230175876544553,0
0,-0.006125325868188813,0
1,0.018642208242853675,1
0,-0.07329442913908096,0
0,0.017741737261288915,1
0,-0.0687481969157338,0
0,-0.0656977493831925,0
0,-0.08153216351206738,0
0,-0.06035332476809491,0
0,-0.035455566653549264,0
0,-0.06736439924091575,0
1,0.01751910108047583,1
0,-0.06596537958872423,0
0,0.01750825860528693,1
0,-0.0361666705155792,0
0,-0.07974912973463688,0
0,0.02528935442551772,1
0,-0.019694500279853033,0
0,-0.08119032416343608,0
1,0.03171168826222126,1
1,0.016812575021424414,1
0,-0.01004597790246603,0
0,-0.04875602990660571,0
0,-0.08043635747086697,0
0,-0.07615516984435,0
0,-0.08063961887614968,0
0,-0.02665772734813604,0
0,-0.05395113888875047,0
1,0.0260078840909983,1
0,-0.0592173462185257,0
0,-0.06307258896733747,0
0,-0.0654129571519943,0
0,-0.05820907303253625,0
0,-0.05433750791650915,0
0,-0.050890028592549985,0
0,-0.07276669572616984,0
0,-0.06491801375861883,0
0,0.023655503443341663,1
0,-0.03625975869904263,0
0,-0.060678215723388385,0
0,-0.04885666323730259,0
0,-0.05467125785657406,0
0,-0.08594861134926723,0
0,-0.0924574280652713,0
0,-0.0498459232851482,0
0,-0.05337399229814849,0
0,-0.08975488158131117,0
0,-0.04145207491177766,0
0,-0.043729371958832586,0
0,-0.07456847328153376,0
0,-0.034792936065938196,0
0,-0.0013281301905403442,0
0,-0.054870727458564084,0
0,-0.07969388417726336,0
0,0.02528935442551772,1
0,-0.08831063733817507,0
0,0.01701688780548105,1
0,-0.05180801062941681,0
0,-0.0003003078757436439,0
0,0.003585362083669663,1
0,-0.07681257901537669,0
0,-0.06163994385102756,0
0,-0.07526852721948868,0
0,-0.0736075965144185,0
0,-0.07463524574315411,0
0,-0.08418056820029196,0
0,-0.06470364943914436,0
0,0.08678045954000735,1
0,-0.06937551822530441,0
0,-0.0693084269811346,0
0,-0.013274062741525539,0
0,-0.021326677260212035,0
0,-0.03973961325798775,0
0,-0.08686477315273161,0
0,-0.050128024302088514,0
0,-0.06829331111500442,0
0,-0.06806074643354065,0
0,-0.06096596379773689,0
0,-0.0656292539871528,0
1,0.06487509762365884,1
1,-0.02336650392125772,0
0,-0.017624299916353836,0
0,-0.024451132749694404,0
0,-0.05238861365699127,0
0,-0.040397529477809835,0
0,-0.05845071741237301,0
0,-0.03214438777994594,0
1,0.020788539663415317,1
0,-0.051580958518134046,0
0,-0.01642065656578029,0
0,-0.06916883626467124,0
0,0.0012896646721305416,1
0,-0.061006740133166315,0
0,-0.09064863583768801,0
1,0.002759510860207093,1
1,0.022696425743937598,1
0,-0.07300019008667374,0
0,-0.05485347579474259,0
0,0.014997864729976773,1
0,-0.059543239149545735,0
1,0.016727081269584887,1
0,-0.05450967587522115,0
0,-0.04085449805789687,0
0,0.06918529059506173,1
0,0.02528935442551772,1
0,-0.06361196863480928,0
0,-0.047018615910049244,0
0,-0.01861191040495519,0
0,-0.05813922092297619,0
0,-0.041763191786166665,0
0,-0.03474202550669042,0
0,-0.051847537992472825,0
0,-0.071639402525008,0
0,-0.07884255559012338,0
0,-0.07289541469910898,0
0,-0.05633219434542519,0
0,-0.08990975700772086,0
0,-0.06546262699076194,0
0,-0.06534972170880143,0
0,-0.08097221436080693,0
0,-0.04147168875100721,0
0,-0.0808200868198492,0
0,-0.0475639374888856,0
0,-0.05320929603569474,0
0,-0.07235505939546338,0
0,0.008404815537443877,1
0,0.08678045954000735,1
0,-0.019195024318720777,0
0,-0.08791789782327886,0
0,0.00825561343500858,1
0,-0.08803568890731778,0
0,0.004502398787034734,1
0,-0.08390887239766093,0
0,0.02528935442551772,1
0,-0.0577214264915345,0
0,-0.055928854179980614,0
1,-0.03237981227916531,0
0,-0.03459323677546444,0
0,-0.022938749400796987,0
0,-0.08144015895315448,0
0,-0.05004398312740982,0
0,-0.023202926900307896,0
0,-0.052194128917683213,0
0,-0.06369392206721386,0
1,0.02251581758792809,1
0,-0.07825218596344152,0
0,-0.05132391341925696,0
0,0.04698019424315503,1
0,-0.06274669911219677,0
0,-0.05353661811400856,0
0,-0.06541640365551199,0
0,-0.06251194529236304,0
1,0.028235936958997954,1
0,-0.0351722037101706,0
0,-0.06571033752252453,0
1,-0.0322605695030353,0
0,0.1277019482508981,1
0,-0.01130476556905502,0
0,-0.06817574063649545,0
1,0.02371505908625493,1
0,-0.08393383712994829,0
0,-0.04166039705508717,0
0,0.08678045954000735,1
0,-0.01324494893800221,0
0,-0.05918291090777816,0
0,0.095379893261748,1
0,-0.08737740515163728,0
0,-0.05059979918916746,0
0,0.018092152765261327,1
1,0.022108963122197567,1
0,0.0006549262057314875,1
0,-0.05800577786400424,0
0,-0.07769910587947987,0
1,-0.020705571626537023,0
0,-0.03001499422399251,0
0,-0.06233258614735687,0
1,-0.00622550377827269,0
0,-0.07041428995297466,0
0,-0.06086693782463848,0
0,-0.061231130706723924,0
0,0.004173193499868,1
0,-0.015681819684811193,0
0,-0.08500558602132857,0
0,0.08678045954000735,1
0,-0.10085209248982108,0
1,-0.08296382269158153,0
0,0.045072365943827575,1
0,-0.07709210801834682,0
0,-0.0660401865355954,0
1,0.012837871363415743,1
0,-0.06256200243149024,0
0,-0.07041854556425947,0
1,0.02306593421792602,1
0,0.01701691822772322,1
0,-0.014638161834837127,0
0,-0.0941068143602718,0
0,-0.07212231597353908,0
1,-0.06048753382418409,0
0,0.1277019482508981,1
1,-0.0322605695030353,0
0,0.03310449232326196,1
0,-0.0514318945758106,0
1,-0.02207767166662894,0
0,-0.07572321480559446,0
0,-0.06526527151251177,0
0,-0.06279091847287377,0
0,-0.04798313307921548,0
0,-0.0660401865355954,0
0,-0.07577805066392723,0
0,-0.03382099935255567,0
0,-0.05250926964589536,0
0,-0.08196928865479253,0
0,-0.06163044078780894,0
1,0.04982491881815965,1
0,-0.06480354577440378,0
0,-0.04959102076579286,0
0,0.05021425972821425,1
0,0.08339975410058853,1
1,-0.03233730685693231,0
0,-0.0843461010391815,0
0,0.012558436097433456,1
0,-0.0349165432105506,0
0,0.08339975410058853,1
0,-0.06000380990987941,0
0,0.009535870335175667,1
0,-0.02224435034851735,0
0,0.04317738061037224,1
0,-0.029934820312732535,0
0,-0.08254820151633069,0
0,-0.02559897474410061,0
0,-0.05573196744821107,0
0,-0.053026930121906346,0
0,-0.09237972364119568,0
0,-0.08030019329926052,0
0,-0.08494898558899044,0
0,0.023447142463835613,1
0,-0.07696667421050729,0
0,0.08339975410058853,1
1,0.02371505908625493,1
0,-0.06694497295921614,0
0,0.08678045954000735,1
0,-0.05200365988404665,0
0,0.003418939478106675,1
0,-0.0652319254657086,0
1,-0.032950516717203004,0
0,0.02528935442551772,1
0,-0.09070991618321644,0
0,0.09195055383116002,1
0,-0.03817504516682585,0
0,-0.06690097992989663,0
0,-0.03403272511026084,0
0,0.06669443791425067,1
0,0.002147441587028398,1
0,-0.06546262699076194,0
0,-0.059686431950192465,0
0,-0.07980949536213527,0
0,-0.04736333857590147,0
1,0.02371505908625493,1
0,-0.03704844859200601,0
0,-0.051505010400805296,0
1,0.025584671548748772,1
1,0.022696425743937598,1
0,-0.080335726142031,0
0,-0.06893120282971366,0
0,0.03811334194818117,1
0,-0.05905371818444244,0
0,-0.02962908740761011,0
0,-0.01914109412275189,0
0,-0.08387705046941052,0
0,-0.05230810394296115,0
1,0.022108963122197567,1
0,-0.023031491653203617,0
0,-0.017242210798926072,0
1,-0.03176982550220808,0
0,-0.09288611684124337,0
0,-0.09491975121406898,0
0,-0.07710913004116143,0
0,0.05739318836849949,1
0,-0.07984098543064444,0
0,-0.054932591101856,0
0,0.22891745073888448,1
0,-0.07292598656611426,0
0,0.05739318836849949,1
0,-0.0660401865355954,0
0,-0.05710814068758585,0
0,-0.06458767283646383,0
0,0.09373893816060619,1
0,-0.07054497425319217,0
0,-0.050097797560372026,0
1,-0.004715564772623304,0
0,-0.07582433961639568,0
0,-0.07669366525411803,0
0,-0.04980965798027842,0
1,0.022108963122197567,1
0,-0.053456197918100246,0
0,-0.08821352979371011,0
0,-0.04927503409493883,0
0,-0.0787519726697527,0
0,-0.02761146528497649,0
1,-0.046372421170856326,0
0,-0.060809210864595065,0
0,0.06918529059506173,1
0,0.05739318836849949,1
1,-0.02944044479050989,0
0,-0.06551440370886119,0
0,-0.05875773097029202,0
0,-0.05911540901632112,0
0,-0.06816739999407562,0
0,-0.06481640168198011,0
0,-0.08077769397534112,0
1,-0.04679495432697056,0
0,0.03811334194818117,1
0,-0.028623560766664113,0
0,-0.05496012003688383,0
0,-0.07550530698645475,0
0,0.03518151567412253,1
0,-0.0425102623623157,0
0,-0.0542511376983687,0
0,-0.014870977427212828,0
0,-0.0755065759025178,0
0,-0.02109173274979198,0
0,-0.0645075959509464,0
0,0.095379893261748,1
0,0.05781440562889917,1
0,-0.018777761119294745,0
0,-0.03330959315302068,0
0,-0.01610745298592242,0
0,-0.08406793036120669,0
1,0.020788539663415317,1
1,0.022108963122197567,1
0,-0.06848799176416581,0
0,0.1277019482508981,1
0,-0.059190961507477935,0
0,-0.051902612425612116,0
0,0.06918529059506173,1
0,-0.05342590984219836,0
1,0.02045611042720885,1
0,-0.09296797127125905,0
0,-0.06306064648445359,0
0,0.06063744853386743,1
0,-0.0524772921654304,0
0,-0.048579308473192584,0
0,-0.041456424013705806,0
0,0.1277019482508981,1
0,0.012768434130278172,1
0,-0.016831023905156395,0
1,-0.0747586894243561,0
1,0.02306593421792602,1
0,-0.043755075783346586,0
0,-0.05893957195256283,0
0,0.0018312819851223905,1
0,-0.05819317817567532,0
0,-0.05667802697603613,0
1,0.026921089276025434,1
0,-0.08665750844972919,0
0,-0.07952224338116504,0
0,0.06160648306646044,1
1,0.02306593421792602,1
0,-0.09386576369436006,0
0,-0.06898872669895967,0
0,0.10953307899996445,1
0,-0.08511258625449608,0
0,-0.05926266051012491,0
0,0.1277019482508981,1
1,-0.02702179138332611,0
0,-0.060202228757955445,0
0,-0.08530942304917294,0
1,-0.0055477572095603556,0
1,0.04808732727667453,1
0,-0.07548680618633996,0
0,-0.0707817019960228,0
1,-0.03176982550220808,0
0,-0.025984847991759985,0
1,-0.05498110178637894,0
0,0.06669443791425067,1
0,-0.06294165094837578,0
0,0.011786306045275863,1
0,0.017858516087344123,1
0,-0.04511169154602607,0
0,-0.032140852279854804,0
0,-0.05353661811400856,0
0,0.054623463761617974,1
0,-0.03382099935255567,0
1,-0.02378059733711202,0
1,0.029619340097468694,1
0,-0.030026750238452637,0
0,0.03811334194818117,1
0,-0.07588087608404931,0
0,0.06918529059506173,1
0,-0.02105285500739773,0
0,0.05739318836849949,1
0,-0.07971328519702692,0
0,-0.0030071818739962897,0
1,0.050383493771017585,1
0,0.10953307899996445,1
0,-0.08239156492682265,0
0,-0.041314883098910626,0
0,-0.005377111935979728,0
0,0.04075584915280406,1
0,-0.062456379140267415,0
0,-0.0435142300213584,0
0,0.06160648306646044,1
1,-0.03153720563340934,0
0,-0.04142610446325612,0
0,-0.03571601384513301,0
0,-0.05179557343986474,0
1,-0.030647237968585928,0
0,-0.040650751010966935,0
1,0.018704360797310082,1
0,-0.0651385235774386,0
0,-0.05404027470204659,0
0,-0.05494475140312871,0
0,-0.061193859758602975,0
0,-0.03595476701018696,0
1,0.04737336041902018,1
0,0.08678045954000735,1
0,-0.08829665681392751,0
0,0.05739318836849949,1
0,0.05722245651199154,1
1,-0.03233425322308098,0
1,-0.030647237968585928,0
0,0.032499139079745665,1
0,-0.03625707992128474,0
1,0.01751910108047583,1
0,0.08678045954000735,1
0,-0.06557417155480466,0
0,-0.07958243529727782,0
0,-0.08328772174556315,0
0,-0.07962649839028968,0
0,-0.08187839487561693,0
0,-0.015827754027750163,0
0,-0.08075187688171415,0
0,-0.08205139398991362,0
0,-0.06363472796140612,0
1,-0.031154028924512966,0
1,-0.01879408904583202,0
0,0.018953757623077938,1
0,-0.07767955896229745,0
0,-0.04246867324741027,0
0,-0.06979037113529163,0
0,0.08678045954000735,1
1,0.050563501914275055,1
0,-0.05855702535353363,0
0,-0.03625707992128474,0
0,-0.043749477414033844,0
1,0.01751910108047583,1
0,-0.01038730601704052,0
0,-0.05246196196573444,0
1,0.01751910108047583,1
0,-0.06086693782463848,0
0,0.08339975410058853,1
1,-0.03365474892339254,0
1,0.02371505908625493,1
0,-0.0544386752370436,0
0,-0.07834748800864894,0
0,-0.0545309079226759,0
0,0.042462774647122004,1
0,-0.05323019326340517,0
0,-0.08672226930030558,0
1,-0.016121488672956152,0
0,-0.03558122675325481,0
0,-0.007644204893044404,0
0,-0.024697435749548968,0
0,0.013163811825586125,1
0,0.010257063727450166,1
0,-0.08044658883092565,0
0,-0.054811886012152033,0
0,-0.09623642131380883,0
0,0.00159474061395104,1
0,-0.06540218700545808,0
0,0.1277019482508981,1
0,-0.04736512510011148,0
1,-0.03164230826171727,0
0,-0.052641748979983805,0
0,-0.07453266968407402,0
0,-0.016555115377667906,0
0,-0.073108207222432,0
0,0.10953307899996445,1
0,-0.056116445079475386,0
0,0.018092152765261327,1
0,-0.05473559218444274,0
0,-0.06359007884392676,0
0,0.025855479537356563,1
0,-0.05224932132411031,0
0,0.02528935442551772,1
0,0.009923242143360045,1
0,-0.07626650310985789,0
0,-0.026236467198524516,0
1,0.043518053218000174,1
1,-0.004963966351951787,0
0,-0.06812865892254238,0
1,0.02371505908625493,1
0,0.0416033709940421,1
0,-0.004224717916899434,0
0,-0.026190560054440204,0
0,0.0006236137830930577,1
0,-0.049717696445410686,0
0,0.011132192536516428,1
0,-0.05397750321064426,0
0,0.12521563920730783,1
0,-0.086767488163351,0
0,0.06669443791425067,1
0,-0.06572720604204096,0
0,-0.0942187132125254,0
0,-0.02138559082041136,0
0,0.05102494775031219,1
0,-0.07257214638775955,0
1,0.022607459467776425,1
0,0.07258919439274591,1
0,-0.06832205341072267,0
0,-0.029490469539801722,0
0,-0.08015318974338775,0
0,0.025136901196120776,1
0,-0.0542511376983687,0
1,-0.02443430109694711,0
0,0.08678045954000735,1
0,-0.08919849988728651,0
0,-0.06519006868223037,0
0,-0.06623627743754246,0
0,-0.053414195773617945,0
0,-0.0818334034530871,0
0,-0.07986845258020653,0
0,-0.059521643627937104,0
0,0.06918529059506173,1
0,-0.08154884642095128,0
0,-0.029785730965645962,0
0,-0.08716695736668517,0
0,-0.016349870941096134,0
0,0.07427037232441602,1
0,-0.046281073111632653,0
1,0.03964496762075065,1
0,-0.07931269943921404,0
0,-0.07402218841366082,0
1,0.022108963122197567,1
0,-0.060328698892677335,0
1,0.02371505908625493,1
0,0.03741250387403405,1
0,-0.03224635608124582,0
0,-0.06359252985018315,0
1,-0.0322605695030353,0
0,-0.053404677385220534,0
0,0.055919252546305254,1
0,-0.05620037157199642,0
0,0.08339975410058853,1
0,-0.06144796867997593,0
0,-0.05172562509009443,0
0,0.06918529059506173,1
0,-0.08952706858140685,0
0,-0.014351682139652433,0
0,-0.027000408198425918,0
0,-0.052244182433059005,0
0,-0.08738788743400422,0
0,-0.0812143155919447,0
1,0.02306593421792602,1
0,0.02528935442551772,1
0,-0.028508876412954798,0
0,-0.06796050337123866,0
0,-0.028238499437392595,0
1,0.022108963122197567,1
1,0.022108963122197567,1
1,-0.05958619997303466,0
1,-0.04578955014458502,0
0,0.017975321253354548,1
0,-0.0947726481955054,0
1,-0.02207767166662894,0
0,-0.0799708867130467,0
0,-0.04730272246269873,0
0,-0.08875642668430739,0
0,-0.07154416343327896,0
1,-0.05625183995405281,0
0,-0.07854853202987261,0
0,-0.06330747184368724,0
0,-0.05584732733669018,0
0,-0.07566146694076825,0
0,-0.06858529916413131,0
0,-0.027698927161343034,0
0,-0.07567133486189503,0
0,-0.05931621272265891,0
1,-0.041968675680875256,0
0,-0.03594321164032954,0
0,-0.061740226501793005,0
0,0.09373893816060619,1
0,-0.049834244687693485,0
0,-0.0657795437790139,0
1,0.02371505908625493,1
0,0.014114137938262883,1
0,-0.06850580192308509,0
0,-0.0213965100924437,0
0,0.01705388041338829,1
0,-0.0687481969157338,0
0,-0.005563055300817077,0
0,-0.08712505999053449,0
0,-0.040545583184782075,0
0,-0.07549004356292993,0
0,0.08339975410058853,1
1,0.016812575021424414,1
0,0.013827247436398626,1
0,-0.06641664452890544,0
0,-0.0862852407588065,0
0,-0.09246217978553944,0
0,0.04365218532390702,1
0,-0.051978674632577104,0
0,-0.005696170107375276,0
0,-0.040258009425672814,0
0,-0.06923143147088295,0
1,0.022108963122197567,1
0,0.02528935442551772,1
0,-0.02567939805293351,0
0,-0.0660401865355954,0
0,-0.061932894375858194,0
0,-0.08668807993563465,0
1,-0.031154028924512966,0
0,0.02528935442551772,1
0,0.05739318836849949,1
0,-0.0731308286147867,0
0,-0.04810615306839622,0
0,-0.05898175451474463,0
1,0.016812575021424414,1
0,0.002504114060451701,1
0,-0.07781956984853572,0
0,-0.06276907135736015,0
0,-0.02299909363581848,0
0,-0.049867635188913906,0
0,-0.0637084212561122,0
0,-0.08318812042417911,0
0,-0.05677472058035654,0
0,0.13651052031764044,1
0,-0.028578811737123067,0
1,-0.06392372564572907,0
0,-0.020142401124191356,0
1,0.018704360797310082,1
0,-0.05450967587522115,0
0,-0.05746839657048347,0
0,-0.05122570564807366,0
1,0.015769469932073177,1
0,0.06918529059506173,1
0,0.08678045954000735,1
0,-0.05431010708691808,0
0,-0.049796789671198494,0
0,-0.056452989402856035,0
1,-0.016475117430713337,0
0,-0.070765793649044,0
0,-0.06819913938315386,0
0,-0.058113560227532224,0
0,-0.08747559451305931,0
0,-0.08630877139593834,0
1,0.01751910108047583,1
0,-0.06445110251568864,0
0,-0.051375334278688733,0
0,-0.017976102026163288,0
0,0.006207268976646807,1
0,-0.052427729518213284,0
0,-0.08217421096171862,0
0,-0.0815050068296802,0
0,-0.03590098243262474,0
0,-0.05573196744821107,0
0,-0.04251187500165893,0
0,-0.025182469755468728,0
1,0.018704360797310082,1
0,-0.08120113234707355,0
0,-0.07547640189308902,0
0,-0.040258009425672814,0
0,-0.059811856518919126,0
0,-0.07919225891993376,0
0,-0.053565841811783865,0
0,-0.06916883626467124,0
0,-0.0503380587399993,0
1,0.016812575021424414,1
0,-0.05333519201379949,0
0,-0.06376855595173758,0
0,-0.040050592557860365,0
1,-0.04179957604761125,0
0,-0.06571033752252453,0
1,0.033464805153975985,1
0,0.177359929467656,1
1,-0.02207767166662894,0
0,-0.06154374154755404,0
0,-0.052415787614558285,0
0,-0.06499733387485307,0
1,-0.005814818821237244,0
0,-0.09390159283443755,0
0,-0.015069169660290427,0
1,-0.03476687856884347,0
0,0.013534948336285213,1
0,-0.04546585803984976,0
0,0.03591742185831592,1
0,-0.024847065153909054,0
0,-0.08140190798485053,0
1,0.025605198364720194,1
0,-0.009211640312313196,0
0,-0.06540851710822188,0
1,-0.022732480521494847,0
0,-0.08795582483318531,0
1,0.02306593421792602,1
1,-0.008607620439435137,0
0,-0.034378081761269386,0
0,0.06669443791425067,1
0,0.02595997147733331,1
0,-0.06077728425395129,0
0,-0.05416203591742713,0
0,0.1277019482508981,1
0,-0.05630044987138039,0
0,-0.02777557771973449,0
0,0.017477502259424793,1
0,-0.06411317968781588,0
0,-0.0701871597963416,0
0,-0.05903485895949473,0
0,-0.06397268721773358,0
0,-0.0652938712320753,0
0,0.2203633611332656,1
0,0.02528935442551772,1
0,-0.06086693782463848,0
0,-0.04969547628378651,0
0,-0.06120569836345441,0
0,-0.021189917572358996,0
0,0.03811334194818117,1
0,-0.050097797560372026,0
0,-0.05497718626512926,0
0,-0.07814790270478533,0
0,-0.08632537079622155,0
1,0.02306593421792602,1
0,-0.028986621772273957,0
0,-0.06285207477402421,0
1,-0.041617782547413884,0
0,-0.06619819015802281,0
1,0.02371505908625493,1
0,-0.07182867829003348,0
0,-0.05424930163307934,0
0,-0.0850477760873255,0
0,-0.007351791304584132,0
0,-0.02541599563078334,0
0,-0.02340360455456786,0
0,0.02528935442551772,1
1,0.02251581758792809,1
1,-0.031154028924512966,0
0,-0.053588911528810845,0
0,-0.08686323135294599,0
0,-0.0103777765662037,0
1,-0.030647237968585928,0
0,-0.07843941952612715,0
0,-0.08617048416517231,0
0,-0.055384585696606814,0
0,-0.0361666705155792,0
0,-0.08311871538628435,0
0,0.06160648306646044,1
0,-0.053451389452405185,0
0,0.08678045954000735,1
0,-0.060202228757955445,0
0,-0.047791056075941474,0
0,-0.07416499350759342,0
0,-0.07977710143273786,0
0,-0.05683088388498159,0
0,-0.08336173201115826,0
0,-0.038546187634612816,0
0,0.005314988969331247,1
0,-0.050516494514409815,0
0,-0.067462027234795,0
0,-0.06555930759888012,0
0,-0.07363023237282063,0
0,-0.03594321164032954,0
1,-0.030647237968585928,0
0,-0.09197013910412655,0
0,-0.04820252288669946,0
0,-0.03135541703505279,0
0,0.06918529059506173,1
0,-0.08535146742042171,0
0,0.06669443791425067,1
0,-0.06932201375034197,0
0,-0.07481020116758824,0
1,-0.031154028924512966,0
0,-0.06571033752252453,0
0,-0.05195815203197951,0
1,-0.05453207995560749,0
1,0.041361422224207245,1
0,-0.06040377416450993,0
1,0.02306593421792602,1
0,-0.04408212700104902,0
0,-0.0679763607075557,0
0,-0.0657836011865367,0
0,-0.06430865383624979,0
0,-0.0693084269811346,0
1,-0.0322605695030353,0
1,0.02306593421792602,1
1,-0.02014252837000341,0
0,0.059648525908300276,1
0,0.11226941501094456,1
0,-0.09344605344773566,0
0,-0.06523488291551999,0
0,-0.07844935761103389,0
1,0.020882390501738124,1
0,-0.06096596379773689,0
0,0.06669443791425067,1
0,-0.06321551085900545,0
0,-0.03201055860926416,0
1,0.018704360797310082,1
0,-0.05638853735453753,0
0,-0.0798590303605361,0
1,0.018642208242853675,1
0,-0.007254039054307937,0
0,-0.05794001310888125,0
0,-0.0019616129557509243,0
0,-0.08024379727343245,0
0,-0.06773983500228514,0
0,-0.057478136443982475,0
0,-0.08734632815317173,0
0,0.1801813140057853,1
0,-0.07987184882416959,0
0,-0.03309893362982641,0
0,-0.05237979864741199,0
0,-0.08016098442829506,0
0,-0.03625707992128474,0
0,-0.0750676139361201,0
0,-0.06565647422532561,0
0,0.03811334194818117,1
0,-0.07445093479443143,0
1,0.02371505908625493,1
0,-0.06974433273645336,0
0,-0.08527530580317894,0
0,-0.06608060414814504,0
0,-0.0790349005018407,0
0,-0.057655199758130715,0
0,-0.0660401865355954,0
0,-0.09197867591961739,0
1,-0.02600963125206035,0
0,-0.04980965798027842,0
0,-0.014080048284718483,0
0,-0.0819799922888303,0
0,-0.09027270634514245,0
0,-0.0790681021015881,0
0,0.03811334194818117,1
0,-0.0613008034453143,0
0,0.006462980624428849,1
1,0.02371505908625493,1
0,-0.033244022005939344,0
0,-0.06479306708408927,0
0,-0.04687676568352894,0
0,-0.049976570547068,0
0,-0.0693084269811346,0
0,-0.041393409734589326,0
0,0.05149526578466368,1
0,-0.08629617602158235,0
0,-0.06130464794491913,0
0,0.08339975410058853,1
0,-0.08249744999825775,0
0,-0.06606907271683482,0
0,-0.06763103625241729,0
0,-0.07926393030581258,0
0,-0.040204607455008645,0
0,-0.050097797560372026,0
0,-0.035090175007632285,0
0,0.02528935442551772,1
1,0.02306593421792602,1
0,0.100361652963736,1
0,-0.02441517751180483,0
0,-0.0564137310525098,0
0,-0.08783556450168517,0
1,0.02306593421792602,1
0,-0.07960591332479616,0
0,-0.041393409734589326,0
0,-0.0410987963701927,0
0,-0.07084507027793191,0
1,-0.03237981227916531,0
0,0.04579372153915762,1
1,0.022108963122197567,1
0,-0.03733412145756543,0
0,-0.03375165600399627,0
1,0.0359117991483241,1
0,0.08339975410058853,1
0,-0.06595682660578656,0
0,-0.04649375728509353,0
0,0.2313089065677133,1
0,-0.07097170042918599,0
0,0.05739318836849949,1
0,-0.07706860534695237,0
0,-0.047445491445908816,0
0,-0.05323019326340517,0
0,-0.07293658762371774,0
0,-0.07732161470029053,0
0,-0.05320929603569474,0
1,0.02371505908625493,1
0,-0.03963445432343021,0
0,-0.07293225658759811,0
0,-0.020268530237177673,0
0,0.12521563920730783,1
0,-0.04868110534777487,0
0,-0.07739894712004852,0
0,-0.07672060591876323,0
0,0.02528935442551772,1
0,-0.023195226742852848,0
1,0.018704360797310082,1
0,-0.09267809635356211,0
0,-0.059190961507477935,0
0,-0.0790274241215132,0
0,-0.05333519201379949,0
0,0.06918529059506173,1
0,-0.02735426704995164,0
1,0.02306593421792602,1
0,-0.041202280125253954,0
1,-0.03237981227916531,0
1,0.018704360797310082,1
0,-0.052066140678148354,0
1,-0.060308952016958406,0
0,-0.03594321164032954,0
0,-0.06898566357446423,0
0,-0.09167056008392699,0
0,0.004196775715745615,1
0,-0.05378803503431978,0
0,-0.08130410051446907,0
0,-0.08823532340975637,0
0,-0.019590375264749993,0
0,-0.06148681859311128,0
0,-0.057282723938382185,0
0,0.08678045954000735,1
1,0.02371505908625493,1
0,0.0038623101924563086,1
0,-0.02333998109796448,0
1,-0.03176982550220808,0
0,0.02528935442551772,1
0,-0.02415848017155614,0
1,0.016727081269584887,1
0,-0.04042222827200509,0
0,-0.06541605192478445,0
0,0.05102494775031219,1
0,-0.06571033752252453,0
0,-0.041064950042885184,0
0,-0.07949127990974536,0
0,-0.08497483602740569,0
0,0.08339975410058853,1
0,-0.0693084269811346,0
0,-0.05790608420852028,0
0,-0.059904566918925595,0
0,-0.016079052369106783,0
1,-0.06991453420094818,0
0,-0.05790608420852028,0
0,-0.05598816819904873,0
0,-0.07546303680053656,0
0,-0.08449169738647067,0
0,-0.05185555820718102,0
0,-0.009523590703521878,0
0,-0.06171736994426591,0
0,-0.08266749437800419,0
1,-0.030647237968585928,0
0,-0.08346348952987986,0
0,-0.07527073399861473,0
0,-0.043002536609542785,0
0,-0.06499797010797226,0
1,-0.03511617896185959,0
0,-0.05509689334678436,0
0,-0.07939923866917437,0
0,-0.028322785741982548,0
0,-0.06510410462999255,0
0,0.100361652963736,1
0,-0.03661692228345792,0
1,0.01751910108047583,1
0,-0.06919376607196259,0
1,0.020882390501738124,1
0,-0.018507813640021797,0
0,0.00863418709057917,1
0,-0.08982304744876751,0
0,-0.07529484328141917,0
0,-0.028067365632779173,0
1,0.03677652270401233,1
0,-0.026181053720028935,0
0,-0.05601114702812565,0
1,-0.031154028924512966,0
0,-0.06838265526091497,0
0,-0.07586339441452217,0
0,0.10953307899996445,1
1,0.018704360797310082,1
0,-0.0637659449964228,0
0,-0.06518518339077789,0
0,0.008075064344516214,1
1,-0.06749928769936298,0
1,0.018704360797310082,1
0,-0.06743188871079059,0
1,0.01751910108047583,1
0,-0.054428167954075624,0
0,-0.05467125785657406,0
0,-0.0755705536069709,0
0,-0.03479350117378904,0
0,-0.03875251241733757,0
0,-0.04636562160055857,0
0,-0.041529514409248514,0
1,-0.052497728778433395,0
0,0.02528935442551772,1
0,-0.05712069927116964,0
0,-0.07509952968755801,0
0,-0.0779620352115406,0
0,-0.05626884938347049,0
0,-0.05605062035468994,0
0,0.05739318836849949,1
0,-0.06910105823332119,0
0,-0.018180084655091466,0
0,-0.08424810322117382,0
0,-0.07997480886683639,0
0,-0.0763292587937015,0
0,-0.06955718272738132,0
0,-0.06693619314554489,0
0,-0.056344548779362014,0
0,-0.055384585696606814,0
0,-0.051066035498685824,0
0,-0.06264774324687594,0
0,-0.0650307368769889,0
0,-0.05526641716623526,0
0,-0.06411317968781588,0
1,0.02251581758792809,1
0,-0.08170856696218859,0
1,0.02371505908625493,1
0,-0.041529514409248514,0
0,0.06669443791425067,1
1,-0.030647237968585928,0
0,-0.061285188420335035,0
0,-0.042740470238045,0
0,-0.08631306098674879,0
1,0.02251581758792809,1
0,-0.07470305033671099,0
0,0.1295575455265171,1
0,-0.07314458317839623,0
0,-0.06335840545113142,0
0,-0.05437472509904073,0
0,-0.06213056433755143,0
0,-0.011832206187221028,0
0,0.020426303799584877,1
0,-0.08722078436554132,0
0,-0.043030293795678076,0
0,-0.060815159326853274,0
0,-0.059237141614849165,0
0,-0.022253616551709154,0
0,0.0025673892917982277,1
0,0.08678045954000735,1
0,-0.08226409267829948,0
0,-0.05366651420643326,0
0,-0.08663319281685417,0
0,-0.08114083320451482,0
0,0.02528935442551772,1
1,0.022108963122197567,1
0,-0.02967622029046285,0
1,0.022215685101591,1
0,-0.005345285103781572,0
0,-0.06538374891381299,0
0,-0.07310065720349296,0
0,-0.07822635527512206,0
1,-0.04647947739625463,0
1,0.018704360797310082,1
0,0.095379893261748,1
0,-0.0875912850793169,0
0,-0.08452484879474798,0
0,-0.0763511917071849,0
0,-0.07627046186030945,0
0,0.012730943441722431,1
0,0.09373893816060619,1
0,-0.07778707815906738,0
1,0.022108963122197567,1
1,-0.05804618153482677,0
0,-0.08264281179394933,0
0,-0.049396023951065404,0
0,-0.0930812269551275,0
0,0.100361652963736,1
0,-0.07958833966635187,0
0,-0.05558965137543331,0
0,0.001209508554510963,1
0,-0.0654129571519943,0
0,-0.029373222800290144,0
0,-0.08289502671637056,0
0,0.05739318836849949,1
0,-0.025228424508217828,0
0,-0.05598816819904873,0
0,-0.06141288759983432,0
1,0.018642208242853675,1
0,0.05739318836849949,1
0,0.100361652963736,1
0,-0.06526826207836428,0
0,-0.05820907303253625,0
1,0.02045611042720885,1
0,-0.0577214264915345,0
0,-0.09234646195832075,0
0,0.002617455976516414,1
0,0.033876300557998285,1
0,-0.05746180307560067,0
0,0.05739613321177284,1
0,-0.08278814100910775,0
0,-0.06229612924061573,0
0,-0.03991750266881866,0
1,0.02371505908625493,1
0,-0.022085569196762744,0
1,-0.02281130189638325,0
1,-0.023727287859825752,0
1,0.02306593421792602,1
1,0.028235936958997954,1
0,-0.06629750183505262,0
1,-0.03237981227916531,0
0,-0.07673917718541767,0
0,-0.07356542320635107,0
0,-0.08279122913582931,0
0,-0.060609231737139446,0
1,-0.04355415170126564,0
0,-0.08542314692310377,0
0,-0.03403272511026084,0
0,0.0024072161983701434,1
0,-0.007748036863497398,0
0,-0.06105888209158605,0
0,-0.07146473820674532,0
0,-0.0774966373431138,0
0,-0.0056034842304059085,0
0,-0.06316027220412129,0
0,-0.08466894735903313,0
1,0.018704360797310082,1
0,-0.04308502680809412,0
1,-0.07256822328098317,0
1,-0.06254595746162411,0
0,0.009894153493616442,1
0,0.1277019482508981,1
0,0.10953307899996445,1
0,-0.05423698686731271,0
0,0.08678045954000735,1
0,-0.05505491228138237,0
0,0.05739318836849949,1
0,-0.06386052106756868,0
0,-0.042015194157486,0
0,-0.017867379508960668,0
0,-0.06561238166287092,0
0,-0.042841460722904956,0
0,0.011132192536516428,1
1,0.02306593421792602,1
1,0.015769469932073177,1
0,0.05739318836849949,1
1,0.022108963122197567,1
1,-0.053272282092825085,0
0,0.08678045954000735,1
0,0.095379893261748,1
1,0.022696425743937598,1
0,-0.06162904022406074,0
0,-0.08412517725571816,0
0,0.02528935442551772,1
0,-0.04736416054866577,0
0,-0.07325587735465766,0
1,0.017717825319431224,1
0,-0.06412667040146519,0
0,-0.05688202447328905,0
0,-0.07670486890862183,0
0,-0.033331886281567136,0
0,-0.0935583786044194,0
0,-0.05118794874001348,0
0,-0.06848799176416581,0
0,-0.04300563227557752,0
1,0.002539406051672688,1
0,-0.022759300487464662,0
1,0.016727081269584887,1
0,-0.017951909947101385,0
0,-0.05246196196573444,0
0,-0.07741358444489516,0
0,0.1801813140057853,1
0,-0.0764079501928901,0
0,-0.08551193865387835,0
0,-0.09056210172800477,0
0,0.030298786153298063,1
0,-0.07767567270491887,0
1,-0.056158275060072205,0
0,-0.04658804324661897,0
1,0.02085174921984201,1
0,-0.0698561645237627,0
0,-0.08644954389596399,0
0,-0.05737832377675739,0
0,-0.05176057994628075,0
0,-0.05014696991263368,0
0,-0.06940554937021681,0
0,-0.0658509575393616,0
1,0.02371505908625493,1
0,-0.09290408155509139,0
0,-0.06934370484355568,0
0,-0.08819600843560904,0
0,-0.08631111326718066,0
0,-0.06140357521292261,0
0,0.06669443791425067,1
1,0.02306593421792602,1
0,0.031663917783798956,1
0,-0.07293806905484551,0
0,0.10953307899996445,1
0,-0.06232112450187266,0
0,0.07603728203581639,1
1,0.022696425743937598,1
0,-0.0656292539871528,0
0,-0.09058362549113946,0
1,-0.031154028924512966,0
1,-0.0322605695030353,0
0,-0.05287392585439371,0
0,-0.036152480755521854,0
0,-0.055857620829192156,0
0,0.05932014268942698,1
0,-0.05477348617263994,0
0,-0.05726953944177299,0
0,-0.09312547239108437,0
0,-0.07433784577321861,0
1,-0.02138498027463953,0
0,-0.053115335796881324,0
0,-0.07585190700350952,0
0,-0.054356479734896324,0
0,-0.058067201694508574,0
0,-0.05841948179806361,0
0,-0.08858556717968163,0
0,0.01124748055196434,1
0,-0.06559762325840712,0
0,-0.05925807222050311,0
0,-0.08295198118517588,0
0,-0.048990530842971614,0
0,0.1277019482508981,1
0,-0.0777802227630312,0
0,-0.07118200991375384,0
1,0.02371505908625493,1
0,-0.06049794997490465,0
1,0.02306593421792602,1
0,-0.08636268756243437,0
0,-0.06317568411592189,0
0,-0.00814791736666387,0
0,-0.0826486134627728,0
0,-0.024613655739561757,0
0,-0.05005785708611804,0
0,-0.08251740506145111,0
0,-0.07649866227435426,0
0,-0.0535261475515984,0
0,-0.07420985359301141,0
0,-0.04245898696961087,0
1,0.02306593421792602,1
0,-0.028349367125470815,0
0,-0.05070244034708138,0
0,-0.08722175502702734,0
1,-0.029337889717415855,0
0,-0.07413284009456272,0
0,-0.06558528469723979,0
0,-0.05362392019929796,0
0,-0.07698285622331996,0
1,-0.04529088715296897,0
0,0.018542393818240632,1
0,-0.04622815507025335,0
0,-0.06047129545988461,0
0,-0.060174333305480276,0
0,-0.06741948308938017,0
0,-0.05143076091392207,0
0,-0.06583861981190686,0
0,-0.024593722231292914,0
0,-0.060298449048513114,0
0,0.012815685295906376,1
1,0.016812575021424414,1
0,-0.05496012003688383,0
0,-0.06547998387254639,0
0,-0.028402284022814528,0
0,-0.09271056074402495,0
1,0.018642208242853675,1
0,-0.08644069722075609,0
0,-0.053527393657860245,0
0,0.08678045954000735,1
0,-0.037368497680126844,0
0,-0.05320929603569474,0
0,-0.07762949442280176,0
0,-0.01303200748441452,0
0,-0.06116711249602197,0
0,-0.04584273117269838,0
0,0.05865405953904801,1
0,-0.05882818648962074,0
1,-0.030647237968585928,0
0,-0.013825096251833702,0
0,0.05102494775031219,1
0,-0.0654129571519943,0
0,-0.03999659926072374,0
0,0.08678045954000735,1
0,-0.060162727063680976,0
0,0.045592653836574515,1
0,0.100361652963736,1
0,-0.08290515867320158,0
1,0.02306593421792602,1
0,-0.07631255496769296,0
0,-0.015705716359913358,0
0,0.0104892800477292,1
0,-0.07741970105199342,0
0,-0.05172562509009443,0
0,0.02011582193061634,1
0,-0.07839291520030306,0
0,-0.06866602218394863,0
0,0.05765619047594506,1
0,-0.06775149878880049,0
1,-0.02897565836418342,0
0,-0.0510591391079111,0
0,-0.026853140037256196,0
0,-0.0827639129452194,0
0,-0.03340989310483966,0
1,-0.031154028924512966,0
1,-0.031154028924512966,0
1,-0.0322605695030353,0
1,0.02251581758792809,1
0,-0.060656742164467814,0
0,-0.062067505977027204,0
0,-0.059059657113256114,0
0,-0.06317111755873189,0
0,-0.04085710077107024,0
0,-0.08434543570634934,0
0,-0.07780533397790462,0
0,-0.05605062035468994,0
1,0.022607459467776425,1
0,-0.06804028536270257,0
0,-0.08143042807357065,0
0,-0.06578033037168346,0
0,0.1277019482508981,1
0,-0.04120796466905058,0
1,0.022108963122197567,1
0,0.02973150799026747,1
0,-0.04404426017455926,0
0,-0.0759607708103428,0
0,-0.08008849579647481,0
0,-0.05674289758170781,0
1,0.025563872707289437,1
1,-0.030647237968585928,0
0,-0.08560895894321596,0
0,0.03811334194818117,1
0,0.23114399396525598,1
0,-0.023358195361596834,0
0,-0.02220141132415615,0
0,-0.06653117657444663,0
0,-0.07515014992704244,0
1,0.03870048162796669,1
0,-0.0651368198150803,0
0,0.08339975410058853,1
0,0.05739318836849949,1
0,0.02528935442551772,1
0,-0.023123970372826097,0
0,-0.029239771766431222,0
0,-0.07964265612188165,0
0,0.01741110914721511,1
1,0.02251581758792809,1
0,0.06918529059506173,1
0,-0.08464970610888561,0
0,-0.052984065391342594,0
0,-0.07248629451092342,0
0,0.03093533104924806,1
0,0.027873099626648745,1
0,-0.08510997336908127,0
0,-0.05439717168569652,0
0,-0.05584732733669018,0
0,0.1277019482508981,1
0,-0.05422240117592142,0
0,-0.05921157896162915,0
1,0.05789694439859927,1
0,0.028063344378405297,1
0,-0.0652938712320753,0
0,-0.010135217949812925,0
0,-0.049788721526721036,0
1,0.03789717745068155,1
0,-0.059657041487877316,0
0,0.010806582735783832,1
0,0.02528935442551772,1
0,-0.07870475932975535,0
0,-0.04393735202678495,0
1,-0.030647237968585928,0
0,-0.0375404475937387,0
0,-0.05602227794968939,0
1,0.027815775248978047,1
0,-0.07541731400929524,0
0,-0.08245179891175852,0
0,-0.053181365265433767,0
0,-0.012703952515410788,0
0,-0.01090235679666074,0
1,0.02371505908625493,1
0,-0.03469907274368389,0
0,0.003368123087610919,1
0,0.14666219215207066,1
0,-0.06583861981190686,0
0,0.08339975410058853,1
0,-0.07945038130830784,0
0,-0.08327612972764498,0
0,-0.03535414978835355,0
1,-0.036980902668114546,0
0,-0.03951210157652191,0
0,-0.05948758086665756,0
0,-0.02283373728974425,0
0,0.00545260584342766,1
0,-0.0015436503255447653,0
0,-0.05768512604424475,0
0,-0.08999756624150412,0
1,-0.031154028924512966,0
1,0.01751910108047583,1
0,-0.02955405256509741,0
0,-0.0674385788945136,0
0,0.02509067711834878,1
0,-0.07644949451909105,0
0,-0.06779443090034365,0
0,-0.07272477221802864,0
0,-0.06623811286481884,0
0,-0.08125430119657157,0
0,0.10953307899996445,1
0,0.02016316877089641,1
0,-0.06136444540068331,0
0,-0.08192940108327573,0
0,-0.0699396411902018,0
1,-0.0322605695030353,0
0,0.08678045954000735,1
1,0.029619340097468694,1
0,-0.007700272740341463,0
0,-0.06321551085900545,0
0,-0.061193859758602975,0
0,-0.06706961614339069,0
0,0.06918529059506173,1
0,0.1277019482508981,1
0,-0.0418480065171844,0
0,-0.04799958495971357,0
1,0.02306593421792602,1
0,-0.03712874628092755,0
0,0.08339975410058853,1
0,-0.05559399373952667,0
0,-0.07742072014166801,0
0,-0.0571569419333145,0
1,0.022108963122197567,1
0,-0.07994683185636692,0
0,-0.050097797560372026,0
0,-0.062021382058202956,0
1,-0.0322605695030353,0
0,0.11226941501094456,1
0,-0.05130747398108487,0
0,-0.05647132307446623,0
0,-0.05680897143175323,0
0,0.002147441587028398,1
0,-0.05323019326340517,0
0,-0.08677133987537516,0
0,-0.04309877769290327,0
0,-0.05323019326340517,0
0,-0.0816936972013299,0
0,0.02014354974649002,1
0,-0.0857266447158554,0
0,-0.05323019326340517,0
0,-0.05201643610161938,0
0,-0.06553127983876678,0
0,-0.006512922568735702,0
0,-0.0497250683954214,0
0,-0.07957711771237774,0
0,0.03811334194818117,1
0,-0.035709240072866966,0
0,-0.042218058431278016,0
0,-0.04846341146531913,0
0,-0.03650443112236551,0
0,-0.08827535837572725,0
0,-0.054495786768882504,0
0,-0.05732057782181155,0
0,0.0040794237074255335,1
0,-0.07600358333743101,0
1,0.022108963122197567,1
0,0.11729036897954181,1
0,-0.018630753531014954,0
0,-0.0545309079226759,0
0,0.012558436097433456,1
0,-0.031947095634390965,0
0,-0.06814125986337366,0
0,-0.09184993170078565,0
0,-0.052286280118832074,0
1,-0.03164230826171727,0
0,-0.07599822181080057,0
0,-0.05739458588132684,0
0,-0.051340731295296316,0
0,-0.01745153313200648,0
0,-0.0872026738305337,0
0,-0.07365736852206772,0
0,-0.04011129400145036,0
0,-0.013517962400604822,0
0,0.02528935442551772,1
0,-0.0652938712320753,0
0,-0.03743309878291923,0
1,0.016727081269584887,1
0,-0.0225055503524747,0
0,-0.048579308473192584,0
0,-0.05780917039597727,0
0,0.010670142725112908,1
1,0.020788539663415317,1
0,-0.07262322142304428,0
0,-0.050217781695072294,0
0,0.03811334194818117,1
0,-0.07412894881021315,0
0,-0.06115786478061075,0
0,-0.09060528143591862,0
0,0.08339975410058853,1
0,-0.05558965137543331,0
0,-0.02401873256686965,0
0,-0.07044760270871886,0
0,-0.07256388402273778,0
0,0.034577120879761614,1
0,0.12521563920730783,1
0,-0.013685035026332115,0
0,-0.051902612425612116,0
1,-0.02897565836418342,0
0,0.02528935442551772,1
0,-0.07351134946037657,0
0,0.05739318836849949,1
0,-0.09502404701594191,0
0,-0.0041934628583433775,0
1,0.02371505908625493,1
0,0.05628498924962,1
0,-0.08934952245141964,0
0,-0.06017649023827748,0
0,-0.053026930121906346,0
0,-0.05642125357170913,0
0,-0.030664062454461738,0
0,-0.07656533561165263,0
1,-0.03683488637677562,0
1,0.016418339546547034,1
1,-0.009931005696133477,0
1,0.02371505908625493,1
1,-0.06721761760970879,0
0,-0.05350260170807275,0
1,-0.034904138527938,0
0,-0.05085728726821859,0
0,-0.06907658098680025,0
0,-0.002153269317912987,0
0,-0.028050300893455393,0
0,-0.05496012003688383,0
1,-0.03237981227916531,0
0,0.06918529059506173,1
0,0.02939383133459894,1
0,-0.08586151142486875,0
0,0.16719133926646457,1
0,0.055191075032064885,1
0,0.06918529059506173,1
0,-0.0749741378276812,0
0,-0.07215308969855627,0
0,0.03944531828065423,1
0,-0.049487024728101736,0
0,0.08678045954000735,1
0,0.03886248906841894,1
0,-0.08609958158587944,0
0,0.06669443791425067,1
0,-0.07798113970099185,0
0,-0.08263253463373804,0
0,-0.07941812755789296,0
0,0.0035730989826143755,1
1,-0.04944213332844927,0
0,-0.06048550736896513,0
0,-0.019186553088255953,0
0,-0.08158839008614543,0
0,0.10517353214350555,1
0,-0.057805459752699295,0
0,0.1286255952990376,1
1,0.02306593421792602,1
0,-0.07841868006995262,0
1,0.022607459467776425,1
0,-0.063374571990027,0
0,-0.06812266056297339,0
0,-0.07680157561077544,0
0,0.08339975410058853,1
0,0.005428964890051957,1
0,-0.04044010908840806,0
0,-0.07738762423851236,0
0,-0.06294880516047535,0
0,-0.08561049931917564,0
1,-0.028218878361474575,0
1,-0.03164230826171727,0
0,-0.06528859528592584,0
0,-0.007034372981459536,0
1,0.020788539663415317,1
0,-0.06723192214648127,0
0,-0.06861858954134359,0
0,-0.06643343638586285,0
0,-0.05283004884858261,0
1,-0.04512457491686295,0
0,-0.051093108221806904,0
0,-0.06136444540068331,0
0,-0.08360286793320776,0
0,-0.07499293375122701,0
0,-0.02561799155384753,0
0,-0.053026930121906346,0
0,-0.044899994721499026,0
0,0.018840558044011857,1
0,-0.07822432158779202,0
0,0.010588471421497214,1
0,-0.08770520514818753,0
0,-0.07879852402152071,0
0,0.06669443791425067,1
0,-0.008271403373793507,0
1,-0.04665342263275474,0
0,-0.03278996643912202,0
0,-0.05688551743789594,0
0,-0.07158986408393381,0
1,-0.0398047657719357,0
0,-0.05908348938393865,0
1,0.022607459467776425,1
0,-0.026563252979728447,0
0,-0.0012977948785998228,0
0,-0.0632784651504616,0
0,-0.03833967159456403,0
1,-0.03237981227916531,0
0,-0.034360801509984884,0
0,-7.309271412553331e-05,0
0,-0.07833084613821067,0
0,-0.01727703140114495,0
0,0.06669443791425067,1
0,-0.06082136790628495,0
0,-0.06585299489135904,0
0,0.08678045954000735,1
0,-0.05553308702355558,0
0,-0.06606907271683482,0
0,-0.08431013877786941,0
0,-0.08544138998326889,0
1,0.016727081269584887,1
1,0.016727081269584887,1
0,0.008752900787316609,1
0,-0.08523070735014776,0
0,0.08339975410058853,1
0,-0.0795725763577908,0
0,-0.06308553641449366,0
0,-0.05130747398108487,0
0,-0.08216734555805116,0
0,-0.06890576573600266,0
0,-0.06734153240431551,0
0,-0.05489433580762326,0
1,0.016812575021424414,1
0,-0.03204738453441991,0
1,-0.030647237968585928,0
0,-0.04948968088811723,0
1,0.016812575021424414,1
0,0.03204056714302039,1
0,-0.08013063908489004,0
0,-0.044139976855732066,0
1,-0.06482721732642399,0
0,0.08678045954000735,1
0,-0.09924781044786146,0
0,-0.05937511986531013,0
1,0.018642208242853675,1
0,-0.09085394227942678,0
0,-0.06583861981190686,0
0,-0.056318537645562494,0
0,-0.09191803241031693,0
0,-0.06216781812908084,0
0,-0.05852422526582668,0
0,-0.08333209412878867,0
0,-0.08393334830113142,0
0,0.10953307899996445,1
0,0.018092152765261327,1
0,-0.030462174634771078,0
0,-0.0067216034886316,0
0,0.095379893261748,1
0,-0.039840264622844734,0
0,0.018092152765261327,1
1,-0.04717774560717897,0
1,-0.054935242159511344,0
0,0.05739318836849949,1
0,-0.049911177406935014,0
0,-0.02630016036655425,0
0,-0.04836697904574555,0
1,0.02306593421792602,1
0,-0.06148681859311128,0
0,-0.04460412927222401,0
0,0.011203027513990271,1
0,-0.04468176008491492,0
0,-0.06988365162018961,0
0,-0.05741427785253872,0
0,-0.03625707992128474,0
0,-0.03283444122822332,0
0,-0.05401903655299828,0
1,0.020788539663415317,1
0,-0.062035424634731884,0
0,-0.07715290926242657,0
0,-0.024754368439558583,0
1,-0.030647237968585928,0
0,-0.06565377643100168,0
0,-0.07739429914661794,0
1,0.018704360797310082,1
0,-0.08418555330895888,0
1,-0.04987978509483648,0
0,-0.058113560227532224,0
1,0.028235936958997954,1
0,-0.040258009425672814,0
1,0.016727081269584887,1
0,-0.05256484483908491,0
0,0.023894728067766824,1
0,-0.07699884683572589,0
0,-0.05188261969268121,0
0,0.06160648306646044,1
0,-0.06491845098643728,0
1,-0.07234185302092366,0
1,-0.04576765985623643,0
0,-0.019423973162297603,0
0,0.017643377005871375,1
0,-0.06940554937021681,0
0,-0.08470147635386627,0
0,-0.08329978622618034,0
0,-0.049465674096334844,0
0,-0.05225293613967025,0
0,-0.0941104521784788,0
0,0.0566175138358852,1
0,-0.030257890053717984,0
0,-0.07827728565051117,0
0,-0.05746180307560067,0
0,-0.08150787207246091,0
0,-0.06596985131416444,0
0,0.1801813140057853,1
0,-0.02307283272058719,0
0,-0.07475946987232412,0
1,0.02306593421792602,1
0,0.08339975410058853,1
0,-0.0339109810574737,0
1,0.018704360797310082,1
0,-0.07375761487716459,0
0,-0.036676906290916744,0
0,0.045089224109523096,1
1,-0.02307202712578993,0
0,-0.0720006207427279,0
0,-0.07325785651844186,0
1,-0.0322605695030353,0
0,-0.05665300951414881,0
0,-0.041736264348626706,0
0,-0.05730356127567238,0
0,-0.07790850907506791,0
0,-0.08136677511416723,0
0,-0.018663819843008467,0
0,-0.07221347981621179,0
0,-0.08482829529842717,0
0,-0.06826468657690421,0
0,-0.08604830985449735,0
0,-0.08671015316084918,0
0,-0.04646138517236481,0
0,-0.06578610607245938,0
0,-0.05841079533472471,0
0,0.04703341357350832,1
0,-0.016531423831224246,0
0,-0.031500788511660105,0
0,-0.028195565037671733,0
0,0.013048091671031603,1
1,-0.017391645456455163,0
0,-0.04509044627250963,0
0,-0.08126008467340445,0
0,0.022724502485943043,1
1,0.02371505908625493,1
0,0.03811334194818117,1
0,-0.05605062035468994,0
0,-0.09063728459005177,0
0,-0.06559020644248087,0
0,-0.03393370913761995,0
0,-0.04700593760405236,0
0,-0.0789966120862674,0
0,-0.057478136443982475,0
1,0.018824571193721273,1
0,0.12521563920730783,1
0,-0.09101730760712456,0
0,0.14666219215207066,1
1,-0.03164230826171727,0
0,-0.06792781509124851,0
0,-0.06604679212520892,0
0,0.23876543113886417,1
1,-0.07435323251542625,0
0,-0.054569969308900235,0
0,0.012816729641882962,1
0,-0.0545309079226759,0
0,0.0072193910873386,1
1,0.05821149296819994,1
0,-0.05414084011049375,0
0,0.05739318836849949,1
1,0.022607459467776425,1
0,-0.08478453416801057,0
0,-0.06875090536247924,0
1,-0.034297671041842226,0
0,-0.08145610547697008,0
0,-0.025970122318136002,0
0,0.002617455976516414,1
0,-0.0020051239435914248,0
0,0.23098952939433126,1
0,-0.005429935543024955,0
0,-0.08760030088597959,0
0,-0.0693084269811346,0
0,-0.07431624606406362,0
0,-0.0668809204008835,0
0,0.056526181223996,1
0,0.01459429805961443,1
0,-0.053880177249637895,0
1,0.018704360797310082,1
0,-0.07301236197632338,0
0,-0.05340335951523273,0
0,-0.005694365785405997,0
0,-0.005245250922406353,0
1,0.02371505908625493,1
0,-0.08850524479665711,0
0,-0.05333519201379949,0
0,-0.08449005863564707,0
1,-0.031154028924512966,0
0,-0.05722960109080294,0
1,-0.0322605695030353,0
0,-0.00883296824293528,0
1,-0.0322605695030353,0
0,0.05739318836849949,1
1,0.022696425743937598,1
0,-0.051299241242833304,0
0,-0.022041550662890597,0
0,0.09373893816060619,1
0,-0.07674726661866582,0
0,-0.06830532243118503,0
0,-0.07846724638031755,0
0,-0.03631737430565696,0
0,-0.03492810371286337,0
0,-0.012694955301052024,0
0,-0.06750086673265615,0
0,-0.08448648213219562,0
0,0.06160648306646044,1
0,-0.04879888889786144,0
0,-0.08106663901392708,0
0,0.05813551642877779,1
0,-0.05159195808560596,0
0,0.10953307899996445,1
0,-0.08501752279822333,0
0,-0.06334029199993207,0
0,-0.05730356127567238,0
0,-0.08243270301113359,0
0,-0.054212410692943636,0
0,0.08678045954000735,1
0,-0.07150895414892394,0
0,0.05739318836849949,1
0,-0.08488543971662238,0
0,-0.01688283518079986,0
0,0.14666219215207066,1
0,-0.06989388757271414,0
0,-0.07348219226153452,0
1,0.025605198364720194,1
0,-0.055129470425855254,0
0,-0.0545000342691786,0
0,-0.06794396646615225,0
1,-0.02482519179853465,0
0,-0.08480960694801565,0
0,-0.05667802697603613,0
1,0.02371505908625493,1
0,-0.06473613105876758,0
0,-0.02872021355309362,0
0,-0.059904566918925595,0
0,-0.016013469425301186,0
0,-0.07022697049994298,0
1,-0.07537766432244752,0
0,-0.07340640241336993,0
0,-0.06157931058027305,0
0,-0.08146487211975784,0
1,-0.02897565836418342,0
1,0.02371505908625493,1
0,-0.08867498644054089,0
0,-0.07825788859415933,0
0,-0.06244289532231745,0
0,-0.09366595725013399,0
0,-0.08183485807318325,0
0,-0.05747852689640787,0
0,-0.055950485705207886,0
1,-0.03176982550220808,0
1,-0.05208854619886211,0
0,-0.07631825731499386,0
0,-0.07301878983481813,0
0,-0.08322462409803383,0
0,-0.0947222508662437,0
0,-0.008785002015729626,0
1,0.029619340097468694,1
0,-0.0642167928524282,0
0,-0.04109188141086345,0
0,-0.07769775365708903,0
0,-0.0399982716811037,0
0,0.15000212958047465,1
0,-0.05401501720232871,0
0,-0.02675280404793362,0
0,-0.06574933161284063,0
0,-0.06334029199993207,0
1,0.025605198364720194,1
0,-0.051573936646891916,0
0,-0.0680783408588817,0
0,-0.0188742500687874,0
0,-0.06869824010507336,0
0,-0.06053170459435564,0
0,-0.05145552143618687,0
0,-0.05319384492158036,0
0,0.018092152765261327,1
0,-0.01651253214078907,0
0,-0.06523305745275365,0
0,-0.07222387803839109,0
0,-0.04872140747504611,0
0,-0.055504308143073944,0
1,0.02371505908625493,1
0,-0.0528898773220447,0
0,-0.05683702947538577,0
0,-0.06704611977698771,0
0,-0.08180391403078663,0
0,-0.06301235981107356,0
0,-0.04265329625937586,0
0,-0.06780493159503082,0
0,-0.04021500044159604,0
0,-0.07607069013659035,0
0,-0.05625948217214527,0
0,-0.04203002385727528,0
0,-0.07549164469081848,0
1,-0.030647237968585928,0
0,-0.07321128314420672,0
1,0.02251581758792809,1
0,0.23114399396525598,1
0,-0.0416882587758422,0
0,0.002504114060451701,1
0,0.004414419393645286,1
0,-0.08721842489316478,0
0,0.02528935442551772,1
0,-0.08291664346395772,0
0,-0.057559942920946405,0
0,0.06669443791425067,1
1,0.018704360797310082,1
0,-0.07778267962420549,0
0,-0.08113916047759007,0
0,-0.024772161044848306,0
0,-0.018933826061897308,0
1,0.028235936958997954,1
0,-0.07060839304466515,0
0,-0.06274880711582276,0
0,-0.059117104790070873,0
0,0.23565040100147439,1
0,0.08678045954000735,1
0,-0.07224000479904219,0
0,0.036223444342088906,1
0,-0.08844710193041394,0
0,-0.06826544865534312,0
0,-0.07750210832429694,0
0,-0.045361191435258685,0
0,-0.03429495123905607,0
0,-0.06317111755873189,0
1,0.04840111717764595,1
1,0.022108963122197567,1
1,-0.031154028924512966,0
0,-0.01586017737858192,0
0,-0.05218570723573901,0
1,0.02371505908625493,1
0,-0.07822480853825575,0
0,-0.089896198940773,0
0,0.06918529059506173,1
0,-0.08007254660205515,0
0,-0.07779077099776954,0
0,0.047413045560649514,1
0,-0.06636288021751924,0
0,-0.08157281813374756,0
0,-0.04279899239109869,0
0,-0.08233265047045607,0
0,-0.08642887826142265,0
0,-0.06077728425395129,0
1,0.020882390501738124,1
0,-0.06831014161211052,0
0,-0.0680783408588817,0
0,-0.052058048989121086,0
0,-0.017735215017080863,0
0,-0.07534320357357721,0
0,0.01371420840575921,1
0,-0.03895717141778676,0
0,0.05739318836849949,1
0,-0.07717879532660527,0
0,-0.06451355395820163,0
0,-0.08554283414676545,0
0,-0.06583861981190686,0
0,-0.06427907379072745,0
0,-0.06087584983056321,0
0,0.1277019482508981,1
0,-0.08356206356682255,0
0,-0.08250181152625347,0
0,-0.03963844222595003,0
0,-0.08175305893454948,0
0,0.1801813140057853,1
0,-0.06041571155573239,0
0,0.05102494775031219,1
0,-0.07866662999027624,0
0,-0.03585225203047443,0
0,-0.09085847979490957,0
0,-0.06996373831814079,0
0,-0.05665300951414881,0
0,0.095379893261748,1
0,-0.05157218995317342,0
1,0.015769469932073177,1
0,-0.053026930121906346,0
0,0.100361652963736,1
0,-0.06592058008119067,0
0,-0.06688044331913068,0
0,0.06669443791425067,1
0,0.017741737261288915,1
1,-0.054457006543120634,0
0,-0.039118873937386334,0
1,0.018704360797310082,1
0,-0.051497731987119544,0
1,0.02371505908625493,1
0,-0.040258009425672814,0
1,0.020788539663415317,1
0,-0.08185530996287244,0
0,-0.06971334737589296,0
0,-0.06294880516047535,0
1,-0.06765665783264513,0
1,0.025584671548748772,1
0,-0.023313036404838394,0
0,-0.07146948010031967,0
0,-0.029566739235848183,0
0,-0.08841650386246291,0
0,-0.03121140673468875,0
0,-0.07456138852543065,0
0,0.08678045954000735,1
0,-0.07277586945493175,0
0,-0.08127737294968063,0
0,-0.07110881494018428,0
0,-0.06806386425871813,0
0,0.002184595607267248,1
0,-0.02881230324115841,0
0,-0.04047192305353331,0
0,-0.08365496177001613,0
1,-0.04643803296630544,0
0,0.06918529059506173,1
1,-0.031154028924512966,0
1,-0.0322605695030353,0
0,-0.08470059950630288,0
0,-0.09532013854049443,0
0,0.11226941501094456,1
0,-0.038377334978322075,0
0,-0.06513883170850787,0
0,0.06669443791425067,1
0,-0.03133379363493288,0
0,-0.07700613727412692,0
0,-0.06523305745275365,0
0,-0.07516265153815022,0
0,-0.056452989402856035,0
1,-0.005814818821237244,0
0,-0.057702631055875364,0
0,-0.06911411647893922,0
0,-0.031304753778491456,0
0,-0.02611124571675505,0
0,-0.06271510303888667,0
0,-0.04983809835324332,0
1,-0.04268150328797782,0
0,-0.08977269532257215,0
0,-0.05623026134534831,0
0,-0.08080943782257588,0
0,-0.07218072458023389,0
0,0.08678045954000735,1
1,-0.062173864899454256,0
0,-0.03678669869459905,0
1,-0.022373461653673543,0
0,-0.05378803503431978,0
1,-0.06545299219578443,0
1,-0.0322605695030353,0
0,-0.06175433294866661,0
0,-0.08157307537588987,0
0,-0.03001718138952475,0
1,0.018704360797310082,1
0,-0.012170847020109454,0
1,-0.019787115325808735,0
0,-0.026484187297849127,0
0,-0.027590109887933534,0
0,0.1801813140057853,1
1,0.02306593421792602,1
0,-0.0772744781630762,0
0,0.02473272758419598,1
0,-0.02175657975640255,0
0,-0.03229654056214448,0
0,-0.059101423516870255,0
0,-0.019865006224819903,0
0,-0.07975692580326255,0
0,-0.06884544563856809,0
0,-0.06555930759888012,0
0,0.1801813140057853,1
0,-0.06213056433755143,0
0,-0.0025218116267314294,0
0,-0.05356925953334457,0
0,-0.07755068052658148,0
0,-0.06709346062685734,0
0,-0.011703029236471374,0
0,-0.060336855025574565,0
0,-0.09190944634624809,0
0,0.23859883706519647,1
0,-0.04705795520577,0
0,-0.09222775691807,0
0,-0.053499260599967735,0
0,-0.053962483860222954,0
1,0.01751910108047583,1
0,-0.090791780156675,0
0,0.018092152765261327,1
0,-0.029641007168229316,0
0,-0.07627854064223155,0
1,-0.030647237968585928,0
0,-0.07155834030845232,0
0,0.04513889749658073,1
1,-0.02603686829505708,0
0,-0.0905264681361646,0
0,0.07026347647322884,1
0,0.02169538744159971,1
0,-0.021797117381324393,0
0,-0.05056165939403989,0
0,-0.02569004091882482,0
0,-0.08136281562620218,0
0,-0.050770318703573014,0
0,-0.08891902501842658,0
0,-0.061627944869603046,0
0,0.06160648306646044,1
0,-0.057849756540119646,0
0,-0.059764237164965595,0
1,0.018642208242853675,1
0,0.013854954154076116,1
1,-0.04637928608836911,0
0,-0.07673387357560141,0
0,-0.07497736561522944,0
0,-0.049396023951065404,0
0,-0.060202228757955445,0
0,-0.08089120509104886,0
0,-0.033204221380671084,0
0,-0.04419627860274383,0
0,-0.07970230468510042,0
0,-0.041116587831336426,0
0,0.095379893261748,1
0,-0.04818731063157583,0
0,-0.08219661326034788,0
0,-0.05558965137543331,0
0,-0.052789029753679995,0
0,0.1277019482508981,1
0,-0.05237979864741199,0
0,-0.05127454518506358,0
1,0.02474198484801282,1
0,0.06918529059506173,1
0,-0.044086634966542415,0
1,-0.03164230826171727,0
0,0.017878084115748316,1
0,-0.09064026472899284,0
0,-0.05605062035468994,0
0,-0.07527608079139453,0
0,0.02528935442551772,1
0,0.095379893261748,1
0,-0.06595682660578656,0
0,-0.050088953876124165,0
1,-0.052542562658807745,0
0,0.1277019482508981,1
0,0.026209829124645645,1
0,-0.04868110534777487,0
0,0.08339975410058853,1
0,-0.08112199960028199,0
0,-0.053264871058911145,0
0,-0.04925099277906353,0
0,-0.07255724033332045,0
0,-0.07683698998417399,0
1,-0.0322605695030353,0
0,-0.05200365988404665,0
0,-0.06585299489135904,0
0,-0.058381244269831045,0
1,-0.031154028924512966,0
0,0.013139810204842228,1
0,-0.06276484965304718,0
0,-0.0452250154642454,0
0,-0.03237936940138908,0
0,-0.08386630059333755,0
0,0.07258919439274591,1
0,-0.07807451292491085,0
0,-0.07750966285877586,0
0,-0.07628676864546058,0
0,0.015897585816645465,1
0,-0.05925564018523033,0
0,-0.03318720622600779,0
0,-0.08974134400710715,0
0,-0.02699930589482774,0
1,0.025605198364720194,1
0,-0.06881424525541119,0
0,0.06066840120199357,1
1,0.022108963122197567,1
1,0.03073364623859709,1
0,-0.06458830503718338,0
0,-0.0768362640313009,0
0,-0.053320781459632594,0
0,-0.08515199668215856,0
0,-0.07422370812532442,0
0,0.015759732376202207,1
0,-0.0577214264915345,0
0,-0.048990530842971614,0
0,-0.07042306779294955,0
0,-0.06531016657684291,0
0,-0.05132593598070939,0
0,-0.01879016341629336,0
0,-0.06030140462516981,0
1,0.02371505908625493,1
0,-0.07179573293070912,0
0,-0.04481947873193565,0
0,-0.06268914510571055,0
0,-0.014083210119101242,0
0,-0.04431798172542056,0
0,0.03811334194818117,1
0,0.02528935442551772,1
0,-0.04048577945144349,0
1,0.029619340097468694,1
0,-0.02338879214029771,0
0,-0.03328489138461499,0
0,-0.07550164552854488,0
0,-0.05777874861920651,0
0,-0.03976555936861559,0
0,-0.08827190127880502,0
0,-0.040650751010966935,0
0,-0.030520652231429135,0
0,0.03811334194818117,1
1,0.033845510757593456,1
0,-0.015835869364300093,0
0,-0.05016589447158559,0
1,0.02371505908625493,1
0,-0.04512713655600231,0
0,-0.05616972013840926,0
0,-0.025888786747889136,0
0,0.08678045954000735,1
0,-0.05478779966936187,0
0,-0.06485816535124372,0
0,-0.04207628828132598,0
0,-0.07692062122854254,0
0,-0.05882818648962074,0
0,0.06160648306646044,1
0,-0.08808176493241138,0
0,0.10333041568501655,1
0,-0.09072047120216026,0
1,-0.031154028924512966,0
0,0.0039694052391497925,1
0,-0.0571569419333145,0
0,0.06500400149105168,1
0,-0.053404677385220534,0
0,0.005314988969331247,1
0,-0.07623921500257635,0
0,-0.056046336203945724,0
0,-0.08398053070203898,0
0,-0.08657879376488198,0
0,-0.047900057743046565,0
0,-0.07211604187539478,0
0,-0.05497729000153706,0
0,0.07360649464578994,1
1,0.022108963122197567,1
1,0.022108963122197567,1
0,-0.05198367165954382,0
0,-0.0665235055655215,0
0,0.013706286660814415,1
0,-0.07342919287453858,0
0,-0.0737470186753098,0
0,-0.04076752017385721,0
0,-0.08763342332385565,0
0,-0.06632841324458533,0
0,-0.08430643289749545,0
1,0.025605198364720194,1
0,-0.03385273911598796,0
1,0.022607459467776425,1
0,-0.0483222112403604,0
0,-0.05322849523461343,0
1,-0.03214280776305328,0
1,0.020882390501738124,1
0,-0.06851275941633489,0
0,-0.07833591883408247,0
1,0.018704360797310082,1
0,-0.06489992733488781,0
0,-0.038856110873110805,0
0,-0.06690152915066844,0
0,-0.05427421244433628,0
0,-0.041064950042885184,0
0,-0.08501166683551681,0
0,-0.05776111709623316,0
0,-0.07666440148742071,0
0,0.013337374534876045,1
0,-0.03375165600399627,0
0,-0.004992346173483153,0
0,-0.07053239468087913,0
1,0.02371505908625493,1
0,-0.05206443869367039,0
0,-0.050097797560372026,0
0,0.04649219634727464,1
0,0.1350685481974796,1
0,-0.028304825274454715,0
0,-0.07533102916523315,0
0,-0.05286618297224954,0
0,0.004300672256324578,1
0,-0.05837693225946955,0
0,-0.05685721899771745,0
1,-0.030647237968585928,0
0,0.22793176664568415,1
0,-0.08855794045706827,0
0,-0.0737572365585411,0
1,-0.02944044479050989,0
0,-0.05435550801132438,0
0,-0.07517213315590843,0
0,-0.06668865261074491,0
0,-0.007533200905879001,0
0,-0.031869072746345595,0
1,0.02371505908625493,1
0,-0.06130464794491913,0
1,0.02306593421792602,1
0,-0.0919288640528158,0
0,-0.07761252832478743,0
0,0.11710267223721826,1
0,-0.06086764783859294,0
0,-0.08923904148123213,0
1,0.016812575021424414,1
0,-0.011020685902676075,0
0,0.003907524153434427,1
0,-0.0775299427264875,0
1,0.02371505908625493,1
0,-0.05180801062941681,0
0,-0.07696997838513608,0
0,-0.0681150445513441,0
0,0.05453187035317897,1
0,-0.08613584216115694,0
0,-0.023025866437169307,0
0,-0.056327314394895134,0
0,-0.029405467984127687,0
0,-0.0875969491573006,0
1,-0.062333059457126305,0
0,-0.040650751010966935,0
0,-0.07489132228112477,0
0,-0.08314029183170973,0
0,0.04011991235141965,1
0,-0.028026109282658918,0
0,-0.06342123063863125,0
1,0.02371505908625493,1
0,-0.05730356127567238,0
0,-0.05764965452768178,0
0,0.003818153558336479,1
0,-0.06998553392761009,0
1,-0.051056034754232815,0
0,-0.055950485705207886,0
0,-0.05652128206146401,0
0,-0.08574146511733988,0
1,0.02371505908625493,1
1,-0.03184074063224129,0
0,-0.06538113008742485,0
0,0.014929085203862935,1
0,0.051241003702817145,1
0,-0.08893191797241157,0
0,0.06918529059506173,1
0,-0.019111204374962165,0
1,0.02306593421792602,1
0,-0.05400145884973884,0
1,0.02371505908625493,1
1,0.02371505908625493,1
0,-0.08237369683286655,0
0,-0.05710014364458882,0
0,-0.07898231837866482,0
0,-0.06729486408246504,0
0,0.02528935442551772,1
0,-0.025426060505514714,0
0,-0.05431921865829259,0
0,-0.06113195076204808,0
0,-0.05287392585439371,0
0,-0.07732024330376691,0
1,0.022108963122197567,1
0,0.05822766853868999,1
0,0.09275210731681316,1
0,-0.0534150288155415,0
0,0.02731946778482286,1
1,0.022607459467776425,1
0,-0.053144147808842024,0
1,-0.07734105438551764,0
0,-0.015314492119472722,0
0,0.23876543113886417,1
1,-0.06901700950553186,0
0,-0.05458748305198824,0
0,-0.07460114211181357,0
0,-0.05323019326340517,0
1,-0.03350796249934673,0
0,-0.07582269434518962,0
0,-0.017751878024237444,0
0,-0.048777799354354334,0
1,0.013961974582071157,1
0,-0.06475316492547839,0
0,-0.07314473515373604,0
0,-0.08335492047132037,0
0,0.05641332262775722,1
0,0.05739318836849949,1
0,-0.03309893362982641,0
0,-0.08953775867414249,0
0,-0.0711123973951629,0
0,-0.05877394605234865,0
0,-0.05287870963099356,0
1,0.022108963122197567,1
0,-0.06916883626467124,0
0,-0.0514866903628054,0
0,-0.08347912032790128,0
0,-0.08279261930773563,0
1,-0.03862129878689102,0
0,-0.05584732733669018,0
0,-0.03382099935255567,0
1,-0.0322605695030353,0
0,-0.08848779049338651,0
1,-0.04465947968063677,0
0,0.03383441616566829,1
0,-0.09670128967326042,0
0,-0.06583268808304577,0
0,-0.07984577596285464,0
0,-0.06595089649192554,0
1,0.018704360797310082,1
0,0.10554632086192439,1
0,-0.0866919742787281,0
0,-0.07739845606422291,0
0,-0.0641041553941194,0
0,-0.06120569836345441,0
0,-0.09361687687446624,0
0,-0.06236941635875848,0
0,-0.05747897486508852,0
0,-0.06218228967839129,0
0,-0.08110522605511084,0
1,0.015769469932073177,1
0,-0.01673733067652644,0
1,-0.03164230826171727,0
0,-0.0799435207022674,0
0,-0.0542511376983687,0
0,-0.07063383533223389,0
0,-0.03375165600399627,0
0,-0.06306753622373662,0
0,0.0020342056607792758,1
0,-0.08358427356880288,0
0,-0.0692886137977673,0
1,-0.023089133041946486,0
0,-0.08177900087809187,0
1,-0.03164230826171727,0
0,-0.07470248682015584,0
0,-0.05703021755911408,0
0,-0.04689120922887541,0
0,-0.01344925691703297,0
0,-0.07795558952599807,0
0,0.08678045954000735,1
1,-0.04713931538845506,0
0,-0.08492869610485132,0
0,0.10953307899996445,1
0,-0.06396733458994575,0
0,-0.015065806938847293,0
1,0.018704360797310082,1
0,0.013650778303407884,1
0,-0.06368468957967244,0
0,-0.07755591907225529,0
0,-0.025200675058494493,0
1,0.02306593421792602,1
1,0.036678077594109904,1
1,0.02306593421792602,1
0,0.03811334194818117,1
0,-0.06086693782463848,0
0,-0.06812266056297339,0
0,-0.06682384505510092,0
0,-0.07446459585462079,0
0,0.10953307899996445,1
0,-0.05487463172205648,0
0,-0.09088023874535361,0
0,-0.08122629769130923,0
0,-0.04382519380973049,0
0,0.05491517262854573,1
0,-0.0653721929796876,0
0,-0.05411558830642643,0
0,-0.03388022652264061,0
0,-0.00485452640015438,0
0,0.05443156721772047,1
0,-0.08090011168727224,0
0,0.05739318836849949,1
0,-0.012509132662938016,0
0,-0.057984049305059016,0
0,0.006348771529704256,1
1,-0.023697151345514478,0
0,-0.08349908338471362,0
0,-0.08466526428991417,0
0,-0.0534150288155415,0
0,-0.06317568411592189,0
0,-0.0697452943130451,0
0,-0.061193859758602975,0
1,0.02371505908625493,1
0,0.08678045954000735,1
0,-0.056286243819509696,0
0,-0.05069464696303633,0
0,-0.00852814739216784,0
0,-0.0657795437790139,0
0,-0.059190961507477935,0
0,-0.04588872743349087,0
0,-0.053026930121906346,0
0,0.027402588752618917,1
0,-0.09531270835520383,0
0,-0.03937578442142753,0
0,0.05312832869914075,1
1,-0.013479384350423895,0
0,0.08678045954000735,1
0,-0.021601053336790743,0
0,0.08339975410058853,1
0,-0.08527064698096232,0
0,-0.0748730067946426,0
0,-0.07357725154135919,0
1,0.043187215453069805,1
0,-0.046692904930697665,0
1,0.016418339546547034,1
1,0.02371505908625493,1
0,-0.0045282181089777995,0
0,-0.03788487033222726,0
0,-0.07675389931449578,0
0,-0.04803480978331914,0
0,-0.057478136443982475,0
0,-0.044238928801942634,0
0,-0.036653471701445284,0
0,-0.05932842494834678,0
0,-0.04862219791702804,0
0,-0.07235812239607581,0
0,0.06669443791425067,1
0,0.06918529059506173,1
0,-0.06518886334191087,0
1,-0.030647237968585928,0
0,-0.08197802510297447,0
0,0.060534640215425206,1
0,-0.040698288528742854,0
0,0.01465185115002976,1
0,-0.05583215137429037,0
0,-0.06574069288686307,0
0,-0.08137422016223028,0
0,0.018074819836132794,1
0,-0.06796071183563268,0
0,-0.017692285247518313,0
0,-0.007472239402254388,0
1,0.02371505908625493,1
0,-0.08673238802538663,0
0,-0.06614712223137365,0
0,-0.020695037145789408,0
1,-0.0007796513641454283,0
0,-0.05323019326340517,0
0,-0.08439431889278876,0
0,-0.00237777620466606,0
0,-0.053456197918100246,0
0,-0.053026930121906346,0
0,0.0193215409212405,1
0,-0.06424562345495582,0
0,-0.03382099935255567,0
0,0.08339975410058853,1
0,-0.06201449915875623,0
0,-0.06520925065360994,0
0,-0.08021209742079799,0
1,-0.04658793899444019,0
0,-0.07170915127600747,0
1,0.02306593421792602,1
0,-0.05699172407890973,0
0,-0.028559204095373825,0
0,0.14666219215207066,1
1,-0.016156958957561196,0
0,-0.061478184629409016,0
0,-0.08895233472243191,0
1,0.02371505908625493,1
0,-0.07818820515429525,0
0,-0.03982329899361697,0
1,-0.03744935214555134,0
0,-0.08649422292953901,0
0,-0.07485055873162572,0
0,-0.07930693975263159,0
0,-0.0519356594784508,0
0,0.05912847337826732,1
0,-0.025850911303420987,0
0,-0.0693084269811346,0
0,-0.06593267350486143,0
1,-0.045736922521746326,0
0,-0.061190026184073376,0
0,-0.03575329965794455,0
0,-0.05392598364820883,0
0,0.06918529059506173,1
0,-0.06688268749509546,0
0,-0.056774419792769315,0
0,-0.05624448042667218,0
1,-0.06637913224752168,0
0,0.1438327994165597,1
0,-0.08418254687086119,0
1,0.025605198364720194,1
0,-0.08188573062596011,0
0,-0.08306649115957954,0
0,-0.05221260852234588,0
0,0.08339975410058853,1
0,-0.04908027611573723,0
1,0.060365591352716574,1
0,-0.07828804035360615,0
1,0.02371505908625493,1
0,-0.06319161122897321,0
1,-0.08732743065444237,0
0,-0.01879230825239464,0
0,-0.06786884538767801,0
1,0.016812575021424414,1
1,-0.023397747124055956,0
0,-0.06910509228367073,0
0,0.025544195288557225,1
0,-0.054932591101856,0
0,-0.05496012003688383,0
0,-0.012600776393021262,0
0,0.01701688780548105,1
0,-0.0704352380113879,0
0,-0.08943910674499289,0
0,-0.04205593527635543,0
1,-0.024329601485552077,0
0,-0.04399163243587795,0
0,-0.07560843424706931,0
1,-0.0184207208453554,0
0,-0.05790608420852028,0
0,-0.006125325868188813,0
0,0.18002793084631852,1
0,-0.07206285557737757,0
1,-0.0322605695030353,0
0,-0.07097679208165542,0
1,-0.05623383572451396,0
1,0.02371505908625493,1
0,-0.05605062035468994,0
0,-0.072703728573564,0
0,-0.07370044002657322,0
0,-0.09717059352380819,0
0,0.03810842450387464,1
0,-0.08263878774802907,0
1,-0.03164230826171727,0
0,-0.06521456871233033,0
0,-0.04925148648010258,0
1,0.02371505908625493,1
1,0.02251581758792809,1
0,-0.08157887408382897,0
1,-0.02207767166662894,0
0,-0.0027833898708861105,0
1,-0.0036207067464102405,0
0,-0.07531227074826058,0
0,-0.038789841198798025,0
0,-0.08282410240724253,0
0,0.053855355802018945,1
0,0.02528935442551772,1
0,-0.04896975102947809,0
0,-0.04953101774912394,0
0,0.095379893261748,1
0,-0.07781340881129278,0
0,-0.06376855595173758,0
0,0.100361652963736,1
0,-0.05904697467066683,0
0,-0.03960152379130877,0
0,-0.03437753482072142,0
0,-0.05031585237458425,0
1,-0.06892904219948937,0
0,0.005630714977877038,1
0,-0.059354189917016686,0
0,-0.08050700724218685,0
1,0.02306593421792602,1
0,-0.04288739172958239,0
1,-0.06548347877340716,0
1,0.025605198364720194,1
0,-0.05730356127567238,0
1,0.02251581758792809,1
0,-0.050797923676479284,0
1,-0.020486962464645875,0
0,-0.05464993199120782,0
1,-0.02944044479050989,0
0,-0.08107152055744321,0
0,-0.02089354248477876,0
0,-0.034969302666955804,0
0,-0.08181204205234494,0
0,-0.05463683425496735,0
0,-0.047732489172407244,0
1,0.02371505908625493,1
0,0.011764201151576725,1
0,-0.08578703553989653,0
0,-0.06598603474661868,0
0,-0.0777925270851062,0
0,-0.07771799812858637,0
0,-0.05327945970518949,0
0,-0.06840320447520659,0
0,-0.0616593781004654,0
0,-0.0722523028799435,0
0,-0.08009654274237255,0
0,0.23581633004298908,1
0,-0.01909224680470778,0
0,-0.0883515975189823,0
0,-0.07063718218516968,0
0,-0.08706460532736637,0
0,-0.014453536879067197,0
0,-0.0885980382391664,0
0,-0.02805321318608267,0
0,-0.027800290898683355,0
0,-0.064211293248634,0
0,0.06918529059506173,1
1,-0.0322605695030353,0
0,-0.08842725154335951,0
0,-0.08768104910768659,0
0,-0.06265255342988707,0
0,-0.04499727108014373,0
0,0.100361652963736,1
0,0.025049551525701097,1
0,0.06160648306646044,1
1,0.01751910108047583,1
1,-0.031154028924512966,0
0,0.02546142639393656,1
1,-0.07651931767709896,0
1,0.022696425743937598,1
0,0.03330211823194107,1
0,-0.06551440370886119,0
0,-0.008777889131278693,0
0,-0.024225926301995215,0
0,0.04168138438535973,1
0,-0.07829398853729708,0
0,-0.08268300313068089,0
0,-0.045310666861472504,0
0,-0.07417038355225963,0
0,-0.010947184762556683,0
1,0.022108963122197567,1
0,-0.00020374189898242356,0
0,-0.031743551362103606,0
0,-0.053451389452405185,0
0,-0.07038990830488079,0
0,-0.033566290697433665,0
0,-0.06757877543991803,0
0,-0.07143326007859807,0
0,-0.01240220421063648,0
0,-0.08125866435545342,0
0,-0.05150105053851495,0
0,-0.034595719165814276,0
0,-0.026345621840830225,0
0,-0.038243714094008785,0
0,-0.05496218995692642,0
0,0.05739318836849949,1
0,0.053977020766648565,1
1,-0.046230938278595646,0
1,0.022108963122197567,1
0,-0.06984932751230832,0
0,-0.01260791592109517,0
0,-0.0750046945245757,0
0,-0.043002493311707635,0
0,-0.06077728425395129,0
0,-0.04737504044614499,0
0,-0.07966755910770401,0
0,-0.018838579901722496,0
0,-0.0735383680850068,0
0,0.08339975410058853,1
0,-0.05652128206146401,0
0,-0.0731046309924509,0
0,-0.01685114232579432,0
0,-0.06843183149042592,0
0,-0.06817304088469267,0
0,-0.08998906994008671,0
0,-0.02491578125679722,0
0,-0.02537052007549473,0
0,-0.06303809312067343,0
1,0.016812575021424414,1
0,-0.05737055056865509,0
0,-0.021765480366435164,0
0,-0.054050072900992785,0
0,-0.082244639992546,0
0,-0.06307258896733747,0
0,-0.0562489073693766,0
0,-0.06522383795175418,0
0,0.033577007909800116,1
0,-0.06946786934544186,0
1,-0.07651081043360469,0
0,0.23046192102487228,1
1,-0.0322605695030353,0
0,-0.0029194781971076944,0
1,-0.031154028924512966,0
1,0.0954806003292672,1
0,-0.06497394057223577,0
1,0.018824571193721273,1
1,0.020882390501738124,1
0,-0.08688299161779456,0
0,-0.07418908349305059,0
1,-0.07099214667166287,0
1,-0.0006330811770358657,0
0,-0.08569587435680137,0
0,-0.02182644235585135,0
0,0.05742248913305514,1
0,-0.05676769401256598,0
0,-0.061193859758602975,0
1,0.01751910108047583,1
0,-0.05110790555701461,0
0,-0.01815356883382535,0
0,-0.08140876344877485,0
0,-0.053026930121906346,0
0,-0.007861067371254082,0
0,-0.04913938689504527,0
0,-0.07098121971163868,0
0,-0.029302421357546238,0
0,0.016862177521760002,1
0,-0.056452989402856035,0
0,-0.07675136216354234,0
0,-0.031845000989149275,0
0,-0.06812266056297339,0
1,-0.030647237968585928,0
0,-0.03865951377233201,0
0,-0.07943863365061188,0
0,0.11226941501094456,1
0,-0.047741926015828995,0
1,0.018704360797310082,1
0,-0.01613201517207752,0
0,-0.048565972728120854,0
0,-0.05727751244113649,0
0,-0.06524237200550825,0
1,-0.02222858654145715,0
0,-0.07002829060113425,0
0,-0.06941899219077119,0
1,0.02371505908625493,1
0,-0.03625707992128474,0
0,-0.062269734708902735,0
0,-0.04655941059699259,0
1,0.018704360797310082,1
0,0.02528935442551772,1
0,-0.07481051494378649,0
0,0.021664379515130228,1
0,-0.06106496744014739,0
0,-0.05320929603569474,0
0,-0.01653379602238675,0
0,-0.06662787819660904,0
1,-0.030647237968585928,0
0,-0.05409522921164517,0
0,-0.04868110534777487,0
0,-0.051700449128564696,0
0,-0.07847883735182598,0
0,-0.08541021464540566,0
0,-0.07946604995868006,0
0,-0.06648071842446163,0
0,-0.05806166254446726,0
0,-0.03594321164032954,0
0,-0.07383274153955094,0
1,-0.07273159970534349,0
0,-0.017025173241262792,0
0,-0.02891008928848976,0
0,-0.06670240912058939,0
0,-0.06238190696380991,0
0,-0.06494123167017934,0
1,0.02251581758792809,1
0,-0.08386133664929002,0
1,0.01751910108047583,1
0,0.02528935442551772,1
0,-0.06395968145448716,0
0,-0.03602954880561576,0
0,-0.05796185511715335,0
0,-0.06284913121360886,0
0,-0.07505600819701524,0
0,-0.06784122658965624,0
0,-0.08026602202676564,0
1,0.002563525400268163,1
0,-0.04801546146973268,0
0,-0.07036801094777118,0
0,-0.07164985239201632,0
0,-0.060975354299260764,0
0,-0.010707942618798039,0
0,-0.03898097232322628,0
0,-0.07958708250681307,0
0,-0.05424643740913282,0
0,-0.018153647625729685,0
0,-0.04044010908840806,0
0,-0.049465674096334844,0
0,-0.024754368439558583,0
1,0.018642208242853675,1
0,-0.0064892468629784705,0
0,0.23046192102487228,1
0,0.06417412741263706,1
1,-0.08929307705889206,0
1,-0.04155110414716029,0
0,-0.05163951545674089,0
0,-0.042842181530245715,0
0,0.03811334194818117,1
0,-0.09289516546207655,0
0,0.06669443791425067,1
0,0.095379893261748,1
0,-0.08950113034150348,0
0,-0.05202099446752778,0
0,-0.06541640365551199,0
0,-0.050229471936075576,0
0,-0.053456197918100246,0
0,-0.05049672683391082,0
0,-0.025988446428813483,0
0,-0.05353661811400856,0
0,-0.06116394875690567,0
0,-0.0534150288155415,0
0,0.03200225018822278,1
0,0.06918529059506173,1
0,-0.09021473045154854,0
0,-0.0342626853287335,0
0,0.04317391343687538,1
1,0.02371505908625493,1
1,-0.0322605695030353,0
0,0.02528935442551772,1
0,-0.08442765755902049,0
1,0.016727081269584887,1
0,-0.02244682375810564,0
0,-0.05436274715258721,0
0,-0.082210777658912,0
0,-0.07208596587760074,0
0,-0.051902612425612116,0
1,0.00029438567814310534,1
1,0.016727081269584887,1
0,-0.05322849523461343,0
1,0.018704360797310082,1
0,0.018092152765261327,1
0,-0.0551844232816725,0
0,-0.08379914246845527,0
1,0.020882390501738124,1
0,-0.0534150288155415,0
0,-0.05665300951414881,0
0,-0.06176108706689731,0
0,0.08678045954000735,1
0,-0.03301667943287229,0
0,-0.08895016363298747,0
0,-0.0795302510862782,0
0,0.007162112030358547,1
0,-0.073355996089431,0
0,-0.060678173934338,0
0,-0.04903963740191014,0
1,0.022108963122197567,1
0,-0.025718008627298172,0
0,0.09275210731681316,1
0,0.05693312224748526,1
0,0.14666219215207066,1
0,-0.06917994891250356,0
1,0.02371505908625493,1
1,0.02306593421792602,1
0,-0.07452437292730996,0
0,-0.08001239913642472,0
0,-0.02478084295587324,0
0,-0.05665300951414881,0
1,-0.028218878361474575,0
1,0.01751910108047583,1
0,-0.041064950042885184,0
0,-0.08708573393634061,0
0,-0.03576476740142509,0
0,0.06918529059506173,1
0,-0.04926241135193288,0
0,-0.06400583725333236,0
0,-0.05389284749973372,0
0,-0.05450967587522115,0
1,0.022108963122197567,1
0,-0.06541883149115885,0
1,-0.03164230826171727,0
0,-0.030297860618695382,0
1,-0.07718158168504002,0
0,-0.046217027532068355,0
0,-0.046994559670263836,0
0,-0.0565682363088883,0
0,-0.05474430278186909,0
1,0.016727081269584887,1
0,0.053253089119702945,1
0,-0.05898182091608806,0
0,-0.08472507094034248,0
0,-0.05163879324122134,0
0,0.06918529059506173,1
0,-0.038770664533504806,0
0,0.03155355785046976,1
0,-0.06336416385733745,0
1,0.02371505908625493,1
0,-0.06053387111230585,0
0,-0.061417553111728695,0
1,-0.03829479008117892,0
0,0.08678045954000735,1
0,-0.07762667499875558,0
0,-0.021322651102989976,0
1,0.02306593421792602,1
0,0.08678045954000735,1
0,-0.08411218528574227,0
1,-0.04465947968063677,0
0,-0.08448509326827697,0
1,-0.03176982550220808,0
0,-0.06430865383624979,0
0,-0.03040392969144362,0
1,0.028235936958997954,1
0,-0.05558965137543331,0
0,0.08339975410058853,1
0,-0.07487543814539122,0
0,-0.04595003661233038,0
1,-0.032950516717203004,0
1,0.059432696563151644,1
1,0.02371505908625493,1
0,0.04224412962345703,1
0,0.08339975410058853,1
0,-0.06829331111500442,0
0,0.05574801832246379,1
1,-0.021330943744548747,0
0,-0.005612154429954164,0
0,-0.07707820444907532,0
0,-0.05666024745623516,0
0,-0.05620037157199642,0
1,-0.07363661477009381,0
0,-0.09613340911344065,0
0,-0.06030140462516981,0
1,-0.007990346081876432,0
0,-0.07057950028056492,0
0,-0.0795052373604519,0
0,-0.05605756962744801,0
0,-0.09350169799659469,0
0,-0.07117109230095464,0
0,-0.08792197773470006,0
0,-0.06909881700563675,0
0,0.14666219215207066,1
0,-0.06949632513282761,0
0,-0.041141722682661974,0
1,0.022607459467776425,1
0,-0.08408922976106348,0
0,-0.08131974450230234,0
0,0.08339975410058853,1
0,-0.06143663690114182,0
1,-0.024383224159939376,0
0,-0.0280977311609924,0
0,-0.05426223179620654,0
0,-0.052390848100134446,0
0,-0.07811370685376973,0
0,-0.010210609706841622,0
0,-0.05681083122895236,0
0,-0.050229471936075576,0
0,-0.053435916420749185,0
0,-0.03958995360456896,0
0,-0.08021138259429772,0
0,-0.05457575598488329,0
0,0.100361652963736,1
0,0.058851897472646075,1
0,-0.05737832377675739,0
0,-0.033612839259145766,0
1,0.017810304883961736,1
0,-0.00833401689585156,0
0,-0.059190961507477935,0
0,-0.052117457892434604,0
0,-0.023985163418274558,0
0,-0.03116820437654777,0
0,0.03811334194818117,1
1,-0.05275432934217117,0
0,-0.022716452883398575,0
0,-0.041202280125253954,0
1,-0.0682070073247234,0
0,-0.06017617771872413,0
0,-0.06780103602039211,0
0,-0.06460037764492421,0
0,-0.050421525341913964,0
0,0.05739318836849949,1
0,-0.034665892727076875,0
0,0.006348771529704256,1
0,-0.08098441973286752,0
0,-0.052524025069077496,0
0,0.06160648306646044,1
0,-0.04472406253005201,0
0,0.02528935442551772,1
0,0.016657877271908594,1
0,-0.08310165097736877,0
0,-0.07181001890721211,0
0,0.13824022407167824,1
0,-0.0746423923629258,0
1,-0.004098103250461227,0
0,-0.034284268677421126,0
0,-0.05316251168808045,0
0,-0.03154601655385059,0
0,-0.06553127983876678,0
0,-0.08094729390199484,0
0,-0.08878451629767503,0
0,-0.03520769253112205,0
0,0.009398578312142192,1
0,-0.026344960064183187,0
0,-0.036559710737245454,0
0,-0.05215339720388268,0
1,0.022696425743937598,1
0,-0.09116917829555088,0
1,0.027925884796021094,1
0,0.08678045954000735,1
0,-0.08179347101661799,0
1,0.02371505908625493,1
0,-0.08123444718273748,0
0,-0.060213620956913516,0
0,-0.06086693782463848,0
0,-0.08435954410623553,0
0,0.02528935442551772,1
0,-0.06479616992794396,0
0,-0.05648764316568744,0
0,-0.08693945837624795,0
0,0.024566414005921855,1
0,-0.06990878381914234,0
0,-0.05025050853567126,0
1,-0.0322605695030353,0
0,-0.08094761401106265,0
0,-0.08816981179180583,0
0,-0.039118873937386334,0
0,0.02528935442551772,1
1,-0.013215934719592037,0
0,-0.050128024302088514,0
0,-0.08057855066555208,0
0,0.03811334194818117,1
1,-0.0041226380294414056,0
0,-0.05838218536033313,0
0,-0.054061475289783334,0
1,0.02251581758792809,1
1,-0.04093971515538897,0
0,0.007162112030358547,1
1,-0.07703387588213373,0
0,-0.0251917636539844,0
0,-0.0642167928524282,0
0,-0.054216136731404074,0
1,-0.06984438756688865,0
0,-0.08985991221019352,0
1,0.022108963122197567,1
0,-0.05192066210618507,0
0,-0.038749310555252436,0
1,0.02306593421792602,1
0,-0.020387290004007463,0
0,-0.06569949557203125,0
1,0.022696425743937598,1
0,-0.0702695857644054,0
0,-0.05710014364458882,0
0,-0.0544252973467812,0
0,-0.08982837957350887,0
0,-0.06497103641803575,0
0,0.03811334194818117,1
0,0.003464815753859596,1
0,-0.05608829435100238,0
0,0.046374902295974185,1
0,-0.07487244449796349,0
0,-0.06897139978935085,0
0,-0.06988364079439735,0
0,-0.07080992542905656,0
0,-0.05855145642484211,0
0,-0.0961731722363161,0
0,0.08678045954000735,1
0,-0.06140357521292261,0
0,-0.05305450681377227,0
1,-0.05124828859235825,0
0,0.10953307899996445,1
0,-0.059072788998634884,0
0,0.18048818412117196,1
0,-0.06391781850938527,0
0,-0.06086693782463848,0
0,0.03811334194818117,1
0,-0.05180103672308867,0
0,-0.033075785097145094,0
0,0.020096485295130306,1
0,-0.06077728425395129,0
1,0.02371505908625493,1
0,-0.07154941132949139,0
1,0.020788539663415317,1
0,-0.043027562408372466,0
0,-0.03977478391232758,0
0,-0.026232200444530007,0
0,-0.07579259139673783,0
0,-0.0040363118339735715,0
0,-0.0016790585285946236,0
0,0.02528935442551772,1
0,-0.08256541192264416,0
0,-0.08564386835517851,0
0,-0.09156102823622625,0
1,0.02306593421792602,1
0,-0.0284744925458143,0
1,0.01872701174405167,1
0,-0.06606907271683482,0
0,-0.08130126382330871,0
0,-0.058885705855897696,0
1,-0.02207767166662894,0
0,-0.08195359935375196,0
0,-0.0036879966141408205,0
0,-0.07369889931225798,0
0,0.004196775715745615,1
0,-0.08832915663267593,0
0,-0.08564919670933024,0
0,-0.05903290948251205,0
0,-0.07447637162168297,0
0,-0.07444362614757766,0
0,0.08678045954000735,1
0,0.08678045954000735,1
0,-0.06678818712841861,0
0,0.012228900136378229,1
0,0.095379893261748,1
0,-0.06796445753046587,0
1,0.025584671548748772,1
0,-0.08577106877084478,0
1,0.028235936958997954,1
0,-0.09037763081979955,0
0,-0.07468814357675152,0
0,0.028839539570894468,1
1,-0.0322605695030353,0
0,-0.06981939544262356,0
0,0.06918529059506173,1
0,0.07258919439274591,1
0,0.095379893261748,1
1,-0.031154028924512966,0
0,-0.037064664294604754,0
0,-0.04142610446325612,0
0,0.1277019482508981,1
0,-0.05559399373952667,0
0,-0.05576628243053555,0
0,0.04721954098834025,1
0,0.018084664281714735,1
0,-0.009492565077587,0
1,0.01718728028947003,1
0,-0.02278081949950389,0
0,-0.017933651483495572,0
1,-0.03176982550220808,0
0,0.03762776110029675,1
0,-0.09376349759044822,0
0,-0.08345788093029716,0
0,0.0027205737708190236,1
1,-0.03164230826171727,0
0,-0.042700281384402294,0
0,-0.0542511376983687,0
0,-0.01506831484607507,0
1,0.021295502398035904,1
0,-0.05642181423940912,0
0,-0.08329838762578656,0
0,-0.07820678953552856,0
0,-0.03743182686247909,0
0,-0.03809650612576676,0
0,-0.058170140984670216,0
0,0.043151019656037626,1
0,-0.08610010019725584,0
0,0.02805006779496866,1
0,0.095379893261748,1
1,0.020788539663415317,1
0,-0.06488183428388872,0
0,-0.03382099935255567,0
0,0.040326351190585585,1
0,-0.04044010908840806,0
1,0.028235936958997954,1
0,-0.028787741980903392,0
0,0.10953307899996445,1
0,0.026414499404511904,1
0,0.03811334194818117,1
1,-0.015354740483145723,0
0,0.08678045954000735,1
0,-0.08014454684706018,0
1,0.028235936958997954,1
0,-0.08646389519473774,0
0,-0.07685574009464541,0
0,-0.061193859758602975,0
0,-0.050670732218250525,0
0,-0.024879947666197777,0
0,-0.0654129571519943,0
0,-0.08287188243941834,0
0,-0.05647834514115396,0
0,0.007274396135706018,1
0,-0.06130464794491913,0
0,-0.028475597409603814,0
0,0.07258919439274591,1
0,0.04373534577294513,1
0,0.02068501982522919,1
0,-0.06534727747203906,0
0,-0.08069345304381492,0
1,0.02371505908625493,1
1,-0.03176982550220808,0
0,-0.06952506625685034,0
0,-0.062459420500504015,0
0,0.005576398577458841,1
0,-0.05333519201379949,0
0,-0.08064865069594501,0
0,-0.08776109591357811,0
0,-0.06810236530019104,0
0,0.0019444721410830645,1
0,-0.08184667160658737,0
0,0.017953337251274015,1
0,-0.06430797533444088,0
0,-0.0751848613079878,0
1,0.018704360797310082,1
0,-0.012416045021292732,0
1,0.022607459467776425,1
0,-0.06461495256281713,0
0,0.08678045954000735,1
0,-0.041229268263769436,0
1,-0.0322605695030353,0
0,-0.08135783136304175,0
0,-0.061193859758602975,0
0,0.1987279644817187,1
0,-0.05158237839012608,0
0,-0.05353661811400856,0
0,-0.06962496142643781,0
0,-0.079842205947534,0
0,-0.052078622305764266,0
0,-0.04075433580175408,0
1,0.018704360797310082,1
0,-0.08681838449787377,0
0,-0.07413441432017209,0
0,-0.05496012003688383,0
0,-0.041164694109824373,0
0,-0.06157931058027305,0
0,-0.06334029199993207,0
0,-0.05351551517570652,0
0,-0.05397906807849179,0
0,-0.06674014714489923,0
0,-0.03760128833625487,0
0,-0.06331417336664097,0
0,-0.06140357521292261,0
0,-0.07574706300541384,0
0,-0.0531001859789878,0
0,-0.0510591391079111,0
0,-0.02215248240883294,0
0,0.08678045954000735,1
0,-0.06547190604861802,0
0,-0.012565084509437774,0
0,0.12026132938161893,1
1,-0.05195215519893864,0
0,0.011437100966499969,1
0,-0.06400583725333236,0
0,-0.07227924582630535,0
0,-0.062110120755698994,0
1,0.01751910108047583,1
0,0.09914128461946836,1
0,0.095379893261748,1
0,0.06669443791425067,1
0,-0.044731511715866534,0
0,0.03269246943157633,1
0,-0.08102272645126257,0
0,-0.05710014364458882,0
0,0.05595771261762439,1
0,-0.08797467596019332,0
0,-0.024935758985522638,0
0,-0.08216058837643386,0
1,-0.03237981227916531,0
0,-0.07476407516970285,0
0,-0.06857166410894738,0
0,-0.08886910816735949,0
0,-0.05227932943528624,0
0,-0.0654332835918996,0
1,0.022108963122197567,1
0,-0.08643006835023942,0
0,-0.02673349203963976,0
0,-0.08728724347944206,0
0,-0.09749496573474131,0
0,-0.01541219760142487,0
0,-0.05011980990280668,0
1,-0.08144278623409684,0
0,-0.05730356127567238,0
0,-0.0033639937861220104,0
0,-0.027903894242474747,0
0,-0.01446205874340517,0
0,-0.06996919618502045,0
0,-0.02980240430479797,0
0,0.11226941501094456,1
0,-0.0759176896251218,0
0,-0.06054567793616422,0
0,0.12521563920730783,1
0,-0.030827858710270606,0
0,0.030133150098587635,1
0,-0.07330463066864268,0
0,-0.05302343497167494,0
1,0.02371505908625493,1
0,0.005690433460216027,1
0,0.02528935442551772,1
0,0.005428964890051957,1
0,-0.07025441755498879,0
0,-0.08628619379682273,0
1,-0.08342313514171884,0
0,-0.05710814068758585,0
1,0.07427763163259216,1
0,0.08339975410058853,1
0,0.012768434130278172,1
0,-0.07698449022508863,0
0,-0.0607571071846007,0
0,-0.013389360033664033,0
0,-0.05487463172205648,0
0,0.03811334194818117,1
1,-0.026232474613442303,0
0,-0.058390766039702724,0
0,0.014550831827426336,1
0,0.11226941501094456,1
0,-0.05538824246350238,0
0,-0.05573196744821107,0
0,-0.06737013090514571,0
1,0.015769469932073177,1
1,-0.007180116712813156,0
0,-0.061193859758602975,0
0,0.005470800960542643,1
1,0.015769469932073177,1
0,0.05426850308240405,1
0,-0.01526981500106489,0
0,-0.08475913524310369,0
0,-0.04970205697074437,0
0,-0.05905688087898542,0
1,0.02371505908625493,1
0,-0.04779343528954305,0
0,-0.06231369350914656,0
0,-0.05683353897466137,0
0,-0.0665401087761176,0
0,-0.06432068547286185,0
0,0.005690433460216027,1
0,-0.052926818573662104,0
0,-0.04951898953999778,0
1,-0.05352467429704266,0
0,-0.0782941590997312,0
0,0.05739318836849949,1
0,-0.0534920688702864,0
0,-0.06404283237806002,0
0,-0.052926113466377045,0
0,-0.010573806381739492,0
0,-0.0545603660614809,0
0,-0.08924048317393102,0
0,-0.06796071183563268,0
0,-0.0759948665773989,0
0,-0.07428096062918588,0
1,0.02306593421792602,1
0,-0.0537132793273602,0
0,-0.053435916420749185,0
0,-0.06966254141563544,0
0,-0.07383796014066263,0
0,-0.07088464287493274,0
0,-0.027054556015374764,0
0,-0.05161090286831188,0
0,0.05739318836849949,1
0,0.23029719942048554,1
0,-0.09558556769540627,0
1,-0.030647237968585928,0
1,-0.0322605695030353,0
0,-0.06523305745275365,0
0,-0.08687046497435047,0
0,-0.05050517347508232,0
1,0.02306593421792602,1
0,0.03219111844404077,1
0,-0.05655685574505215,0
0,-0.06512443499020737,0
0,0.013942528401827414,1
0,-0.054041091831630805,0
0,-0.08157833399325892,0
0,-0.06010434017950478,0
1,0.018704360797310082,1
0,-0.06848266811678283,0
0,-0.059904566918925595,0
0,-0.016296470899445137,0
0,-0.06858529916413131,0
1,-0.023492673499464434,0
0,-0.09406981764283429,0
0,-0.06086693782463848,0
0,0.23565040100147439,1
1,-0.061429672270208624,0
0,-0.07699648126845593,0
0,-0.05612362858415848,0
0,-0.09007072714143788,0
0,-0.07764524024419989,0
0,-0.06475237209636342,0
0,-0.08582901035847668,0
0,-0.08164099455818041,0
1,0.018704360797310082,1
0,-0.047957767946613106,0
1,-0.03480431630141012,0
0,-0.03375165600399627,0
0,-0.0893408907071247,0
0,-0.07800719380824861,0
0,0.18002793084631852,1
0,0.026877070599523156,1
0,-0.06435482100666123,0
0,-0.05450967587522115,0
0,0.0064932431422852765,1
0,-0.07900120240090158,0
0,-0.06716806978063938,0
0,0.0062543954700342574,1
1,-0.018588346180579085,0
0,0.014677205124955073,1
0,-0.01975774749548076,0
0,-0.0737186095639713,0
0,-0.07733451858965973,0
0,-0.049796789671198494,0
0,-0.01792506130778615,0
0,0.01830855410149468,1
0,-0.012328177741314172,0
0,-0.08393729429956825,0
0,-0.05416203591742713,0
0,0.0022607030541167417,1
0,-0.09050812851550916,0
0,-0.08256294460674046,0
0,-0.019108577922323233,0
0,-0.03960152379130877,0
0,-0.05834432354224256,0
0,-0.06578610607245938,0
0,-0.03594321164032954,0
0,-0.08335428018057656,0
0,-0.06861169225398223,0
0,-0.023422197403234646,0
0,-0.05353661811400856,0
1,0.01751910108047583,1
0,0.06918529059506173,1
0,-0.06088718523871223,0
0,-0.0728530370817092,0
0,-0.013147993950391235,0
0,0.12846688343868873,1
0,0.11226941501094456,1
0,-0.07613867740308367,0
0,-0.05979894922469897,0
0,-0.05585032846993454,0
0,0.01244285245712895,1
0,-0.08340781888791154,0
0,-0.08525376016112446,0
0,-0.06780963594759731,0
0,-0.08216851503223382,0
0,-0.028336923654468105,0
0,-0.02768972017121063,0
0,-0.05988846631642897,0
0,0.05770145185377451,1
0,-0.06818143082491501,0
1,0.022607459467776425,1
0,-0.04060070541528321,0
0,-0.07674541741741492,0
1,-0.031154028924512966,0
1,0.02306593421792602,1
0,-0.01905900569746377,0
0,-0.04063194872747017,0
0,-0.08204402141596784,0
1,-0.04093971515538897,0
0,-0.04145207491177766,0
1,0.02371505908625493,1
0,-0.0791269907191362,0
0,0.06918529059506173,1
0,-0.06127734597859552,0
0,-0.07592589216254486,0
0,-0.07906341153573382,0
0,0.02708811459966165,1
0,-0.06480197476586513,0
0,-0.055989049068215835,0
1,-0.030647237968585928,0
0,0.05834797607639197,1
0,-0.07120270536069218,0
0,-0.06376718249153068,0
0,0.027363234397568936,1
0,-0.07344483130496277,0
0,-0.047463797742479275,0
0,-0.06088718523871223,0
0,-0.0848975656722612,0
0,-0.05885054514158322,0
0,-0.03134137100330153,0
0,0.039711594409405415,1
0,-0.034341147649397274,0
0,-0.058202387578874415,0
1,0.02371505908625493,1
0,-0.053967602370862844,0
0,-0.04569030300263088,0
0,0.03310468841516867,1
0,-0.05674946028569666,0
0,0.23581633004298908,1
1,0.018642208242853675,1
0,-0.013958399805166444,0
0,0.05444574530462365,1
0,-0.061444297380966295,0
0,-0.05450967587522115,0
0,-0.08335260164729297,0
0,-0.07663752725282363,0
0,-0.08009880724285806,0
0,0.17795030286924662,1
0,-0.08838049569890694,0
1,-0.02207767166662894,0
0,-0.05665300951414881,0
1,0.022108963122197567,1
0,-0.080925779668376,0
1,-0.06824745991028058,0
1,-0.0316729705440546,0
0,0.095379893261748,1
0,-0.0515139863155305,0
0,-0.005162654354277985,0
0,-0.059135322469420215,0
0,0.061786767715945046,1
0,0.09373893816060619,1
0,-0.07247733281813928,0
0,-0.05766136825648416,0
1,-0.07321681468994484,0
0,-0.041141722682661974,0
0,-0.07810819374119965,0
0,-0.02924922872429392,0
1,-0.003589675782780355,0
0,-0.07729768772473167,0
0,-0.06820510685820502,0
0,-0.04226679694540997,0
0,0.09373893816060619,1
0,-0.01860719200076183,0
0,-0.05393968661064863,0
0,-0.050990064108264566,0
0,-0.058987269413612375,0
1,-0.0322605695030353,0
0,0.04101700748106352,1
0,0.10953307899996445,1
0,-0.08052781499257755,0
0,-0.026984134958590644,0
0,0.0039694052391497925,1
0,-0.05080464212039759,0
0,-0.06829331111500442,0
0,0.012052386290469896,1
0,-0.05153795851660392,0
0,-0.055950485705207886,0
0,-0.05416203591742713,0
0,-0.05820907303253625,0
0,-0.06475441182052594,0
0,0.05809993497697097,1
0,-0.07887627328267138,0
0,-0.056931442482020034,0
0,-0.09214559659579408,0
0,-0.05680188526162322,0
1,0.020788539663415317,1
0,-0.07915109826691202,0
0,-0.07144061754562131,0
0,-0.03796650094951581,0
0,-0.06679730568508374,0
0,-0.05584732733669018,0
0,-0.05585032846993454,0
0,0.10554632086192439,1
0,-0.047568279320338414,0
0,-0.0050910839990196965,0
0,-0.056452989402856035,0
1,0.025584671548748772,1
0,-0.020654900313062052,0
0,-0.07125553265492873,0
0,-0.05654198688505574,0
0,-0.08256009886794324,0
1,-0.020907732558770875,0
0,-0.02267436547484536,0
0,-0.07211572840696384,0
0,-0.05153838586399945,0
0,-0.07957916279253213,0
0,-0.06565712543889224,0
0,-0.05218570723573901,0
0,-0.05149307341309678,0
0,0.01739766957826372,1
0,-0.08480685505894292,0
0,-0.052928677037508975,0
0,-0.08483421149721565,0
0,-0.05378803503431978,0
0,0.14098059076741742,1
0,-0.033715850718576246,0
0,-0.023282247416077095,0
0,0.05739318836849949,1
0,-0.05414084011049375,0
0,-0.07928983574568854,0
0,-0.05327945970518949,0
0,-0.05731537420955163,0
0,0.10554632086192439,1
0,-0.024839504879628882,0
0,-0.06905283317430233,0
0,-0.014816274516672168,0
1,0.018704360797310082,1
0,-0.05189084619802742,0
1,-0.006943206760624265,0
0,-0.0577214264915345,0
0,-0.07560279450387919,0
0,-0.07430825929916834,0
1,-0.031154028924512966,0
0,-0.03594321164032954,0
0,-0.0644275572251159,0
0,0.027278824288493375,1
1,0.022607459467776425,1
0,0.08339975410058853,1
0,0.017741737261288915,1
0,-0.07514729469146819,0
0,-0.0915365256282798,0
0,-0.04328556559919833,0
0,-0.05813523212613819,0
0,-0.08089890647042391,0
1,-0.009968310471949404,0
0,0.06160648306646044,1
0,-0.0616577220037256,0
0,-0.05450967587522115,0
0,-0.046029625638698,0
0,-0.06470364943914436,0
0,-0.07771766090210147,0
0,-0.01526981500106489,0
0,-0.049796789671198494,0
0,-0.02548818936489372,0
1,0.02306593421792602,1
1,-0.023612325619331465,0
0,-0.06595682660578656,0
0,0.03853493580462464,1
0,-0.0646100528676008,0
1,-0.006164403248189787,0
0,0.05183734971958853,1
0,-0.0208232873665552,0
0,-0.023037778375910867,0
0,-0.05768715025530913,0
0,0.08678045954000735,1
0,-0.0024733568577972598,0
0,-0.0702482342771299,0
0,-0.08958577039504645,0
1,0.03991111234516631,1
1,-0.0322605695030353,0
1,-0.031154028924512966,0
0,-0.05495526583718052,0
0,-0.06127734597859552,0
0,0.056682977661438705,1
1,0.02371505908625493,1
0,-0.05973778050713818,0
0,-0.05894302304791177,0
0,0.05739318836849949,1
0,0.06918529059506173,1
0,-0.052980441640073594,0
0,-0.05727751244113649,0
1,-0.030647237968585928,0
0,-0.047228654229848344,0
0,0.011152151848400904,1
0,-0.0780240526207347,0
0,-0.0534150288155415,0
0,-0.0800631925429599,0
0,-0.04917906728912175,0
0,-0.07202058972300246,0
0,0.14666219215207066,1
1,0.022108963122197567,1
0,-0.0528898773220447,0
0,-0.04085449805789687,0
0,-0.053026930121906346,0
0,-0.068564207410022,0
0,-0.07257432437678557,0
0,-0.035636782273070045,0
0,-0.027717042695881933,0
1,0.020882390501738124,1
0,-0.08458926432800501,0
0,-0.02444588120340674,0
1,0.018704360797310082,1
0,-0.06479850656644104,0
0,-0.056313678304172554,0
0,-0.07590078445620518,0
0,-0.053456197918100246,0
1,-0.049184937807305096,0
0,0.016857120339178078,1
0,-0.07431942433881106,0
0,-0.037317181000457,0
0,-0.08235516122512654,0
0,0.08678045954000735,1
0,-0.04527625918656425,0
0,-0.0413114238062956,0
1,0.01751910108047583,1
0,-0.06399674841340103,0
0,-0.05377932828564791,0
0,-0.05790608420852028,0
1,-0.07150123725028901,0
0,-0.07201011970101895,0
0,-0.08591886866210913,0
1,0.016812575021424414,1
0,0.095379893261748,1
0,-0.056344548779362014,0
0,-0.053838966088347595,0
0,-0.08121241324865591,0
0,-0.0903993880265111,0
0,-0.031535815804874134,0
0,-0.04053709669775757,0
0,-0.030684778555786607,0
0,-0.04525906139357372,0
0,-0.06229612924061573,0
0,0.1277019482508981,1
0,-0.049796789671198494,0
0,-0.06804836298052797,0
0,-0.08112862568166024,0
0,-0.0786972285399552,0
0,-0.058294942512300774,0
0,-0.05757436301491742,0
1,-0.03337823833601722,0
0,-0.0656292539871528,0
0,-0.06523071529638097,0
0,0.018092152765261327,1
0,0.09373893816060619,1
1,-0.030229972927765247,0
0,-0.05722517535058508,0
0,-0.0006439130227332002,0
0,-0.05732057782181155,0
0,-0.04792560388378353,0
0,-0.05227361133084618,0
0,-0.041625328800884986,0
0,-0.05213021745254315,0
1,-0.02207767166662894,0
0,-0.08771323439586515,0
0,-0.059904566918925595,0
0,0.06160648306646044,1
1,-0.0345661060421249,0
0,0.002397488127674152,1
1,0.025584671548748772,1
0,-0.0562184634259521,0
0,-0.07469260122319477,0
0,-0.05652128206146401,0
0,-0.06086693782463848,0
1,0.020882390501738124,1
1,-0.031154028924512966,0
0,-0.038025173085360076,0
0,-0.05733667545871601,0
0,-0.06817566942969178,0
0,-0.02165675208604234,0
0,-0.09005726232084932,0
0,-0.06138348773111929,0
0,-0.00015000888099553356,0
0,-0.0318330969271155,0
0,-0.061193859758602975,0
0,-0.07521660754753556,0
1,0.018824571193721273,1
0,-0.06448334239476161,0
0,-0.08598000919800541,0
1,-0.07870801439264696,0
0,-0.0657795437790139,0
0,-0.06478406160142308,0
0,-0.06553127983876678,0
0,-0.04986493214277471,0
0,-0.06317111755873189,0
0,-0.0534150288155415,0
0,-0.05583215137429037,0
1,-0.030647237968585928,0
0,-0.0825304571073403,0
1,0.032202139588355716,1
0,-0.03931129848977971,0
0,-0.08293218019044185,0
1,0.014316882274780007,1
0,-0.09288413216854147,0
0,-0.08903204209639531,0
0,-0.03294583585232108,0
0,-0.08326820856635653,0
0,-0.08563678801780378,0
0,-0.053435916420749185,0
0,-0.015021852382951173,0
0,0.10953307899996445,1
0,-0.043132066910163636,0
0,-0.0570789117461562,0
0,0.06918529059506173,1
1,0.02306593421792602,1
1,0.018642208242853675,1
0,-0.037819446740903595,0
0,-0.07995107871653995,0
1,-0.03164230826171727,0
0,0.02639786179212278,1
0,-0.06960830564254089,0
0,-0.06445110251568864,0
0,-0.04348144059780801,0
1,0.02371505908625493,1
0,0.08339975410058853,1
0,-0.06740071733280606,0
0,-0.001892799105120857,0
0,0.10953307899996445,1
0,-0.08048699479905602,0
0,-0.06565712543889224,0
1,0.018642208242853675,1
0,0.06918529059506173,1
0,-0.05919234833419529,0
0,-0.07586547341828714,0
0,-0.09048233160817948,0
0,-0.07811596520483804,0
0,0.02528935442551772,1
0,-0.04243911493490171,0
0,-0.03991210580998922,0
0,-0.07042361913187217,0
0,-0.045744030239188604,0
0,-0.08520770412442374,0
1,-0.0322605695030353,0
0,-0.03851023986280139,0
1,-0.030647237968585928,0
0,-0.049243782125794444,0
0,-0.07464703179240717,0
1,-0.048935462039362776,0
0,-0.0627138143024612,0
0,-0.06250106561710034,0
0,0.05739318836849949,1
0,-0.04590149110279179,0
0,-0.02347974664175695,0
0,-0.07958756343713508,0
0,-0.07965359416221235,0
0,-0.054847633137503904,0
1,0.022108963122197567,1
0,-0.06916883626467124,0
0,0.057199294051845984,1
0,-0.05333519201379949,0
0,-0.08430798499183523,0
0,-0.07428413576541537,0
1,0.020788539663415317,1
0,-0.0744188873004169,0
1,0.02306593421792602,1
0,-0.059708451117267025,0
0,0.02528935442551772,1
0,-0.06400583725333236,0
0,-0.053565841811783865,0
1,-0.04819462144253894,0
0,-0.023030612037396814,0
0,0.03811334194818117,1
0,-0.06395968145448716,0
0,0.07287258101298244,1
0,0.01705388041338829,1
0,-0.061790212632323094,0
0,-0.05594061589469029,0
1,-0.030647237968585928,0
0,-0.07184322453270098,0
1,0.02371505908625493,1
0,-0.006535900737913436,0
1,0.02251581758792809,1
0,-0.05585032846993454,0
0,0.08339975410058853,1
0,0.02528935442551772,1
0,-0.02004118916605696,0
1,0.02306593421792602,1
0,-0.07493819084971881,0
0,-0.07772761318800864,0
0,-0.0816876459033819,0
0,-0.060571354539800615,0
0,-0.07567841687300342,0
0,-0.0383634390032086,0
1,0.018824571193721273,1
0,-0.08286777481257135,0
0,-0.09934430692086998,0
1,0.018642208242853675,1
0,-0.06148681859311128,0
0,-0.059455378578565865,0
1,0.02251581758792809,1
1,0.020788539663415317,1
0,-0.08000408011680765,0
0,-0.045106524222528754,0
0,0.10554632086192439,1
0,0.07258919439274591,1
0,-0.08496261681684192,0
0,-0.02792157048845767,0
1,0.02371505908625493,1
0,0.05739318836849949,1
0,-0.053351832886058215,0
0,-0.05378803503431978,0
0,-0.06817574063649545,0
0,-0.08477445739187572,0
0,-0.05820907303253625,0
0,-0.057017617055862446,0
0,-0.02045349153464815,0
0,-0.06796071183563268,0
0,-0.059730368829510994,0
1,0.022696425743937598,1
1,-0.01662306934172586,0
0,-0.0872810128657045,0
0,-0.06566128870414323,0
0,-0.05727751244113649,0
1,-0.03964185428440298,0
0,-0.06850862465680974,0
0,-0.016034444510559798,0
0,0.08339975410058853,1
0,-0.08733516355063986,0
0,-0.04923521502019712,0
1,0.020788539663415317,1
0,0.12521563920730783,1
1,0.02251581758792809,1
0,-0.04970205697074437,0
0,0.05739318836849949,1
0,-0.06566128870414323,0
0,-0.0816475146709944,0
0,-0.05237979864741199,0
0,-0.07919274679418614,0
1,0.018704360797310082,1
0,0.06160648306646044,1
1,0.018704360797310082,1
0,0.02528935442551772,1
0,-0.0714800690266183,0
0,-0.08429139757563026,0
1,-0.030647237968585928,0
0,0.08346231714647345,1
0,-0.08825343360582272,0
0,0.006227500174881273,1
0,-0.037421854200087035,0
0,0.058257296289242255,1
0,0.100361652963736,1
0,-0.03560451733952252,0
1,0.02371505908625493,1
0,-0.05776111709623316,0
0,-0.007869587923021226,0
0,-0.02751106995090047,0
0,-0.06229612924061573,0
0,0.0363870781779424,1
0,-0.08430325246631659,0
0,-0.0785084987813428,0
0,0.06055200746066336,1
0,-0.0066301079134050145,0
0,-0.06004778357621715,0
0,-0.02579644509633705,0
0,-0.0637003219404586,0
1,0.017717825319431224,1
0,-0.07282808035717186,0
1,-0.06955912641357975,0
0,-0.06880001710376465,0
0,-0.05414084011049375,0
0,-0.08950113034150348,0
0,-0.07502633753626547,0
0,0.02528935442551772,1
0,4.347690528272441e-05,1
0,-0.06166990420430074,0
0,0.1790074839544613,1
0,-6.736993468520192e-05,0
0,-0.027263475889340083,0
0,-0.0660401865355954,0
0,-0.08467422964084764,0
0,-0.05830605264860694,0
0,-0.08109459753815013,0
1,-0.030647237968585928,0
0,0.23115440715665503,1
0,-0.06583861981190686,0
0,-0.06658405287378633,0
0,0.00349142151519799,1
0,0.05102494775031219,1
0,-0.08322476366863746,0
0,-0.05184396709461575,0
1,0.016727081269584887,1
1,-0.024613796248025455,0
0,-0.0697725996815538,0
0,0.03811334194818117,1
1,-0.032950516717203004,0
0,-0.06526826207836428,0
0,-0.0834650157821365,0
0,-0.0644628278020743,0
0,-0.022891504075496172,0
0,-0.04949467591425882,0
0,-0.07615460206372648,0
0,0.06669443791425067,1
0,-0.06916883626467124,0
0,-0.035342811897097426,0
0,-0.0795916717363036,0
0,-0.06917708340749568,0
0,-0.07459181093490369,0
0,-0.02921309290971108,0
0,-0.03689956643690767,0
0,-0.04281095376120736,0
0,0.02622941014207869,1
0,-0.005823172044783276,0
0,0.08678045954000735,1
0,-0.014693424112328324,0
0,-0.08515383732985765,0
1,0.02371505908625493,1
0,-0.07383091582724727,0
0,-0.0840506208968248,0
0,-0.05857157924935569,0
0,-0.040154312686384364,0
0,-0.07440548514108286,0
1,-0.03164230826171727,0
0,-0.02952683495565256,0
0,-0.03401641488629559,0
0,-0.08950113034150348,0
0,0.10953307899996445,1
0,0.1277019482508981,1
0,-0.09502368826026136,0
0,0.02528935442551772,1
1,-0.02207767166662894,0
0,0.01244285245712895,1
1,-0.02014252837000341,0
0,-0.01620138607447169,0
0,-0.030084557263161393,0
0,-0.06719270540125,0
0,-0.06181168079936428,0
0,-0.053026930121906346,0
0,-0.06630678031436227,0
1,0.02306593421792602,1
0,-0.08614501016243731,0
1,-0.005150644350665756,0
0,-0.0007568341863931627,0
0,0.08678045954000735,1
0,-0.029075432717728777,0
0,0.0006571726991125848,1
0,-0.04146212344485939,0
0,-0.03243900596456312,0
0,-0.06584466205041684,0
0,-0.027540057920312333,0
0,-0.06140357521292261,0
0,-0.0693084269811346,0
0,-0.07553918725000974,0
0,0.02528935442551772,1
0,-0.059260275570191645,0
1,0.022607459467776425,1
0,0.0607485434733942,1
0,0.010290650908957533,1
1,0.018704360797310082,1
0,-0.07571237441238687,0
0,-0.031869072746345595,0
0,0.08339975410058853,1
0,-0.05163951545674089,0
0,-0.04699385286506913,0
0,-0.056452989402856035,0
0,-0.08072533601951343,0
0,-0.04574705283964198,0
0,-0.02273497063205382,0
1,0.022108963122197567,1
0,0.03811334194818117,1
1,0.004599690416890678,1
0,-0.07864278868958297,0
0,-0.04980965798027842,0
0,-0.016608305141810387,0
1,-0.030647237968585928,0
0,-0.03625707992128474,0
0,-0.07789857983178844,0
0,-0.02502926129131211,0
1,0.01284533046488523,1
1,-0.031154028924512966,0
0,-0.06229612924061573,0
0,-0.06582731016498983,0
1,0.02371505908625493,1
1,-0.021187662761438686,0
0,-0.020295896524861745,0
0,-0.06290871536838177,0
0,-0.07928812486274,0
0,-0.05353661811400856,0
0,-0.056234289546951255,0
0,-0.087040883439861,0
0,-0.05676769401256598,0
1,0.010592422179015792,1
0,-0.07689950291165992,0
0,-0.04685877523956555,0
0,-0.07902497334099196,0
0,-0.055607827203248694,0
0,-0.08054165502222116,0
0,0.012090511445410401,1
0,-0.052117457892434604,0
0,-0.0698975400482213,0
1,-0.07093961860885672,0
0,-0.06294880516047535,0
1,0.02371505908625493,1
0,-0.04950363937497054,0
0,-0.09045284261281095,0
0,-0.0655474364278586,0
1,0.02251581758792809,1
0,-0.05179075617415252,0
1,0.022108963122197567,1
0,0.02528935442551772,1
0,-0.0571569419333145,0
0,-0.05382376826225671,0
0,-0.04535933039639106,0
0,0.030410656055042784,1
0,0.06160648306646044,1
0,-0.06376718249153068,0
0,-0.07918042579079193,0
1,0.02306593421792602,1
0,-0.056690250492817396,0
0,-0.054706712424487214,0
0,-0.07864375066052848,0
0,-0.006656249659893698,0
1,0.018704360797310082,1
0,-0.08268585901783793,0
0,-0.08407122879988543,0
0,-0.05784016280878024,0
0,-0.05702178843627986,0
0,0.018655329385022235,1
0,-0.06047824744291813,0
0,-0.04279731068340509,0
0,-0.06944037746109133,0
0,-0.017930719313648535,0
0,-0.07857578748426525,0
0,-0.08233235973818659,0
1,-0.024462847405445687,0
0,0.06669443791425067,1
0,0.02528935442551772,1
0,0.13999473723057876,1
0,0.05739318836849949,1
1,0.025584671548748772,1
0,-0.06652983783857269,0
0,-0.04148148717830413,0
0,-0.060199147674581344,0
0,-0.06594499500437817,0
0,0.02528935442551772,1
1,-0.05925527777532724,0
0,-0.08341870613708802,0
0,-0.06540103653151846,0
1,-0.030647237968585928,0
0,-0.006602217654110787,0
1,-0.03237981227916531,0
1,-0.005569812611405711,0
0,0.08678045954000735,1
0,0.08339975410058853,1
0,-0.04113862043242211,0
1,-0.0769348979406334,0
0,0.06669443791425067,1
0,-0.0685595647181384,0
0,0.02528935442551772,1
0,-0.058885705855897696,0
0,-0.08783489603036937,0
0,0.015167826991043243,1
0,-0.054697490790177605,0
0,-0.05172562509009443,0
0,-0.08973801915780055,0
0,-0.07149156480625168,0
0,-0.05366651420643326,0
0,-0.07506054396171746,0
0,-0.08304298001914351,0
0,0.03811334194818117,1
0,-0.08794412313822492,0
0,-0.06324663893212923,0
0,-0.06940199648646794,0
0,-0.05737832377675739,0
0,-0.04558376072764159,0
0,-0.052928677037508975,0
0,-0.06228778836304549,0
1,0.018642208242853675,1
0,-0.06942444903855394,0
0,-0.03824297704574081,0
0,0.06918529059506173,1
0,-0.06325914717353076,0
0,0.18048818412117196,1
0,-0.09057013799608699,0
0,-0.03622794441602395,0
0,-0.05991372378299076,0
0,0.002730823457326892,1
1,0.022607459467776425,1
0,-0.0772356083057465,0
0,0.01244285245712895,1
0,0.03811334194818117,1
1,-0.03237981227916531,0
1,0.02306593421792602,1
0,0.02528935442551772,1
0,0.03811334194818117,1
0,-0.09013352655774093,0
1,-0.04183483395787607,0
1,-0.028218878361474575,0
1,-0.030647237968585928,0
0,-0.06361382573151853,0
1,0.012146690877959943,1
1,0.018704360797310082,1
0,-0.04932007489050744,0
0,-0.04030761601429966,0
0,-0.05685721899771745,0
0,-0.007542157491123802,0
1,-0.03176982550220808,0
1,-0.031154028924512966,0
0,0.04464341755037882,1
0,-0.03956025501885396,0
0,0.03207144762667702,1
0,-0.0771335870171212,0
0,-0.06017169706816217,0
0,-0.09570434243073672,0
0,-0.06872181907389163,0
0,-0.09448774877933791,0
0,-0.033896443293935985,0
0,-0.06301519602216327,0
0,-0.08686323135294599,0
0,-0.05143076091392207,0
0,-0.056803182044750766,0
0,-0.08659971561402252,0
1,0.02306593421792602,1
0,-0.06578610607245938,0
1,0.02371505908625493,1
0,0.05459878514431504,1
0,-0.06694489771894369,0
0,-0.052117457892434604,0
0,-0.041529514409248514,0
0,0.04556245431968553,1
0,-0.07527765408544929,0
0,-0.0667856346864909,0
0,-0.03571311427432167,0
0,-0.07666608805806391,0
0,-0.024289685710648268,0
0,-0.054683329736513187,0
0,-0.08412083753708449,0
0,-0.07575973577534284,0
0,-0.056452989402856035,0
1,0.020788539663415317,1
1,0.0017345866820241973,1
0,-0.0564137310525098,0
0,-0.0846666579999848,0
0,0.01741110914721511,1
1,-0.03237981227916531,0
0,-0.04277070367177643,0
0,-0.05687794560532289,0
0,-0.06072877020655265,0
0,0.0072193910873386,1
0,-0.06783204105324986,0
0,-0.07910718521016541,0
0,-0.016997834481994767,0
0,-0.05127454518506358,0
0,-0.041327194523403,0
0,0.08339975410058853,1
0,-0.05687794560532289,0
0,-0.08102485291382155,0
1,0.022696425743937598,1
1,-0.030647237968585928,0
1,-0.02897565836418342,0
1,0.018319046578881615,1
0,-0.06175945718823789,0
1,0.02251581758792809,1
0,0.08456374532934774,1
0,-0.0654332835918996,0
1,-0.06830894581888369,0
0,-0.056773401795389256,0
0,-0.08278903088073453,0
0,-0.06375353479711726,0
0,-0.06776683573979975,0
0,-0.061801730449902226,0
0,-0.0794748394036846,0
0,-0.05146180568843439,0
0,-0.08898885254537137,0
0,-0.06793907535954413,0
0,-0.07932230689440906,0
0,-0.05692337815374937,0
0,-0.07165877662215564,0
0,0.08339975410058853,1
0,-0.03722146630937051,0
0,-0.059237141614849165,0
0,-0.048265616351413076,0
0,-0.07521543138672537,0
1,0.02371505908625493,1
0,-0.07479760387674189,0
0,-0.08250818525322601,0
0,-0.022175675440619047,0
0,0.02528935442551772,1
0,-0.032536227653177374,0
1,0.0008570548709826431,1
0,-0.06145588853224698,0
0,0.05739318836849949,1
0,-0.0503380587399993,0
1,-0.03868441988369442,0
0,-0.06873275094374004,0
0,-0.08154568384007838,0
0,-0.02699861142544202,0
0,-0.03728281823524998,0
0,-0.048441862263578106,0
0,-0.07236335526751958,0
0,-0.07189985488580042,0
0,-0.05790608420852028,0
0,-0.03044776117103698,0
0,-0.0277598804713291,0
0,-0.06307357607792008,0
1,0.016812575021424414,1
0,0.13451374314337572,1
0,-0.046906649478172746,0
0,-0.060103030521207135,0
1,-0.03953163390611697,0
0,-0.06848799176416581,0
0,-0.07613617839717496,0
1,0.02251581758792809,1
0,-0.041141722682661974,0
0,-0.055938226355261356,0
0,-0.049632443368975876,0
0,-0.0685824754337413,0
0,-0.019261336636796245,0
0,-0.051700449128564696,0
1,-0.031154028924512966,0
0,-0.06042421309834445,0
0,-0.054779302220164194,0
1,0.02045611042720885,1
0,-0.0404770963712317,0
0,-0.10081850827005118,0
0,0.22858874116326644,1
0,-0.046840070938233835,0
0,-0.08151279566305097,0
0,-0.04695422535358473,0
0,-0.07215680689928838,0
1,0.02371505908625493,1
0,-0.0642167928524282,0
0,0.100361652963736,1
0,-0.0749384495148947,0
0,-0.031039042690478025,0
0,-0.03695173807318175,0
1,0.02306593421792602,1
1,0.02371505908625493,1
0,-0.0960550555226391,0
1,-0.0755877293556092,0
0,-0.06712073666110041,0
0,-0.08107094708844531,0
0,0.1277019482508981,1
0,-0.04853311099254276,0
0,-0.02587317152093449,0
0,-0.05650405159439931,0
0,0.05739318836849949,1
0,0.08678045954000735,1
1,0.022108963122197567,1
0,-0.07631825731499386,0
0,-0.03974840184434031,0
0,-0.08852609022555363,0
1,0.018704360797310082,1
0,-0.038503018509157494,0
0,-0.07107131613579776,0
1,-0.03365474892339254,0
0,-0.02109173274979198,0
0,0.02528935442551772,1
0,-0.05746180307560067,0
0,-0.09512513747492446,0
0,-0.06583268808304577,0
0,-0.017762308293123308,0
0,0.06918529059506173,1
0,0.02528935442551772,1
0,-0.09088489810733447,0
0,-0.08522163136506539,0
0,-0.03604830127586833,0
1,0.018704360797310082,1
0,-0.06656928623673908,0
0,0.05490079257302294,1
0,-0.052370693519076694,0
0,0.13335362630086134,1
0,-0.06389566152121834,0
0,-0.0579938529257748,0
0,0.14666219215207066,1
0,-0.029133673488738354,0
0,-0.04384518975906049,0
0,-0.06400583725333236,0
0,0.058585059962302455,1
0,0.05739318836849949,1
0,-0.07888601183490362,0
0,-0.07671369668262695,0
0,-0.040154312686384364,0
0,-0.07957077534386192,0
0,-0.05215339720388268,0
0,-0.01858462363884167,0
0,-0.08140815460449174,0
0,0.053378703094527635,1
1,0.020788539663415317,1
0,-0.04970205697074437,0
0,-0.05462031226130992,0
0,0.03432369730368734,1
0,-0.029325497687434365,0
1,0.02306593421792602,1
1,0.018704360797310082,1
0,-0.07250743707260476,0
0,0.03811334194818117,1
1,-0.05697981953653547,0
0,-0.006492456496492438,0
0,-0.05740138445171489,0
0,-0.04445865665173959,0
0,-0.060658294731403994,0
1,-0.03420752235159791,0
0,-0.05534475584717263,0
0,0.08678045954000735,1
0,-0.018587802712523138,0
0,-0.07717563630301977,0
0,-0.052117457892434604,0
1,0.022607459467776425,1
0,-0.08413713175392273,0
0,-0.05790608420852028,0
0,-0.05163951545674089,0
1,-0.012100674145682944,0
1,-0.0322605695030353,0
0,0.08339975410058853,1
0,-0.03929278599201469,0
0,-0.054061475289783334,0
0,-0.021661095130706076,0
0,-0.04044038530158056,0
0,-0.08517765813476924,0
1,0.02371505908625493,1
0,-0.07349927190749339,0
0,0.07258919439274591,1
0,-0.01478060192439351,0
0,-0.03297031325036259,0
0,-0.03128028896625967,0
0,-0.08496956207664852,0
0,-0.050848274633529644,0
0,-0.05287392585439371,0
0,-0.06919113295805518,0
0,-0.06077728425395129,0
0,0.03811334194818117,1
0,0.004959719964214848,1
0,-0.0721721309122011,0
0,-0.08630581396887788,0
0,-0.05563331579783526,0
0,-0.08092493134980078,0
0,-0.035820373535978,0
0,0.021062686388943708,1
0,0.028717576146328083,1
0,0.03811334194818117,1
0,-0.07341344425030605,0
0,-0.06533109885128435,0
0,-0.053881522305188445,0
0,-0.0701786471067829,0
0,0.004393033166492311,1
0,-0.07274822643897155,0
0,-0.0628124172789119,0
0,-0.03182433640190896,0
0,-0.0849556746170484,0
0,-0.0910039789925497,0
0,-0.07479284879299469,0
1,-0.032950516717203004,0
0,-0.04717459337981106,0
0,-0.03617372178644285,0
1,-0.030647237968585928,0
0,0.02528935442551772,1
1,-0.04717300088955473,0
1,-0.0322605695030353,0
0,-0.0579938529257748,0
0,-0.008214154774429272,0
0,-0.022333831318022856,0
0,-0.06876155970114661,0
0,-0.010696867979213487,0
0,0.012569117477403857,1
0,-0.050097797560372026,0
0,-0.052058048989121086,0
0,-0.06136444540068331,0
0,-0.0722585846930045,0
1,0.02306593421792602,1
0,-0.054600496000306864,0
1,-0.030647237968585928,0
0,-0.03006984851575978,0
0,-0.03594321164032954,0
0,-0.03114256088602907,0
0,-0.060174220862746985,0
1,0.016727081269584887,1
0,0.017682881310508214,1
0,-0.054600496000306864,0
0,-0.020745751759995767,0
0,-0.06541883149115885,0
0,-0.041327194523403,0
0,-0.08791912520024348,0
0,0.19182813859210623,1
0,-0.060975354299260764,0
0,-0.053236862187763245,0
0,-0.06528847542226107,0
0,-0.055560937310427216,0
0,-0.051343589952486834,0
0,0.08339975410058853,1
0,-0.04954024081061259,0
0,-0.04019810102058036,0
0,-0.08191005729622441,0
1,0.01751910108047583,1
0,-0.07547968586968018,0
0,-0.08636321936247443,0
0,-0.06989131494508505,0
0,-0.07978212004422813,0
0,-0.03684042315193514,0
0,-0.05710014364458882,0
1,0.018704360797310082,1
1,0.02306593421792602,1
1,-0.03502678438526008,0
0,-0.047854105785135215,0
0,-0.06659475826387062,0
0,-0.03835222012574874,0
1,0.020882390501738124,1
0,-0.0707804359194964,0
0,-0.03135541703505279,0
0,-0.04462246156537181,0
0,-0.06334029199993207,0
1,0.02371505908625493,1
0,-0.031754317013244826,0
0,-0.04957067937123166,0
1,-0.06323732365872997,0
0,-0.028695447611660596,0
0,-0.06024570862904266,0
0,-0.0729186914402633,0
0,0.100361652963736,1
0,-0.05631935399231586,0
0,-0.03899547496507094,0
0,-0.06890841233915285,0
0,0.004439208953369467,1
0,-0.05665300951414881,0
0,0.05492921448988841,1
0,-0.05381678000523793,0
0,-0.055675789329542646,0
1,0.02371505908625493,1
0,-0.05245493886141411,0
0,-0.08455364010549155,0
0,-0.05667802697603613,0
0,-0.023902424129253363,0
0,0.23581633004298908,1
0,0.11226941501094456,1
1,-0.026689338889497316,0
1,-0.03786210222912606,0
0,-0.08653981098919822,0
0,-0.03478411012337018,0
0,-0.08022051158415366,0
1,0.02371505908625493,1
0,-0.07592615502988986,0
1,-0.0322605695030353,0
1,0.01962331518296634,1
0,-0.05201643610161938,0
0,-0.06556564328645581,0
0,0.05787878117001932,1
0,-0.041327194523403,0
0,-0.03290801232322005,0
0,-0.09098788765667976,0
0,-0.07866116129153405,0
0,-0.07769244396159725,0
0,-0.05429666409391404,0
0,-0.05228289466447933,0
0,-0.07184022554028391,0
0,-0.06366281431695636,0
0,-0.006057926950274295,0
1,0.02371505908625493,1
0,0.047098442969972676,1
0,-0.0845950903056234,0
0,-0.07002961276815106,0
0,-0.06499733387485307,0
0,-0.06026856054099583,0
0,-0.05287392585439371,0
0,0.1277019482508981,1
0,-0.0758580573641276,0
0,-0.01639636684432011,0
0,-0.07807422003764097,0
0,-0.0781661739827344,0
0,-0.08225460949015256,0
0,-0.06916883626467124,0
0,-0.08664393461381098,0
0,-0.08766187796452218,0
0,-0.07420215830634347,0
0,0.037565019881004025,1
0,-0.05371510879866048,0
0,-0.06191539210112734,0
0,-0.05618839792417424,0
0,-0.0641041553941194,0
0,0.12521563920730783,1
0,0.22948612684794378,1
0,-0.06986658052665312,0
0,-0.026475905684666845,0
0,0.02528935442551772,1
0,-0.083916009024182,0
0,-0.040650751010966935,0
0,-0.046409824591320537,0
0,-0.0631762046743094,0
1,-0.00993816113681617,0
0,-0.012833000085850532,0
0,-0.040250779272608506,0
1,-0.02944044479050989,0
0,-0.06891646696430664,0
0,0.10953307899996445,1
0,-0.0656292539871528,0
1,-0.034265687209518,0
0,-0.0791298127149091,0
1,-0.0562090449292571,0
0,-0.08094512751221677,0
0,-0.07658502890246816,0
0,-0.039237660965876886,0
1,0.05821149296819994,1
0,-0.06541640365551199,0
0,-0.05221260852234588,0
0,-0.06770361347618825,0
0,-0.07037801958279233,0
0,-0.046473537462147496,0
1,0.025584671548748772,1
0,-0.07442297983408963,0
0,-0.09297978609574725,0
0,-0.033715850718576246,0
0,-0.07100391440273945,0
1,-0.05365754331578876,0
0,0.06669443791425067,1
0,-0.0549345711550453,0
0,-0.039614266499873485,0
0,-0.0758037272725165,0
0,-0.08428673368747625,0
0,-0.05347644108036148,0
0,-0.06872563598883658,0
0,-0.03750823631911293,0
0,-0.0559326229573236,0
1,0.022108963122197567,1
0,-0.0640712231354475,0
1,-0.032950516717203004,0
0,-0.07815630771062737,0
0,-0.06574376198479454,0
1,0.02251581758792809,1
0,-0.04736416054866577,0
0,-0.07112044808714196,0
0,-0.05584732733669018,0
0,-0.008965558729203904,0
0,-0.06425415760575809,0
0,-0.08391435219871846,0
0,-0.03160837526018728,0
1,-0.03237981227916531,0
0,-0.06481640168198011,0
0,-0.06412667040146519,0
0,-0.05558965137543331,0
0,-0.061193859758602975,0
0,0.03811334194818117,1
0,-0.09163767252968413,0
0,-0.05109254312705158,0
0,-0.07571674657983979,0
0,-0.07381952481927767,0
0,0.02644766016719502,1
0,-0.06674191985877015,0
0,-0.0720128403631734,0
0,-0.04156337254050846,0
0,0.055813862670428205,1
0,-0.015388048320979009,0
0,-0.07190507146552516,0
0,0.08678045954000735,1
0,-0.07520527679238048,0
0,-0.030320565243344255,0
0,-0.0693084269811346,0
0,0.08339975410058853,1
1,0.025605198364720194,1
0,-0.06651106118308636,0
0,-0.034769098623941674,0
0,0.05739318836849949,1
0,0.03811334194818117,1
0,-0.07019153653385451,0
0,-0.056503409508460556,0
0,0.006462980624428849,1
0,-0.04992068168081898,0
0,-0.08078324503016909,0
1,0.025584671548748772,1
0,-0.0783881379082243,0
0,-0.05944797201819185,0
0,-0.0764470909958117,0
0,-0.08409140103263218,0
0,-0.06001320612371225,0
0,-0.026750144997013448,0
0,0.08678045954000735,1
0,-0.08171945045860929,0
0,-0.003360400944548314,0
0,-0.06317568411592189,0
0,-0.06955106969750341,0
0,0.007819246254499368,1
0,-0.0030770610832691614,0
0,-0.0013715721538388737,0
0,-0.057273555144686183,0
0,-0.0519356594784508,0
0,-0.041736264348626706,0
0,0.10953307899996445,1
0,0.017525008555326793,1
0,-0.06503699938368512,0
1,0.05369235941212147,1
0,-0.08167122896461587,0
1,0.018704360797310082,1
1,0.02045611042720885,1
0,-0.05605062035468994,0
0,0.058018236855372884,1
0,-0.09466189156983179,0
0,-0.052789029753679995,0
0,-0.041529514409248514,0
0,-0.06374748672188729,0
0,-0.05366651420643326,0
0,-0.03309893362982641,0
0,-0.05174234659331134,0
0,-0.03082640359534211,0
0,0.08339975410058853,1
0,-0.07145010574320126,0
0,-0.06155321548759607,0
0,-0.0623595070187663,0
0,-0.00521823998903026,0
0,-0.06626785613387048,0
1,-0.03176982550220808,0
0,-0.0604938548195314,0
1,-0.0322605695030353,0
1,0.022607459467776425,1
1,0.02371505908625493,1
0,-0.08706337042080065,0
0,-0.06325525020542477,0
0,-0.05608829435100238,0
0,-0.03851023986280139,0
0,-0.06086693782463848,0
0,-0.07940341684454694,0
0,-0.06817574063649545,0
0,-0.05665300951414881,0
0,-0.05951254565213193,0
0,-0.05025776119274683,0
0,0.08339975410058853,1
0,-0.05273937567093945,0
0,-0.06229612924061573,0
0,-0.05531329403066865,0
0,0.02528935442551772,1
0,-0.08026637876671522,0
0,-0.06805449331879049,0
0,0.05734152218630639,1
0,-0.07164327709425056,0
0,-0.08330960335068432,0
0,-0.053420264852933386,0
1,0.029619340097468694,1
0,0.048976018402644095,1
0,-0.0562184634259521,0
0,0.0024540586659382857,1
0,-0.07431610997672028,0
0,0.04090063373680719,1
1,0.022607459467776425,1
0,0.014505751415788581,1
0,-0.07073715439119421,0
0,-0.08415937137755108,0
0,-0.05210606950632757,0
0,0.021201741697913,1
0,-0.037842488235387106,0
0,-0.07594746070942132,0
0,-0.016138449773589914,0
0,-0.08073052855313062,0
0,-0.06108142822426782,0
0,-0.05516438547556385,0
0,-0.06285207477402421,0
0,-0.03167277588637496,0
0,-0.0477257166192645,0
0,-0.010397934283588706,0
0,-0.07123751181299076,0
0,-0.058439756407825005,0
0,0.06160648306646044,1
0,-0.06846576676152893,0
0,-0.040258009425672814,0
1,-0.03164230826171727,0
1,0.018704360797310082,1
0,-0.05221260852234588,0
0,-0.039024517881607323,0
0,0.08976320048640352,1
0,-0.05685721899771745,0
0,-0.087932484387368,0
0,-0.07445058650429104,0
1,0.018704360797310082,1
0,-0.08872863537443837,0
0,-0.031869072746345595,0
0,-0.050918332054812665,0
0,-0.056504992200305415,0
0,0.02528935442551772,1
0,-0.06964254248750207,0
0,0.004383781041455093,1
1,0.022696425743937598,1
1,0.02371505908625493,1
0,-0.04082894031248768,0
0,0.01908286301672446,1
0,-0.03667862130151772,0
1,-0.031154028924512966,0
0,-0.05622984032186651,0
0,-0.06808416089951225,0
1,0.022108963122197567,1
0,-0.052789029753679995,0
0,-0.028343987801430437,0
0,-0.025169101876494016,0
0,-0.05406872861942846,0
0,-0.059652505707614434,0
1,0.018704360797310082,1
0,-0.08297327205629085,0
0,-0.01452644194121766,0
0,-0.059190961507477935,0
0,-0.09613050448531674,0
0,-0.059517755090063074,0
0,-0.05642125357170913,0
0,-0.012753254269788517,0
0,-0.08558469835242932,0
1,-0.005569812611405711,0
0,-0.009701671153234614,0
0,0.03248172913657321,1
1,0.02306593421792602,1
0,-0.08247571003226656,0
0,-0.05580975569402735,0
0,-0.05366651420643326,0
0,-0.0536228962912188,0
0,-0.0361666705155792,0
0,-0.0660401865355954,0
0,-0.013206660711269691,0
0,-0.06478675186002031,0
0,-0.06595089649192554,0
0,-0.0562184634259521,0
0,-0.09000138023618748,0
0,-0.040623142665787426,0
0,-0.01025165505098391,0
0,-0.02520551461783993,0
0,0.012932397611758795,1
0,0.017644543973337035,1
1,-0.05373465249762116,0
0,-0.060955880167962107,0
0,-0.03057509746882464,0
0,0.014659488546569066,1
0,-0.049632443368975876,0
0,-0.06566128870414323,0
0,-0.05163951545674089,0
0,-0.07321991268804817,0
1,-0.085576880533771,0
0,-0.045701123166883184,0
0,-0.0924935443881248,0
0,0.004049678488395991,1
0,-0.07988258895409511,0
0,-0.0906761829463632,0
0,-0.071194465083608,0
0,-0.08409968153357233,0
0,-0.06843450120198113,0
0,-0.06916883626467124,0
0,-0.05332242024296874,0
1,-0.0322605695030353,0
0,0.02528935442551772,1
0,-0.02155638821182282,0
0,-0.07439914803165404,0
1,0.018924187616074173,1
0,-0.07500165353731009,0
1,0.02045611042720885,1
0,0.003254611893603987,1
0,0.015950130441465538,1
0,-0.05877516375881742,0
0,-0.0702072131770029,0
1,0.026921089276025434,1
0,0.1277019482508981,1
0,-0.07893747614240482,0
0,-0.041736264348626706,0
0,0.2294107931864261,1
0,0.02528935442551772,1
0,-0.029339586129259132,0
0,-0.045747027254917194,0
0,-0.056452989402856035,0
1,0.02306593421792602,1
0,-0.0728633340390269,0
0,-0.04474461309829686,0
0,0.09373893816060619,1
0,-0.024481684569865103,0
0,-0.08916243785916605,0
1,0.018642208242853675,1
0,-0.05785532642596114,0
0,-0.07876215305434808,0
0,0.10953307899996445,1
0,-0.043971636271119385,0
0,-0.050602995752600244,0
0,-0.07086192224567411,0
0,-0.04928703464696077,0
0,-0.06519020597941821,0
0,-0.06140357521292261,0
0,-0.00341822702705602,0
1,0.029619340097468694,1
0,-0.029950784308845402,0
0,-0.07802200041285368,0
1,-0.030647237968585928,0
0,-0.053351832886058215,0
0,-0.07659242840198827,0
0,-0.055947485248729056,0
0,-0.06232049561897257,0
0,-0.05344479227532917,0
1,0.02371505908625493,1
0,-0.06894267243149033,0
0,-0.07454624226168866,0
0,0.08339975410058853,1
0,-0.05565409964965745,0
0,0.04843974127106443,1
0,0.013766634396466748,1
0,-0.06442866369311434,0
0,-0.060103030521207135,0
0,-0.02268843038877505,0
0,0.06160648306646044,1
0,-0.08071121036481138,0
0,-0.057526842775840914,0
0,-0.062075365120904946,0
0,0.012768434130278172,1
0,-0.07672056238667946,0
0,-0.06784577138543085,0
1,-0.0322605695030353,0
0,-0.07078305947412106,0
0,0.007079583821493651,1
0,-0.02080026288141923,0
0,-0.03892636901139518,0
0,-0.08080746120978793,0
0,-0.07808617893782233,0
0,0.02528935442551772,1
1,0.01751910108047583,1
0,-0.06303625112764749,0
0,-0.07228580687849162,0
0,0.06918529059506173,1
0,-0.07822631578294775,0
0,0.06669443791425067,1
0,-0.06482598749654095,0
0,-0.0472807568163644,0
0,-0.0769513634863832,0
0,0.06918529059506173,1
0,0.012344435518837127,1
1,-0.040947451467828966,0
0,-0.06555930759888012,0
0,0.04687423113448097,1
0,-0.08190205131844852,0
0,-0.07725620504418218,0
1,-0.0322605695030353,0
0,-0.06706557017200371,0
1,-0.030647237968585928,0
0,-0.0885980382391664,0
0,-0.03772608341866446,0
1,-0.031154028924512966,0
1,-0.030647237968585928,0
0,-0.05287392585439371,0
0,-0.02025166068541462,0
1,-0.0322605695030353,0
0,-0.07943667583856079,0
0,-0.01530089837138171,0
0,-0.08609834091029078,0
0,-0.06741910941473356,0
0,-0.08953775867414249,0
0,-0.02414590094465774,0
0,-0.09329248934640666,0
1,0.029619340097468694,1
0,0.013048091671031603,1
0,-0.08940834058294184,0
0,0.06918529059506173,1
1,-0.003777812344577469,0
0,-0.004135154387441775,0
0,-0.06424562345495582,0
0,-0.03895486452648311,0
0,-0.06553127983876678,0
1,-0.04814551730655592,0
0,-0.03829648314947892,0
0,-0.07111600927190193,0
1,-0.0322605695030353,0
1,0.02371505908625493,1
0,-0.052742085821076146,0
0,-0.0835012113760159,0
1,0.022108963122197567,1
0,-0.0653230099736245,0
0,-0.036001955957040144,0
0,-0.08216807039508861,0
1,0.02371505908625493,1
0,-0.08274674479715338,0
0,-0.06984165486253824,0
0,-0.07304568529355249,0
1,-0.028448803132290146,0
0,-0.03243603638944603,0
0,-0.027786909130041004,0
1,0.02251581758792809,1
1,-0.016444894518013675,0
0,-0.036152480755521854,0
0,-0.0654129571519943,0
1,-0.031154028924512966,0
0,0.06669443791425067,1
0,-0.06346657004179568,0
0,-0.05043945901051866,0
0,-0.050876302904500625,0
0,-0.06099916239287684,0
0,0.02528935442551772,1
0,0.08678045954000735,1
0,0.03811334194818117,1
0,-0.09210748799655971,0
1,0.022696425743937598,1
1,-0.030647237968585928,0
0,-0.0656292539871528,0
0,-0.08371646047761988,0
0,-0.04345651935195799,0
1,0.032102623834751376,1
0,-0.057941529362275535,0
0,0.05739318836849949,1
0,-0.07714884680331241,0
0,-0.060560951101241045,0
0,0.08678045954000735,1
0,-0.06282038229149367,0
0,0.02528935442551772,1
0,-0.020931084333552785,0
0,-0.07448411913793673,0
0,-0.06998874112632336,0
1,-0.050313730319410666,0
0,-0.06499804385537333,0
0,-0.05736198672431564,0
0,-0.08690862885694672,0
0,-0.06491801375861883,0
0,-0.06923452474522379,0
0,0.14666219215207066,1
1,-0.031154028924512966,0
0,-0.05287392585439371,0
0,-0.05844958181339299,0
0,-0.07747818960907404,0
0,-0.037849837645483164,0
1,-0.03164230826171727,0
0,-0.013357465767003807,0
0,0.013551676443174232,1
0,-0.023190389863117666,0
0,0.049499384457018514,1
0,0.06918529059506173,1
0,-0.05971465705403778,0
0,-0.08968002420179028,0
0,-0.058479227830944946,0
1,0.022108963122197567,1
0,0.12521563920730783,1
0,-0.06829331111500442,0
0,-0.07210876926917775,0
0,-0.05433942718289886,0
0,-0.08423068741822692,0
1,-0.030647237968585928,0
1,-0.04438958343584726,0
0,-0.05290333558580873,0
0,-0.026241614947268344,0
0,-0.08411081101892609,0
0,0.05739318836849949,1
0,-0.05886677824357195,0
0,-0.06583861981190686,0
0,0.02690255701261368,1
0,-0.043098862705782726,0
0,-0.05665300951414881,0
0,-0.06969404957938757,0
0,-0.0740640569185812,0
1,0.02306593421792602,1
0,-0.05665300951414881,0
0,-0.05573196744821107,0
0,-0.08850419489124162,0
0,-0.06159102293216484,0
1,-0.032950516717203004,0
0,-0.04604146307585388,0
0,0.057233039600605995,1
0,-0.02913118024364375,0
0,-0.04961855885055433,0
0,-0.0650117017369699,0
0,-0.06571033752252453,0
0,-0.046625107703941016,0
0,-0.006889951489567003,0
1,0.01751910108047583,1
0,-0.07268022407221797,0
0,0.11227497339512782,1
0,0.02528935442551772,1
0,-0.0758017243386529,0
0,0.06160648306646044,1
0,-0.06606907271683482,0
1,0.00696451602405046,1
0,-0.033796534787735144,0
0,-0.05658928939212976,0
0,-0.041202280125253954,0
0,-0.040306680106242665,0
0,0.054226952643316895,1
0,-0.05681899979000882,0
0,-0.007101302314804159,0
0,-0.029373242584251558,0
0,0.024617423178842968,1
1,-0.03237981227916531,0
0,-0.05496012003688383,0
1,-0.031154028924512966,0
0,-0.022414529682091844,0
0,-0.07938075628802832,0
0,-0.05221260852234588,0
0,-0.0859804531846115,0
0,-0.06284913121360886,0
0,-0.019382398257250744,0
0,-0.06499804385537333,0
0,-0.0011004967166917679,0
0,-0.06687389205186173,0
0,-0.07485012605140345,0
0,0.006462980624428849,1
1,-0.0322605695030353,0
0,-0.040958538176262216,0
0,-0.05035192854905429,0
0,-0.06886121764754316,0
0,-0.018739599438261534,0
0,-0.08389182142824647,0
0,-0.06272541727882408,0
0,-0.06519350086417369,0
1,0.016812575021424414,1
0,-0.09245314702334906,0
0,-0.010816577965498397,0
1,0.02371505908625493,1
0,0.06669443791425067,1
0,0.02528935442551772,1
1,-0.0322605695030353,0
0,-0.07858543283459163,0
0,-0.0202183087932149,0
0,-0.07904052088487035,0
0,-0.057221552044331214,0
0,-0.06375730281821279,0
0,-0.06818494487440141,0
1,0.016812575021424414,1
0,-0.06553127983876678,0
0,-0.06406825258918869,0
0,-0.0570002457194983,0
0,-0.08699902772718038,0
1,0.022108963122197567,1
0,-0.08599627521690406,0
1,-0.030647237968585928,0
0,0.03811334194818117,1
0,-0.018551813678486573,0
0,-0.08840842198752424,0
0,-0.027182009961869757,0
0,-0.07228470390041469,0
0,-0.06284913121360886,0
0,-0.03633472245279029,0
1,0.00017454435218777764,1
0,-0.07646694058061065,0
0,-0.09463939488580658,0
0,-0.06951719435860976,0
0,-0.04992589738838937,0
0,0.08339975410058853,1
0,-0.057203709232283906,0
0,-0.06106496744014739,0
0,-0.057288750237374286,0
0,-0.05668133783462298,0
0,-0.0835765705930328,0
0,-0.0388427734647554,0
1,0.02371505908625493,1
1,-0.02014252837000341,0
1,0.02306593421792602,1
0,-0.025033984850444335,0
1,0.04412136152842916,1
0,-0.05675298574216414,0
0,-0.06684117607651302,0
1,-0.030647237968585928,0
0,-0.040650751010966935,0
0,-0.053026930121906346,0
0,-0.06411317968781588,0
0,-0.08411906756160026,0
0,-0.057046244034662186,0
1,0.058244326582528094,1
0,-0.054188203637010324,0
0,-0.04912623031921337,0
0,-0.006406278516329411,0
0,-0.03225552378375185,0
1,0.01751910108047583,1
1,0.02251581758792809,1
0,-0.011764207227567713,0
0,-0.015399012935663425,0
0,0.041755257742575824,1
0,-0.07499761226733104,0
0,0.10953307899996445,1
0,-0.04135423318982717,0
0,-0.07509419286004732,0
0,-0.06960569515726467,0
0,-0.029968518306716985,0
0,-0.057269011545666604,0
0,0.054841518358612285,1
1,0.016812575021424414,1
0,-0.0728499618643283,0
0,-0.0874134128172151,0
1,-0.05249699958083193,0
1,-0.032950516717203004,0
1,-0.030647237968585928,0
0,0.0020342056607792758,1
0,-0.06944274206319784,0
0,0.08678045954000735,1
0,-0.019802344607867395,0
1,-0.020999425340894606,0
0,-0.07562031555347709,0
0,0.05739318836849949,1
1,0.015769469932073177,1
0,-0.012857164651475572,0
0,0.06918529059506173,1
0,-0.08092224194019765,0
0,-0.08425998974765148,0
0,-0.009960895139232873,0
0,0.08339975410058853,1
1,0.025584671548748772,1
0,-0.05800577786400424,0
0,-0.0657795437790139,0
1,0.022108963122197567,1
0,-0.06108549724357454,0
0,-0.08033764669818766,0
0,-0.06595682660578656,0
0,-0.08264338380688913,0
1,0.029619340097468694,1
0,-0.07672750502486775,0
0,0.055208258748767225,1
0,-0.05702710596301719,0
0,0.08339975410058853,1
0,-0.06086693782463848,0
0,-0.09276598708472522,0
1,0.020788539663415317,1
0,-0.05563331579783526,0
0,0.18048818412117196,1
1,0.018704360797310082,1
0,-0.07237520462794678,0
1,-0.013120665076711224,0
1,0.02362955767125552,1
1,0.025584671548748772,1
0,-0.07981579687565765,0
0,-0.08394156872181863,0
0,0.14666219215207066,1
0,-0.0699916797164965,0
0,0.1277019482508981,1
0,-0.0781585100763415,0
0,-0.06499804385537333,0
0,-0.024167982399268984,0
0,-0.04929107345523748,0
0,-0.06229612924061573,0
1,0.02045611042720885,1
0,-0.07435730823708192,0
1,-0.04802418479816828,0
0,-0.07077124950915192,0
0,-0.05221260852234588,0
0,-0.08318552999806661,0
0,0.03811334194818117,1
1,-0.029996330057608656,0
0,-0.08687185314289347,0
0,-0.015206406991200794,0
1,-0.0001676300016248411,0
0,-0.05889026101428557,0
0,-0.07180674462226438,0
0,-0.01261358505752258,0
0,0.05739318836849949,1
0,-0.07347602439646528,0
0,-0.03338146949019705,0
0,-0.07616278040625224,0
0,-0.08172458978835434,0
0,-0.07898865591492293,0
0,0.08339975410058853,1
0,0.034230603490312594,1
0,-0.05783027447950462,0
0,-0.06565712543889224,0
0,-0.0330499348935514,0
0,-0.057221552044331214,0
0,-0.041736264348626706,0
0,0.10953307899996445,1
0,-0.08231495695043439,0
0,-0.048215376859025605,0
0,-0.06958986059919825,0
0,-0.060816222191445946,0
1,0.02251581758792809,1
0,-0.07840108669189905,0
0,0.02528935442551772,1
0,0.02528935442551772,1
0,-0.07712924332848148,0
0,-0.057773754008869416,0
0,-0.057810053203464884,0
0,-0.06529916116561157,0
0,-0.06059382580532563,0
0,-0.02836703634072013,0
0,-0.028818056021010785,0
0,-0.05856477419439082,0
0,-0.0929017776475452,0
0,-0.047498413489537705,0
0,-0.06107435582408183,0
0,0.002504114060451701,1
0,-0.03465088705092079,0
0,-0.0519356594784508,0
0,-0.06445110251568864,0
0,-0.056452989402856035,0
0,-0.057203709232283906,0
0,-0.015535896231941182,0
0,-0.03105105582232709,0
0,-0.05324148021362207,0
0,0.025899144358521142,1
0,-0.0730573032428517,0
0,-0.053026930121906346,0
0,-0.04632168783148427,0
1,-0.03176982550220808,0
0,-0.08171055737872185,0
0,-0.05685721899771745,0
0,0.06918529059506173,1
0,-0.0616212989306858,0
0,-0.052479971718611684,0
0,-0.031213639111594527,0
1,-0.028218878361474575,0
0,-0.06383234151138012,0
1,0.022304593008554474,1
0,-0.038949780113762766,0
0,-0.05882818648962074,0
1,0.020882390501738124,1
1,0.018642208242853675,1
0,-0.02909033663893501,0
0,-0.09081696406653778,0
0,-0.02042704627172348,0
0,-0.03329790451484882,0
0,-0.04715068631919361,0
0,-0.07562612624376486,0
0,-0.01960179793581801,0
0,-0.0882786632824612,0
0,-0.057203709232283906,0
0,0.08339975410058853,1
0,0.08678045954000735,1
0,-0.02560173908592639,0
0,-0.05164129703185677,0
0,-0.0764638744176725,0
0,-0.05586530833449477,0
0,-0.05206702580014738,0
1,0.022607459467776425,1
0,-0.04953101774912394,0
1,0.022108963122197567,1
0,-0.07241730037236543,0
0,-0.06321551085900545,0
1,-0.02497187998140049,0
0,0.0029513624217275547,1
1,-0.028218878361474575,0
1,-0.030647237968585928,0
1,0.018704360797310082,1
0,-0.04168748865455241,0
0,-0.010123554432019177,0
0,-0.05604692328111749,0
1,0.02251581758792809,1
1,-0.051632440859930406,0
0,0.003628541761135362,1
0,-0.0656292539871528,0
0,-0.053404677385220534,0
0,-0.056799016403904945,0
0,-0.0822366024021971,0
0,-0.06256418568400285,0
0,-0.07972718554389696,0
0,-0.05652128206146401,0
0,-0.04195602371097601,0
0,-0.055950485705207886,0
0,-0.08783879074107376,0
0,-0.06569366767421769,0
0,0.1277019482508981,1
0,-0.06728109995729581,0
0,-0.05713316892774212,0
1,0.016812575021424414,1
0,0.006462980624428849,1
0,-0.05143901583994315,0
0,0.0061133441817851075,1
0,-0.08361655963541786,0
1,-0.006020742797930245,0
0,0.06919131674004408,1
0,-0.05409189084058713,0
0,-0.07339224997674032,0
0,-0.041202280125253954,0
0,-0.06863372130489759,0
0,-0.06559020644248087,0
0,-0.01827260893396665,0
1,0.018704360797310082,1
0,-0.0031689740035737435,0
0,0.16882225797929884,1
0,-0.0760734249008323,0
0,-0.05150722681120634,0
0,0.095379893261748,1
0,0.035336825219745904,1
0,0.0009295651659699811,1
0,-0.06342123063863125,0
0,-0.06460704294971337,0
0,-0.06559020644248087,0
0,-0.08798568000849266,0
0,-0.0005205798731004463,0
0,-0.0036128718538370186,0
0,-0.07112900327261834,0
0,0.019061804134445248,1
0,0.08678045954000735,1
0,0.06918529059506173,1
0,-0.059516646386495564,0
1,0.025605198364720194,1
0,0.0027941272358815716,1
0,-0.048356674981641534,0
0,-0.0750428019701273,0
0,0.05631403340649721,1
0,-0.0394367277353716,0
1,0.01751910108047583,1
0,0.18048818412117196,1
0,-0.035838541680255964,0
0,0.06160648306646044,1
0,0.03610387576049445,1
0,-0.006649560245188202,0
0,-0.08361086469414009,0
0,-0.049796789671198494,0
1,0.018704360797310082,1
1,0.02371505908625493,1
0,0.08678045954000735,1
0,-0.03033298540670859,0
0,-0.09071971968161052,0
0,-0.04741215174350577,0
0,0.024823825223009743,1
0,-0.07896554001693401,0
1,0.022108963122197567,1
0,-0.05376662014380973,0
0,-0.06986543125587225,0
0,-0.06148681859311128,0
0,0.095379893261748,1
0,-0.06049968927117333,0
0,0.003855758454008096,1
0,-0.03892965663497455,0
0,0.08339975410058853,1
0,-0.02554867529950411,0
0,-0.08220560710481634,0
1,0.021265148008200563,1
0,-0.0361666705155792,0
0,-0.08127244467561712,0
0,-0.05869011779013572,0
0,-0.0886095334626128,0
0,0.03811334194818117,1
0,0.09373893816060619,1
1,-0.009346471783258092,0
0,-0.041141722682661974,0
1,0.01751910108047583,1
1,-0.005551390073729734,0
0,-0.08259387185788081,0
0,-0.038661174528201,0
0,-0.034594288461672396,0
1,-0.029487746802985215,0
1,-0.04920280030854801,0
0,-0.09210722961752499,0
0,-0.08647311138077751,0
0,0.100361652963736,1
0,-0.056318537645562494,0
0,-0.049346141281288836,0
0,-0.06088718523871223,0
0,-0.03247813036091496,0
0,-0.00759332239630095,0
0,-0.07518820353304545,0
0,-0.06816266834140555,0
1,0.025584671548748772,1
0,-0.05032594282893327,0
0,-0.08904811959824083,0
0,-0.07366737395697165,0
0,-0.04980965798027842,0
0,-0.031951537382435946,0
0,0.08678045954000735,1
0,-0.06472215990581043,0
0,-0.061853187791222064,0
0,-0.029744210600365806,0
0,-0.07076441253816845,0
0,-0.046609560461967625,0
0,0.23114399396525598,1
0,0.0457258339742419,1
0,-0.040258009425672814,0
0,-0.06524469348440898,0
0,-0.024301225030802065,0
1,0.02251581758792809,1
0,-0.05820907303253625,0
0,-0.03592797195112113,0
0,-0.06411317968781588,0
0,-0.01964006452685363,0
1,-0.031154028924512966,0
0,-0.056027303442746035,0
1,-0.03153720563340934,0
0,-0.07347853297225454,0
1,-0.03040226933486606,0
0,0.004990109992031533,1
0,-0.06727825928545578,0
0,-0.005498841801214571,0
1,0.02306593421792602,1
0,-0.019090166945777587,0
0,-0.03436771064968086,0
0,-0.0577214264915345,0
0,0.06918529059506173,1
0,-0.08623339268909042,0
0,-0.016555884592091064,0
0,-0.012357844518609717,0
0,-0.08483839600555787,0
0,-0.08159218354823877,0
0,-0.05382029691525175,0
0,0.08678045954000735,1
0,-0.026749520800385063,0
0,-0.0179633150619693,0
0,-0.02325105206152095,0
1,0.020788539663415317,1
0,-0.0911975383993176,0
0,0.06918529059506173,1
0,0.0023713912138998428,1
1,-0.0322605695030353,0
0,-0.06948879613489883,0
1,0.02306593421792602,1
0,-0.07294860071106007,0
0,-0.06177275284734157,0
1,-0.014126981296679997,0
0,-0.05730876090104747,0
0,-0.03225746637817706,0
0,0.10953307899996445,1
1,0.02894646846195381,1
0,0.027528138594301033,1
0,0.14666219215207066,1
0,-0.051516611294642856,0
0,0.016460729572537636,1
1,0.016727081269584887,1
0,0.02528935442551772,1
0,-0.04044351133216734,0
0,-0.07804862472357288,0
0,-0.0656292539871528,0
0,-0.07395941681680829,0
0,-0.021679922630618353,0
0,-0.030479748707551435,0
0,-0.02081839350857556,0
0,-0.020463430323825305,0
0,-0.047723790872560234,0
1,0.023709524720137987,1
1,0.013070802747315868,1
1,0.022108963122197567,1
0,-0.055764117318609974,0
0,-0.06250106561710034,0
0,-0.0550733241911614,0
0,-0.022321116903603555,0
0,-0.08797038626730258,0
0,-0.0351842065393706,0
0,-0.05583657211159626,0
0,-0.08164189638133929,0
0,-0.07840397997484144,0
0,-0.07894042597144502,0
0,-0.06297911233049203,0
0,-0.0649180164698151,0
1,-0.02207767166662894,0
1,-0.0692608151512194,0
0,-0.07124268443926535,0
0,0.095379893261748,1
0,-0.053404677385220534,0
0,-0.026923024597346412,0
0,-0.0763115847856477,0
1,-0.0322605695030353,0
0,0.08339975410058853,1
1,0.02306593421792602,1
0,-0.05237979864741199,0
0,-0.06830845044634865,0
0,-0.05309250951699346,0
0,-0.06295741894588969,0
0,0.02528935442551772,1
0,-0.05356584181178381,0
1,-0.04975794372818504,0
1,-0.032950516717203004,0
0,-0.09647638618811788,0
0,-0.03856619876560785,0
0,-0.05246196196573444,0
0,-0.07677838573755252,0
0,-0.05889026101428557,0
1,-0.020686697798110498,0
0,-0.0757389025413785,0
0,-0.08172957431830286,0
1,0.022607459467776425,1
0,-0.09409814916010245,0
0,-0.06572720604204096,0
0,-0.08288004742689103,0
0,0.01244285245712895,1
0,-0.0839031115133061,0
1,-0.07437295512893016,0
1,-0.038988545158341215,0
1,-0.06887467451806989,0
0,-0.08509086658742049,0
0,-0.03436470311266071,0
0,-0.009539318935287922,0
0,0.07283472036987138,1
1,0.018704360797310082,1
0,-0.06911411647893922,0
0,-0.037376841759729884,0
0,-0.0018048940504426514,0
1,-0.0322605695030353,0
1,-0.008713692546849783,0
0,0.012144152086130733,1
0,-0.03223364548606389,0
0,-0.08270303503377069,0
0,0.01830855410149468,1
0,-0.06563089554561141,0
0,0.02528935442551772,1
0,-0.05816228512618682,0
0,0.00832945998154122,1
0,-0.05882818648962074,0
0,0.095379893261748,1
0,-0.06603144384450749,0
0,0.01741110914721511,1
0,0.08678045954000735,1
1,0.018704360797310082,1
0,0.06160648306646044,1
0,-0.013660186782172012,0
0,-0.07275784310974032,0
0,-0.023125894313952622,0
0,-0.08938803540628054,0
0,-0.045335411642575374,0
0,-0.03293570308323063,0
0,-0.01915076565871876,0
0,0.0027941272358815716,1
1,-0.030647237968585928,0
0,-0.0824639357335184,0
0,-0.043788413088655054,0
1,-0.07430615220828213,0
0,0.23876543113886417,1
0,-0.04044010908840806,0
1,-0.030647237968585928,0
0,-0.056318537645562494,0
0,-0.02851802035173573,0
0,-0.05366651420643326,0
0,-0.0034011011994256046,0
0,-0.06022859182706475,0
1,-0.04981423465934104,0
0,0.03811334194818117,1
0,-0.035336349401145106,0
0,0.004383781041455093,1
0,0.05739318836849949,1
0,-0.07577080411510029,0
0,-0.049796789671198494,0
0,0.005514090419225792,1
0,-0.0410987963701927,0
1,0.02306593421792602,1
1,0.020882390501738124,1
0,-0.07901439436282115,0
0,-0.05633543606082431,0
1,0.022696425743937598,1
0,-0.045251942553814706,0
1,-0.0322605695030353,0
0,-0.023812433904970287,0
0,-0.05000902097898352,0
0,-0.0535989173348555,0
0,-0.05079245176893499,0
0,-0.07097668417318148,0
0,-0.053435916420749185,0
0,-0.03880292585694978,0
1,-0.031154028924512966,0
1,-0.0285704479090515,0
0,-0.00804473039998893,0
1,0.0031818560761411874,1
0,-0.07209775611901198,0
1,-0.08779035897679899,0
1,-0.06993418304423049,0
0,-0.053465146710052425,0
0,-0.0851472265589015,0
0,-0.03205467389171174,0
0,-0.06654570680891503,0
0,-0.05920066827302023,0
1,0.02371505908625493,1
0,0.026782144653426987,1
0,-0.09210684379177991,0
0,-0.013500430785569395,0
0,0.021861094442246154,1
0,-0.08952465466782283,0
0,-0.0744824706460096,0
0,-0.04284604204666553,0
1,0.02251581758792809,1
1,0.02306593421792602,1
0,-0.06906197900581829,0
0,0.04212963974855666,1
1,0.02371505908625493,1
0,-0.027488549130275486,0
0,0.004195571565361544,1
0,-0.039029268267160744,0
1,0.02371505908625493,1
0,-0.07788370998040522,0
1,-0.0322605695030353,0
1,-0.006378713837203953,0
1,0.02362955767125552,1
0,-0.07276911611364922,0
0,-0.06916883626467124,0
0,-0.027888850122972986,0
0,-0.06862359671227358,0
0,-0.06940554937021681,0
0,-0.05333519201379949,0
0,-0.05857693388348911,0
0,-0.03204738453441991,0
0,-0.0296800568462125,0
0,-0.04757479252385427,0
0,-0.08341735551701751,0
0,-0.05003372068026063,0
0,0.095379893261748,1
1,-0.02075513877361984,0
0,0.02528935442551772,1
0,0.016265902115480957,1
0,-0.08305224588969057,0
0,-0.07583675156559383,0
0,0.07045942306152209,1
1,0.016727081269584887,1
0,-0.06342123063863125,0
1,0.03375948114308136,1
0,-0.05201643610161938,0
0,-0.05467125785657406,0
0,-0.0953386597722164,0
0,-0.05665300951414881,0
0,-0.004916464551416144,0
0,-0.03168586005788249,0
0,-0.0913196317146493,0
0,0.016862177521760002,1
0,-0.05772827518981788,0
0,0.011603369178437073,1
0,-0.015020845744165678,0
0,-0.0650954284298384,0
0,-0.08002188205798316,0
0,-0.019265026260271212,0
0,-0.03623988990753174,0
0,-0.0628180251883424,0
0,0.016862177521760002,1
0,0.02528935442551772,1
0,-0.08130018866450006,0
0,-0.07079957898205441,0
0,-0.09808835986390174,0
0,-0.06240458075722366,0
0,-0.08821233739194967,0
0,0.002886892002260888,1
0,0.095379893261748,1
0,-0.05350249603513185,0
1,-0.05032389881413518,0
0,-0.06884544563856809,0
0,0.0045545876871356805,1
1,0.018704360797310082,1
0,0.05739318836849949,1
0,-0.0351516173684821,0
0,-0.07619210316677355,0
0,-0.04849796319585886,0
1,0.03993709088846309,1
0,-0.0510591391079111,0
1,-0.031154028924512966,0
0,0.022647866937151484,1
0,0.02528935442551772,1
0,0.014677205124955073,1
0,-0.08187447991441821,0
0,-0.058324949023662254,0
0,0.10554632086192439,1
0,-0.03923201477250343,0
0,-0.0723218298112171,0
0,-0.03382099935255567,0
1,0.022696425743937598,1
1,-0.05156088138813664,0
0,0.08678045954000735,1
0,0.06918529059506173,1
0,-0.06741065599171381,0
0,0.017287154072450073,1
0,-0.07506220620354831,0
0,-0.08249915964412874,0
0,0.02427555253569469,1
1,-0.0036207067464102405,0
0,-0.050770318703573014,0
1,-0.0322605695030353,0
0,-0.05429666409391404,0
0,-0.05270114682171595,0
0,-0.08274178506013435,0
0,-0.08542625505425705,0
0,-0.041575322658257474,0
1,-0.050313730319410666,0
0,-0.06000380990987941,0
0,-0.04948968088811723,0
0,0.006072609783425054,1
0,-0.025876567898109715,0
1,-0.047893880509742026,0
0,-0.06662905849732381,0
0,0.100361652963736,1
0,-0.05889026101428557,0
0,-0.08367076063730394,0
1,0.022607459467776425,1
0,-0.06400583725333236,0
0,0.0018312819851223905,1
0,-0.04868110534777487,0
0,-0.06974657625008168,0
0,-0.0402718726072156,0
0,-0.017304570627212856,0
0,0.013000100376782231,1
0,-0.04848383376554427,0
0,-0.05447034365962017,0
0,-0.0788909102896006,0
0,-0.07189029521292917,0
0,-0.0577214264915345,0
0,-0.09221517937556567,0
1,-0.031154028924512966,0
1,0.00029438567814310534,1
0,-0.07314057442249428,0
0,0.08339975410058853,1
0,-0.07479581313221295,0
0,-0.06240866962382724,0
0,0.08339975410058853,1
0,-0.07527436753781092,0
0,0.023826245529564805,1
0,-0.025342297431357075,0
0,-0.08139105687553705,0
0,-0.04800568063666366,0
1,0.02306593421792602,1
0,-0.053499260599967735,0
0,-0.07517038036351437,0
1,0.02724896210905514,1
0,-0.053026930121906346,0
1,-0.07928398824939109,0
0,0.007390922926267862,1
0,0.08678045954000735,1
0,-0.048639365644877086,0
0,-0.06356987886782883,0
0,-0.048920128820648556,0
1,0.02371505908625493,1
0,-0.08960359271210727,0
0,-0.06916883626467124,0
0,-0.08391141131546226,0
0,-0.05597958668003389,0
0,-0.05921302569364384,0
0,-0.05733897974585267,0
0,-0.04044010908840806,0
1,-0.031154028924512966,0
0,-0.08029246611119228,0
1,-0.030647237968585928,0
0,0.06160648306646044,1
0,0.04070372364143149,1
0,0.03992352930642751,1
0,0.14666219215207066,1
0,-0.026000111430470874,0
0,0.06918529059506173,1
0,-0.05103189213961712,0
0,-0.08372305886032344,0
1,-0.05817887188562898,0
0,0.06381481537540168,1
0,-0.05516610563642632,0
0,-0.0510591391079111,0
0,0.1277019482508981,1
1,0.03823881305270194,1
0,-0.07673566526606607,0
0,-0.06579968147694942,0
0,0.12920633541155657,1
0,-0.06796071183563268,0
0,-0.07675404294739446,0
0,-0.06571033752252453,0
0,-0.02126064795210547,0
0,0.03811334194818117,1
1,-0.030647237968585928,0
0,-0.055950485705207886,0
0,0.02528935442551772,1
1,-0.02207767166662894,0
1,0.018704360797310082,1
1,0.020788539663415317,1
0,-0.07296001109785022,0
0,-0.0693084269811346,0
0,-0.034850415186878536,0
0,-0.02319766378842325,0
0,-0.05534677650243902,0
0,-0.07155543751243099,0
0,-0.04657838736695069,0
0,0.08339975410058853,1
1,-0.017150909390484026,0
0,-0.053860285983762524,0
0,-0.04873979415749513,0
0,-0.04615083353017624,0
0,-0.05320399830305145,0
0,-0.055384585696606814,0
0,-0.05108404555219548,0
0,-0.07357793639865667,0
0,-0.053404677385220534,0
0,-0.08810117767844289,0
0,0.002397488127674152,1
0,0.06918529059506173,1
0,-0.0564137310525098,0
0,-0.04464151162002722,0
1,-0.028218878361474575,0
0,-0.08507696701965001,0
0,-0.06410413721543151,0
1,0.018704360797310082,1
0,-0.05585032846993454,0
0,-0.020376411453601917,0
0,-0.0655474364278586,0
0,-0.0824075944775936,0
0,0.018092152765261327,1
0,-0.03591539908143393,0
0,-0.08228843324296231,0
0,-0.0787165831127416,0
0,-0.06098649823174762,0
1,0.02251581758792809,1
0,-0.04684212794975956,0
0,-0.014938487594790217,0
0,-0.04929269389046814,0
0,-0.03249169883548553,0
0,-0.05511417571789057,0
0,-0.08229041265706144,0
0,-0.05503160772076626,0
0,-0.09218086436423722,0
0,-0.020549467954459888,0
0,0.10953307899996445,1
0,-0.08222340342365286,0
0,-0.06191621751233012,0
0,-0.0008941424304563794,0
0,-0.06285207477402421,0
1,-0.049847413616010416,0
0,-0.08477490089395434,0
0,-0.04907238425495458,0
0,-0.057331370100716594,0
0,-0.05143076091392207,0
0,-0.0798319744112928,0
0,-0.06334029199993207,0
1,0.05379080227960109,1
0,-0.07429951853420336,0
0,-0.06334029199993207,0
0,-0.0693084269811346,0
1,-0.021346352165915294,0
0,-0.05241686792923517,0
0,-0.05655729320506636,0
0,-0.06559020644248087,0
0,-0.07164650540730833,0
1,-0.0322605695030353,0
0,-0.06598734325492028,0
0,-0.07459621044627152,0
0,0.03811334194818117,1
0,-0.013814678947589976,0
0,-0.06724358080054393,0
1,-0.031154028924512966,0
0,0.14666219215207066,1
0,-0.07797727268094862,0
0,-0.03536758954208913,0
0,-0.06317568411592189,0
0,0.04719073542162555,1
1,-0.031154028924512966,0
1,0.022696425743937598,1
0,-0.06574069288686307,0
1,-0.003896412924388304,0
1,0.03895360906507017,1
0,-0.07364050110901449,0
0,-0.05740999113433859,0
0,0.06669443791425067,1
0,0.02528935442551772,1
0,-0.03156387780360048,0
0,-0.01771465565317104,0
0,-0.05429666409391404,0
0,-0.05464993199120782,0
0,-0.003229365150884511,0
0,-0.06891107441398592,0
0,0.06918529059506173,1
0,-0.07874936144872369,0
0,-0.017935762803593325,0
0,-0.05416203591742713,0
0,0.024836648951812035,1
0,-0.07738936833065557,0
0,0.03811334194818117,1
0,-0.048579308473192584,0
1,-0.0322605695030353,0
0,-0.06050290458256158,0
0,-0.06130464794491913,0
1,0.016812575021424414,1
0,-0.060202228757955445,0
0,0.11226941501094456,1
0,-0.06683291164812794,0
0,-0.07571213733958776,0
0,-0.016711929100294065,0
0,0.095379893261748,1
0,0.1277019482508981,1
1,0.015143524251711837,1
0,-0.06415290704341214,0
1,0.02251581758792809,1
1,-0.019392429021171498,0
0,-0.05720001904236338,0
0,-0.008893509875576466,0
0,-0.09312168325175468,0
0,-0.05163922320665554,0
0,-0.06511287359315321,0
1,-0.04093971515538897,0
0,-0.08002373322666761,0
0,-0.05630695648010969,0
0,-0.09843031572059324,0
0,-0.051613954413492924,0
0,-0.020818927370492457,0
1,-0.02347082405543488,0
0,0.22965066551150104,1
0,-0.04145207491177766,0
0,-0.07780649715926136,0
0,-0.0803234846826486,0
0,-0.027595804450364414,0
0,-0.06989138140072876,0
0,-0.08118553611133861,0
0,-0.045495974700881014,0
0,-0.08463855421398264,0
0,-0.05273937567093945,0
1,0.02251581758792809,1
0,-0.053026930121906346,0
0,-0.06566128870414323,0
0,-0.029929001789227194,0
1,-0.046118340987201634,0
0,0.12521563920730783,1
0,-0.07260298865970682,0
0,-0.04549202577505229,0
0,-0.04075433580175408,0
0,-0.05319583960760216,0
0,0.02999414106814846,1
0,-0.0888826350549895,0
1,-0.05366113456595928,0
0,-0.07596913708629988,0
0,-0.0656359221906746,0
0,0.02528935442551772,1
1,-0.0322605695030353,0
0,0.11360631078963301,1
0,-0.059237141614849165,0
0,0.012805599897406261,1
0,-0.05676769401256598,0
0,-0.09697770647863108,0
0,-0.062114456509936355,0
0,-0.07530945552634383,0
1,0.029619340097468694,1
0,0.11729036897954181,1
0,-0.0650836781675802,0
0,-0.06445110251568864,0
0,-0.05800577786400424,0
0,-0.094970730334128,0
1,0.02371505908625493,1
0,-0.07898627635783367,0
0,-0.015828638306022325,0
0,0.08678045954000735,1
0,0.24391768703880268,1
0,-0.06229612924061573,0
0,-0.08162087478953461,0
0,-0.0923449228412842,0
1,-0.02602664833962215,0
0,-0.05884613669102362,0
1,-0.06949381791603554,0
0,-0.04075093585912781,0
0,-0.051739900191763666,0
0,-0.08268216353254648,0
0,0.03811334194818117,1
0,0.08339975410058853,1
0,-0.08078165123464298,0
0,-0.0279782042921925,0
0,-0.05984922258585945,0
0,-0.052117457892434604,0
0,-0.0620937094833352,0
1,-0.03114541373452473,0
0,-0.06469341171795112,0
0,-0.007553561472917025,0
0,0.06160648306646044,1
0,-0.02610279897689538,0
0,-0.03789768911774083,0
0,0.058900669827188445,1
1,0.022108963122197567,1
0,-0.025933179973540388,0
1,0.018704360797310082,1
0,-0.09496336758613122,0
0,-0.06967272905955674,0
0,-0.060012690301099014,0
0,0.06918529059506173,1
0,-0.05897844826774512,0
0,-0.026898504850799587,0
0,-0.052058048989121086,0
0,-0.07437995141563325,0
0,0.013378154648562512,1
1,-0.019527627399633596,0
0,-0.07120694299655361,0
0,-0.05273158907198916,0
0,-0.05730356127567238,0
0,0.03234008596718685,1
0,-0.05086845846633958,0
0,-0.04538235382000022,0
0,-0.06852172496311365,0
0,-0.06713854162383315,0
0,-0.08114330214399612,0
0,-0.0674843723490069,0
0,0.028603357322144585,1
0,-0.025908474518826163,0
0,-0.09121008441116513,0
0,-0.0577214264915345,0
0,-0.09120234867881793,0
0,0.09275210731681316,1
0,-0.07286584163554866,0
0,-0.07489499883401268,0
0,-0.05143076091392207,0
0,-0.05450967587522115,0
0,-0.08935148493385214,0
0,-0.0852325698574074,0
0,0.024222690104657607,1
0,0.014900943100043529,1
1,-0.0322605695030353,0
0,-0.02228340868626527,0
0,-0.041245196757696334,0
0,-0.05918291090777816,0
0,-0.06766308191434345,0
0,-0.04983809835324332,0
0,-0.021030371597722808,0
1,0.018642208242853675,1
0,-0.06793024772317796,0
0,-0.014469488450332524,0
0,-0.07644710418642492,0
0,0.11226941501094456,1
1,-0.012223331923360614,0
0,0.018092152765261327,1
0,-0.04731642184360918,0
0,-0.0548538691067782,0
0,-0.056039787001998353,0
0,0.02528935442551772,1
0,-0.04397023680017431,0
0,-0.07613409864539944,0
1,0.022696425743937598,1
1,0.022108963122197567,1
1,0.03755807179390491,1
0,-0.062161894109242,0
1,0.020788539663415317,1
0,-0.025522573532101134,0
0,-0.0655474364278586,0
1,-0.03373556343727391,0
0,-0.06636150368680643,0
0,-0.08088713540767761,0
0,-0.013933255634343888,0
0,-0.08266196725002656,0
0,0.02528935442551772,1
0,-0.0755582502480493,0
0,-0.027501349322746782,0
0,0.06669443791425067,1
0,-0.060358501552275456,0
0,-0.06969000909432649,0
1,0.02371505908625493,1
0,-0.07745654043151207,0
0,-0.09150929330388169,0
0,-0.023579304981379445,0
0,-0.07039429135829278,0
0,0.100361652963736,1
1,0.01751910108047583,1
0,-0.07103591937044323,0
0,-0.02829055466823882,0
1,-0.030647237968585928,0
0,0.04868530248667724,1
0,-0.05585032846993454,0
0,-0.0868401013281559,0
0,-0.017765370152530102,0
0,-0.05251259344525666,0
0,0.11226941501094456,1
0,-0.07369811196156362,0
0,-0.05626920330523455,0
0,-0.06583861981190686,0
0,-0.041245196757696334,0
0,-0.07655774014792982,0
0,-0.019500010239053178,0
1,-0.01125435753546361,0
0,0.10953307899996445,1
0,-0.029604951830769277,0
1,0.02371505908625493,1
1,0.02371505908625493,1
0,-0.07848113216413838,0
1,0.0528083904866834,1
0,-0.05585032846993454,0
0,-0.033776564514925944,0
0,-0.03871184256137511,0
0,0.018092152765261327,1
0,-0.06884544563856809,0
1,-0.0092124396805785,0
0,-0.00712533434799556,0
0,-0.05353661811400856,0
0,-0.05246196196573444,0
0,0.02528935442551772,1
0,0.23016420339987131,1
0,0.08339975410058853,1
0,-0.04868110534777487,0
1,0.02306593421792602,1
0,-0.004744702588884153,0
0,-0.0255174046689034,0
1,0.020788539663415317,1
1,-0.03164230826171727,0
0,-0.07401205452558801,0
0,-0.033715850718576246,0
0,-0.07192203938986574,0
0,-0.08237862921419792,0
0,-0.05354307268969277,0
0,-0.06138785032711891,0
1,0.02251581758792809,1
0,0.08339975410058853,1
0,-0.06591637046482102,0
0,-0.04952105393780348,0
1,0.03991111234516631,1
0,0.1277019482508981,1
0,-0.07668167595805547,0
0,0.04897334169654899,1
0,-0.0574642114463943,0
0,-0.06561238166287092,0
0,-0.05154545023446466,0
0,-0.08013206897053876,0
0,-0.06148681859311128,0
1,-0.0505000036489045,0
0,0.06918529059506173,1
0,-0.03372721094379805,0
1,0.07752569144784172,1
0,-0.056774419792769315,0
0,0.06669443791425067,1
0,0.095379893261748,1
0,-0.07092670697363312,0
0,-0.027184497822906606,0
0,0.017741737261288915,1
0,-0.019070545240723158,0
1,0.02371505908625493,1
1,-0.050517425532485505,0
0,-0.05218570723573901,0
0,0.03811334194818117,1
1,0.029619340097468694,1
0,-0.052964955260261515,0
0,-0.04900556011428453,0
0,-0.052469823047355646,0
0,-0.0579938529257748,0
0,-0.06446105018982973,0
0,-0.06285207477402421,0
0,-0.0680517518435747,0
0,0.02528935442551772,1
0,-0.08335212828861904,0
0,-0.027540057920312333,0
1,-0.023018820373394644,0
0,-0.08450076568967652,0
0,0.095379893261748,1
0,-0.06493587553955388,0
0,-0.03155496196972851,0
0,0.06160648306646044,1
0,0.08678045954000735,1
0,-0.06245135100301269,0
0,0.013153862667802274,1
0,-0.055950485705207886,0
0,-0.06968601729169521,0
0,-0.06828771659861688,0
0,-0.07813249747592987,0
0,-0.07618636867843476,0
0,0.03811334194818117,1
0,-0.06158966577251834,0
0,-0.08018654479009246,0
0,-0.05563277376343606,0
1,0.026955399981239747,1
0,-0.05272450666723155,0
0,-0.08440164260291955,0
0,-0.08290419010794481,0
0,-0.05059979918916746,0
1,-0.02258476415919558,0
0,-0.05706916093716319,0
0,-0.07971180697423658,0
0,0.010498455351367175,1
0,-0.06433915600426876,0
0,-0.0654129571519943,0
0,-0.0798545606747132,0
1,-0.05260606350709418,0
0,-0.04780322582992963,0
0,-0.04518012418786882,0
0,0.020493331999218656,1
0,-0.08143091864886048,0
0,0.06669443791425067,1
0,-0.034707682150508956,0
0,-0.06140357521292261,0
0,-0.08786015551698328,0
0,-0.04680832523593259,0
0,0.03811334194818117,1
1,-0.014074445113702427,0
0,-0.04940864479024171,0
1,0.01751910108047583,1
0,-0.05016589447158559,0
0,-0.07925921074951797,0
1,0.03088134839161394,1
0,0.06959708325146985,1
0,-0.08801518395189545,0
0,-0.06916883626467124,0
0,-0.05781948120795838,0
0,-0.06993358610175632,0
1,-0.03245568861491238,0
0,-0.06854561413687466,0
0,-0.06509615977283195,0
0,-0.08839744614594658,0
1,-0.04276425133475936,0
0,-0.08690468825923509,0
0,-0.06470364943914436,0
1,-0.030647237968585928,0
0,-0.05687794560532289,0
0,-0.06144625939606807,0
0,-0.05071573330091139,0
0,-0.025037669036756638,0
0,0.02528935442551772,1
0,0.100361652963736,1
1,-0.04409172510148135,0
1,-0.030647237968585928,0
0,-0.0642167928524282,0
0,-0.07619327909023299,0
0,0.08339975410058853,1
0,-0.06299129390800617,0
0,-0.05163951545674089,0
0,-0.06884544563856809,0
1,-0.031154028924512966,0
0,-0.05469955253287223,0
0,0.0022921176904192597,1
0,0.18002793084631852,1
0,0.03811334194818117,1
1,-0.031154028924512966,0
0,-0.033248008958283115,0
1,0.020788539663415317,1
0,-0.032293549638322816,0
0,-0.05110918604979864,0
0,-0.057323129655362404,0
0,-0.08777288593269861,0
0,-0.04145207491177766,0
0,-0.0789851029813472,0
0,-0.06917032889554114,0
1,0.02371505908625493,1
0,0.006462980624428849,1
0,-0.07537484470180239,0
0,-0.06551095798254158,0
0,-0.06791114079592853,0
0,-0.060063713597573176,0
0,-0.0361666705155792,0
0,0.05739318836849949,1
0,-0.06812266056297339,0
0,-0.06687984011539233,0
0,-0.0730498436494792,0
1,-0.07674749922595253,0
0,-0.0029591272456803153,0
0,-0.082832016168644,0
0,0.05021425972821425,1
0,-0.004852622432234999,0
0,-0.0655231012318167,0
1,-0.0322605695030353,0
0,0.04320420428945848,1
0,-0.0434117170061421,0
0,-0.08634795804129819,0
0,0.005314988969331247,1
1,0.022108963122197567,1
0,-0.05505583425600219,0
0,-0.08161052547459557,0
0,-0.051095577395572744,0
0,-0.07341583802136936,0
0,-0.053398838925967085,0
0,-0.06501838970154111,0
0,-0.04980965798027842,0
0,-0.019727258868281305,0
0,-0.05201912606014697,0
0,-0.056525067200273615,0
0,-0.0688849532224644,0
1,0.02306593421792602,1
0,-0.07400480868157866,0
1,0.018704360797310082,1
0,-0.05219065321550653,0
0,-0.06890576573600266,0
0,-0.08102839873228407,0
1,0.02371505908625493,1
0,-0.020517578073180553,0
0,0.03811334194818117,1
0,-0.07263080028148372,0
0,-0.07209455230526857,0
0,-0.03544673303062268,0
0,-0.055384585696606814,0
0,-0.07801469146605439,0
1,-0.01125435753546361,0
0,0.042997843608296726,1
0,-0.06501838970154111,0
0,0.06918529059506173,1
0,-0.0424911183196387,0
0,-0.08785523030666709,0
1,-0.046372421170856326,0
0,-0.06637399312954878,0
0,-0.06817574063649545,0
0,-0.07201384852257187,0
0,-0.01786997072679858,0
0,-0.07356162909096609,0
0,0.05739318836849949,1
0,-0.05795158158824831,0
0,-0.08433309482569995,0
1,0.02371505908625493,1
1,-0.020714003775058165,0
0,-0.06944905354919706,0
0,-0.06080559057483648,0
0,-0.04711050637381614,0
0,0.03811334194818117,1
1,-0.030647237968585928,0
0,-0.08542479325008384,0
0,-0.08502174785573524,0
1,-0.030647237968585928,0
0,-0.020830914935146605,0
0,0.02528935442551772,1
0,-0.09099973003539641,0
0,-0.07691594577642619,0
0,-0.027008417269782148,0
0,-0.09561027103198805,0
0,-0.037170920357984194,0
1,-0.07252413622994347,0
0,-0.06597535802621629,0
0,-0.09030629087464564,0
0,0.08339975410058853,1
0,-0.07731952878172588,0
0,0.05739318836849949,1
1,0.02371505908625493,1
0,-0.06342934356184526,0
0,-0.04127337282656496,0
0,-0.07992897556327122,0
0,0.06652205931097732,1
1,-0.045428835704553194,0
0,-0.01364692710727955,0
0,0.016856959802322158,1
0,-0.04039772698132155,0
0,-0.05437472509904073,0
0,-0.054076667542055146,0
0,0.06160648306646044,1
0,-0.09138421758656284,0
1,0.018704360797310082,1
0,-0.06157931058027305,0
0,-0.0956674821168399,0
0,-0.07625408957470564,0
0,-0.06674614143645702,0
0,0.09373893816060619,1
0,-0.0318197241669973,0
0,-0.025663322622702822,0
1,0.028235936958997954,1
0,-0.027358541135023284,0
0,-0.04919518000150458,0
0,0.10554632086192439,1
0,-0.04584344507331001,0
0,-0.0758522156170473,0
0,0.03048385363391337,1
0,0.013000100376782231,1
0,-0.05237979864741199,0
0,-0.06557705312724643,0
0,0.002714004446100371,1
1,0.02251581758792809,1
0,-0.06598527082275107,0
0,-0.028738760538905006,0
0,0.002617455976516414,1
0,-0.08548057814283666,0
0,-0.05413749683751096,0
1,0.02306593421792602,1
0,-0.060202228757955445,0
0,-0.030100510443334727,0
0,-0.06049632587502596,0
0,-0.03926094681156639,0
0,0.024638387845080878,1
0,-0.08849958396294094,0
0,-0.027683501811331612,0
1,0.018704360797310082,1
0,-0.05289663583063503,0
0,0.23029719942048554,1
0,-0.02137369450411486,0
0,0.09373893816060619,1
0,0.08339975410058853,1
1,0.022607459467776425,1
0,-0.06604928112116415,0
0,-0.032099250749943076,0
0,-0.021883939193778512,0
0,-0.06424562345495582,0
0,-0.046956570918034735,0
0,-0.07323434337447543,0
0,-0.06839066241610697,0
0,0.23565040100147439,1
0,-0.07962278482035484,0
0,-0.05951057989669328,0
0,-0.07815606902868116,0
0,0.10953307899996445,1
0,-0.05026076111962696,0
0,-0.0893530869226351,0
0,-0.05241542973010571,0
0,-0.06343550942776804,0
0,0.05739318836849949,1
0,-0.08585779358726753,0
0,-0.035912490747210535,0
0,-0.05889026101428557,0
0,-0.08382765870207642,0
1,-0.04719365403454229,0
0,-0.09307583223344779,0
1,-0.031154028924512966,0
1,-0.030647237968585928,0
1,0.01962331518296634,1
0,-0.03511925496302337,0
1,-0.04476470672000782,0
0,0.08339975410058853,1
0,0.11729036897954181,1
0,-0.07829028439440616,0
0,-0.0542454674847187,0
0,-0.08483407937935827,0
0,-0.06526826207836428,0
0,-0.06811108607128025,0
0,0.0022607030541167417,1
0,-0.057764133409462015,0
1,-0.006066158439892277,0
1,-0.03164230826171727,0
0,-0.06668656431096076,0
0,-0.05371026236783566,0
0,-0.05608829435100238,0
0,-0.09361119642366778,0
0,-0.06481640168198011,0
0,-0.03404669552526596,0
0,0.007271956531736734,1
1,0.018704360797310082,1
0,0.100361652963736,1
0,-0.08968981631211087,0
0,-0.031689563307335744,0
0,-0.044141223797072804,0
0,-0.05354530805013985,0
0,0.06022904228166315,1
0,-0.09106303544632294,0
0,-0.07373356310341928,0
0,0.100361652963736,1
0,0.08339975410058853,1
0,-0.024613655739561757,0
1,0.02371505908625493,1
0,-0.03528075079181847,0
0,0.07101694813535686,1
1,-0.02827033061895562,0
1,-0.07937387793145023,0
1,-0.03237981227916531,0
0,-0.0528898773220447,0
0,-0.07945319272206697,0
0,0.009687282728294333,1
0,-0.0240758779249603,0
0,-0.0567058115623687,0
0,-0.055947485248729056,0
0,-0.053101995072653396,0
0,-0.07379438826486967,0
0,0.004579773031954226,1
1,0.01751910108047583,1
0,-0.001560826035552687,0
0,-0.057288750237374286,0
0,0.05739318836849949,1
0,-0.061193859758602975,0
0,0.095379893261748,1
0,-0.052892831929908624,0
0,-0.06866048629401905,0
0,-0.04044010908840806,0
0,-0.02652676022411704,0
0,-0.048766594702568555,0
0,-0.07356162909096609,0
0,-0.05429196040261891,0
0,-0.06501838970154111,0
0,-0.024195799868153067,0
0,-0.06382437429603766,0
1,0.02371505908625493,1
1,0.055803250591274,1
0,-0.05251259344525666,0
1,-0.02944044479050989,0
1,-0.0322605695030353,0
0,-0.08416473746865388,0
0,0.11226941501094456,1
1,0.02251581758792809,1
0,-0.07176140219722116,0
0,0.01830855410149468,1
1,-0.031154028924512966,0
1,0.029619340097468694,1
0,0.017878084115748316,1
0,-0.09093702439722706,0
0,-0.04501336545898005,0
0,0.12521563920730783,1
0,-0.06266524010776392,0
0,-0.04849796319585886,0
0,0.017525008555326793,1
0,-0.009562999709152975,0
0,-0.06652684389546587,0
0,-0.04907518137318778,0
1,-0.02281130189638325,0
0,-0.05635608960773475,0
0,-0.025068578682639175,0
0,-0.017523924578095762,0
1,-0.03176982550220808,0
0,-0.05866354167626636,0
0,-0.080316316052366,0
0,-0.0384205158604049,0
0,-0.08741344039672339,0
0,-0.048148212084907216,0
0,-0.08496296361293115,0
0,-0.007226983024326339,0
0,-0.028415689120429855,0
1,0.02306593421792602,1
1,0.02371505908625493,1
0,0.052757149131439585,1
1,-0.015168081831235636,0
0,-0.07779642783380297,0
1,-0.0322605695030353,0
0,-0.05176057994628075,0
0,-0.0793575365973101,0
0,-0.05043945901051866,0
0,-0.06923143147088295,0
0,-0.04934443765330354,0
1,-0.03237981227916531,0
0,-0.06907331616355966,0
0,-0.06372437533819458,0
0,-0.06954427826076587,0
1,0.016812575021424414,1
0,-0.05198367165954382,0
0,0.004608604122970816,1
1,-0.0183206736787076,0
0,-0.07326411009680378,0
0,-0.05416203591742713,0
0,-0.008022824069341183,0
0,-0.01504000373510006,0
0,-0.052344088600247085,0
0,0.12521563920730783,1
0,-0.003950345828535207,0
0,-0.06597535802621629,0
0,-0.015748612388724603,0
0,-0.07703169644750069,0
0,-0.05685721899771745,0
0,0.06160648306646044,1
1,-0.0347734894104515,0
0,-0.06491845098643728,0
0,-0.05132958423571565,0
0,-0.08634750365258448,0
0,-0.08282082408686658,0
0,-0.027055501775246238,0
0,-0.0680783408588817,0
0,0.1277019482508981,1
0,-0.072487896003393,0
0,0.10953307899996445,1
0,-0.05718286719504473,0
0,-0.004619106159029884,0
0,-0.09221705030306787,0
0,0.100361652963736,1
0,-0.05496012003688383,0
1,0.051894359056269934,1
1,0.018704360797310082,1
0,-0.01177379543824053,0
0,-0.07165463221547957,0
0,-0.06263471493535444,0
1,0.0027156837352817487,1
0,-0.04044010908840806,0
0,-0.059681205061820064,0
0,-0.07819886186450037,0
0,-0.06571033752252453,0
0,-0.060678215723388385,0
0,-0.08354899485313516,0
0,-0.054792394840658454,0
0,-0.06283865256662818,0
0,-0.07219780133555248,0
0,-0.08088320951861938,0
0,-0.018899433571222535,0
0,-0.06317111755873189,0
0,-0.05221260852234588,0
0,-0.05891378133536451,0
1,-0.031154028924512966,0
0,0.004131711593975407,1
0,-0.08197051412506173,0
1,0.021148268396927516,1
0,-0.0919922308888469,0
0,-0.037192329044507144,0
0,-0.06676299833561844,0
0,-0.07716450543900555,0
0,-0.05429666409391404,0
0,-0.0775873752332672,0
0,-0.08364303294706477,0
0,0.11226941501094456,1
0,-0.05129991493791708,0
0,-0.004339014765256999,0
0,-0.05756159691796492,0
1,-0.07053728305424273,0
0,-0.08136337441185765,0
0,0.06669443791425067,1
0,0.08678045954000735,1
1,-0.021086969974933645,0
0,-0.05730356127567238,0
0,-0.02389765074576944,0
0,-0.05633219434542519,0
0,-0.09605241513868079,0
1,0.015769469932073177,1
0,0.03811334194818117,1
0,0.01755913376989704,1
1,0.02371505908625493,1
0,-0.07287746221186425,0
0,0.05834797607639197,1
0,-0.0853329385289544,0
0,0.06918529059506173,1
0,0.03318185682198993,1
0,-0.0827150922910081,0
0,-0.06068264601197143,0
1,0.020947316521379045,1
0,-0.07377950285000912,0
0,0.03811334194818117,1
0,-0.0826821767437918,0
0,-0.0656292539871528,0
0,-0.05781948120795838,0
1,-0.04643090578653758,0
1,0.018704360797310082,1
1,0.022108963122197567,1
0,-0.08177552834513474,0
0,-0.0843042050509541,0
0,-0.05376223971139393,0
0,0.03811334194818117,1
0,-0.08724355124392041,0
0,-0.032176418407698526,0
0,-0.054061475289783334,0
0,-0.0394367277353716,0
0,0.06160648306646044,1
0,-0.047369206417237464,0
0,-0.06515733569627263,0
0,-0.08573012206084624,0
0,-0.06884544563856809,0
1,0.02371505908625493,1
0,-0.05371877766094363,0
0,-0.08559192732880938,0
1,0.02371505908625493,1
0,0.05671247259051493,1
0,-0.05929233623264374,0
0,-0.0426776453019147,0
0,-0.020226843464190514,0
0,-0.0880926769234181,0
1,-0.030647237968585928,0
0,-0.040258009425672814,0
1,0.020788539663415317,1
0,-0.08934999194797433,0
0,0.08678045954000735,1
0,-0.047549274777331396,0
0,-0.06451630001295833,0
0,0.10554632086192439,1
1,-0.011570552939729528,0
0,0.05739318836849949,1
1,0.02045611042720885,1
0,-0.0761958241455527,0
0,-0.0577214264915345,0
1,0.02306593421792602,1
0,-0.05160390330859749,0
0,-0.055924108507887094,0
1,-0.05106010510859682,0
0,0.05739318836849949,1
0,-0.041141722682661974,0
0,0.0063790272232618905,1
0,0.02718160562413774,1
0,0.011856367320187022,1
0,-0.09617829446410509,0
0,-0.07053869322152889,0
0,-0.01755292211537135,0
0,-0.0693084269811346,0
0,-0.05221260852234588,0
0,-0.06585299489135904,0
1,-0.02207767166662894,0
0,-0.049632443368975876,0
0,-0.01955726889820736,0
0,0.06669443791425067,1
0,-0.07667443398364188,0
0,-0.06048996276319091,0
1,-0.06181451882482053,0
1,-0.0013898185531217022,0
0,-0.021158884767330355,0
0,-0.05322849523461343,0
0,-0.054061475289783334,0
1,-0.006378713837203953,0
0,-0.06587746194305172,0
0,-0.06356351851929665,0
0,0.02528935442551772,1
1,-0.07878865472329083,0
0,-0.06524916419755417,0
0,-0.06803007947333789,0
0,-0.06706270522065239,0
0,-0.07640615651956817,0
0,-0.06417592017171564,0
0,-0.052397685154981555,0
0,-0.052928677037508975,0
0,-0.0591686014806348,0
1,0.028235936958997954,1
0,-0.0770442829799779,0
0,-0.06009953165154075,0
0,-0.0422477925761745,0
0,-0.08363580606909254,0
0,-0.07269767892698559,0
0,-0.06546262699076194,0
0,-0.07082118593745651,0
0,0.010258502395834146,1
0,0.0030444957965078956,1
0,-0.0685888672485035,0
1,0.02371505908625493,1
1,0.02306593421792602,1
0,-0.0849398845162388,0
0,-0.08655054641695559,0
0,-0.05702178843627986,0
0,-0.06523305745275365,0
0,-0.04723485437536101,0
0,-0.03971300856249216,0
0,0.08678045954000735,1
0,-0.06553127983876678,0
0,0.0008291658222440157,1
0,-0.05327945970518949,0
0,-0.047116837304093495,0
0,-0.02908230060477285,0
0,-0.05313883022418392,0
0,0.07927617772280193,1
1,0.022108963122197567,1
0,0.026738556147424153,1
1,0.02371505908625493,1
0,0.019489803059891342,1
0,0.1277019482508981,1
0,-0.028830724073891978,0
0,-0.06469902482200884,0
0,-0.07696958608358123,0
0,-0.06360410951065798,0
1,0.02306593421792602,1
0,-0.017739929198470505,0
1,0.016812575021424414,1
0,-0.08037181825431094,0
0,-0.010861243313888547,0
1,-0.06456502197519798,0
1,-0.030647237968585928,0
0,0.04589473379075448,1
0,0.054226952643316895,1
0,-0.08314992058383702,0
0,-0.09374269417349063,0
0,0.06918529059506173,1
0,-0.06096596379773689,0
0,-0.022321116903603555,0
0,-0.031083888275747817,0
0,-0.0653936255808597,0
0,-0.0581362697008459,0
0,-0.06666042374768572,0
0,-0.07742862750933455,0
0,-0.053026930121906346,0
0,-0.07155867435976349,0
0,-0.03375165600399627,0
1,-0.0322605695030353,0
0,-0.0824912005682848,0
1,0.02306593421792602,1
0,0.02528935442551772,1
0,-0.0410987963701927,0
0,0.01072925004463443,1
0,0.01729443121292018,1
1,0.02792201697311658,1
0,-0.07249850960944076,0
1,-0.03164230826171727,0
0,-0.08052840886231472,0
0,-0.07703057069361802,0
0,-0.07070281516293753,0
0,-0.01858530187827856,0
0,-0.05217731678994375,0
0,0.08678045954000735,1
0,-0.05784402140038836,0
0,-0.0881059681457349,0
0,-0.05032748642309126,0
0,-0.0499051214543903,0
0,0.05739318836849949,1
0,-0.07836441866026456,0
1,-0.04553522215710609,0
0,-0.05450967587522115,0
0,0.030396584178417507,1
0,-0.06689112487429116,0
0,-0.08798265419978207,0
0,-0.093359077852332,0
0,-0.0012130002219987723,0
1,-0.029996330057608656,0
1,-0.03237981227916531,0
0,-0.0946180405550468,0
0,-0.08141001780348583,0
0,-0.0833945237508974,0
0,-0.05118218078512604,0
0,-0.06606907271683482,0
0,-0.0394367277353716,0
0,-0.02499312502408013,0
0,-0.08910868651360482,0
0,-0.05882818648962074,0
0,-0.07878300126146087,0
0,-0.057097370130137104,0
0,-0.05667802697603613,0
0,0.002504114060451701,1
0,0.0020342056607792758,1
0,-0.05487463172205648,0
0,-0.08159498044707747,0
0,-0.07948804928463243,0
1,0.018704360797310082,1
1,-0.030647237968585928,0
1,0.022607459467776425,1
0,0.08339975410058853,1
0,0.010884629399325219,1
1,-0.023285979831263293,0
1,0.029619340097468694,1
0,-0.07019865135081943,0
0,0.02528935442551772,1
0,-0.011327660076788648,0
1,0.018704360797310082,1
0,0.23565040100147439,1
0,-0.029690870041533313,0
1,0.08118761482457615,1
0,-0.005714322347364464,0
0,-0.05331599898828965,0
0,0.05727016533911522,1
1,0.02306593421792602,1
0,0.04117207468751116,1
0,0.016447562932723647,1
0,-0.01599212454003246,0
0,-0.01915194096193923,0
0,-0.08300588250335195,0
0,-0.07403924311584814,0
0,-0.054034583633084665,0
0,-0.055384585696606814,0
0,0.021064458121787588,1
0,-0.05544704729036387,0
0,0.007250669973828394,1
0,-0.03971130622017249,0
0,0.012884091206898263,1
0,-0.08431330935215242,0
1,0.020882390501738124,1
0,-0.03254436960223639,0
0,0.05739318836849949,1
1,-0.030647237968585928,0
0,-0.08889563522404903,0
1,0.022607459467776425,1
0,-0.06136444540068331,0
0,0.05739318836849949,1
1,0.02371505908625493,1
0,0.05739318836849949,1
0,-0.0609225198374162,0
0,-0.015881517986733373,0
0,-0.06720510055189738,0
1,0.018642208242853675,1
0,-0.018108057560088875,0
0,-0.02225913603392271,0
0,-0.049688017976682985,0
0,0.00349142151519799,1
0,-0.07114021309506546,0
0,-0.07609430115637777,0
0,-0.06039535554483971,0
0,-0.006201934859646208,0
0,-0.07585090250243892,0
0,-0.049047633179191974,0
0,0.018092152765261327,1
0,0.017741737261288915,1
0,-0.03974840184434031,0
0,0.08339975410058853,1
0,-0.08535146742042171,0
0,-0.06541022954249726,0
0,-0.023830691470927978,0
0,0.017975321253354548,1
0,-0.04937259003169059,0
0,-0.05163951545674089,0
0,-0.08783475436319393,0
1,-0.03434803064537101,0
0,0.05739318836849949,1
1,-0.031154028924512966,0
0,-0.06757977288136258,0
0,-0.05423088197151321,0
1,0.01751910108047583,1
0,-0.07412065624972286,0
0,0.05541234270351725,1
1,-0.030647237968585928,0
0,-0.01094657717594133,0
0,-0.02612227150315649,0
1,0.05816909368665357,1
0,-0.06600108904036528,0
0,-0.06501838970154111,0
0,-0.023149113060255022,0
0,-0.030530387136053605,0
0,0.06160648306646044,1
1,-0.009756538234907464,0
0,-0.05287392585439371,0
0,0.1391063112016887,1
0,-0.01748808223873699,0
0,-0.0536265992325663,0
1,-0.0322605695030353,0
0,0.08678045954000735,1
0,-0.07204086874030635,0
0,-0.020551491761681695,0
0,-0.06445110251568864,0
0,-0.07943601498281089,0
0,-0.06228486516998866,0
0,-0.07403750284870564,0
0,-0.05333519201379949,0
0,-0.09241977084509351,0
1,0.022696425743937598,1
0,-0.021326677260212035,0
0,-0.0632679528006031,0
0,0.02528935442551772,1
1,0.043365587856929566,1
0,-0.07088820329813128,0
0,-0.05074332537435744,0
0,-0.07452122516353471,0
0,-0.07428860791314784,0
0,-0.06086693782463848,0
0,-0.08625764113215922,0
0,-0.0793495034837251,0
0,-0.0634414524561846,0
0,-0.028793468533136024,0
0,-0.06086693782463848,0
0,0.06918529059506173,1
0,0.03811334194818117,1
0,-0.08359959433281255,0
0,-0.06884544563856809,0
0,0.03811334194818117,1
0,-0.06378039548488934,0
0,-0.04868110534777487,0
0,-0.08054230591246347,0
0,-0.02445247998873279,0
0,-0.08252684498299223,0
0,-0.05829002447740422,0
0,0.05739318836849949,1
0,0.10554632086192439,1
0,0.0022607030541167417,1
0,0.03811334194818117,1
0,-0.062395983499336616,0
0,0.03265846954935736,1
0,-0.059652781388523646,0
0,-0.0511701013879276,0
0,-0.053618968354725405,0
1,0.02306593421792602,1
0,-0.07319828403666212,0
0,-0.062398172653874484,0
0,-0.09794532491764157,0
0,-0.08031116373438885,0
0,-0.06096596379773689,0
0,0.0069334043180571125,1
0,0.095379893261748,1
0,-0.09242515002617158,0
0,0.10554632086192439,1
0,-0.06571033752252453,0
0,0.08339975410058853,1
1,-0.030647237968585928,0
0,-0.025154104694177115,0
0,-0.050167781542821865,0
0,0.05739318836849949,1
0,-0.05231461940162929,0
1,0.032102623834751376,1
0,-0.08324728363878164,0
0,-0.06000380990987941,0
1,-0.002399794820328205,0
0,-0.05918291090777816,0
1,0.020432203207398136,1
0,-0.059293640215094645,0
0,0.004049678488395991,1
0,-0.06146431141443992,0
0,-0.0731375756740047,0
0,-0.06595089649192554,0
1,-0.0704032854338622,0
0,0.03811334194818117,1
0,-0.052117457892434604,0
0,-0.09128222949723902,0
0,-0.06941399409053056,0
0,-0.08107664573806672,0
1,0.016812575021424414,1
0,-0.04096143531244634,0
0,0.0013747398294221558,1
1,0.02306593421792602,1
0,0.016862177521760002,1
0,-0.03017507762410304,0
0,-0.06243524250781851,0
0,-0.04488957349314904,0
0,-0.012822775815595211,0
0,-0.020747516782594677,0
0,-0.06690629988682223,0
0,0.002504114060451701,1
0,-0.07307268417907359,0
0,0.013048091671031603,1
1,0.02306593421792602,1
0,-0.05652128206146401,0
0,-0.08128117564833587,0
0,-0.04830680504705975,0
0,0.06918529059506173,1
1,0.029619340097468694,1
0,-0.030876403778839545,0
0,-0.05839236050733748,0
0,-0.09474661212786867,0
1,-0.020747957036279574,0
0,-0.033742019972194504,0
0,-0.030855268431204674,0
0,-0.07524280117067489,0
0,-0.06128023931352883,0
0,-0.061919920698091435,0
0,-0.05736198672431564,0
0,-0.08322975699341151,0
0,-0.08467985475087625,0
1,-0.00689779202327051,0
0,-0.06587746194305172,0
0,-0.05071573330091139,0
0,-0.0313735930018052,0
0,-0.029350674423047896,0
0,-0.07096244540487229,0
0,-0.026852108487716075,0
0,-0.08329929911369416,0
0,-0.00837344265360207,0
0,0.03811334194818117,1
0,0.020164319448305768,1
0,0.1801813140057853,1
0,-0.05675298574216414,0
1,0.018704360797310082,1
0,-0.07969668533075475,0
0,-0.07735146412954347,0
0,-0.03034638498375719,0
0,-0.05573196744821107,0
1,0.018704360797310082,1
0,-0.08311101160800127,0
0,0.002147441587028398,1
0,0.021354138161973957,1
0,-0.05839241353869179,0
0,-0.05333519201379949,0
0,-0.053404677385220534,0
0,0.08339975410058853,1
0,-0.08344237664747783,0
1,-0.030647237968585928,0
0,-0.0732609139244999,0
0,0.23098952939433126,1
0,-0.050293929258524994,0
0,-0.06960229669017376,0
0,-0.041529514409248514,0
0,0.02528935442551772,1
0,-0.07600520563977436,0
0,-0.05559399373952667,0
0,0.0327550650073678,1
0,-0.05878621067187262,0
0,-0.0642116352280579,0
1,0.018704360797310082,1
1,-0.030647237968585928,0
1,0.02371505908625493,1
1,-0.0480891524559125,0
0,-0.04392743911966035,0
1,-0.031154028924512966,0
0,-0.08610030934529977,0
0,-0.05130747398108487,0
0,0.002414296549397621,1
0,-0.09226185469075954,0
0,0.095379893261748,1
0,-0.055947485248729056,0
0,-0.0969318214806158,0
0,-0.0708225275316699,0
1,0.018704360797310082,1
1,-0.0673216071713254,0
0,-0.0702607743098062,0
0,-0.03797482523688123,0
0,-0.07687116988727094,0
0,0.033323253056435465,1
0,-0.02296031105491797,0
0,0.06918529059506173,1
0,-0.0486658499353238,0
0,-0.08347914492315134,0
0,-0.09075895192565198,0
0,0.08339975410058853,1
1,0.02306593421792602,1
0,-0.037482552474343955,0
1,-0.06306290933517267,0
0,-0.06873739186452466,0
0,-0.06107053214151664,0
0,-0.08498313582868494,0
0,-0.054166295469109726,0
0,-0.06566128870414323,0
0,-0.04096287568269541,0
0,-0.09049072740825315,0
0,-0.05605430680398338,0
0,-0.03305436849150545,0
0,-0.08053882461086787,0
0,0.0016491155671588542,1
0,-0.04983809835324332,0
1,0.02306593421792602,1
0,-0.08204369025634017,0
1,0.02306593421792602,1
0,0.06160648306646044,1
0,-0.07223215310857894,0
1,0.019551424311728405,1
0,-0.04238238084208129,0
0,-0.07204577999781853,0
0,-0.028879289019232868,0
0,0.08678045954000735,1
0,-0.06491845098643728,0
0,0.10953307899996445,1
0,-0.08571862961419857,0
0,-0.09180956485864883,0
0,0.06669443791425067,1
0,-0.07945060227145001,0
0,0.006155556922518235,1
1,-0.007635057227777464,0
0,-0.052926818573662104,0
0,0.06918529059506173,1
0,0.06160648306646044,1
0,-0.04953101774912394,0
0,-0.0847124158899008,0
0,-0.07757572153677156,0
0,-0.07341409114833097,0
0,-0.05429666409391404,0
0,-0.062251205179994884,0
0,-0.06899446925090519,0
0,-0.03659665385658395,0
0,-0.07307631080377247,0
0,-0.06838527356206053,0
0,-0.061918813998947386,0
0,-0.08925018306637966,0
0,-0.06722102732362656,0
1,-0.04841124598007179,0
1,-0.030647237968585928,0
0,-0.053881522305188445,0
0,0.05739318836849949,1
0,0.05739318836849949,1
0,-0.05218570723573901,0
0,-0.05573196744821107,0
0,-0.06140357521292261,0
0,-0.04001710005617615,0
0,-0.013638249821388282,0
0,-0.07454543677764025,0
0,-0.06916883626467124,0
0,-0.038377334978322075,0
0,-0.06559020644248087,0
0,-0.055950485705207886,0
1,-0.03176982550220808,0
1,-0.04268150328797782,0
0,0.03511525869200349,1
0,-0.03736267435668572,0
0,-0.041584278104741246,0
0,-0.0619668512800049,0
0,-0.06437460865647876,0
0,0.012768434130278172,1
0,-0.05665300951414881,0
0,-0.026891734226625663,0
0,-0.08064686002805888,0
0,-0.08762449681847673,0
0,-0.049068259221695276,0
0,-0.026659203028651324,0
0,-0.04055404485025166,0
0,0.013766634396466748,1
0,0.06669443791425067,1
1,-0.07737895608574141,0
0,0.02939457920670374,1
0,0.012768434130278172,1
0,0.05356104945096607,1
0,-0.05509325680977306,0
0,-0.06156418700950317,0
0,0.08678045954000735,1
1,-0.030647237968585928,0
0,-0.05062483101601728,0
0,-0.06297860676983957,0
0,-0.0656292539871528,0
0,-0.07588222181519033,0
0,-0.0527799684857872,0
0,-0.07789183460748733,0
0,0.02299676559426045,1
0,-0.06551095798254158,0
0,0.14116165203835762,1
0,-0.06880001710376465,0
0,-0.06086693782463848,0
0,-0.06960937019758001,0
0,-0.09409990864556683,0
0,-0.05867608806604174,0
0,0.08678045954000735,1
0,-0.05665300951414881,0
1,0.029619340097468694,1
0,-0.0739665680623478,0
1,0.029619340097468694,1
0,-0.002313702183198152,0
0,-0.06096596379773689,0
0,-0.02769378426859387,0
0,-0.0858358686015031,0
0,-0.05437472509904073,0
0,0.06617727118252326,1
0,-0.036149853709219526,0
0,-0.07241264998393604,0
0,0.06160648306646044,1
0,-0.08116683383840562,0
0,0.03488365953127859,1
0,0.004608604122970816,1
0,-0.0519356594784508,0
0,-0.053435916420749185,0
0,-0.07621245945866073,0
0,0.03811334194818117,1
0,-0.05770471336171307,0
0,-0.050097797560372026,0
0,-0.0580735183280045,0
1,0.018704360797310082,1
1,-0.030288212007785198,0
0,-0.07211513424864224,0
0,0.08339975410058853,1
0,-0.0704261199888308,0
0,-0.049632443368975876,0
1,0.025584671548748772,1
0,0.017975321253354548,1
0,-0.05624017730132996,0
0,-0.09034593401061924,0
0,0.02528935442551772,1
0,-0.056344548779362014,0
0,-0.053376519489296725,0
1,0.02371505908625493,1
1,-0.04093971515538897,0
0,0.0757803188938474,1
1,-0.04093971515538897,0
0,-0.07472956345918619,0
1,0.018704360797310082,1
0,0.06918529059506173,1
0,-0.05790608420852028,0
0,-0.03901508425522682,0
0,-0.07053879053806544,0
1,-0.03846355959441311,0
0,0.03811334194818117,1
0,-0.02889541134460144,0
1,0.02306593421792602,1
0,-0.0833801760160629,0
0,-0.05702178843627986,0
0,-0.05340335951523273,0
0,-0.053565841811783865,0
0,-0.051066120079889255,0
0,-0.057478136443982475,0
1,-0.02676192964577484,0
0,-0.07154082928206051,0
0,-0.0509216409463662,0
0,0.01720825222870881,1
1,-0.0322605695030353,0
0,-0.03125973156731199,0
0,-0.059629889008136205,0
0,-0.01197228400509498,0
0,-0.05986444214339792,0
0,-0.0729521931641055,0
0,-0.03822681539206385,0
0,-0.0655311606965383,0
0,0.014677205124955073,1
0,-0.057478136443982475,0
0,-0.07291440981899122,0
1,0.022607459467776425,1
1,-0.024453959446385065,0
0,-0.08222289502970259,0
0,-0.04446976409666126,0
0,-0.05320929603569474,0
0,-0.06574069288686307,0
0,0.05739318836849949,1
0,-0.022614619555678894,0
1,0.022108963122197567,1
1,-0.0322605695030353,0
0,0.02528935442551772,1
0,-0.08277357296635729,0
0,-0.058152976219295105,0
0,-0.07272662173920558,0
0,-0.09105765860471166,0
0,-0.04866703452337984,0
1,0.02371505908625493,1
1,-0.0322605695030353,0
0,-0.05420954569062869,0
0,-0.08808040988219068,0
1,-0.03237981227916531,0
0,-0.0762955710316775,0
0,-0.03483522424643681,0
0,-0.01977794305024616,0
0,-0.07946004821077968,0
0,-0.055950485705207886,0
0,-0.09448774877933791,0
1,-0.07846937848731506,0
0,-0.06252465388063028,0
0,-0.06950951734219346,0
0,-0.035789146939420535,0
0,-0.022472438995225996,0
0,-0.06506278569402563,0
0,0.05739318836849949,1
0,-0.09443675711073596,0
1,0.02371505908625493,1
0,-0.07696003904112497,0
0,-0.0181370411440423,0
0,-0.058777511087239886,0
0,0.05739318836849949,1
0,0.06918529059506173,1
1,-0.07384231202159486,0
0,0.03932638417087042,1
0,-0.0895349126445627,0
0,-0.08134649385008819,0
0,0.06160648306646044,1
0,-0.06449259303224703,0
1,0.022607459467776425,1
0,-0.05228131162316407,0
0,-0.074065513915889,0
0,-0.07920527288583173,0
0,-0.06000380990987941,0
0,-0.0794083639790325,0
0,-0.07859130603442388,0
0,-0.03188065280751379,0
0,-0.07549424218361711,0
1,-0.05365754331578876,0
0,-0.04458133054630242,0
0,0.23046192102487228,1
1,0.022696425743937598,1
0,-0.018816630498222964,0
0,-0.07745011091940718,0
0,-0.05387246298989723,0
0,-0.06157931058027305,0
0,-0.0510591391079111,0
1,0.02371505908625493,1
0,-0.07559669487110138,0
0,-0.05204708184927137,0
0,-0.07271521753286442,0
0,-0.07546061970558116,0
0,-0.06130464794491913,0
0,-0.07660258170351952,0
1,0.018704360797310082,1
0,0.06002803285864522,1
0,-0.08479414585688005,0
0,-0.05553308702355558,0
0,-0.055950485705207886,0
0,-0.07350670449115204,0
1,-0.049042259633438834,0
0,-0.024574063454244066,0
0,-0.0660401865355954,0
0,-0.023859367980207158,0
0,-0.07058045949226488,0
0,0.10953307899996445,1
0,-0.019351168623959303,0
0,-0.07890531542463353,0
0,0.027549061239041328,1
0,0.02528935442551772,1
1,0.020788539663415317,1
0,-0.057221552044331214,0
0,0.055919252546305254,1
1,0.01751910108047583,1
0,-0.08496074844311685,0
0,0.10953307899996445,1
1,0.020788539663415317,1
0,-0.05450967587522115,0
0,-0.045998893115167194,0
1,-0.03237981227916531,0
0,-0.09254158782481198,0
0,-0.05049389686034311,0
0,0.08678045954000735,1
0,-0.054298026190277016,0
0,0.049027564512245214,1
0,-0.07446944721684923,0
0,0.13395787194968434,1
1,0.018704360797310082,1
0,-0.08153646686138993,0
0,0.02177137966863041,1
0,-0.061365933074572165,0
1,0.026454648746026543,1
0,-0.06557755999630072,0
0,-0.05166480907613896,0
0,0.0020342056607792758,1
0,-0.07756614568586706,0
0,-0.0014664339914415292,0
0,-0.05746893887314758,0
0,-0.09488218022567224,0
1,0.02362955767125552,1
0,-0.016073178729625492,0
1,-0.06604050539386352,0
0,-0.04656777196258577,0
0,-0.08292771372418672,0
1,0.025584671548748772,1
1,0.00029438567814310534,1
0,0.18048818412117196,1
1,-0.032950516717203004,0
0,-0.056983294495545844,0
0,-0.058204810697325915,0
1,0.018824571193721273,1
0,0.12521563920730783,1
1,0.020788539663415317,1
0,-0.08034997255136911,0
0,-0.05790608420852028,0
0,0.1277019482508981,1
0,0.0034864566255897733,1
1,-0.03176982550220808,0
0,-0.06179751544659412,0
0,-0.04971996476003593,0
0,-0.05221260852234588,0
0,-0.0562184634259521,0
0,-0.06533458809151826,0
0,-0.07060906151626511,0
0,-0.05470863272771409,0
0,0.08339975410058853,1
1,0.02251581758792809,1
0,-0.08116948720385614,0
0,-0.052117457892434604,0
0,-0.07703899175717477,0
0,-0.009169514564954573,0
0,-0.03851023986280139,0
0,-0.06342669964760556,0
0,-0.05163951545674089,0
0,-0.03382099935255567,0
0,-0.08761185764395041,0
0,-0.0450504087883109,0
0,-0.038751405858288956,0
0,-0.045098271311748594,0
0,-0.06559449045441412,0
0,-0.08671097222739421,0
1,-0.05849013499997008,0
0,-0.05221260852234588,0
1,0.02362955767125552,1
1,0.022108963122197567,1
0,0.05970479079411628,1
0,-0.05515126233991274,0
0,-0.07663250602240756,0
0,0.02528935442551772,1
1,0.022108963122197567,1
1,0.02371505908625493,1
0,-0.029355952692874387,0
0,-0.06218228967839129,0
0,-0.07947515300496955,0
0,-0.05213021745254315,0
0,-0.06979303280785398,0
0,-0.05820907303253625,0
0,0.06160648306646044,1
0,-0.09177968392894559,0
0,-0.057773754008869416,0
0,-0.05323019326340517,0
0,0.04105859887551677,1
1,-0.056298412450882684,0
0,-0.0029175342861434417,0
0,-0.06509105310923957,0
0,0.02528935442551772,1
0,0.05739318836849949,1
0,-0.0514000834349953,0
1,0.022108963122197567,1
0,-0.009895071757682061,0
0,-0.06566128870414323,0
0,-0.07293699211889199,0
0,-0.05962024482525852,0
0,-0.03974840184434031,0
0,-0.060832199878919024,0
0,0.03608002176478575,1
0,-0.07934381989635214,0
0,-0.03161545550724648,0
0,-0.06367027407986742,0
1,0.02371505908625493,1
0,-0.06740185940990762,0
0,-0.0498219346240546,0
0,0.04686094534498619,1
0,-0.070232795080166,0
0,-0.07470596195903395,0
0,-0.039406912268298455,0
0,-0.05031702623548012,0
0,-0.03594321164032954,0
0,-0.01480868295145138,0
0,-0.07154341309994317,0
0,-0.07184748482310066,0
0,0.002617455976516414,1
0,-0.07666302294480803,0
0,-0.028734219919889836,0
0,-0.09083757573813478,0
0,-0.01494858286753148,0
0,-0.08017753408411632,0
0,0.18048818412117196,1
0,0.04944344256601352,1
0,-0.07848255049275255,0
1,0.05143110871093737,1
0,-0.07092953470775532,0
0,-0.0679737443170611,0
0,-0.06616184122363478,0
0,0.095379893261748,1
0,-0.02821195152331646,0
0,-0.02800452722045277,0
1,0.022108963122197567,1
0,-0.07445986842438834,0
0,0.03811334194818117,1
0,-0.07145526033707211,0
1,-0.0322605695030353,0
0,-0.051740622244421164,0
0,-0.028569165402490937,0
0,-0.023385186604067132,0
0,-0.07819095209226118,0
1,0.02570194784564972,1
0,0.08277114911561279,1
1,-0.04914707168954674,0
0,-0.0656292539871528,0
1,-0.030647237968585928,0
0,-0.06395968145448716,0
0,-0.03478411012337018,0
0,-0.016494088113325422,0
0,-0.020097287180875223,0
0,0.00024536556494025863,1
0,-0.041736264348626706,0
0,-0.07581072915959286,0
0,-0.08228052656181145,0
0,-0.03659877971480918,0
0,0.017975321253354548,1
0,-0.04794597236207837,0
0,-0.03266434317984751,0
0,-0.04955662031994046,0
1,0.02371505908625493,1
0,0.1277019482508981,1
0,-0.054630967139995545,0
1,0.02371505908625493,1
0,0.06669443791425067,1
0,-0.032819721793100665,0
0,0.08120036352405724,1
0,-0.09110505439202427,0
0,-0.02779616879733593,0
0,-0.04483289142588093,0
0,-0.08187655026232304,0
0,0.10953307899996445,1
1,-0.006378713837203953,0
0,-0.06702937899482647,0
0,-0.022934812878033062,0
0,-0.02800452722045277,0
0,-0.03537265753736596,0
0,0.1277019482508981,1
1,0.022108963122197567,1
0,-0.06764181865184643,0
0,-0.08667512216112344,0
0,-0.014554683958917347,0
0,-0.06682018039302562,0
0,-0.08374727137429644,0
0,-0.08164521528233287,0
0,-0.06210635912234658,0
0,-0.03273224070252623,0
0,-0.03420058447216773,0
0,-0.0390849336546879,0
0,-0.08344532047663361,0
0,-0.0635584564410227,0
0,0.007781094268635824,1
0,0.10953307899996445,1
0,-0.08997411406213729,0
0,-0.08735584966919069,0
1,0.022108963122197567,1
0,-0.0803570561081281,0
0,-0.053456197918100246,0
0,-0.06450726144880498,0
0,-0.058447959448512166,0
0,0.08339975410058853,1
1,0.02371505908625493,1
0,0.08339975410058853,1
0,-0.056562408595428604,0
0,0.0020342056607792758,1
0,0.08678045954000735,1
0,-0.07430593428487314,0
1,0.018642208242853675,1
0,-0.074873632109687,0
0,-0.020136233063772768,0
0,-0.05221260852234588,0
1,-0.0322605695030353,0
0,-0.06357384502817848,0
0,-0.059190961507477935,0
1,-0.017339039249677557,0
0,-0.04610311150429136,0
0,-0.09214096849554576,0
0,-0.04864255367854592,0
0,0.017741737261288915,1
0,0.1277019482508981,1
1,0.025584671548748772,1
0,-0.027401508466145086,0
0,-0.05353661811400856,0
0,-0.05287392585439371,0
0,-0.06551095798254158,0
0,-0.05584732733669018,0
0,-0.09297688667591392,0
1,0.028331043128179356,1
0,-0.06843038603939117,0
0,-0.013299386093285404,0
0,-0.06670056359926402,0
0,-0.08178093706675782,0
0,-0.041905657167556565,0
0,0.1277019482508981,1
0,-0.06294880516047535,0
0,-0.08484884452672181,0
0,-0.058885705855897696,0
1,-0.031154028924512966,0
1,0.02371505908625493,1
0,-0.05269701312083319,0
0,-0.07137159921563635,0
0,0.002504114060451701,1
0,-0.052928677037508975,0
0,-0.06758877790422879,0
0,0.08339975410058853,1
0,-0.05461956778849608,0
1,-0.032692549964194795,0
0,-0.05025875069312025,0
1,-0.030647237968585928,0
1,0.029619340097468694,1
0,-0.0577214264915345,0
0,-0.06884544563856809,0
0,-0.0365919599469689,0
0,-0.060763655042050224,0
1,0.014088284194217704,1
0,-0.028036538755406015,0
1,0.022108963122197567,1
0,-0.08300065760801206,0
1,0.020788539663415317,1
1,0.02371505908625493,1
0,-0.06270365532257233,0
1,0.02306593421792602,1
0,0.08651393229832105,1
1,0.020788539663415317,1
0,-0.08832927288013381,0
0,-0.07681430614564061,0
0,-0.07443484114490495,0
1,-0.004510847268617335,0
0,-0.04993344017168455,0
0,-0.08006964313688125,0
0,0.13261556666681817,1
0,-0.05201643610161938,0
0,-0.056313857416795565,0
1,-0.031154028924512966,0
0,-0.025473343700513185,0
0,-0.005330004608327388,0
0,-0.07760604314352043,0
1,-0.0322605695030353,0
0,-0.07787688903483653,0
0,-0.036417175275671176,0
0,-0.07917545135740978,0
0,-0.03656166908627245,0
0,-0.018818804360093033,0
0,0.06918529059506173,1
0,-0.011339378679641687,0
0,-0.07578835905534054,0
0,-0.03149062251388396,0
0,-0.08181626522808488,0
0,-0.05601114702812565,0
0,-0.05359113740754634,0
0,-0.062261590820867296,0
0,0.06669443791425067,1
0,-0.08349935178635887,0
1,-0.06731307891497257,0
1,-0.031154028924512966,0
0,-0.0848659469835436,0
0,-0.02565297988534415,0
0,-0.050097797560372026,0
0,-0.0777600024810664,0
0,0.06918529059506173,1
0,-0.05477241838378166,0
0,0.08339975410058853,1
0,-0.10029648722648543,0
0,-0.020098517979653507,0
0,-0.03604785799697724,0
0,-0.06400281457571666,0
0,0.017836537042729583,1
0,0.047626567010378484,1
0,-0.024206954233937428,0
0,0.02528935442551772,1
0,-0.07982623782086595,0
0,-0.01876073508263615,0
0,-0.059233703656227266,0
0,0.1277019482508981,1
0,0.08339975410058853,1
0,-0.06000380990987941,0
0,0.1277019482508981,1
0,-0.0244580549393284,0
0,-0.07520894770455355,0
0,-0.06938125720335858,0
0,-0.0674192880210116,0
1,0.02371505908625493,1
0,-0.03349827103736963,0
0,-0.07176642709964176,0
1,-0.031728411932414435,0
0,-0.05201643610161938,0
0,-0.03674584450423979,0
0,-0.06606777585599355,0
0,-0.05152820647187595,0
0,-0.05626980534979392,0
0,-0.08214518432558005,0
1,0.02251581758792809,1
0,-0.06555930759888012,0
0,0.05739318836849949,1
1,-0.030647237968585928,0
0,-0.02617972540345309,0
0,-0.04896517632559566,0
0,-0.05043152326392797,0
1,-0.055272510617198456,0
1,0.022607459467776425,1
0,-0.007148977163293213,0
0,-0.03625707992128474,0
0,-0.07539027034135998,0
0,-0.05433750791650915,0
0,-0.07765040416196994,0
0,-0.02009784499363465,0
0,-0.06337398506451952,0
0,-0.0654332835918996,0
0,-0.021815379924734868,0
0,-0.05171444076853343,0
0,-0.08052054177287415,0
0,-0.05323019326340517,0
0,-0.01356283145625825,0
0,-0.07857352002932905,0
0,-0.07271749796181026,0
0,-0.04044351133216734,0
0,-0.06930782343585856,0
1,0.028235936958997954,1
0,0.100361652963736,1
0,0.08339975410058853,1
0,-0.06262796376696389,0
0,-0.06108549724357454,0
0,-0.04988205442640642,0
0,0.026690589618783678,1
1,0.02306593421792602,1
1,0.015769469932073177,1
0,-0.08012604852830857,0
1,0.005372213197350706,1
0,-0.04818647066609505,0
0,-0.05234037198519209,0
1,-0.0009357716251521819,0
0,-0.06983930859122756,0
0,0.06160648306646044,1
1,0.022696425743937598,1
0,-0.03272527577953743,0
0,0.03811334194818117,1
0,-0.05706916093716319,0
0,-0.06359252985018315,0
1,1.1233820617073675e-06,1
0,-0.05427421244433628,0
0,-0.05820907303253625,0
1,0.025605198364720194,1
0,0.095379893261748,1
0,-0.09143969610312452,0
1,0.028235936958997954,1
0,-0.06653240999446575,0
0,-0.08434564252870741,0
0,-0.025022914335850077,0
0,-0.05130747398108487,0
0,-0.08596206648070531,0
0,-0.028207112920878186,0
1,0.022607459467776425,1
0,0.08339975410058853,1
1,0.03210502270516524,1
0,-0.06395968145448716,0
1,0.02371505908625493,1
1,0.01751910108047583,1
0,0.021306342459617156,1
1,0.022607459467776425,1
0,-0.06477010144553264,0
0,-0.08612286959348009,0
0,-0.022126743440381624,0
0,-0.05237979864741199,0
1,0.02371505908625493,1
0,-0.07946604995868006,0
0,-0.047862766721131655,0
0,-0.0846051610945982,0
0,0.057868369029697275,1
0,0.046052971082941596,1
0,-0.04805893398633321,0
0,-0.08752247814567954,0
1,0.02306593421792602,1
0,-0.033848201359391594,0
0,0.002504114060451701,1
0,-0.08223118574250465,0
0,-0.06118422991141281,0
1,0.022607459467776425,1
0,-0.05416203591742713,0
0,-0.07756775196164412,0
0,0.002730823457326892,1
0,-0.06927660441838052,0
1,-0.03176982550220808,0
0,-0.059807320021627974,0
0,-0.06499806538280412,0
0,-0.07269224407023489,0
1,0.02371505908625493,1
0,-0.01474373318241462,0
0,-0.06618498449391491,0
0,-0.057282723938382185,0
0,-0.04710342988420163,0
0,-0.0725050006031911,0
0,-0.06556896737552925,0
0,-0.023839463696694707,0
0,-0.06833971293442331,0
0,-0.07316645713425884,0
0,-0.0378984113031241,0
1,0.01751910108047583,1
0,-0.055480396065877624,0
0,-0.0553343015765409,0
1,0.028235936958997954,1
0,0.08339975410058853,1
0,0.10953307899996445,1
0,-0.07909286975234858,0
0,-0.04998489915217891,0
0,-0.0699171408785057,0
0,-0.05585448002494381,0
0,-0.06916883626467124,0
0,-0.08481807864742907,0
0,-0.06049968927117333,0
0,-0.07585504235860668,0
0,-0.07793557024075215,0
0,-0.08052117232641032,0
0,-0.04417801348048245,0
0,0.08339975410058853,1
0,-0.029344396718611054,0
0,-0.015240508756513893,0
0,-0.04842356387410324,0
0,-0.05776111709623316,0
1,0.02371505908625493,1
0,-0.0878450121113225,0
0,-0.08463578693461588,0
0,-0.07611584612937661,0
0,-0.06626522209558589,0
0,0.08678045954000735,1
0,0.02528935442551772,1
0,-0.03730129483297734,0
0,-0.028309501876636167,0
0,-0.05840190750049801,0
0,0.02528935442551772,1
0,-0.02980234254758246,0
0,-0.08586985597952795,0
0,-0.0528898773220447,0
0,-0.04148148717830413,0
0,-0.0627138143024612,0
0,-0.08704999511790662,0
0,-0.05685721899771745,0
0,-0.0745575126521913,0
1,-0.0016172070816221629,0
0,-0.07396372337021373,0
0,-0.027176878320795073,0
0,-0.06411317968781588,0
0,0.100361652963736,1
0,-0.054395294855732024,0
0,-0.09316663495699612,0
0,-0.06450726144880498,0
0,-0.06159726596194698,0
0,-0.08651393864445855,0
0,-0.053456197918100246,0
1,-0.0013898185531217022,0
1,0.029619340097468694,1
0,-0.06470364943914436,0
0,0.01705388041338829,1
0,-0.040231433534334005,0
0,0.05739318836849949,1
0,-0.03869690759993433,0
0,0.02528935442551772,1
0,-0.06796071183563268,0
0,0.014151641419746008,1
0,0.02203112687103992,1
0,-0.08507372651478867,0
0,-0.08890083805139509,0
0,-0.04044010908840806,0
0,-0.04317761748106791,0
1,0.03380370206940975,1
1,0.022108963122197567,1
0,-0.07183281237709904,0
0,-0.027581945819399878,0
0,-0.027030764561150167,0
1,0.02371505908625493,1
0,-0.0825882055477366,0
1,0.02371505908625493,1
1,0.018642208242853675,1
0,-0.06343550942776804,0
1,-0.030647237968585928,0
0,-0.08419599646927745,0
1,-0.04843469146332635,0
1,-0.038343824952253636,0
0,-0.0657795437790139,0
0,-0.04732305344408899,0
0,0.0458494299086476,1
0,-0.033499244594238975,0
1,0.022696425743937598,1
0,0.12521563920730783,1
1,0.029619340097468694,1
0,-0.02362506329342151,0
0,-0.08748957704398913,0
1,0.022696425743937598,1
0,-0.05273937567093945,0
0,-0.02651377807195887,0
0,0.10528676287695315,1
1,0.02306593421792602,1
0,0.01244285245712895,1
0,0.048767148212785494,1
0,0.11226941501094456,1
0,-0.05710014364458882,0
0,-0.02891008928848976,0
0,-0.07237713932856449,0
1,-0.030647237968585928,0
1,0.029619340097468694,1
0,-0.06512423490487407,0
0,-0.0018024478760236828,0
1,-0.0322605695030353,0
0,-0.0680783408588817,0
0,-0.03982467267533746,0
0,-0.07368113084809752,0
1,-0.02207767166662894,0
0,-0.05603128101559468,0
0,-0.041736264348626706,0
1,-0.03164230826171727,0
0,-0.07608624768566025,0
0,-0.08363851310175374,0
0,-0.06796071183563268,0
0,0.08678045954000735,1
0,0.05739318836849949,1
0,-0.014634109330412759,0
0,-0.0826130026298929,0
0,-0.03743182686247909,0
0,0.036378716284447,1
0,-0.07203810110415898,0
0,-0.0416882587758422,0
0,-0.06491845098643728,0
0,0.05739318836849949,1
1,0.02371505908625493,1
0,0.047793361616763175,1
0,-0.013401037708864694,0
0,-0.0025719300947982804,0
0,0.0413928736024507,1
1,-0.03164230826171727,0
0,-0.03960152379130877,0
0,-0.024520016531900113,0
0,0.08339975410058853,1
0,-0.03424632839709002,0
0,-0.06962997195655574,0
1,-0.031154028924512966,0
0,-0.05519478247095644,0
0,-0.06678722238065987,0
0,0.02528935442551772,1
1,0.02045611042720885,1
0,0.06160648306646044,1
0,0.1938149882406549,1
0,-0.07093871082728559,0
1,-0.07009570615505634,0
0,0.05739318836849949,1
0,0.08678045954000735,1
1,0.08838996047103787,1
0,-0.06421470265036439,0
0,-0.049632443368975876,0
0,-0.04792693312508339,0
0,0.002617455976516414,1
0,-0.09110335741434472,0
0,-0.03987856623662295,0
0,-0.08347585245334616,0
0,-0.06496829740597032,0
0,0.011370713907867702,1
0,-0.0815686183077447,0
0,-0.02477322022070899,0
0,-0.03161903395880944,0
0,-0.07472784146771072,0
0,-0.026680972465047526,0
0,-0.06102662360491096,0
0,-0.08153551665574665,0
1,0.00198180468416731,1
0,-0.0679924431259748,0
0,-0.015490884701452212,0
0,-0.0832888285004828,0
0,-0.0361666705155792,0
1,-0.0324287369006141,0
1,-0.06908536246558866,0
1,-0.06938101928477203,0
0,-0.07693288791548075,0
0,-0.08241308174645884,0
0,-0.049384277826174716,0
0,-0.048579308473192584,0
0,0.04051342863230889,1
0,-0.026265945212679553,0
0,-0.05236786243548858,0
0,-0.08206077819237312,0
0,-0.0923214582501849,0
0,-0.049632443368975876,0
0,-0.05702178843627986,0
0,-0.053165876855632066,0
0,-0.07799413716476805,0
0,-0.07695884470430459,0
0,-0.05772094137730849,0
0,-0.01628371785454108,0
1,-0.08481706702903402,0
0,0.10953307899996445,1
0,-0.03051890416689923,0
0,-0.06565712543889224,0
0,-0.024271733397106143,0
0,-0.0796370614310351,0
0,-0.06608139163475851,0
0,-0.02192163234197886,0
0,-0.06565839296069026,0
1,0.028235936958997954,1
0,-0.02245484118040658,0
0,-0.03382099935255567,0
0,0.2295753148581593,1
0,-0.07563605159162046,0
0,0.04162064713048841,1
1,0.01751910108047583,1
0,-0.057063663669496945,0
0,-0.052517799421335,0
0,-0.04285860822319182,0
0,-0.07707576640100516,0
0,-0.01875980164996699,0
0,-0.07920890480853493,0
0,-0.03586820438054911,0
0,0.007492909497119005,1
0,-0.054707637052964164,0
0,-0.0680783408588817,0
1,-0.04845618030955734,0
0,-0.05598816819904873,0
0,0.02528935442551772,1
0,-0.07789373485791579,0
0,-0.0515139863155305,0
0,-0.08014592439069063,0
0,-0.0721036033200424,0
0,-0.02964671939780994,0
0,-0.07425615286214493,0
0,-0.06164506537873948,0
0,-0.041465038767893814,0
0,-0.07075773639680538,0
0,0.05102494775031219,1
0,-0.07012251374414963,0
0,-0.08367359159289661,0
0,0.026183660771209705,1
1,0.02251581758792809,1
0,-0.0616752423450142,0
0,-0.018704499077255354,0
1,0.01751910108047583,1
0,-0.0733843608601436,0
0,0.10953307899996445,1
0,-0.07298376232071047,0
1,0.018704360797310082,1
0,-0.06140357521292261,0
0,-0.06801140997046767,0
0,-0.0680783408588817,0
0,-0.0037151708337520017,0
1,-0.0322605695030353,0
1,-0.03164230826171727,0
0,-0.06542661689163864,0
0,-0.020439416783564535,0
0,-0.04056143450117039,0
0,0.06160648306646044,1
0,-0.07244890457179703,0
1,-0.012014426660207023,0
0,-0.017938564125705214,0
0,-0.07867119838676162,0
0,0.020821120043256425,1
0,0.05102494775031219,1
0,-0.09456382570686145,0
0,0.01688825295662344,1
0,-0.053278257114491745,0
0,0.06918529059506173,1
0,-0.05221260852234588,0
1,0.022607459467776425,1
0,-0.07847686250807517,0
0,0.08678045954000735,1
0,-0.057282723938382185,0
0,-0.04044351133216734,0
0,-0.03111035732224421,0
0,-0.0858649484031806,0
0,-0.06789043647315512,0
0,-0.056774419792769315,0
0,-0.055950485705207886,0
0,0.07054940007043975,1
0,0.1277019482508981,1
0,-0.06120569836345441,0
0,-0.043612291320075935,0
0,0.01746169669174491,1
0,-0.06824900032195957,0
0,-0.07954954972984929,0
1,-0.031154028924512966,0
0,-0.01949566438127931,0
0,0.06487916994885978,1
0,-0.07752918603940567,0
0,0.02144902921724845,1
0,-0.04646269513080031,0
0,-0.08859030013215946,0
0,-0.014659115373724163,0
0,-0.05201643610161938,0
0,-0.05559399373952667,0
0,-0.07475502413362656,0
1,-0.04287667546171264,0
0,-0.062343082416463635,0
0,0.02528935442551772,1
0,-0.09056003883925462,0
0,-0.08498106724459137,0
0,0.032045348847145716,1
0,-0.051700449128564696,0
0,-0.061741186538515846,0
0,-0.0608428626643604,0
0,0.0455407270694016,1
0,-0.052550393601002277,0
0,-0.06088787723638456,0
0,-0.08455529483168989,0
0,-0.0486584660254179,0
0,-0.009611720341253682,0
1,-0.028440269393504136,0
0,-0.059904566918925595,0
0,-0.06284913121360886,0
0,-0.07471808438147765,0
0,-0.05366651420643326,0
0,-0.030657213444033327,0
1,0.020788539663415317,1
1,0.018704360797310082,1
0,-0.06920533295603809,0
0,-0.031170421835196027,0
0,-0.054786402628215825,0
0,-0.06381339678305264,0
0,-0.028755783151867997,0
0,-0.08644507365989607,0
0,-0.076738075273169,0
0,-0.05516610563642632,0
1,-0.015292851170491284,0
0,-0.044193113090561564,0
0,-0.05667802697603613,0
0,0.033660194160527346,1
0,-0.06788876185804937,0
0,-0.038389277097708896,0
1,0.02251581758792809,1
0,-0.07772991694270281,0
1,0.01751910108047583,1
0,-0.059133927658080676,0
1,-0.031154028924512966,0
0,-0.048579308473192584,0
0,-0.07322318762806435,0
0,-0.07775581327893472,0
0,-0.015054074582366406,0
1,0.016812575021424414,1
0,-0.09210833740988067,0
0,-0.06820348458803749,0
0,-0.08819193637697986,0
0,-0.07173501767405704,0
0,-0.07723159818103886,0
0,0.014550831827426336,1
0,-0.006141790838817052,0
1,-0.0322605695030353,0
0,-0.036189216504849075,0
0,0.03811334194818117,1
0,-0.03672732148890062,0
0,0.021869135931908534,1
0,-0.09466189156983179,0
0,-0.08304624691325974,0
0,-0.07408693393726806,0
0,-0.008339815263430694,0
0,-0.05740999113433859,0
0,-0.08528685489920584,0
1,-0.031154028924512966,0
0,-0.08312348691487431,0
0,-0.05536623060636198,0
0,-0.05780701925817766,0
0,-0.04849417414250545,0
0,-0.06327665024156326,0
0,-0.05201643610161938,0
0,-0.05280852705372541,0
0,-0.021660221229474086,0
1,-0.030647237968585928,0
0,-0.08357951505749084,0
0,-0.02642305455394106,0
1,0.02306593421792602,1
0,0.07258919439274591,1
0,-0.06363476068076229,0
0,-0.09029065733569402,0
1,0.020788539663415317,1
1,-0.01125435753546361,0
0,-0.05999483097050817,0
0,-0.07627076449761722,0
1,-0.0028499464393271223,0
1,-0.07513218094511848,0
1,0.02371505908625493,1
0,-0.055812363295483225,0
0,-0.0047601726293154956,0
1,-0.04573411378245973,0
0,-0.06884434238853515,0
0,0.06918529059506173,1
0,-0.08043533447897466,0
0,-0.0637659449964228,0
0,-0.06595089649192554,0
0,0.007390922926267862,1
0,-0.0692112826856891,0
0,-0.050456226513640956,0
1,-0.005423088602064363,0
0,0.006227500174881273,1
0,-0.014637295089883207,0
1,0.018704360797310082,1
0,-0.06559020644248087,0
0,-0.05573196744821107,0
0,-0.07237826603660341,0
1,-0.0322605695030353,0
0,0.02528935442551772,1
0,-0.0892077597606204,0
1,0.018642208242853675,1
0,-0.0562184634259521,0
0,-0.08386363699140448,0
0,-0.033204221380671084,0
0,-0.0789259825241837,0
0,-0.05105272225031793,0
0,-0.03994684903482515,0
0,-0.055384585696606814,0
0,-0.07549702713310136,0
0,-0.08088713540767761,0
0,-0.0656292539871528,0
0,-0.06191169250065787,0
0,-0.05563645816606111,0
0,-0.05687794560532289,0
0,-0.08022427613318311,0
0,0.02528935442551772,1
0,-0.05035192854905429,0
0,0.095379893261748,1
0,-0.04134864749898093,0
0,-0.08432026776794638,0
0,-0.03403272511026084,0
0,-0.052465766106072786,0
0,-0.027913801998437515,0
0,-0.041141722682661974,0
0,-0.0579771558967348,0
0,-0.09270004326692333,0
0,-0.05363899357377244,0
0,-0.0030280948169410515,0
0,-0.07855488218800993,0
0,-0.08263906133040078,0
0,0.02421075477008061,1
0,0.08678045954000735,1
1,-0.060343198453156,0
1,0.02371505908625493,1
0,-0.05702178843627986,0
0,-0.04148148717830413,0
0,-0.030138282691904827,0
0,0.06160648306646044,1
0,-0.04409684184603657,0
0,-0.09061681349954481,0
0,-0.07190733078943151,0
0,-0.07929668864673656,0
0,-0.08637550691472984,0
1,0.016812575021424414,1
1,0.022108963122197567,1
0,-0.08160743013788602,0
0,-0.05563331579783526,0
0,-0.05118794874001348,0
0,-0.08511342653495807,0
0,-0.07607211417835585,0
1,0.02306593421792602,1
0,-0.030772317829385887,0
0,-0.05436974295980401,0
0,-0.012558455612128538,0
0,0.23046192102487228,1
0,-0.03923827999106755,0
0,-0.04917317902221141,0
0,-0.06381339678305264,0
0,-0.07341999751496836,0
0,-0.08022519990823701,0
0,-0.08343556094199883,0
0,-0.07180655798679114,0
0,-0.07023476300602505,0
0,-0.0772123537663787,0
0,-0.0682375627741969,0
0,-0.07824298075171932,0
0,-0.05200365988404665,0
0,-0.07667390926529416,0
0,-0.05146192658812393,0
1,0.02371505908625493,1
0,-0.0361666705155792,0
0,-0.05718286719504473,0
1,-0.07678704139951625,0
0,-0.06023979573653038,0
0,-0.05683813237219576,0
0,-0.07828102373113732,0
0,0.05739318836849949,1
0,-0.0764490739369812,0
0,-0.040258009425672814,0
0,-0.028744049242329928,0
0,-0.022632698656404382,0
0,-0.04713626530341575,0
0,0.054501311607141556,1
0,-0.06086693782463848,0
0,-0.009948627606014004,0
0,0.02528935442551772,1
0,-0.05583215137429037,0
0,-0.06700677517539372,0
0,-0.05736198672431564,0
1,0.02371505908625493,1
0,-0.04845833698906282,0
1,0.02306593421792602,1
0,-0.07256352970529972,0
0,-0.07098680166707888,0
0,-0.06077728425395129,0
0,-0.0677787408768486,0
1,-0.038291005099178155,0
0,-0.08549163313967795,0
0,-0.0656292539871528,0
0,-0.07054288509465939,0
0,-0.007187005883395825,0
0,-0.07963699537278185,0
0,-0.07644509076719258,0
1,0.02371505908625493,1
0,-0.01592999367781328,0
0,-0.08425905885298152,0
0,-0.053881522305188445,0
0,-0.02120611492497554,0
1,0.018704360797310082,1
1,-0.026094407842549572,0
1,-0.028963216775775513,0
0,-0.08118971941586878,0
0,-0.0626098265338817,0
0,-0.061741186538515846,0
0,-0.07987511566070904,0
0,-0.0543268775809867,0
0,-0.08089720667725869,0
0,-0.05026076111962696,0
0,-0.08499479850853031,0
0,-0.052117457892434604,0
0,-0.0016719399658365885,0
0,-0.038027327452680004,0
0,0.04464348741108648,1
1,-0.0322605695030353,0
1,0.016727081269584887,1
0,-0.06727905390708805,0
0,-0.06886522268081202,0
1,-0.03176982550220808,0
0,-0.06501838970154111,0
0,-0.08481614221302164,0
0,-0.041529514409248514,0
0,-0.06489842994888517,0
0,-0.08130057323587381,0
0,-0.07178025881230304,0
0,-0.09322185353256429,0
0,-0.06911411647893922,0
0,-0.07957411295562333,0
0,-0.060975354299260764,0
0,0.02528935442551772,1
0,-0.06574069288686307,0
0,-0.05891976556674117,0
1,-0.015079031689569311,0
0,-0.06839066241610697,0
0,-0.03664269813946769,0
1,-0.07921856933551269,0
1,-0.07396995393116701,0
0,-0.04666060622828161,0
0,0.02528935442551772,1
0,-0.047895137404974086,0
0,0.1277019482508981,1
0,-0.06450859717559465,0
0,0.12521563920730783,1
0,-0.04842813994674866,0
0,-0.055950485705207886,0
0,-0.05426223179620654,0
0,0.012932397611758795,1
0,-0.06509615977283195,0
0,-0.0837966758277317,0
0,-0.07040555321815156,0
0,-0.06976934397712409,0
0,-0.07987236129774905,0
0,-0.08339924858859776,0
0,-0.07022607878738607,0
1,-0.0322605695030353,0
1,0.022108963122197567,1
0,-0.07371105468219574,0
0,0.013895744759546802,1
0,0.06918529059506173,1
0,-0.08453149832714263,0
0,-0.047252776684872544,0
0,0.14666219215207066,1
0,-0.06748524705326903,0
0,-0.008624840074788476,0
0,-0.09393790083898035,0
0,-0.03382099935255567,0
1,0.022108963122197567,1
0,-0.056988577121649564,0
0,0.03811334194818117,1
0,-0.02518060257668464,0
1,-0.030647237968585928,0
0,0.007595025755258833,1
0,0.011557284284349434,1
0,-0.038882160720217274,0
0,-0.08437064099259972,0
0,-0.04110448219616203,0
0,-0.05031702623548012,0
1,0.031224543828636375,1
1,0.02371505908625493,1
0,-0.03596027565158888,0
0,-0.08538248106156532,0
0,-0.06574502175334584,0
0,-0.059237886473158474,0
0,-0.07339281650697937,0
0,-0.05601114702812565,0
0,-0.034272378779508506,0
1,-0.052840937942544075,0
1,0.02306593421792602,1
0,-0.08660002411030049,0
0,-0.05382472618181888,0
0,0.05739318836849949,1
0,-0.08066392839798647,0
0,-0.07500937271803287,0
1,0.025605198364720194,1
0,-0.060132185110148895,0
0,0.06669443791425067,1
0,-0.035822888282739995,0
1,-0.05366075680590743,0
0,-0.03375165600399627,0
0,-0.0038755553808649257,0
1,0.01751910108047583,1
0,-0.023121287114742484,0
0,-0.0025526402473192156,0
0,-0.07621206896081173,0
0,-0.07441164147754548,0
0,-0.05464993199120782,0
0,-0.0337610017990404,0
1,-0.02207767166662894,0
0,-0.08658550167943074,0
0,-0.05819317817567532,0
0,0.06918529059506173,1
0,-0.08130647755472775,0
0,0.11226941501094456,1
0,-0.015501480464832462,0
0,-0.0585580753671765,0
0,-0.08092849322599166,0
0,-0.061316417802608214,0
0,-0.05437472509904073,0
0,0.03040878822881088,1
0,-0.053165876855632066,0
0,-0.05908072156983035,0
0,-0.062020921276059404,0
0,-0.09010011123596212,0
0,0.02528935442551772,1
1,0.0011757769742354318,1
0,-0.053026930121906346,0
0,-0.09190858846415728,0
0,-0.06911411647893922,0
0,-0.032806520567204456,0
0,-0.06551440370886119,0
0,-0.014653164434683785,0
0,-0.040154312686384364,0
0,0.05599256991787316,1
0,-0.05598816819904873,0
1,-0.03164230826171727,0
0,-0.02512411235734785,0
0,0.14666219215207066,1
0,-0.05353661811400856,0
1,0.02371505908625493,1
0,-0.0849709067132779,0
0,-0.06866702165469957,0
0,-0.058721720441005654,0
0,-0.03228137466557851,0
0,-0.06523305745275365,0
0,0.12521563920730783,1
0,-0.01526981500106489,0
1,-0.030647237968585928,0
1,-0.006314156466511733,0
0,-0.03745656490543825,0
0,-0.03581774973128332,0
1,0.018704360797310082,1
0,0.095379893261748,1
1,-0.009548107400276673,0
0,-0.053026930121906346,0
0,-0.010669811381324223,0
1,0.02306593421792602,1
0,-0.052517799421335,0
0,-0.07718143879515926,0
0,-0.07990629420050271,0
0,-0.09000138023618748,0
0,-0.0425117629383675,0
0,-0.05573196744821107,0
0,-0.040258009425672814,0
0,0.05739318836849949,1
0,-0.03931129848977971,0
0,-0.07295412274133867,0
0,0.02215332086780697,1
0,-0.07906222618527337,0
0,-0.04920443319072859,0
0,-0.004181322340776117,0
0,-0.04763157617107988,0
0,-0.053421509116210464,0
0,0.012768434130278172,1
1,-0.0322605695030353,0
0,-0.08517355905354146,0
1,0.02371505908625493,1
0,-0.06817574063649545,0
0,-0.06501838970154111,0
0,-0.005580543565904428,0
0,-0.07037822219813278,0
0,-0.05291875520557504,0
0,-0.08214900616748627,0
1,0.025584671548748772,1
0,-0.09162834347426252,0
0,0.05739318836849949,1
1,0.02057515205297411,1
0,-0.01166154994372881,0
0,-0.06504894485258833,0
0,0.02528935442551772,1
0,-0.060912571812462735,0
0,0.08678045954000735,1
0,-0.06730103516019365,0
0,-0.020543116482978796,0
0,-0.06096596379773689,0
0,-0.041335195483029,0
0,-0.0416882587758422,0
0,-0.03168586005788249,0
0,-0.04507530614040617,0
1,-0.03767250774643105,0
1,0.022108963122197567,1
0,-0.059904566918925595,0
0,0.07258919439274591,1
0,0.06918529059506173,1
0,-0.016941496419085822,0
0,0.06857234229915021,1
1,0.02371505908625493,1
1,0.02371505908625493,1
0,-0.08903363953503596,0
0,-0.053264871058911145,0
0,-0.07992138187029069,0
0,-0.02869978781634669,0
0,0.05193450220811335,1
0,0.1801813140057853,1
1,0.02371505908625493,1
0,0.03797285949564455,1
0,-0.0680783408588817,0
0,-0.08100819847593105,0
0,0.005828498800761639,1
0,-0.0461016087237307,0
0,-0.08098421059089211,0
0,-0.084175034177282,0
0,-0.02454820782958228,0
0,-0.05878621067187262,0
0,0.040014477880964905,1
0,-0.07129545397265558,0
0,-0.0388235664850935,0
0,-0.07676563234504868,0
0,0.05218844669110312,1
0,-0.019412251245141288,0
0,-0.041648346063015595,0
0,0.05397179897182147,1
0,-0.06813479984002535,0
0,-0.05702178843627986,0
0,-0.06150023420090778,0
0,-0.05287392585439371,0
0,-0.07318321753059642,0
1,-0.060577072743011495,0
0,0.08339975410058853,1
0,-0.06570416758541742,0
0,-0.008442474601902894,0
1,0.02371505908625493,1
0,-0.03645019229741914,0
0,0.08339975410058853,1
0,-0.022999093635818424,0
0,-0.06866479547801513,0
0,-0.050930625494881365,0
0,-0.07063162674401074,0
0,-0.048820639830069845,0
0,-0.0795762648162221,0
0,-0.047212562857534224,0
0,-0.04141772182138892,0
0,0.06918529059506173,1
0,-0.07792375778848987,0
0,-0.02254460758333371,0
0,0.08339975410058853,1
0,-0.06597535802621629,0
1,-0.031154028924512966,0
1,0.01751910108047583,1
0,-0.05353661811400856,0
0,-0.0755300729127984,0
1,-0.0010141947254830308,0
0,-0.0637003219404586,0
0,-0.08703106605440258,0
0,-0.05573196744821107,0
0,0.14666219215207066,1
1,0.020788539663415317,1
0,-0.07872456737860228,0
0,-0.034336114041377375,0
1,0.016727081269584887,1
0,-0.06541883149115885,0
0,-0.06491845098643728,0
0,-0.016956856443031354,0
0,-0.050262780108872696,0
0,-0.06376855595173758,0
0,-0.03901231284956275,0
0,-0.05822410330750816,0
0,0.029403788751640292,1
0,0.08339975410058853,1
0,-0.04937259003169059,0
0,-0.06450726144880498,0
0,-0.06735744309782904,0
0,-0.04110448219616203,0
0,0.05739318836849949,1
1,-0.01682066596099946,0
0,0.03619452895544262,1
0,-0.08613631012703316,0
1,0.029619340097468694,1
0,-0.06571033752252453,0
0,-0.051792161293558014,0
0,-0.03441288049607638,0
0,-0.019513825914704797,0
0,-0.06747821599314091,0
0,-0.02820283031249271,0
0,-0.08493377144852182,0
0,0.012344435518837127,1
0,-0.08078285687091719,0
0,-0.052117457892434604,0
1,-0.084913938846013,0
0,-0.04900556011428453,0
0,-0.05107454673588502,0
0,-0.08746379861394571,0
0,-0.06294880516047535,0
0,-0.05852101820804251,0
0,-0.08312957765688345,0
0,-0.02778188890861638,0
0,-0.08705814502572384,0
0,-0.09924715621770647,0
0,-0.05839044231975982,0
0,-0.08664001106019753,0
0,-0.05287392585439371,0
0,-0.0775269155710348,0
0,-0.07288887174268782,0
0,-0.08161606269896193,0
0,-0.05414084011049375,0
0,-0.03015543977831736,0
1,0.022108963122197567,1
0,-0.03386597345901382,0
0,-0.024157415604918242,0
0,-0.026258570160188344,0
0,0.1277019482508981,1
0,-0.07536295685451139,0
0,-0.06916883626467124,0
0,-0.06400281457571666,0
0,-0.08962083495135986,0
0,0.007333796553965488,1
0,-0.055947485248729056,0
0,-0.06610245247756902,0
0,0.09373893816060619,1
0,-0.09277852687605337,0
1,-0.030647237968585928,0
0,-0.0712473877798282,0
0,-0.05117235740201814,0
0,-0.0659748825456804,0
0,-0.010596656125000548,0
0,-0.08905359657685946,0
0,0.03816009964195455,1
0,-0.079843689357878,0
0,-0.01594836182723175,0
0,-0.08062220636545375,0
0,-0.06445110251568864,0
0,-0.07591777738274458,0
0,-0.0511701013879276,0
1,0.02371505908625493,1
0,-0.08261439189602321,0
0,-0.06920742220993914,0
0,-0.02219184057933221,0
1,-0.05475296337856833,0
0,0.100361652963736,1
1,-0.04477286090335125,0
0,-0.033291974399804136,0
1,0.02371505908625493,1
0,0.01063474788063401,1
1,0.018704360797310082,1
0,-0.0810241459019227,0
0,-0.04719472583343115,0
0,-0.05937911952634506,0
0,0.058546311879970614,1
0,-0.03636451893515774,0
0,0.026748500300370015,1
0,-0.08552636512189249,0
1,-0.02207767166662894,0
0,0.025700439109293538,1
1,0.020788539663415317,1
1,-0.022015394995129167,0
0,-0.06317568411592189,0
0,0.08401450828741197,1
1,0.02371505908625493,1
0,-0.05075477084995855,0
0,-0.07546280245055814,0
0,-0.0876584349737568,0
0,-0.07445394640477343,0
0,-0.013720804649815954,0
0,-0.0499051214543903,0
0,0.02528935442551772,1
0,-0.01828522978679925,0
0,-0.08288838131001464,0
0,0.07473062651581908,1
0,-0.0707667445851144,0
0,-0.05437472509904073,0
0,-0.07587436047348917,0
0,-0.07568776703106256,0
0,-0.0826062610148911,0
0,-0.036521714751935164,0
0,-0.051902612425612116,0
0,-0.03268830062952749,0
0,-0.06861169225398223,0
0,0.05739318836849949,1
1,0.018704360797310082,1
0,-0.06541883149115885,0
0,-0.09004118788092624,0
1,-0.06538461632463322,0
0,-0.08204067863092873,0
0,-0.030444776122311834,0
0,-0.04646165282750714,0
0,-0.05363899357377244,0
0,0.0064932431422852765,1
0,0.014891681953507874,1
0,0.08678045954000735,1
0,-0.06293496457618947,0
1,-0.026497084551374672,0
0,-0.09182699608013395,0
0,-0.048221301226695934,0
0,-0.06911411647893922,0
0,-0.054683644706039425,0
0,0.016174002700592216,1
1,0.02604794842283198,1
0,-0.07575702343245877,0
0,-0.09066746402485876,0
0,-0.07512340216212648,0
1,-0.049042259633438834,0
0,-0.08238825497016072,0
0,-0.02231563943459064,0
0,-0.08630752191385743,0
0,0.06828601964649994,1
0,-0.060037165604798326,0
0,-0.030936228181756287,0
0,-0.07466218053000384,0
0,0.03811334194818117,1
0,-0.014626477770426971,0
0,-0.06699654620830597,0
0,0.014346306957098376,1
0,-0.06163201783225325,0
0,0.049935376319806046,1
0,-0.06848799176416581,0
0,0.0589292260189177,1
0,-0.03781882264659503,0
1,0.02306593421792602,1
0,-0.07832559611251383,0
1,0.02371505908625493,1
0,-0.028985962299128476,0
1,0.02371505908625493,1
0,-0.024050384944940162,0
0,0.10953307899996445,1
0,0.0012549010134846883,1
0,-0.03369780290091973,0
0,-0.06260041417164341,0
0,-0.06916883626467124,0
0,-0.026017667306679815,0
0,-0.0652007821638238,0
1,-0.0795182484285013,0
0,0.04893122756392254,1
0,-0.046106332155729735,0
0,0.05739318836849949,1
0,-0.057203709232283906,0
0,-0.024982857912330125,0
0,-0.03801867359538025,0
1,0.02371505908625493,1
0,-0.05180154217549837,0
0,-0.07626094550936668,0
1,0.02306593421792602,1
0,-0.03316294425490823,0
0,-0.006668952403897255,0
0,-0.0293929222647058,0
0,0.02528935442551772,1
0,-0.050074881209855426,0
0,-0.07640785087528412,0
0,-0.03892529438013692,0
0,0.01244285245712895,1
0,-0.09006063278733711,0
1,0.022108963122197567,1
1,0.029619340097468694,1
0,0.100361652963736,1
0,0.11226941501094456,1
0,-0.06701573885930567,0
0,-0.016789951416393112,0
0,-0.06082136790628495,0
0,-0.08417488470418966,0
0,-0.02740831749478234,0
0,-0.07333319019717,0
0,-0.08245774509737952,0
0,-0.006715381429633183,0
1,-0.07053576217647195,0
1,-0.031154028924512966,0
0,0.029629761014356326,1
0,-0.08855942551457685,0
0,-0.07588533889263044,0
0,-0.07717270506578644,0
1,0.018704360797310082,1
0,-0.0528898773220447,0
1,0.02251581758792809,1
0,-0.04381802679579028,0
0,-0.019358297288317006,0
0,0.08339975410058853,1
1,-0.04778072963450908,0
1,0.018824571193721273,1
0,-0.02807565838655618,0
1,0.02371505908625493,1
0,-0.02635877261858849,0
0,-0.03746075510329405,0
0,-0.026437594319044355,0
0,-0.08287594677798582,0
0,-0.08188943535585164,0
1,-0.0322605695030353,0
0,-0.08150070126634446,0
0,0.006577215479494858,1
0,-0.06572456632082346,0
0,-0.04506692019963543,0
0,-0.05496012003688383,0
1,-0.030647237968585928,0
1,0.02306593421792602,1
0,-0.06148681859311128,0
0,-0.06817574063649545,0
1,-0.024523845377587172,0
0,-0.06979817458930326,0
0,-0.08066770016077379,0
0,-0.08121835916270803,0
0,-0.03752632789986898,0
0,-0.07626942011077581,0
0,-0.08864939208480976,0
0,-0.017990886334250278,0
1,0.02371505908625493,1
0,-0.05433961275162735,0
0,0.04614340818100371,1
0,0.018121012663178004,1
0,0.01905017322608782,1
0,-0.05944797201819185,0
0,-0.06647564193273103,0
1,-0.02956953851692279,0
0,0.02528935442551772,1
0,-0.05727751244113649,0
0,-0.06317568411592189,0
0,-0.06430530014219304,0
0,0.1277019482508981,1
0,-0.08012367335105769,0
0,-0.0861988502850482,0
0,-0.024007684815010144,0
0,0.03811334194818117,1
0,-0.08871971463878991,0
0,-0.05150522246821576,0
1,0.018367986334742792,1
0,0.018001712901965727,1
1,0.02251581758792809,1
0,-0.02076092991063555,0
0,-0.06916883626467124,0
0,0.06669443791425067,1
0,-0.029980968880242875,0
0,-0.06604226054971746,0
0,-0.05179557343986474,0
0,0.06731427070393103,1
1,0.02251581758792809,1
0,-0.08775268845540402,0
0,-0.0809672819789467,0
0,0.02528935442551772,1
0,-0.028565382288121,0
1,0.02371505908625493,1
0,-0.07504193286257693,0
0,-0.006307723555474931,0
0,-0.06583861981190686,0
0,-0.04393809238044405,0
0,-0.04797137014487285,0
1,-0.030647237968585928,0
1,-0.08733665322076717,0
0,0.02528935442551772,1
0,-0.056789248038147444,0
0,-0.06321646057356273,0
0,-0.0656292539871528,0
0,-0.05163951545674089,0
1,-0.0012194749331996269,0
1,0.020788539663415317,1
0,-0.05097821289682203,0
0,-0.08699412947774576,0
0,-0.0571939800618535,0
0,-0.06381339678305264,0
0,-0.08443527482281471,0
0,-0.07068728186365997,0
0,-0.057001803372109305,0
0,0.06918529059506173,1
0,-0.05294886532411569,0
0,-0.032705979707308874,0
0,-0.06571033752252453,0
0,-0.09126137818461949,0
0,0.08678045954000735,1
0,-0.08937525087609188,0
0,-0.06875030369998097,0
0,0.018506650605665254,1
0,-0.025979747463588387,0
1,0.020788539663415317,1
1,-0.07223720746951673,0
1,0.025584671548748772,1
0,0.02528935442551772,1
0,-0.056598694097077795,0
0,-0.03717234043495321,0
0,-0.05908765550690831,0
0,0.11226941501094456,1
0,-0.06919407647772047,0
0,-0.05198367165954382,0
0,0.04178654547002636,1
0,-0.02576149015011281,0
0,0.00209663143466432,1
1,-0.0322605695030353,0
0,0.05739318836849949,1
0,-0.0382657660092241,0
0,-0.03985651532966117,0
0,-0.018055273148585016,0
0,-0.034354093819887466,0
0,-0.08801740064005309,0
1,-0.07543380112098241,0
0,-0.08562200201165288,0
0,-0.0767484818022417,0
0,0.095379893261748,1
0,-0.08567052168121947,0
0,-0.05147014720825349,0
0,0.05603811483591459,1
0,0.005690433460216027,1
0,-0.019760817497225525,0
0,-0.0624629883382089,0
1,0.018704360797310082,1
0,-0.05130747398108487,0
0,-0.05353661811400856,0
0,-0.075494059842592,0
0,-0.054006671169725684,0
0,0.007390922926267862,1
0,-0.07994365171078471,0
0,-0.05800577786400424,0
0,-0.038503018509157494,0
0,-0.06050290458256158,0
0,-0.02005849135448995,0
0,-0.06595682660578656,0
0,-0.05598816819904873,0
0,-0.08133523093387479,0
1,-0.030647237968585928,0
0,-0.03724922783397605,0
0,0.02528935442551772,1
0,-0.048596814122121024,0
0,-0.0789365308789004,0
0,-0.06152895556565352,0
0,0.06669443791425067,1
0,-0.022986024390513782,0
1,0.01751910108047583,1
0,-0.0783667036232697,0
0,-0.0577214264915345,0
0,-0.07751346234617246,0
0,0.021615629073652998,1
0,-0.08320480421346266,0
0,-0.03937496472753421,0
0,-0.06940554937021681,0
0,-0.07769892278713814,0
1,0.022696425743937598,1
0,-0.052049513983276896,0
0,-0.004212675845575498,0
0,0.02528935442551772,1
1,0.02251581758792809,1
0,-0.08841247084571974,0
1,-0.057472686197277856,0
0,-0.0877634862418516,0
0,-0.0182238766867992,0
1,0.026194684693887305,1
1,0.025584671548748772,1
1,-0.08795018480588362,0
0,-0.026520284430783914,0
0,0.0679958759555459,1
0,-0.07055795551062866,0
0,0.03811334194818117,1
0,-0.040258009425672814,0
1,-0.0322605695030353,0
1,-0.02628791037519601,0
0,0.08339975410058853,1
0,-0.05353661811400856,0
1,0.020788539663415317,1
1,0.02306593421792602,1
0,-0.04134864749898093,0
0,-0.08084692346281852,0
0,-0.053456197918100246,0
1,-0.07029872591319264,0
0,-0.06513592585980771,0
0,-0.029502658686603456,0
0,-0.08728979620298721,0
0,0.03811334194818117,1
0,-0.019410757587974725,0
0,-0.0876494437719455,0
0,-0.06242864241006518,0
0,-0.07093671416140218,0
0,-0.013085139590995054,0
0,-0.06127283975110703,0
0,-0.08255412962303138,0
0,-0.018824602651427602,0
0,-0.06953455899172961,0
0,-0.051946044184843665,0
0,-0.051700449128564696,0
0,-0.07196556461042614,0
0,-0.08499299274754418,0
0,-0.0466434593278251,0
1,0.01751910108047583,1
0,-0.0744085357361563,0
0,-0.047904711802727706,0
0,-0.07421849313424961,0
0,-0.03594321164032954,0
0,-0.08001502862283005,0
0,-0.059190961507477935,0
0,-0.08254134147272685,0
1,-0.0322605695030353,0
0,-0.02411561262638834,0
0,-0.07832851502858335,0
0,-0.02675869805978648,0
0,-0.049465674096334844,0
0,-0.06265226158087478,0
0,-0.08626513204596908,0
0,-0.02151074791006008,0
0,0.02473272758419598,1
0,-0.07877555215567766,0
0,-0.08561835588522537,0
0,-0.005743740741388337,0
0,-0.01790848195901501,0
0,0.06918529059506173,1
0,0.06160648306646044,1
0,-0.026379290819594448,0
0,-0.08044547926088863,0
1,-0.05445764989325175,0
0,0.18048818412117196,1
0,-0.022350888300351923,0
1,0.022108963122197567,1
0,-0.023139884061790628,0
0,-0.0413114238062956,0
0,-0.07476433396896076,0
0,-0.024811808768654187,0
0,-0.0815651366086575,0
1,0.022108963122197567,1
0,0.002504114060451701,1
1,0.024667855401208638,1
0,0.0032064880089319736,1
0,-0.048879551468579585,0
0,-0.06983870305031803,0
1,0.02371505908625493,1
0,-0.06835906482673709,0
0,-0.05333519201379949,0
0,-0.035515303674867715,0
0,-0.05333519201379949,0
0,-0.031261901956436855,0
0,-0.08033152861717502,0
1,-0.030647237968585928,0
0,0.12491654835608168,1
1,-0.03245568861491238,0
0,-0.07683724721302237,0
0,-0.06088718523871223,0
1,0.022607459467776425,1
1,0.02371505908625493,1
0,-0.07044581344225687,0
0,-0.06594590014790974,0
0,-0.023920074686660908,0
0,-0.05228289466447933,0
0,-0.03547109119383968,0
0,-0.06553127983876678,0
0,-0.08512426639600429,0
0,-0.07920965021221282,0
0,-0.05323019326340517,0
0,-0.08842191004570826,0
1,0.01751910108047583,1
0,-0.06919113295805518,0
0,-0.06970070086869673,0
0,-0.0889388555198466,0
0,-0.09175046243502172,0
0,-0.04190348007067152,0
0,-0.06689239300855171,0
0,-0.0749576438561706,0
0,-0.09550976726506366,0
0,-0.05081704840455509,0
1,-0.055212261620356196,0
0,-0.06606907271683482,0
0,-0.018004207023393837,0
0,-0.06433915600426876,0
0,-0.07026820181165178,0
0,-0.05665300951414881,0
0,-0.0755932619170982,0
0,-0.08379465842526651,0
0,-0.06902159385537193,0
0,-0.021155147523530704,0
0,-0.07806517592736373,0
0,0.011437100966499969,1
0,0.12521563920730783,1
1,0.020788539663415317,1
0,-0.07358452594997755,0
1,-0.03164230826171727,0
1,0.02371505908625493,1
1,0.029619340097468694,1
0,0.013879388242849955,1
0,-0.06433915600426876,0
0,-0.06144796867997593,0
0,-0.08213671188720201,0
0,0.09373893816060619,1
0,-0.05793987132976014,0
0,-0.05737832377675739,0
0,-0.0693084269811346,0
0,-0.08011690433577656,0
0,-0.09219220882688245,0
1,-0.08350131425642626,0
0,-0.06455484323665245,0
0,0.05532136518442943,1
0,-0.007250189398200768,0
0,-0.031894614907285124,0
0,0.08339975410058853,1
0,-0.04887588286384753,0
0,0.11962805848938463,1
1,0.018704360797310082,1
0,-0.09808288362237855,0
0,-0.07914607774995358,0
0,-0.0814894528124625,0
0,0.04272003967879989,1
0,-0.06460704294971337,0
0,-0.060851712128667856,0
1,0.03407500240775663,1
0,-0.05021559834973349,0
1,0.02306593421792602,1
0,-0.07115965970378374,0
0,-0.05702178843627986,0
0,-0.08888344200808407,0
0,-0.038546187634612816,0
0,-0.07547085890788369,0
0,-0.030008072852971024,0
1,0.05821149296819994,1
1,0.024667855401208638,1
0,-0.07934739448274736,0
0,0.006348771529704256,1
1,0.018704360797310082,1
0,0.12548163271873813,1
0,-0.040650751010966935,0
0,-0.08931874578978816,0
0,-0.05069872515327484,0
0,0.06918529059506173,1
0,-0.05246196196573444,0
0,-0.04999307578002382,0
0,-0.05163951545674089,0
0,0.05420414402607476,1
0,-0.0528898773220447,0
1,0.022108963122197567,1
0,-0.07924431563112655,0
0,-0.016718525017592523,0
0,-0.0178647595699592,0
0,-0.072663439687289,0
0,0.0027255379520657597,1
0,0.06918529059506173,1
0,-0.06519350086417369,0
1,0.018704360797310082,1
0,-0.04160551565236387,0
1,0.020882390501738124,1
0,-0.0045087568628537356,0
0,-0.06490415004158318,0
0,-0.04145207491177766,0
1,-0.02749863078496656,0
0,-0.045701123166883184,0
0,-0.05800577786400424,0
0,-0.0057748275167647245,0
0,-0.06466118842686785,0
1,-0.0322605695030353,0
0,-0.05736198672431564,0
1,0.025584671548748772,1
0,0.05433246820136639,1
0,-0.0531593621541499,0
0,-0.0959573725983826,0
0,-0.033222338534149354,0
0,-0.020060289679051213,0
0,-0.06179751544659412,0
0,0.08339975410058853,1
0,0.08678045954000735,1
0,-0.06519350086417369,0
0,-0.0014109119326843889,0
0,-0.06376718249153068,0
0,-0.04075433580175408,0
0,-0.02581670006222392,0
0,-0.09211732520177618,0
0,-0.06481640168198011,0
0,-0.08658882126664791,0
0,-0.07956408251574992,0
0,-0.05732738262334963,0
1,0.02371505908625493,1
0,-0.03312878781641171,0
0,-0.03413238421630305,0
0,-0.07937948330920008,0
0,0.06918529059506173,1
0,-0.021834662572366048,0
1,-0.02896647134955138,0
0,0.00808702334337752,1
1,-0.030647237968585928,0
1,-0.030647237968585928,0
0,-0.016813770230328928,0
0,0.06160648306646044,1
0,-0.08701085141216802,0
0,-0.01838205375936003,0
0,-0.05730356127567238,0
1,-0.028218878361474575,0
0,-0.0626458450442513,0
0,-0.05302763507018737,0
0,-0.09100807982314219,0
0,-0.03916731754550212,0
0,-0.07200708948837442,0
0,0.05696178367665483,1
0,-0.07972760314873722,0
1,0.02251581758792809,1
0,0.07614179419172318,1
0,-0.07672635442095344,0
1,-0.0884462532043006,0
0,-0.05718286719504473,0
0,-0.059817959019162315,0
0,-0.05737832377675739,0
0,-0.05353699749609542,0
0,-0.038377334978322075,0
0,-0.05803431899542477,0
1,0.022108963122197567,1
1,0.01751910108047583,1
0,-0.07966810594294926,0
0,-0.05468284908047649,0
1,0.018704360797310082,1
0,0.03811334194818117,1
1,0.022696425743937598,1
0,-0.059351384998039936,0
0,-0.07769019601884447,0
0,-0.08377968588411888,0
0,-0.07800703855857288,0
0,-0.05618839792417424,0
0,-0.07944146543183528,0
0,-0.03960152379130877,0
0,-0.05462031226130992,0
0,-0.06376718249153068,0
0,-0.01750836971071057,0
0,-0.07748530652931751,0
0,-0.059904566918925595,0
0,0.08678045954000735,1
0,-0.06102060367972184,0
0,-0.02654894389334811,0
0,-0.04973904426602149,0
0,-0.07937018896162307,0
0,-0.08521374792128805,0
0,-0.040650751010966935,0
1,0.020788539663415317,1
0,-0.06519350086417369,0
0,-0.05005785708611804,0
0,-0.03471023719628846,0
0,0.02528935442551772,1
0,-0.03511737761766054,0
1,0.01751910108047583,1
0,-0.019707554829904217,0
1,0.02371505908625493,1
0,0.025278356936373925,1
0,-0.08931219521183559,0
0,-0.052781757104187976,0
0,-0.06546262699076194,0
0,-0.03013326498172819,0
0,0.06160648306646044,1
1,-0.054275383081821005,0
0,-0.05539465616048278,0
0,-0.03501179441520519,0
0,0.10953307899996445,1
0,-0.0763575823292234,0
0,-0.07710608987591294,0
0,-0.03446747419853369,0
0,-0.09515658176910047,0
0,-0.06479306708408927,0
0,-0.0644275572251159,0
0,-0.05323019326340517,0
0,0.06669443791425067,1
0,0.14666219215207066,1
0,-0.08781998382889805,0
0,-0.08555624234840092,0
0,0.004374194236767326,1
0,-0.06557593996399269,0
0,-0.05591100347526878,0
1,-0.031154028924512966,0
0,-0.022040044701749806,0
0,-0.06890576573600266,0
0,0.07078237813618271,1
0,-0.03081060172347483,0
0,0.007390922926267862,1
0,-0.053435916420749185,0
0,-0.05706510484090638,0
0,-0.017072819199525524,0
0,-0.05687794560532289,0
0,-0.06136444540068331,0
0,0.10953307899996445,1
0,-0.0837897688367773,0
0,-0.05601114702812565,0
1,0.020788539663415317,1
1,0.02371505908625493,1
0,-0.040333323280347166,0
0,-0.0421249737389196,0
0,-0.04044351133216734,0
0,-0.07025489869397405,0
0,-0.07625586774428678,0
1,0.022108963122197567,1
0,-0.06829331111500442,0
0,0.03811334194818117,1
0,-0.013745953425052804,0
1,-0.09144228141590638,0
0,-0.01860996155097361,0
0,-0.06045404511333108,0
0,0.02528935442551772,1
0,-0.08140190798485053,0
0,-0.09255536448100965,0
0,-0.057096159931100954,0
0,-0.010363374846529994,0
0,-0.07986225555666288,0
0,-0.05201643610161938,0
0,-0.017049553096655568,0
0,-0.03794334425004947,0
1,0.022607459467776425,1
0,-0.049465285427932104,0
1,-0.031154028924512966,0
0,0.08339975410058853,1
0,-0.08358729102861545,0
1,0.020882390501738124,1
0,-0.06773207785943808,0
0,-0.06491043964382265,0
0,0.002147441587028398,1
1,0.02057515205297411,1
0,-0.040650751010966935,0
0,-0.07341982048956014,0
1,0.018704360797310082,1
0,-0.05471046846578159,0
1,0.025584671548748772,1
0,-0.08593177267701668,0
0,-0.07343367861212796,0
0,-0.06884544563856809,0
0,-0.06960347344648182,0
0,-2.9967666153873918e-05,0
0,-0.07903093127667649,0
0,-0.0805688369138205,0
1,-0.030647237968585928,0
0,-0.03555687524399559,0
0,0.002617455976516414,1
0,-0.03110932153195628,0
0,0.02528935442551772,1
0,-0.07656547148145121,0
0,-0.042592721911344444,0
0,-0.1002001889549104,0
1,-0.030647237968585928,0
0,-0.057810053203464884,0
0,-0.08535188949052269,0
0,-0.023355582385588713,0
0,-0.056160388645589476,0
0,-0.053026930121906346,0
0,0.05739318836849949,1
0,-0.041603992534028966,0
1,0.022108963122197567,1
0,-0.03871878517489852,0
1,-0.008771492238125456,0
1,0.022108963122197567,1
0,-0.06120569836345441,0
0,-0.07667467558627261,0
0,-0.0034499673357692995,0
1,-0.06635089294856944,0
1,0.02306593421792602,1
0,-0.08247394306572797,0
0,-0.07452732757350283,0
0,-0.041202280125253954,0
0,-0.08952882353878339,0
1,-0.0343205626373394,0
0,-0.07056768355760573,0
0,-0.05970601377794704,0
0,-0.06400583725333236,0
0,-0.054630967139995545,0
0,0.06413388622055505,1
0,-0.08778815664434714,0
0,-0.023472609596077665,0
0,-0.050229471936075576,0
0,-0.08411584815727347,0
0,-0.04500440481671342,0
0,0.08339975410058853,1
0,-0.02518719669070829,0
0,-0.03142162600084514,0
0,0.06160648306646044,1
0,-0.08221248074507637,0
0,-0.05322849523461343,0
0,0.03811334194818117,1
0,-0.09067670694545216,0
0,-0.0579938529257748,0
0,-0.03892529438013692,0
1,0.02371505908625493,1
1,0.022607459467776425,1
0,-0.015188318282167379,0
1,0.029619340097468694,1
0,-0.05844086848784402,0
0,-0.05550834362449891,0
0,-0.04427332814810386,0
0,-0.08556440997924297,0
0,-0.03439010932024811,0
1,0.020882390501738124,1
0,0.11729036897954181,1
0,0.0020342056607792758,1
0,-0.07675618780154359,0
0,-0.07038727652763127,0
0,-0.06523305745275365,0
0,-0.055073020702018916,0
1,-0.031154028924512966,0
0,-0.05732057782181155,0
0,-0.05213021745254315,0
0,-0.07412483711566253,0
0,-0.04935779150816105,0
0,-0.024142954487314072,0
1,0.02371505908625493,1
0,-0.07977372980765185,0
0,0.06534115806729723,1
0,-0.05790608420852028,0
0,-0.022810544561671198,0
0,0.0031934853742439095,1
0,-0.06359252985018315,0
0,0.06669443791425067,1
0,-0.05642125357170913,0
0,-0.0579938529257748,0
0,-0.08264829786185485,0
0,-0.049396023951065404,0
0,0.08678045954000735,1
0,-0.05772492117788952,0
0,0.013378154648562512,1
0,0.06160648306646044,1
1,0.020882390501738124,1
0,-0.09384711321906652,0
0,-0.0834043222673973,0
1,0.02371505908625493,1
0,-0.09030629087464564,0
0,-0.06519896733228753,0
0,-0.024982361687885313,0
1,-0.0322605695030353,0
0,0.09373893816060619,1
0,0.06182165242347726,1
0,-0.057221552044331214,0
0,0.02393130178529468,1
0,-0.0652651626534757,0
0,0.14666219215207066,1
0,-0.030275491366144547,0
0,-0.08284932921888077,0
0,-0.06384107331396277,0
0,-0.06157931058027305,0
0,0.06160648306646044,1
0,0.04281092356258309,1
0,-0.028813250223849896,0
0,-0.014945745639717178,0
0,-0.04148148717830413,0
0,-0.09201809951559325,0
0,-0.05435165555650551,0
0,-0.027140680748231505,0
0,-0.056344548779362014,0
0,-0.025537613392188074,0
0,-0.06915028392039291,0
0,-0.06108549724357454,0
0,-0.07301670256543147,0
0,0.12904539649614466,1
1,-0.07693112229313998,0
0,-0.07975785808579117,0
1,-0.03176982550220808,0
0,-0.045849913975842704,0
0,-0.0827627237418338,0
0,-0.012791298968697518,0
0,-0.09673909404987796,0
0,-0.047463797742479275,0
1,-0.03036007540143143,0
0,-0.07299535746513441,0
0,-0.05132556587007453,0
1,-0.04191571745999734,0
0,-0.035276386845086605,0
1,0.022108963122197567,1
0,-0.05813922092297619,0
0,-0.06738131685327853,0
1,-0.0322605695030353,0
0,-0.006083350303951907,0
0,-0.04971996476003593,0
0,-0.02310631265231483,0
0,-0.07703084997473397,0
1,0.04074501028956601,1
1,0.02371505908625493,1
0,-0.05411558830642643,0
0,-0.09225631510023918,0
0,-0.0656292539871528,0
0,0.002504114060451701,1
0,-0.03924386208428321,0
0,-0.06541640365551199,0
1,0.03384741865884855,1
0,-0.07754048198284696,0
1,-0.07181982109269469,0
1,0.022108963122197567,1
1,0.018824571193721273,1
0,-0.02390832585092917,0
0,-0.06566235948671578,0
0,-0.05730356127567238,0
0,0.100361652963736,1
0,-0.07543480940661912,0
0,-0.08098342823578403,0
0,-0.08105209467146735,0
1,-0.030647237968585928,0
0,-0.05621975664933854,0
1,-0.059920956508549506,0
0,-0.05340335951523273,0
1,-0.040702128192285525,0
0,-0.08517136209355292,0
0,-0.0007294750366542146,0
0,-0.03973683534876504,0
0,-0.09346413839366652,0
0,-0.08253070187967143,0
0,-0.07820241773484421,0
0,0.022973265284442212,1
0,0.23581633004298908,1
0,0.11226941501094456,1
0,-0.04683642722619974,0
1,0.01751910108047583,1
0,-0.07919401882254362,0
0,-0.054166295469109726,0
0,-0.053760483981222906,0
1,-0.0818324702788264,0
1,0.02371505908625493,1
0,-0.07556583556148366,0
0,0.06918529059506173,1
0,-0.03386417870781022,0
0,-0.011249311990773336,0
0,0.1277019482508981,1
0,-0.03497798238041572,0
0,-0.08311101160800127,0
0,-0.05437472509904073,0
0,-0.056373593314077486,0
0,0.06918529059506173,1
0,-0.08270127167577468,0
0,-0.07273613532626216,0
0,-0.05412968497566517,0
0,-0.08530844246593505,0
0,-0.06332277286122989,0
0,-0.05573196744821107,0
0,-0.03320678788677106,0
0,0.100361652963736,1
0,-0.09626762272608591,0
0,0.08339975410058853,1
0,0.011132192536516428,1
0,0.028649154916345343,1
0,0.02528935442551772,1
0,-0.04957620340680052,0
0,-0.059326013982132164,0
0,-0.05196271612698511,0
0,-0.046469413697027895,0
0,-0.07706060240205992,0
0,-0.034766559106990835,0
1,-0.04804010080407617,0
0,-0.08778815664434714,0
1,-0.01682066596099946,0
0,0.05102494775031219,1
0,-0.05730356127567238,0
0,-0.040540764512070615,0
1,0.029619340097468694,1
0,-0.03832515515871637,0
0,-0.05058987106640739,0
0,-0.04065497764039755,0
0,-0.09360046412665479,0
0,-0.08281776481138942,0
1,-0.028218878361474575,0
0,-0.07465618492629406,0
0,0.09275210731681316,1
1,-0.07657067600183692,0
0,0.002617455976516414,1
0,-0.051140098480282725,0
0,-0.06871526347836276,0
0,0.010107513560166592,1
0,-0.03097286404847671,0
0,-0.013815775185242074,0
0,0.05739318836849949,1
0,-0.08162426344584689,0
0,-0.08059283496418745,0
0,0.10953307899996445,1
0,0.095379893261748,1
0,-0.07657741214390956,0
1,0.016812575021424414,1
0,-0.06606907271683482,0
0,-0.07606106062271895,0
0,-0.016231018673659725,0
0,-0.055950485705207886,0
0,-0.05122212153006006,0
0,0.06669443791425067,1
0,-0.0410987963701927,0
0,-0.09192009423843661,0
1,0.05815880339222468,1
0,-0.058614979418778745,0
0,0.04211879565354837,1
0,-0.08821352979371011,0
0,-0.04123714616401075,0
0,-0.059703068706368545,0
0,-0.039051432733995584,0
1,-0.02944044479050989,0
0,0.046304572876407435,1
1,-0.05443535852235987,0
0,-0.06878155111859352,0
0,-0.04675648762160017,0
0,-0.07618637615889207,0
0,-0.06480181022095138,0
0,-0.08013682732779875,0
0,-0.08864190861374749,0
0,0.100361652963736,1
0,-0.02547537431381708,0
1,-0.030647237968585928,0
0,-0.04842948575695938,0
0,-0.059314819436360244,0
0,-0.03986457822900663,0
0,-0.04293577655919645,0
0,-0.07979620993849468,0
0,-0.07589453296003279,0
0,0.009849691892723667,1
0,-0.05912050627633908,0
0,-0.048579308473192584,0
0,-0.02585470176768373,0
0,-0.0693084269811346,0
0,-0.06086693782463848,0
0,-0.04986493214277471,0
0,-0.07915573955560545,0
0,-0.07232849709312239,0
0,0.01740383036535542,1
1,0.02371505908625493,1
0,0.038066847417706606,1
0,-0.048254312216848505,0
0,-0.06366375269203595,0
1,0.022696425743937598,1
1,-0.0322605695030353,0
0,-0.06839066241610697,0
0,-0.01924069361859526,0
0,-0.0336070005815573,0
0,-0.05702178843627986,0
0,-0.04736416054866577,0
0,-0.0627300780737175,0
0,-0.06317568411592189,0
0,-0.05497242855846113,0
1,0.018704360797310082,1
1,0.0008100242643702682,1
0,-0.016070153234511886,0
0,-0.01375726157862428,0
0,-0.059492170197730065,0
0,0.06918529059506173,1
0,-0.07013638216570084,0
0,-0.051700449128564696,0
0,0.100361652963736,1
1,-0.04396110181709262,0
0,-0.04709396691031459,0
0,-0.08786728804779365,0
0,-0.0381845404728991,0
0,-0.05702178843627986,0
0,-0.06491801375861883,0
0,-0.056946333952287986,0
0,0.1277019482508981,1
0,-0.07770194399314612,0
1,0.022696425743937598,1
0,0.100361652963736,1
0,0.06669443791425067,1
1,-0.0322605695030353,0
0,0.06669443791425067,1
0,-0.07632438846814416,0
0,-0.04345035061214969,0
0,-0.06179751544659412,0
1,-0.04785353746158416,0
1,0.022696425743937598,1
0,-0.06255349995162857,0
0,-0.06597535802621629,0
0,-0.057046244034662186,0
0,-0.0718510220990804,0
0,-0.03727623775897432,0
0,-0.05118794874001348,0
0,-0.02231407679483799,0
0,-0.06893539027984463,0
0,0.02528935442551772,1
0,-0.07857790226397748,0
0,-0.05423698686731271,0
0,-0.05461681763149273,0
1,-0.030647237968585928,0
0,-0.017085868101696156,0
0,-0.07913329178278877,0
1,-0.032322008191875085,0
0,-0.07272256440666641,0
0,0.01741110914721511,1
0,0.03811334194818117,1
0,-0.07788099995743208,0
0,-0.022759810510051104,0
0,-0.07495320346831535,0
0,0.06918529059506173,1
0,-0.05687794560532289,0
1,0.028235936958997954,1
0,-0.07271573378276636,0
0,-0.026672296981867072,0
1,0.02306593421792602,1
1,0.02371505908625493,1
0,-0.01533170161726799,0
0,-0.004859576292989443,0
1,0.025584671548748772,1
0,-0.05317812007481715,0
1,0.02045611042720885,1
0,-0.094031879999663,0
0,-0.07981946080368141,0
1,0.02371505908625493,1
0,-0.08471281396719921,0
1,-0.0322605695030353,0
0,-0.07510392186236936,0
0,-0.06631086113902246,0
0,-0.07594463687487296,0
0,-0.06013131820807133,0
0,-0.029903903936637943,0
0,-0.04832580775436468,0
0,-0.08366057541435107,0
0,0.08678045954000735,1
0,-0.04621935878035932,0
0,-0.03974840184434031,0
0,0.041514987041765705,1
0,-0.05256484483908491,0
1,-0.00835081569912699,0
1,0.020882390501738124,1
0,-0.022813180308949188,0
0,-0.03937354190259723,0
0,-0.09764285282521379,0
0,-0.03137458994504927,0
0,-0.08717982353417358,0
0,-0.0394367277353716,0
0,-0.00036850846465730225,0
0,-0.07583638286880379,0
0,-0.06793381615703309,0
1,0.01751910108047583,1
1,-0.031154028924512966,0
1,-0.05585073595251899,0
0,-0.04148148717830413,0
0,-0.041958662913627154,0
0,-0.046872579318172625,0
1,0.020882390501738124,1
1,-0.030647237968585928,0
0,0.02528935442551772,1
0,-0.03647896016691038,0
0,-0.0712586140291262,0
0,-0.028996994300924894,0
1,-0.031154028924512966,0
0,-0.0733398657763148,0
1,-0.02207767166662894,0
0,-0.01630360915967949,0
0,-0.050448511126011175,0
1,-0.029215965702827418,0
0,-0.05893957195256283,0
0,-0.02390975398958145,0
0,-0.025982214133041193,0
0,-0.06921940427097717,0
0,-0.04110448219616203,0
0,-0.02410824855458993,0
0,-0.028021981772939686,0
1,-0.02207767166662894,0
0,-0.05149964998643225,0
0,-0.09075895192565198,0
1,0.02371505908625493,1
0,-0.0361666705155792,0
0,-0.087851290352369,0
0,-0.056733729817580125,0
1,-0.049133724444093196,0
0,-0.057817199727688895,0
0,0.05426850308240405,1
0,-0.07272477221802864,0
0,-0.05804298622910864,0
0,-0.06547762925555284,0
1,-0.07539190135504853,0
0,0.014313196168788234,1
1,-0.0277034416484096,0
0,-0.06735142160256491,0
0,-0.04415467685118224,0
0,-0.031724682485918976,0
0,-0.05694778557356378,0
0,0.030305900092630678,1
0,0.08339975410058853,1
0,-0.057288750237374286,0
1,-0.03265335523827523,0
0,-0.05333519201379949,0
0,0.08339975410058853,1
0,-0.0062355775636587785,0
1,-0.006378713837203953,0
0,-0.08513569119376335,0
0,0.0021058584677610126,1
0,-0.062114456509936355,0
1,-0.019680851645773656,0
0,0.00010800994353399318,1
0,0.08678045954000735,1
0,-0.0642167928524282,0
0,-0.06849765613508901,0
0,-0.07044897720477111,0
0,-0.005096159478232887,0
1,-0.052173162137226614,0
1,0.022607459467776425,1
0,-0.06312825174712022,0
0,-0.017972076484153443,0
0,-0.04882874434268247,0
0,-0.053404677385220534,0
1,-0.031154028924512966,0
0,-0.079838503175168,0
0,-0.027875076425468825,0
1,-0.05724043438741422,0
0,-0.08166278440727864,0
0,-0.07971214026463258,0
0,-0.039936439975326365,0
1,-0.030647237968585928,0
0,0.095379893261748,1
1,-0.0055477572095603556,0
0,-0.019970421728224885,0
0,-0.03715467886534363,0
0,0.03811334194818117,1
0,-0.08219929127916237,0
0,-0.08784737791354064,0
1,-0.029392690752721107,0
0,-0.06797051869152987,0
0,0.01713350313869333,1
0,-0.035838541680255964,0
0,0.11226941501094456,1
0,-0.06004822481280353,0
0,-0.060103030521207135,0
0,-0.08458489562499028,0
0,-0.07157296231482202,0
0,-0.02085043803381903,0
1,0.022108963122197567,1
0,0.02528935442551772,1
0,-0.01427599177145894,0
1,0.015769469932073177,1
0,-0.052517799421335,0
0,-0.07056646388832971,0
0,0.05739318836849949,1
0,-0.02399710039783043,0
1,0.01751910108047583,1
0,-0.0680783408588817,0
0,-0.06588910964181577,0
1,-0.03176982550220808,0
1,-0.07536967875036477,0
0,-0.08531442064828926,0
0,0.11226941501094456,1
0,-0.015170882263659147,0
0,0.05739318836849949,1
1,0.02371505908625493,1
0,-0.05439717168569652,0
0,-0.053881522305188445,0
1,0.020788539663415317,1
0,-0.0668939628695181,0
0,-0.06939099364591278,0
0,-0.06844760602561312,0
0,-0.05443732286810754,0
1,-0.03994023855669415,0
0,-0.08753183290779576,0
0,0.013378154648562512,1
0,0.002102785736263213,1
1,0.029619340097468694,1
1,-0.03237981227916531,0
0,-0.05366651420643326,0
0,-0.0629253942586856,0
0,-0.033791630315561205,0
0,-0.05401501720232871,0
0,0.010449733876428002,1
0,-0.06179751544659412,0
0,-0.048015858171643444,0
0,-0.057134703336647275,0
1,0.0022412653421015616,1
1,0.01751910108047583,1
1,0.021847382521200776,1
0,0.12521563920730783,1
0,-0.024944492269316887,0
0,0.08339975410058853,1
0,-0.04822428574493859,0
0,-0.08409599052217792,0
0,-0.02223656829438564,0
0,-0.04044010908840806,0
0,-0.04757120558554573,0
0,-0.0779927088033886,0
1,-0.0322605695030353,0
0,-0.07860632885851115,0
0,0.059825628275388065,1
0,0.012908406814685747,1
0,-0.03827781312209305,0
0,-0.013715103163052245,0
0,-0.08246765530982036,0
0,-0.06130464794491913,0
0,-0.00028763891723398993,0
0,0.03811334194818117,1
0,-0.07158034570807814,0
0,-0.07233831712400857,0
0,-0.08946997214825225,0
0,-0.05287392585439371,0
0,-0.06841706741344544,0
0,-0.048580428718858204,0
0,-0.0902758603366437,0
0,0.14666219215207066,1
0,-0.028412990098791946,0
0,-0.06524629508935081,0
0,-0.07564605884398423,0
0,-0.06086693782463848,0
0,-0.06526826207836428,0
0,0.005234448197476316,1
1,-0.028218878361474575,0
0,-0.04890628384999696,0
0,-0.06307258896733747,0
0,0.23876543113886417,1
0,-0.04619448781441088,0
0,-0.08416030915708295,0
0,-0.09159427566070671,0
0,0.05739318836849949,1
0,-0.05793987132976014,0
0,-0.05937207421596441,0
0,-0.04120796466905058,0
0,-0.059925755949087944,0
0,-0.08487390219687113,0
0,0.06918529059506173,1
0,0.1277019482508981,1
0,-0.033300141518454895,0
1,-0.05363244679614737,0
1,0.017810304883961736,1
0,0.05582440531632238,1
1,0.02306593421792602,1
1,-0.0322605695030353,0
0,-0.09044924305343177,0
0,-0.06555187477132757,0
0,-0.07274631928598763,0
0,-0.033123087906487714,0
0,-0.043967378343713615,0
0,-0.060202228757955445,0
0,-0.04866703452337984,0
0,-0.08471777529071745,0
0,-0.08260128806660011,0
0,0.05739318836849949,1
1,0.022108963122197567,1
0,-0.059904566918925595,0
0,0.06758550422584042,1
1,-0.02207767166662894,0
0,-0.0528898773220447,0
0,-0.08155630524978164,0
1,0.0009720117706552012,1
0,-0.018180084655091466,0
0,-0.059904566918925595,0
1,-0.05032389881413518,0
0,-0.05216379275792121,0
0,-0.06606413095608482,0
1,0.02371505908625493,1
0,-0.05131623287731124,0
0,-0.026349434843557618,0
0,-0.09214409450014333,0
0,0.05739318836849949,1
0,-0.043114156878553245,0
1,0.022696425743937598,1
0,-0.040914068870999465,0
0,-0.052926113466377045,0
0,-0.03332935468515269,0
0,-0.0590915351751487,0
1,-0.03192816777170354,0
0,-0.05533841576346926,0
0,-0.06480181022095138,0
0,0.08678045954000735,1
0,-0.06547618498234437,0
1,0.022108963122197567,1
0,-0.01605380415737684,0
0,-0.05163951545674089,0
0,-0.05676769401256598,0
0,-0.04934456036489637,0
0,0.038940732171389714,1
0,-0.047991521578618135,0
0,-0.07962656716585009,0
0,0.06918529059506173,1
0,-0.033204221380671084,0
0,-0.06216296841444108,0
0,-0.07841802455608093,0
0,-0.06000380990987941,0
0,-0.06578610607245938,0
0,-0.07835751339413977,0
0,0.08339975410058853,1
0,-0.07677319385445691,0
0,-0.08321832252240685,0
0,-0.09045577578776642,0
0,-0.0925556868413348,0
0,-0.06253677791850626,0
1,-0.019425506939669213,0
0,-0.05813922092297619,0
0,-0.006673254111613625,0
0,-0.06900646273569883,0
0,-0.0383634390032086,0
1,0.02251581758792809,1
0,-0.07496087027318843,0
0,-0.056362665422350744,0
0,0.06918529059506173,1
0,-0.08405420531026025,0
0,-0.07333705008976471,0
0,-0.07649375553129395,0
1,0.027851866563253558,1
0,-0.06684330559848817,0
0,-0.07954761443670011,0
0,-0.05962867336497024,0
0,0.022086344462368568,1
0,0.08678045954000735,1
0,-0.07175317126403219,0
0,-0.042224803323690885,0
0,-0.04074374419036575,0
0,-0.052640744646947735,0
0,-0.0643886598821003,0
1,-0.0322605695030353,0
0,-0.05378803503431978,0
0,-0.05416203591742713,0
0,0.1277019482508981,1
1,-0.005221284938552007,0
1,-0.0005905562532885211,0
0,-0.05553900561607289,0
0,-0.07958420513096354,0
0,-0.06705077076298638,0
0,-0.02814613888450712,0
0,-0.08336195897304921,0
1,0.018642208242853675,1
0,0.05739318836849949,1
0,0.06669443791425067,1
0,-0.0678785171895821,0
0,-0.05411558830642643,0
0,0.095379893261748,1
0,-0.07276417285598819,0
0,-0.04980965798027842,0
0,-0.07374439512426695,0
0,0.03811334194818117,1
0,0.04654108827195513,1
0,0.06918529059506173,1
0,-0.07828092842889733,0
0,-0.0494300784152491,0
0,-0.06138305150248452,0
0,-0.05508128866163864,0
0,0.08678045954000735,1
0,0.07258919439274591,1
1,0.018704360797310082,1
0,-0.05685721899771745,0
0,-0.024689978992906925,0
0,-0.07337286963109774,0
0,-0.07704144848240824,0
0,-0.05411558830642643,0
0,-0.08077980529280532,0
0,-0.0642067098649523,0
1,-0.031154028924512966,0
0,0.017731160509632193,1
0,0.07258919439274591,1
0,-0.05327945970518949,0
0,-0.056053218825724005,0
1,0.01962331518296634,1
0,-0.028294456530557732,0
0,-0.0542511376983687,0
0,-0.08745174585840948,0
1,0.02371505908625493,1
0,-0.08739305279038478,0
0,0.05739318836849949,1
0,0.10953307899996445,1
0,-0.04868110534777487,0
0,-0.06491845098643728,0
0,-0.05348091093820817,0
0,-0.030948959343422566,0
0,0.08339975410058853,1
0,0.0025673892917982277,1
0,-0.06445110251568864,0
1,0.014199922215499039,1
0,0.056500866843071984,1
0,-0.08659582626293177,0
0,-0.0766014792074951,0
1,0.032445889977084086,1
0,-0.0577214264915345,0
0,-0.043526600032787965,0
0,-0.08812323818053058,0
0,-0.07139244791876076,0
0,-0.08877663635472804,0
0,-0.07379602730873253,0
0,-0.014269308462195762,0
0,0.08339975410058853,1
0,-0.05823682263374147,0
0,-0.07174355750880396,0
0,-0.001123607390668524,0
0,-0.02556331194303585,0
0,-0.03648407975874696,0
1,0.02306593421792602,1
0,-0.05040803441334463,0
0,-0.0633014987081933,0
0,-0.09337835525845872,0
0,-0.05584732733669018,0
0,-0.08984103316152259,0
0,-0.048565234475064,0
0,-0.07896998641128083,0
0,-0.051350105346144426,0
1,0.02371505908625493,1
0,-0.08127964012346167,0
0,-0.04967804543163762,0
0,-0.054324759166887004,0
1,-0.0322605695030353,0
0,-0.082770940955671,0
0,-0.023219445028015095,0
0,-0.058172592178379,0
0,-0.05441487545834467,0
0,-0.06629450120283975,0
1,-0.02207767166662894,0
0,-0.052298142945019166,0
0,0.00788241569404724,1
1,-0.03508645055380233,0
0,-0.0535323709525336,0
0,-0.06073677923104892,0
0,-0.079097280876545,0
0,-0.08940951744511133,0
0,-0.036569820601986436,0
0,-0.0716684764986743,0
0,-0.02826302608929454,0
0,0.01192212671267645,1
1,-0.028757574855911516,0
0,-0.060202228757955445,0
0,-0.059748134445839984,0
0,-0.08505246566666674,0
0,-0.008676217282727883,0
0,-0.06875686373931977,0
0,-0.057436032174114415,0
0,-0.060174220862746985,0
0,-0.04881840674271787,0
0,-0.0858514948151331,0
0,-0.04590334447410205,0
0,-0.09065753334590276,0
0,-0.0612580630475813,0
0,-0.06588654629349389,0
0,-0.02551349785775786,0
1,0.02371505908625493,1
0,-0.041289969089615186,0
0,-0.022938749400796987,0
1,0.02371505908625493,1
1,-0.03176982550220808,0
1,0.02371505908625493,1
0,-0.06858707530306041,0
0,-0.06574069288686307,0
0,-0.08130503169676084,0
0,0.14666219215207066,1
0,-0.02570130077837446,0
0,-0.05557615517752634,0
0,-0.0006233298589312652,0
0,-0.027734578078536853,0
0,-0.03224232291944318,0
0,-0.016409985263507343,0
0,-0.07084588249668017,0
1,-0.01682066596099946,0
0,-0.0693084269811346,0
0,-0.0033669924019206765,0
0,-0.04827627307356602,0
0,-0.03570485276360935,0
0,-0.01605482679512371,0
0,-0.09511296712450057,0
0,-0.053545290263137924,0
0,-0.06884544563856809,0
1,-0.030647237968585928,0
0,-0.06157931058027305,0
1,0.04067616413554331,1
0,-0.030486345728923447,0
0,0.1277019482508981,1
0,-0.07252689871246315,0
1,0.015444914799819354,1
0,-0.064793679494689,0
0,-0.0342626853287335,0
0,-0.056344548779362014,0
1,0.016727081269584887,1
0,-0.03062707615239252,0
0,0.05739318836849949,1
0,-0.02021939895942515,0
0,-0.05476729023210275,0
0,-0.05192621943806491,0
0,-0.04145237088991566,0
0,-0.07846038410173128,0
0,-0.07324653643062135,0
0,-0.07283564290212252,0
1,0.02371505908625493,1
0,-0.02868472954793122,0
0,0.006462980624428849,1
1,-0.04972879402622549,0
1,0.029619340097468694,1
0,-0.05496012003688383,0
0,0.03811334194818117,1
0,-0.05416451761564928,0
0,-0.027060415109516067,0
0,0.008617110774512104,1
0,-0.07227924582630535,0
1,-0.080574624792911,0
0,-0.08053753821530785,0
0,-0.06214248900869085,0
0,-0.03889557706146718,0
1,0.022108963122197567,1
0,-0.07299698753468076,0
0,-0.07173463096699745,0
0,-0.03436771064968086,0
0,0.05739318836849949,1
0,0.1277019482508981,1
0,-0.05106793825278105,0
0,-0.0696929255386004,0
0,-0.06429043580122124,0
0,-0.06229612924061573,0
0,0.09373893816060619,1
0,0.0654364821768818,1
1,-0.0322605695030353,0
0,-0.07605142169924128,0
0,-0.06026211666309228,0
1,0.030228617167376348,1
0,-0.06411317968781588,0
0,-0.06106496744014739,0
0,-0.07511905653316114,0
0,-0.08333653236382077,0
0,-0.044612823741916,0
1,0.022108963122197567,1
0,-0.060202228757955445,0
0,-0.012811714907495109,0
0,-0.09321640843369078,0
0,-0.09277399150360988,0
0,-0.02749240670928549,0
0,0.08339975410058853,1
0,-0.06011097483871164,0
1,0.020788539663415317,1
0,0.04005573487831782,1
0,-0.02876566162433103,0
1,-0.02207767166662894,0
1,-0.03237981227916531,0
0,-0.05772896919088677,0
0,-0.06860111020113163,0
0,0.05656796195681468,1
0,-0.03892529438013692,0
0,-0.07085721378789883,0
0,-0.0578217570622116,0
1,0.018704360797310082,1
0,-0.054919559238148175,0
0,-0.08098375550931652,0
1,-0.06692139965804955,0
0,0.06160648306646044,1
1,0.02362955767125552,1
0,-0.07009380738239812,0
0,-0.03957752940625914,0
1,-0.031154028924512966,0
1,-0.028218878361474575,0
0,-0.035276386845086605,0
0,-0.05429297570304703,0
0,-0.050770318703573014,0
0,0.06622133278398123,1
1,0.018704360797310082,1
1,-0.07406880670956473,0
0,-0.022476314007058296,0
0,-0.053310048832608314,0
0,-0.048267234897826194,0
0,-0.045060629320268275,0
0,-0.019780793828427512,0
1,0.029619340097468694,1
0,-0.03743628974895402,0
0,-0.0816894583218199,0
0,-0.08724007535910461,0
0,-0.08013352335984036,0
0,-0.003352784102564288,0
0,-0.06806733298706208,0
1,-0.05603602161571275,0
0,0.01887720365677048,1
0,0.12521563920730783,1
0,0.10953307899996445,1
0,0.02528935442551772,1
0,0.00028579645044357616,1
0,-0.074448437220201,0
0,-0.007115835998130482,0
1,0.01751910108047583,1
1,0.018704360797310082,1
0,-0.08360845401159411,0
0,-0.015859189144955488,0
0,0.004383781041455093,1
1,0.020432203207398136,1
0,0.012768434130278172,1
0,-0.07322463291188808,0
0,-0.05359113740754634,0
1,0.01751910108047583,1
0,0.03811334194818117,1
0,0.05739318836849949,1
1,-0.05464114950145804,0
0,0.07258919439274591,1
0,-0.06939800969101373,0
0,-0.05676769401256598,0
0,-0.09400635871573654,0
0,-0.04142610446325612,0
0,-0.056313678304172554,0
0,-0.03177492549637306,0
0,-0.04691412486338886,0
0,-0.0822392213411216,0
0,-0.08178502042304947,0
1,-0.031154028924512966,0
0,-0.06057823306761956,0
0,-0.06243524250781851,0
0,-0.07273438871073507,0
0,-0.06858126208260451,0
0,-0.08041851661306193,0
0,-0.06088718523871223,0
0,-0.06448293439389186,0
0,0.009149939668606222,1
0,-0.05702178843627986,0
0,-0.06446035354599478,0
0,-0.06597535802621629,0
0,-0.08646173916587285,0
0,-0.08120642021633451,0
0,-0.05437472509904073,0
0,-0.03667554888603114,0
0,-0.03520822159408382,0
0,-0.06108549724357454,0
0,-0.08895965047547966,0
0,-0.05142045648204385,0
0,-0.007542157491123802,0
0,0.03811334194818117,1
0,-0.05193970613963583,0
0,-0.020205671226333988,0
0,0.03711460685075563,1
0,-0.06378899305971003,0
0,0.024861978178563615,1
0,-0.06304210135085131,0
0,-0.07885123429618673,0
0,-0.05638853735453753,0
0,-0.03974840184434031,0
0,-0.08130603024299621,0
0,-0.08167446211560753,0
0,-0.05423698686731271,0
0,-0.04986493214277471,0
0,-0.049796789671198494,0
0,-0.06902877014191622,0
1,0.02371505908625493,1
0,-0.06995089092364509,0
0,0.1277019482508981,1
0,-0.05487463172205648,0
0,0.05705017209032448,1
0,-0.037530333017722906,0
0,-0.06777974865525543,0
0,-0.08306976722208304,0
0,-0.005009293041063623,0
1,-0.03237981227916531,0
0,-0.053026930121906346,0
0,-0.0339552482224898,0
0,-0.021975094802029027,0
1,0.02306593421792602,1
0,-0.06916883626467124,0
0,-0.02677089988407355,0
0,-0.08373549450769568,0
0,-0.055950485705207886,0
1,0.01751910108047583,1
0,-0.06838662071426421,0
0,-0.08409925401710505,0
0,-0.05163951545674089,0
0,-0.07008395364914893,0
0,-0.02311133686674438,0
0,-0.05740999113433859,0
1,-0.03164230826171727,0
0,-0.07239245714789405,0
0,-0.05358982008778834,0
0,-0.08647658528948998,0
1,0.018704360797310082,1
0,-0.07445479313703707,0
0,-0.05589023163987583,0
0,-0.05237979864741199,0
0,-0.033715850718576246,0
0,-0.06524809683530253,0
0,-0.023632810247419755,0
0,-0.053451389452405185,0
0,-0.07093498263821119,0
1,0.020882390501738124,1
0,0.047664096060596184,1
1,0.018704360797310082,1
0,-0.06571033752252453,0
0,-0.013288763665887826,0
0,-0.014620078929809377,0
1,0.03261323422317175,1
1,0.056420325190566056,1
0,-0.061322936098165415,0
0,0.05757297110854209,1
0,-0.05638853735453753,0
0,-0.07891667166987476,0
0,-0.055482090930858874,0
0,-0.06317111755873189,0
0,-0.07319679627943482,0
0,-0.02493126066178314,0
0,-0.054061475289783334,0
0,-0.06307258896733747,0
0,-0.06572720604204096,0
1,-0.022365193295675267,0
0,-0.06803252252855507,0
0,-0.07336499659829004,0
0,-0.08874251809553951,0
0,-0.06352870480820627,0
0,-0.004310978612795224,0
0,-0.04737931749065549,0
0,0.06160648306646044,1
0,-0.07634413552150054,0
0,-0.042336346521290646,0
0,-0.03332935468515269,0
0,-0.06087580476258225,0
0,-0.024584953942625387,0
0,0.05739318836849949,1
0,-0.053026930121906346,0
0,-0.08517859871374983,0
0,-0.08330758945258149,0
0,-0.08170790237018477,0
0,-0.022033490996186567,0
0,-0.05820907303253625,0
0,-0.028748681725847436,0
0,-0.08704335927532197,0
0,-0.08238455045750637,0
0,-0.053245396328332306,0
0,-0.06676980955096323,0
1,-0.0322605695030353,0
0,-0.059190961507477935,0
1,-0.029121962906936083,0
0,-0.08908898397323706,0
0,0.002504114060451701,1
0,-0.05110616681672536,0
0,-0.04282606629989827,0
0,-0.0816568480824803,0
0,-0.017824919391394523,0
0,-0.057518083217813654,0
1,0.02251581758792809,1
0,-0.07561384577176944,0
0,-0.027246695575064817,0
0,-0.05710014364458882,0
0,-0.06898312870130718,0
0,-0.039714924707914157,0
0,-0.059314819436360244,0
0,-0.08334696236841782,0
0,-0.07981677850283592,0
1,0.02306593421792602,1
0,-0.0869312287572434,0
0,0.100361652963736,1
0,-0.09266076851140231,0
0,-0.0790138032364282,0
0,-0.0793322344893862,0
0,-0.06086693782463848,0
0,-0.0680783408588817,0
0,-0.08797468693006599,0
1,0.018704360797310082,1
0,-0.05180801062941681,0
0,0.100361652963736,1
0,-0.0398913976150132,0
0,-0.06884544563856809,0
0,-0.06380767031467649,0
0,-0.07351152675544348,0
1,0.025584671548748772,1
0,-0.047636759097824,0
0,-0.0665374345183648,0
0,-0.02975504884801866,0
0,0.05739318836849949,1
0,-0.07084043499910803,0
0,-0.018077597426571723,0
1,0.02371505908625493,1
0,-0.03856415296778937,0
0,0.08339975410058853,1
0,-0.041202280125253954,0
0,-0.034889997863298716,0
0,-0.024235890710049557,0
0,-0.024833390919419496,0
0,0.002504114060451701,1
0,-0.06491845098643728,0
0,-0.05496012003688383,0
0,-0.06709241350446449,0
0,-0.05724996034959218,0
1,0.018704360797310082,1
0,0.0018214489490946395,1
0,-0.01463428159082647,0
1,-0.033450787580107944,0
0,-0.061802730827254515,0
0,-0.0579194572036959,0
0,-0.01782389283804231,0
0,-0.06790316858318735,0
1,0.02306593421792602,1
0,-0.049487024728101736,0
0,-0.03958995360456896,0
1,0.02371505908625493,1
0,-0.06334029199993207,0
0,-0.05706916093716319,0
0,0.03481306870158962,1
1,0.042840822910400034,1
0,-0.048225868581242226,0
0,0.010454593140268309,1
0,-0.029126500919647913,0
0,-0.053026930121906346,0
0,-0.06571033752252453,0
0,0.05706140461138187,1
0,-0.02249517672016088,0
0,0.005234448197476316,1
0,0.002389548005210629,1
0,-0.056227683629201886,0
1,0.018704360797310082,1
0,-0.0775191522941503,0
0,-0.05575793700721687,0
0,-0.08019246440305783,0
0,-0.0647625116771845,0
1,-0.039511711182720066,0
0,0.06918529059506173,1
0,-0.053129872892633545,0
0,-0.07066653374130033,0
0,-0.06847819586233056,0
0,-0.048777799354354334,0
1,0.018704360797310082,1
0,-0.06560479090385818,0
0,-0.027394305246000117,0
0,-0.060509419396782116,0
0,-0.05450967587522115,0
0,-0.05656634934050969,0
0,-0.08308500373906746,0
0,0.013153862667802274,1
1,0.02306593421792602,1
0,-0.07934459793148751,0
0,0.06186558874624548,1
0,-0.06953843416862598,0
0,-0.043142596731017835,0
0,-0.017229526322682653,0
0,-0.085391393583441,0
1,0.020788539663415317,1
0,-0.07715621327092126,0
0,-0.02285260889806673,0
1,-0.02207767166662894,0
0,-0.0782005510335484,0
0,-0.05433750791650921,0
0,-0.06418812487546449,0
0,-0.060266746142893735,0
1,0.018642208242853675,1
0,-0.0342626853287335,0
0,-0.0693084269811346,0
0,-0.0892252323822525,0
1,0.025563872707289437,1
0,0.03811334194818117,1
1,-0.0322605695030353,0
1,-0.03164230826171727,0
0,-0.03552439012623593,0
0,-0.04596597830095911,0
1,0.01962331518296634,1
0,-0.07953475816798594,0
1,0.022108963122197567,1
0,-0.07646233538591779,0
0,-0.083274368021784,0
0,-0.05687794560532289,0
0,-0.07555311102709811,0
0,-0.07780253557815714,0
0,-0.049396023951065404,0
1,-0.06469901276497847,0
0,-0.060610778976152635,0
1,-0.031154028924512966,0
0,-0.08549409209766706,0
0,-0.07586351633062172,0
0,-0.054166295469109726,0
0,-0.0656292539871528,0
0,-0.027486420730597427,0
1,0.02306593421792602,1
0,-0.049668130650820985,0
0,-0.05496012003688383,0
1,0.018642208242853675,1
0,-0.06294880516047535,0
0,0.05739318836849949,1
0,-0.06526826207836428,0
0,-0.06536028146409978,0
0,-0.053445552340876445,0
0,-0.0592473817705077,0
0,-0.05826805622123732,0
0,-0.08846927010171302,0
1,-0.02258476415919558,0
1,0.02371505908625493,1
1,0.020882390501738124,1
0,-0.08207944675729983,0
0,-0.05366651420643326,0
0,-0.06966948903149717,0
0,0.021985361500322154,1
0,-0.07903368815252998,0
0,0.01677697839660708,1
1,0.018704360797310082,1
0,0.08678045954000735,1
0,-0.08208828305107901,0
0,0.028572770779302092,1
0,-0.029629885321110105,0
0,-0.029060273882624832,0
0,0.10554632086192439,1
0,0.08678045954000735,1
0,-0.04980965798027842,0
0,0.00349142151519799,1
0,-0.08015386849429829,0
0,-0.0627300780737175,0
0,-0.07663152934968098,0
0,-0.07511801523878225,0
0,-0.019964024661442203,0
0,0.12521563920730783,1
0,0.06669443791425067,1
0,-0.05323019326340517,0
0,0.12521563920730783,1
0,-0.03629980298754232,0
0,-0.05692052075605164,0
1,-0.052369293693938446,0
0,-0.005477220621192991,0
1,0.01751910108047583,1
0,-0.03773668186136814,0
1,-0.07316593474172306,0
0,-0.054053724523675184,0
0,-0.045359811895847924,0
0,0.12521563920730783,1
0,-0.0496985329327892,0
0,-0.05021559834973349,0
0,-0.07793057445183316,0
0,-0.059041888372030116,0
0,-0.059272893460631526,0
0,-0.07364265798629521,0
0,-0.06758571911823369,0
0,-0.06785605323724708,0
0,-0.02651910067921398,0
0,-0.048777799354354334,0
0,0.047481775490920364,1
0,-0.07630287334640651,0
0,-0.07566672967359345,0
0,-0.05970601377794704,0
0,-0.06290982128350303,0
1,0.006991466190500728,1
0,-0.02443865792461325,0
0,0.05739318836849949,1
0,0.11226941501094456,1
1,0.02371505908625493,1
0,0.095379893261748,1
0,0.08339975410058853,1
0,-0.09243982761015246,0
0,-0.06400583725333236,0
0,-0.06521456871233033,0
0,-0.0711479840378978,0
0,-0.0719802143741991,0
0,-0.07759060551653701,0
0,-0.06317568411592189,0
0,0.03204951890384322,1
0,0.004460609608336719,1
1,0.020882390501738124,1
0,0.23856429143130609,1
0,-0.0773344607289489,0
0,-0.051739900191763666,0
0,-0.052926113466377045,0
0,-0.058932319619587725,0
0,-0.08415123298005955,0
1,0.02306593421792602,1
0,-0.06595682660578656,0
0,-0.027562155745773087,0
1,-0.0322605695030353,0
1,-0.03318674328455834,0
0,-0.0685706838019739,0
1,-0.030647237968585928,0
1,-0.06179392384123955,0
0,-0.07331911195146873,0
0,-0.03152897654039477,0
0,-0.07054497425319217,0
0,-0.014192566690387487,0
0,-0.03606205095759463,0
0,-0.05667514009186958,0
0,-0.06400583725333236,0
1,0.02371505908625493,1
0,-0.051174449450028636,0
1,0.029619340097468694,1
0,-0.07435089510884174,0
1,0.006597874340981469,1
0,-0.03382099935255567,0
0,-0.09085629984424165,0
0,-0.06813652275346871,0
0,0.04456547079263251,1
0,-0.08267942645935383,0
1,-0.05856610754324837,0
0,-0.0786662167924721,0
0,-0.08143948969446962,0
0,0.05620728223776139,1
0,-0.01906792034692195,0
0,0.06918529059506173,1
0,-0.055366706075459016,0
0,0.06160648306646044,1
0,0.03811334194818117,1
0,-0.052661176507302065,0
0,-0.07107565022308548,0
0,-0.050786224451236095,0
0,0.02528935442551772,1
0,-0.05825539581251804,0
1,0.020788539663415317,1
0,0.08339975410058853,1
0,-0.017867379508960668,0
0,-0.07857578748426525,0
0,-0.030016700350538383,0
1,0.022108963122197567,1
0,-0.05016589447158559,0
0,-0.05746180307560067,0
0,-0.08609073287027219,0
0,-0.027698927161343034,0
0,-0.06395968145448716,0
0,-0.03996147121097393,0
0,0.06918529059506173,1
0,-0.04272714543222084,0
0,-0.028399107763012965,0
0,0.08678045954000735,1
0,-0.06395983377604186,0
0,-0.06516721526634794,0
0,-0.056313678304172554,0
0,-0.023002851296189397,0
0,-0.03008461382310429,0
0,-0.07443269563031113,0
0,0.01713350313869333,1
0,-0.06059382580532563,0
0,-0.08574054729256508,0
1,-0.0322605695030353,0
0,-0.07386029987512022,0
0,-0.07688220693967762,0
0,0.039905179626069875,1
0,-0.048657465192204874,0
0,-0.09095437136731488,0
1,-0.0322605695030353,0
0,-0.05840675063791456,0
1,-0.0322605695030353,0
0,0.05739318836849949,1
0,-0.06553127983876678,0
0,-0.05488927036002944,0
0,-0.05435165555650551,0
0,0.067557765714653,1
0,0.018542393818240632,1
0,-0.004451507415495548,0
0,-0.06285207477402421,0
0,-0.056791848995684235,0
0,-0.025300879788554442,0
0,-0.03724745655595668,0
0,-0.07154148092355361,0
1,-0.045060190988982785,0
0,-0.02837892083918797,0
0,-0.025517785009824878,0
1,-0.06792768592202691,0
0,0.019634366989910834,1
0,-0.02729232831134798,0
0,-0.06107837258076543,0
1,0.022696425743937598,1
1,0.02251581758792809,1
0,0.016888061272744448,1
0,-0.0867947891787399,0
0,-0.08373901565864711,0
0,-0.07010852846309412,0
0,-0.08090407529846849,0
0,-0.08565362282879907,0
0,-0.010559196151942618,0
0,-0.0778320657079562,0
0,-0.07451799354559091,0
0,-0.09369162409172466,0
0,-0.09003096357647294,0
0,-0.04269744606027176,0
0,-0.09081767528057988,0
1,0.028235936958997954,1
0,-0.06336563336042816,0
0,-0.06242873616156963,0
0,-0.05887875638860496,0
1,-0.0332312375586431,0
0,-0.07270737966744872,0
0,-0.0413114238062956,0
0,-0.06356320763692008,0
0,-0.05511805929824076,0
1,0.02371505908625493,1
0,0.1277019482508981,1
0,-0.038465365379807326,0
0,-0.012194062141275663,0
0,-0.05665300951414881,0
0,-0.07492047892559811,0
0,-0.051140098480282725,0
0,-0.040230653775053915,0
0,-0.05832556749591972,0
0,-0.08447191152472283,0
0,-0.06945123093236938,0
0,-0.06635659134503274,0
0,-0.053734342446378924,0
1,0.02362955767125552,1
0,-0.06210727182053771,0
0,-0.008821001382167404,0
0,-0.08494193946783118,0
0,-0.08091200404076326,0
0,-0.06392556645001907,0
0,-0.003031682554900883,0
0,-0.053917223370397616,0
0,-0.07598323380340566,0
0,-0.08009539368622504,0
0,-0.05671953577990757,0
0,-0.06076034110786632,0
0,-0.04085449805789687,0
1,0.029619340097468694,1
0,-0.031192775875631906,0
0,0.06918529059506173,1
0,-0.024310959653874975,0
0,-0.029787393709617027,0
0,-0.05221260852234588,0
0,-0.053435916420749185,0
0,-0.06829331111500442,0
0,-0.07211374500193851,0
0,-0.053026930121906346,0
0,-0.07242862334851952,0
0,-0.06058160917107197,0
1,0.02371505908625493,1
0,-0.0700445817388416,0
0,-0.05256484483908491,0
1,0.029619340097468694,1
0,-0.053451389452405185,0
0,-0.05371877766094363,0
0,-0.0011027071299770097,0
1,0.11542315532019298,1
0,0.02473272758419598,1
0,-0.06474410507535794,0
1,0.02306593421792602,1
0,0.04056091502252579,1
0,-0.062398907014473426,0
0,-0.0120139505025037,0
0,-0.04584532076278197,0
0,0.0548955245581656,1
0,-0.06519350086417369,0
0,-0.05196271612698511,0
1,-0.0322605695030353,0
0,-0.06106496744014739,0
0,-0.031407183946502715,0
0,-0.010077119883133423,0
0,0.02528935442551772,1
0,-0.05863611370771116,0
0,-0.0536386433695209,0
1,0.018704360797310082,1
0,-0.008390911061411599,0
0,-0.0572298345329596,0
0,-0.02169719907706702,0
0,-0.07147771579894258,0
0,-0.07301792889464903,0
0,-0.0019010539883719813,0
0,-0.03844615826827308,0
1,0.022696425743937598,1
0,0.03811334194818117,1
0,-0.06377536633584424,0
1,-0.03176982550220808,0
0,-0.05757658461481091,0
0,-0.06166985293558158,0
0,0.03611912474222123,1
1,0.020882390501738124,1
0,-0.07793865725600135,0
0,-0.04335062898646319,0
0,-0.0858901546087687,0
0,-0.05003725792602287,0
0,0.002617455976516414,1
1,0.02306593421792602,1
1,0.020788539663415317,1
1,-0.031154028924512966,0
0,-0.05241686792923517,0
0,-0.018793310057144796,0
0,-0.059190961507477935,0
1,0.056741844935825125,1
1,-0.030647237968585928,0
0,-0.06661223628585017,0
0,-0.08991921839453582,0
0,-0.03247477179369829,0
1,0.020882390501738124,1
0,-0.06491845098643728,0
0,-0.08741164596783302,0
0,-0.0787271381419109,0
0,-0.08465672654809464,0
1,-0.05674135743918046,0
0,-0.06601080775426488,0
0,-0.08560106781177196,0
0,-0.07452508095295518,0
1,0.02306593421792602,1
1,0.022108963122197567,1
0,-0.06548295110751712,0
0,0.02528935442551772,1
1,0.022607459467776425,1
0,0.1277019482508981,1
0,0.08678045954000735,1
0,-0.04044351133216734,0
0,0.0061133441817851075,1
0,-0.07579645775537219,0
0,-0.05606037763815386,0
0,-0.004590703396552154,0
1,0.02306593421792602,1
1,0.02251581758792809,1
0,0.0063790272232618905,1
0,-0.022399871562732765,0
0,-0.057979554537034295,0
0,-0.07683484713911037,0
0,-0.048258922607029964,0
0,-0.05005785708611804,0
0,-0.041245196757696334,0
0,-0.08107826062487078,0
0,-0.07847446357104554,0
1,0.022108963122197567,1
0,-0.06551095798254158,0
0,0.08678045954000735,1
0,-0.08454712152344729,0
0,-0.05563331579783526,0
0,-0.054120490387528586,0
0,-0.02028461727512537,0
1,0.045274332768239,1
0,0.06160648306646044,1
0,-0.04044010908840806,0
0,-0.055040173757957056,0
0,-0.0736879499268368,0
1,-0.033142779587794435,0
0,-0.0579938529257748,0
1,0.02306593421792602,1
0,-0.029735178222841996,0
1,-0.018055945725761025,0
0,-0.02764465102001734,0
0,0.095379893261748,1
0,-0.023000683129863975,0
0,-0.055950485705207886,0
1,-0.031154028924512966,0
0,-0.05431887249606415,0
0,-0.07713545953522533,0
0,-0.057203709232283906,0
0,-0.08449144531405439,0
0,-0.0845507532162944,0
1,0.02306593421792602,1
1,0.022108963122197567,1
1,-0.0322605695030353,0
0,0.05739318836849949,1
0,-0.08837451213750314,0
0,0.05739318836849949,1
0,-0.0654129571519943,0
0,-0.05302442609716229,0
0,0.13400645629314256,1
0,-0.08316491726068037,0
0,-0.04346424810695171,0
1,0.022696425743937598,1
0,0.02528935442551772,1
0,-0.027404281746010006,0
0,-0.07071373695619965,0
0,-0.0813981628937211,0
0,-0.06464439453913134,0
0,0.05739318836849949,1
0,-0.08325182178589491,0
0,-0.041202280125253954,0
0,0.09373893816060619,1
0,-0.049796789671198494,0
0,-0.07599056837251161,0
0,-0.08004023670740235,0
0,-0.07544941042039244,0
0,-0.082770940955671,0
0,-0.061193859758602975,0
0,-0.06271593667165126,0
0,-0.05432960304616574,0
1,0.020788539663415317,1
0,-0.020402014193630358,0
0,-0.057124591457709484,0
0,-0.059237886473158474,0
0,0.09627899427998443,1
0,-0.07287562009712995,0
0,-0.048790894297550846,0
0,-0.08685845644766221,0
0,-0.025055676939982396,0
0,-0.03733412145756543,0
0,-0.07253123229804365,0
1,-0.02207767166662894,0
0,-0.0499051214543903,0
0,-0.09244811162389088,0
0,-0.041108368882560364,0
0,-0.0416882587758422,0
0,-0.07613259461440675,0
1,0.02371505908625493,1
0,-0.013916061540655444,0
0,-0.08499144660356506,0
0,-0.06858839808240441,0
0,-0.041748653290730575,0
0,-0.07090532039267805,0
0,-0.04030660886810877,0
1,-0.0005905562532885211,0
0,0.0158878047829778,1
0,-0.04691931511181263,0
0,-0.08414283662283095,0
0,0.06918529059506173,1
0,-0.06316027220412129,0
0,-0.06019372871554712,0
0,-0.057478136443982475,0
0,-0.07734421740179004,0
1,-0.019209330400425495,0
0,-0.07577020220633929,0
1,-0.0339307455733629,0
1,0.029619340097468694,1
0,-0.040050592557860365,0
0,-0.05359113740754634,0
0,-0.07528430709574996,0
0,-0.04305994439574917,0
0,0.1277019482508981,1
0,-0.07268880993360327,0
0,-0.06829331111500442,0
0,0.04534785865994406,1
1,0.020882390501738124,1
0,-0.06509615977283195,0
0,-0.030074610895303777,0
1,-0.05931305581906815,0
0,-0.08296412612576204,0
0,-0.05559399373952667,0
0,-0.07706900365327707,0
0,-0.0687481969157338,0
0,-0.06731700117409267,0
0,-0.04083897991544272,0
0,0.029439160908818374,1
0,-0.022753166084395038,0
1,0.03225373079339,1
0,0.010621033870115704,1
0,-0.06491845098643728,0
0,0.08678045954000735,1
0,-0.057221552044331214,0
0,-0.07953295755289153,0
1,0.022696425743937598,1
0,-0.06002490023404272,0
0,-0.06400926782171351,0
0,-0.05131623287731124,0
0,-0.059510611977757755,0
0,-0.05078731597533215,0
0,-0.0099872916642465,0
1,-0.03237981227916531,0
0,0.02528935442551772,1
0,0.002617455976516414,1
0,-0.0690080365718243,0
0,-0.08717087069568408,0
0,-0.0346414401296149,0
0,-0.030669530148961788,0
0,-0.06619289593651956,0
0,0.06669443791425067,1
1,0.016727081269584887,1
0,-0.02770779854367783,0
0,-0.05288651605404532,0
0,-0.03948531858165838,0
0,-0.06516087193632258,0
1,-0.030647237968585928,0
1,-0.028440269393504136,0
0,-0.06585299489135904,0
0,-0.06297932551340524,0
0,-0.08643311447499569,0
1,-0.05169009660122864,0
0,-0.041529514409248514,0
0,-0.08478103828456535,0
0,0.06918529059506173,1
1,-0.030647237968585928,0
0,-0.05710014364458882,0
0,-0.04134864749898093,0
1,0.02371505908625493,1
1,0.02371505908625493,1
1,0.020788539663415317,1
1,0.06507517598228085,1
0,-0.09213071036034037,0
0,-0.047777467114466066,0
0,-0.071777919955966,0
0,-0.05573196744821107,0
0,0.009268622289914319,1
0,0.08678045954000735,1
0,-0.06551095798254158,0
1,0.022607459467776425,1
1,-0.0322605695030353,0
0,-0.07673920020785774,0
0,-0.032156033384421856,0
0,-0.03974840184434031,0
1,0.022108963122197567,1
0,-0.06714781668771258,0
0,-0.08600341852092508,0
0,-0.07595229746131982,0
0,-0.052117457892434604,0
0,-0.052117457892434604,0
1,0.018704360797310082,1
0,-0.05669095393785489,0
0,0.003254611893603987,1
0,-0.06445448062274323,0
0,-0.026195079214319794,0
0,-0.053435916420749185,0
0,-0.07544304239746058,0
0,0.17405727922771908,1
0,-0.05333519201379949,0
0,-0.06096596379773689,0
0,-0.07796418531715132,0
0,-0.0846053403873816,0
0,-0.032883091711836065,0
0,0.06669443791425067,1
0,-0.06452987150190953,0
1,0.02371505908625493,1
0,0.01026020199740052,1
0,-0.028294757200289233,0
0,-0.0526255274946586,0
1,0.022607459467776425,1
0,-0.05687794560532289,0
1,0.018704360797310082,1
1,-0.0169180409679916,0
0,0.05102494775031219,1
0,-0.011127429696894287,0
1,0.020788539663415317,1
0,-0.09707254671629362,0
0,-0.019851125539006476,0
0,-0.05180801062941681,0
0,-0.0877506020236003,0
1,-0.0038977254126089655,0
0,0.0019444721410830645,1
0,-0.025933179973540388,0
1,-0.03164230826171727,0
0,-0.06144796867997593,0
0,0.05739318836849949,1
0,-0.058113560227532224,0
0,-0.03791859472305131,0
0,0.06935382250428479,1
1,0.02371505908625493,1
1,0.058119219030333014,1
0,-0.07699135036257682,0
0,-0.0577214264915345,0
0,0.07743037233485972,1
0,-0.053435916420749185,0
1,0.02306593421792602,1
0,-0.07152697719347728,0
0,-0.057282723938382185,0
0,-0.05960670361782339,0
0,-0.067188875743951,0
0,-0.06902615866801426,0
0,0.013146546619326571,1
0,0.05443156721772047,1
1,0.02371505908625493,1
0,-0.08172104854809037,0
0,-0.06534317126831629,0
0,-0.051440715765374345,0
0,-0.0444991437080664,0
0,0.06160648306646044,1
0,-0.08242167204363093,0
0,-0.0389669115517855,0
1,-0.01125435753546361,0
0,-0.05416203591742713,0
1,0.020788539663415317,1
1,-0.0290845150681735,0
0,-0.09225480650360818,0
1,-0.0660162807500172,0
0,-0.08564989104831228,0
0,-0.08675490159334892,0
1,0.018704360797310082,1
0,-0.07765119914408036,0
1,0.018704360797310082,1
0,-0.0725471833671214,0
0,-0.0049394038911600435,0
0,-0.07115967002115753,0
1,0.029619340097468694,1
1,0.02371505908625493,1
0,-0.052622501496553786,0
0,0.08678045954000735,1
0,-0.08099999411815745,0
0,-0.061190026184073376,0
0,-0.07879886942719566,0
0,0.004497546924311813,1
0,-0.06916883626467124,0
0,-0.041413657714739704,0
0,-0.02996861724765343,0
1,0.029619340097468694,1
0,-0.08675015685846682,0
0,-0.08552199671096644,0
0,-0.065770072605561,0
0,-0.03956101666351752,0
0,-0.07412114184859547,0
1,-0.000961495799755907,0
0,0.005690433460216027,1
0,-0.04775572806220679,0
0,-0.04702304618595027,0
0,0.04405449072161727,1
0,-0.0043509935079070194,0
0,-0.01909315656656735,0
0,-0.0668406180303523,0
1,-0.0322605695030353,0
0,0.06918529059506173,1
1,0.02371505908625493,1
0,-0.0894104372992976,0
0,0.1801813140057853,1
1,0.02306593421792602,1
0,0.02528935442551772,1
0,-0.047096207196936246,0
0,-0.10022999705749974,0
0,-0.04953101774912394,0
0,-0.028496062420397927,0
0,-0.02820070706737049,0
0,-0.07624381748641124,0
0,-0.07621003583857427,0
1,0.0443004965710283,1
0,-0.0856349765544499,0
0,-0.0314612481728862,0
0,-0.0275124115005283,0
0,-0.08356593822133196,0
0,-0.024633962167206203,0
1,-0.03164230826171727,0
0,-0.06807440405760673,0
0,-0.03974840184434031,0
0,-0.08558399044319026,0
0,-0.06562485441884763,0
0,0.004383781041455093,1
0,-0.0534150288155415,0
0,-0.07259014489181542,0
0,-0.03001718138952475,0
0,0.08678045954000735,1
0,-0.036152480755521854,0
0,0.006341681916341768,1
0,-0.020097287180875223,0
0,-0.06585299489135904,0
0,-0.08147793696424216,0
0,-0.06000745024916754,0
0,-0.06911411647893922,0
0,-0.03892636901139518,0
1,0.02811327297057198,1
0,-0.039118873937386334,0
1,0.022108963122197567,1
0,0.038190349453169126,1
0,-0.08141756464495431,0
0,-0.06136444540068331,0
0,-0.053026930121906346,0
1,-0.04389052141917038,0
0,-0.07347020840470186,0
0,-0.031595900958853396,0
1,-0.031154028924512966,0
0,-0.06979948711552963,0
0,-0.05862004213781652,0
0,0.08678045954000735,1
1,-0.029215965702827418,0
0,0.10554632086192439,1
1,0.024966097236205576,1
0,-0.07572187636843536,0
0,-0.050097797560372026,0
0,-0.022826769554967763,0
0,-0.05665300951414881,0
0,-0.05049389686034311,0
0,0.012558436097433456,1
0,-0.04312506225223961,0
0,-0.07925344099104253,0
0,-0.07542215461787921,0
0,-0.054600496000306864,0
0,-0.024923676538211648,0
0,-0.027489189042149254,0
0,-0.07830588287457979,0
0,-0.0838961479381069,0
0,0.10953307899996445,1
0,-0.08958045286731353,0
1,-0.016929733624085008,0
0,-0.07560561610768335,0
0,-0.05685480205971677,0
0,-0.019003784372156995,0
0,-0.002593430489216786,0
0,-0.09150689862246941,0
0,-0.07018357952249477,0
0,-0.05590800959283626,0
0,-0.06646433130910773,0
1,-0.02207767166662894,0
0,-0.03167118153295506,0
0,-0.02572000300712496,0
0,-0.07539873976738881,0
0,0.12521563920730783,1
0,-0.05652814141236234,0
0,-0.03923910489308979,0
0,-0.05526641716623526,0
1,-0.015145512151838625,0
0,-0.09076818203626424,0
0,-0.07576422859953691,0
1,0.02371505908625493,1
0,-0.04422234964243238,0
0,-0.05601114702812565,0
0,-0.056223337838068765,0
1,0.02371505908625493,1
0,-0.062460464835146,0
0,-0.07901443070168201,0
0,0.08678045954000735,1
1,0.02371505908625493,1
0,-0.05638853735453753,0
0,-0.06096596379773689,0
0,-0.05287392585439371,0
0,-0.06399429976215204,0
0,-0.006607958311780293,0
1,-0.03237981227916531,0
0,-0.06880449464996063,0
0,-0.005622561769325074,0
1,0.02371505908625493,1
0,-0.07699247189699121,0
0,-0.06041354583123654,0
0,-0.04789488868554037,0
1,-0.023631235359161673,0
0,-0.088510485292498,0
0,-0.07587616421857785,0
0,-0.05323019326340517,0
0,-0.08803118015618072,0
0,-0.03648536841893124,0
1,0.022696425743937598,1
0,-0.048276229473093235,0
0,-0.07280907623416277,0
1,0.018642208242853675,1
0,-0.06123966188485369,0
0,-0.05779965421506261,0
0,-0.0757277663009217,0
0,-0.05320929603569474,0
0,-0.0525720304343289,0
0,-0.003036033140333405,0
1,0.025584671548748772,1
0,-0.036676906290916744,0
1,-0.04380596219124322,0
1,-0.05852358814567532,0
1,0.016812575021424414,1
0,-0.06261281534593299,0
0,-0.08891458791154466,0
0,-0.037595814508424974,0
0,-0.07998074161966257,0
0,-0.054569969308900235,0
0,-0.04980965798027842,0
0,-0.08070890544929105,0
1,-0.002997598472622043,0
0,0.03605586564063179,1
1,0.02306593421792602,1
0,-0.06533109885128435,0
0,-0.03263967275674834,0
0,-0.02516901049735104,0
0,-0.02294983295905917,0
0,0.05663053513171401,1
0,-0.05021559834973349,0
0,-0.0031709519357259186,0
1,0.018704360797310082,1
0,0.05739318836849949,1
1,-0.07503619757853502,0
0,-0.08361627540789351,0
0,0.02528935442551772,1
0,-0.05971366817235435,0
0,-0.055504308143073944,0
1,-0.05829704047795187,0
0,-0.0579771558967348,0
0,-0.06692576398482464,0
0,0.11226941501094456,1
0,-0.011782085687444377,0
1,-0.03164230826171727,0
0,0.05544846932101832,1
1,0.02371505908625493,1
0,-0.03435133805979779,0
0,-0.026798032342613187,0
0,-0.063374571990027,0
0,-0.057221552044331214,0
0,-0.049531642171747325,0
0,0.017611149051664943,1
0,-0.05450967587522115,0
1,0.02371505908625493,1
0,-0.06583861981190686,0
0,-0.050740690924932164,0
0,-0.04191905848074917,0
0,0.08339975410058853,1
0,-0.07976858472360437,0
0,0.08339975410058853,1
0,-0.039392861841950844,0
1,-0.030647237968585928,0
1,0.020882390501738124,1
0,-0.0627138143024612,0
0,0.004300672256324578,1
0,-0.053598786168377155,0
0,-0.08585789652480125,0
0,-0.047637155311585355,0
0,-0.056777997562530214,0
0,0.02528935442551772,1
0,-0.03533570337077768,0
0,-0.05016503654136606,0
1,-0.0322605695030353,0
0,-0.05394711562509785,0
0,-0.08561378765540029,0
0,0.05739318836849949,1
0,-0.0680783408588817,0
0,-0.07238658255195035,0
0,-0.07978010255570228,0
0,-0.02052508281431914,0
0,-0.06871806355273874,0
0,-0.0956674821168399,0
0,0.02485998625372876,1
1,0.022108963122197567,1
0,-0.03910339124777301,0
0,0.02528935442551772,1
0,-0.07900664934877683,0
0,-0.07890977137059452,0
0,0.02659010638981152,1
0,0.002397488127674152,1
0,-0.07925149522549346,0
0,0.12521563920730783,1
0,-0.08788282487637544,0
0,-0.03928632170437957,0
0,-0.0774839335275126,0
0,-0.021618060264582795,0
0,-0.006653323313306814,0
1,-0.030647237968585928,0
0,-0.0672160732391176,0
0,-0.05458748305198824,0
0,-0.07009834063468806,0
0,-0.013808914174073095,0
0,-0.07916455404177841,0
1,0.022108963122197567,1
0,-0.0794625660786693,0
0,-0.08925751354682016,0
0,0.08678045954000735,1
0,-0.035836956444712076,0
1,-0.030647237968585928,0
0,0.017644543973337035,1
0,0.01611902141310184,1
0,0.11226941501094456,1
1,0.03993410031220479,1
0,-0.05327945970518949,0
0,-0.0947511407818683,0
0,-0.016279324067657586,0
0,0.0016121612648876127,1
0,-0.02614152593338115,0
0,0.05585893617878135,1
0,0.09373893816060619,1
0,-0.0693084269811346,0
0,-0.03851640291637465,0
1,0.03625991392181738,1
0,-0.011154968812653765,0
0,-0.09092455205615296,0
0,-0.03380735197805529,0
0,0.02528935442551772,1
0,-0.033204221380671084,0
1,0.02371505908625493,1
0,-0.06205625236597706,0
0,0.18048818412117196,1
0,0.19182813859210623,1
1,0.02371505908625493,1
0,-0.016180419620231312,0
1,-0.05326837470525336,0
0,-0.06037408223163909,0
0,0.02520179050387461,1
0,-0.06255393577777607,0
1,0.029619340097468694,1
0,0.012768434130278172,1
0,-0.08223767100946916,0
0,-0.0744459956899608,0
0,-0.053463687061231224,0
0,-0.08125788234730519,0
0,0.02528935442551772,1
1,0.01751910108047583,1
0,-0.052413645049454394,0
1,0.020882390501738124,1
0,-0.057478136443982475,0
0,-0.032724955849025905,0
0,0.0179406637921119,1
0,-0.031173045467832283,0
0,-0.07189887539193879,0
1,-0.03914233020358837,0
0,-0.03167880599612083,0
0,-0.05463788643786016,0
0,-0.06551095798254158,0
0,-0.0783465603031448,0
0,-0.018847829800161697,0
0,-0.007565574718033485,0
0,0.00559436751338982,1
0,-0.03234735855396642,0
1,-0.04827122304929138,0
0,-0.028922439063105154,0
0,-0.055816768607506506,0
0,-0.06198889976500549,0
1,-0.05087932661715583,0
0,-0.09648176453660134,0
0,-0.08394074435531962,0
0,-0.07074592985308559,0
0,-0.038872277834394175,0
0,-0.05687794560532289,0
0,-0.0534150288155415,0
0,-0.07353330223679094,0
0,-0.05680015037859015,0
0,-0.0804884699781967,0
0,-0.0443732560373456,0
0,-0.0632784651504616,0
1,0.01751910108047583,1
1,0.02306593421792602,1
0,-0.05318506179289856,0
0,-0.013863995922296923,0
0,0.02528935442551772,1
1,0.02371505908625493,1
0,-0.08791468459851964,0
0,-0.054391974332965776,0
0,-0.06262213768474972,0
0,-0.03738705521577057,0
0,0.04172992714283397,1
0,-0.002014362574547124,0
0,-0.025182825743178594,0
0,-0.0658137166242706,0
0,-0.052517799421335,0
0,-0.06400583725333236,0
1,-0.030647237968585928,0
0,-0.0784318638290395,0
0,-0.0503380587399993,0
0,-0.05437472509904073,0
1,-0.031154028924512966,0
0,-0.05017770658971288,0
0,-0.07416654039495729,0
0,-0.08543031564153092,0
0,0.03811334194818117,1
0,-0.07217451351854415,0
0,-0.07216929325893129,0
0,-0.0577214264915345,0
1,0.022108963122197567,1
0,-0.016640447610896947,0
0,-0.052084700838850195,0
0,0.08678045954000735,1
0,-0.08096424097948324,0
0,-0.09092458151863897,0
0,0.100361652963736,1
0,-0.044903274937131754,0
0,-0.08363021935616644,0
0,0.12521563920730783,1
0,0.11443543182368965,1
1,-0.06485493212994836,0
0,-0.02913340751015525,0
1,-0.03237981227916531,0
1,-0.06327322943091163,0
0,0.04877696285820243,1
0,0.02528935442551772,1
0,-0.08067889790611599,0
0,0.1277019482508981,1
1,-0.030647237968585928,0
0,-0.05967703393892515,0
0,-0.02663093206342404,0
0,-0.05273937567093945,0
0,-0.08975488158131117,0
0,-0.07616470947259957,0
0,-0.013917062129006452,0
0,0.0039694052391497925,1
0,0.012932397611758795,1
0,-0.009347774862104918,0
0,-0.0746278565366631,0
0,-0.04085710077107024,0
0,0.06669443791425067,1
0,-0.08298514031058407,0
0,-0.05658928939212976,0
0,-0.08436050640024717,0
0,-0.005592518901273935,0
0,-0.07307907351126869,0
0,-0.06238398457753941,0
0,-0.07947718681936228,0
0,-0.08474706896636952,0
0,0.03319326537664824,1
0,-0.07472423472456113,0
0,-0.07655465254886673,0
0,-0.0693084269811346,0
0,-0.038546187634612816,0
0,-0.08592660412354769,0
0,-0.052117457892434604,0
0,0.06918529059506173,1
1,-0.031154028924512966,0
0,-0.05237979864741199,0
0,-0.03969436335211751,0
0,-0.06491845098643728,0
0,-0.06678996370128015,0
0,-0.08705195884539485,0
0,-0.06391009436034167,0
0,-0.05447262399731234,0
0,-0.04589418508805454,0
0,0.04090701071883651,1
0,-0.029172742451975264,0
0,-0.06801878199141914,0
1,-0.06434063704542403,0
1,0.02371505908625493,1
0,-0.060397696961256186,0
0,-0.08208504072355627,0
0,-0.06140357521292261,0
0,-0.0633535952944464,0
0,0.10953307899996445,1
0,-0.05077008147039841,0
0,-0.06199606568186661,0
0,-0.05031702623548012,0
0,-0.02544509659537736,0
0,-0.07158752570894955,0
0,-0.0632784651504616,0
0,-0.0005754933417949082,0
0,0.0024519361220182168,1
0,-0.07579020133867959,0
0,-0.057282723938382185,0
0,-0.0663926132664846,0
0,-0.051272866414640905,0
0,0.04050102595207361,1
0,-0.06630978396871601,0
0,-0.035434778330729555,0
1,0.028235936958997954,1
1,0.022108963122197567,1
0,-0.06108549724357454,0
1,0.02371505908625493,1
0,-0.054631889254521004,0
0,0.06160648306646044,1
0,-0.07218866387722561,0
0,-0.028204486522027505,0
0,-0.0773562972769189,0
0,-0.080973442761127,0
0,-0.06130464794491913,0
0,-0.0649474441952122,0
0,-0.06077728425395129,0
0,-0.08068129630070714,0
0,0.08339975410058853,1
0,-0.08235944823542185,0
0,-0.05702178843627986,0
0,-0.07215353264959135,0
0,-0.0779193903811582,0
0,-0.08260883759889243,0
0,-0.07701683751890115,0
0,-0.05730356127567238,0
0,-0.03358173598912567,0
0,-0.087449903460034,0
0,0.003368123087610919,1
0,-0.02375668159975597,0
0,-0.0029621864223753347,0
0,0.02528935442551772,1
0,-0.06857191996705803,0
0,-0.049796789671198494,0
0,0.100361652963736,1
0,-0.05694660431362003,0
0,-0.0546911996736168,0
0,-0.09083527647670137,0
0,-0.0414780477166265,0
0,-0.07236770044958513,0
0,-0.0055487880803917755,0
0,-0.036083509581806006,0
1,0.029619340097468694,1
0,-0.05163879324122134,0
1,-0.037049337638236035,0
1,0.022696425743937598,1
0,0.007510017146279413,1
0,0.05669164498904222,1
0,0.06918529059506173,1
1,-0.051190156650407326,0
0,-0.07803091567121201,0
0,-0.030596099359790685,0
0,-0.052579990441425306,0
0,-0.035128377276535616,0
0,-0.07811663344254705,0
0,-0.03916731754550212,0
1,0.02251581758792809,1
0,-0.006164822161329797,0
0,-0.02714590095596814,0
0,-0.0898585965100398,0
0,-0.05265667338492175,0
0,-0.007673767677888965,0
0,0.017741737261288915,1
0,-0.08479133578476544,0
0,-0.05053602493795223,0
1,0.02371505908625493,1
1,0.04966550146647075,1
0,-0.09056106181293627,0
1,0.01751910108047583,1
0,-0.06131233846634271,0
0,-0.05127454518506358,0
0,0.18048818412117196,1
1,-0.0804623504396405,0
0,-0.06359252985018315,0
0,-0.08060576136073488,0
0,-0.050930625494881365,0
0,-0.06526826207836428,0
0,0.05838516862210119,1
0,-0.0330796463000928,0
0,-0.04712655040088115,0
1,0.02371505908625493,1
0,0.05739318836849949,1
0,-0.058292807088923204,0
0,-0.05180801062941681,0
0,-0.054932591101856,0
0,-0.0810037811599843,0
1,-0.031154028924512966,0
0,-0.0500036526414081,0
0,-0.05366651420643326,0
1,-0.027497903340828245,0
0,-0.086433587816934,0
0,-0.05702178843627986,0
1,-0.03164230826171727,0
0,-0.03414482774031741,0
0,-0.040650751010966935,0
1,0.020788539663415317,1
0,-0.08074469113659849,0
0,-0.0032472223352849605,0
0,-0.03162220024345763,0
0,-0.07077124950915192,0
0,-0.08131901110391854,0
0,-0.052117457892434604,0
0,-0.0013718696713598821,0
0,-0.023087867934844186,0
0,-0.05437472509904073,0
0,-0.07794436071210414,0
0,-0.08388954752484584,0
0,0.02528935442551772,1
0,-0.03596101572234367,0
0,-0.07869031411965205,0
1,-0.06722771463674887,0
0,0.05054730267755303,1
1,-0.030647237968585928,0
0,-0.01595168959293264,0
0,-0.052620665904811514,0
0,0.06160648306646044,1
0,-0.06097429831445372,0
0,0.0030444957965078956,1
0,-0.06317568411592189,0
0,-0.08518232129819442,0
0,-0.03690121437810262,0
0,0.06669443791425067,1
0,-0.04075433580175408,0
0,0.031031052993872876,1
0,-0.0716080507498168,0
0,-0.08463578693461588,0
0,-0.045399335904427185,0
1,0.02371505908625493,1
0,-0.05168654140548379,0
1,0.02306593421792602,1
0,-0.08509283748668017,0
0,-0.024596365648259344,0
0,-0.07999011631900543,0
0,-0.041579531652566504,0
0,-0.03789880267260998,0
0,-0.08667820379615981,0
0,-0.05322849523461343,0
0,-0.09223966464991634,0
0,0.100361652963736,1
0,-0.0688340228683526,0
0,-0.07526214558409416,0
0,-0.08294574485984035,0
1,0.04541117716863885,1
0,-0.07351461874418153,0
0,0.02528935442551772,1
0,-0.06229612924061573,0
0,-0.08026061758623548,0
0,-0.07284074986466543,0
0,-0.08361586846584274,0
1,0.02371505908625493,1
1,-0.0322605695030353,0
0,-0.06107435582408183,0
0,-0.02133578213537296,0
0,-0.06733606205028841,0
0,-0.01564554332771112,0
0,0.054097437804796256,1
0,0.05739318836849949,1
0,-0.04044351133216734,0
0,-0.05324148021362207,0
1,-0.07034744948734833,0
0,-0.08372618510788893,0
1,-0.030647237968585928,0
0,-0.042738587005197115,0
0,-0.08181540279694016,0
1,0.02371505908625493,1
0,-0.08157036494315084,0
0,-0.06086693782463848,0
1,-0.031154028924512966,0
1,-0.04526856016497999,0
0,0.002886892002260888,1
0,-0.027602112805350132,0
0,-0.05562739503945474,0
0,0.05837225964904191,1
0,-0.04677789132470028,0
0,-0.06792781509124851,0
0,-0.055366706075459016,0
0,-0.050670732218250525,0
0,-0.06077728425395129,0
0,-0.03125728754907964,0
0,-0.07939722467722132,0
0,0.002714004446100371,1
1,-0.0322605695030353,0
0,-0.08504003429213375,0
0,-0.08822933382122383,0
0,-0.041141722682661974,0
0,-0.08303308881616206,0
0,-0.07589578145170173,0
0,-0.07820006304174154,0
0,-0.039732834773835546,0
0,-0.03319757268402568,0
0,-0.05935466277887563,0
0,-0.09182579489225773,0
0,0.005576398577458841,1
0,0.05739318836849949,1
0,-0.04689159997369369,0
0,-0.06412695063407575,0
1,-0.06687605127358676,0
1,0.026049401404935724,1
0,-0.020350238594917303,0
0,-0.0593532855362669,0
0,-0.05366651420643326,0
0,-0.07225128106366718,0
0,-0.06710606743396724,0
1,-0.02222428425687356,0
0,0.021028349002202074,1
1,0.022607459467776425,1
0,-0.05647499869567679,0
0,0.08678045954000735,1
0,-0.039705345186340446,0
0,-0.06355821267578055,0
0,-0.0368870179171123,0
0,-0.09322270705594893,0
0,-0.08229937706779689,0
1,-0.031154028924512966,0
1,0.020788539663415317,1
0,-0.053320781459632594,0
0,0.02096527278018867,1
1,0.01751910108047583,1
0,-0.05320875207345249,0
0,-0.052010603407578404,0
0,-0.03594321164032954,0
0,-0.087851290352369,0
0,0.06160648306646044,1
1,0.029619340097468694,1
0,0.02528935442551772,1
0,-0.05431887249606415,0
0,-0.07711212557261393,0
0,-0.06148681859311128,0
0,0.1277019482508981,1
0,-0.0705806176680886,0
0,-0.07964641128439454,0
0,-0.03382099935255567,0
0,-0.056774419792769315,0
0,-0.0856877740730192,0
0,-0.029205365890394408,0
0,-0.033828967818503974,0
0,-0.0878356003188418,0
0,-0.06872812275722684,0
0,-0.09390155423458801,0
0,-0.013769367663216181,0
0,0.06160648306646044,1
1,0.02306593421792602,1
0,0.0007293065095624884,1
0,-0.06073168459026618,0
1,0.054327464604318476,1
0,-0.0510518528415127,0
0,-0.0654332835918996,0
0,0.00349142151519799,1
0,-0.07439615073240097,0
0,-0.08802685327420351,0
0,-0.06865918404409116,0
0,0.05739318836849949,1
0,-0.04522122285775748,0
0,-0.07846235211752983,0
0,-0.06575525889387757,0
0,-0.08831167302875514,0
0,-0.05329301888518795,0
0,-0.08364886628917123,0
0,-0.0632784651504616,0
0,-0.0878099875312695,0
0,-0.05726663086870193,0
0,-0.07793557141750751,0
0,-0.052517799421335,0
0,-0.06098649823174762,0
0,-0.09386021880520085,0
1,-0.07295040865481578,0
0,-0.05889026101428557,0
0,-0.06096596379773689,0
0,0.017741737261288915,1
0,-0.01404091030472615,0
0,-0.025681126149459832,0
0,-0.07791748906162,0
1,-0.06953868295461235,0
0,-0.06624487360550163,0
0,-0.03892529438013692,0
0,-0.06846819032476648,0
0,-0.028695570971380924,0
0,-0.051902612425612116,0
0,-0.05559399373952667,0
0,-0.08324188137294708,0
0,0.03631109607163285,1
0,-0.07825614240525236,0
0,-0.0774566807520482,0
0,-0.09238493704449563,0
0,-0.07505443121713545,0
0,-0.0740915434654521,0
0,-0.06106614076234079,0
0,-0.04980965798027842,0
0,-0.07604573115555702,0
0,-0.03727860261525612,0
0,-0.08596949333060117,0
0,0.12482644457583891,1
0,-0.031281980990046476,0
0,-0.053026930121906346,0
0,-0.084820895959765,0
1,-0.03237981227916531,0
0,-0.0632784651504616,0
1,0.02306593421792602,1
0,-0.06294880516047535,0
0,-0.07574774094948888,0
1,0.02371505908625493,1
1,-0.06586349744100384,0
1,-0.07273893937086856,0
0,-0.0830112422065859,0
0,0.006462980624428849,1
0,-0.08757987604267742,0
0,0.03811334194818117,1
0,-0.06363472796140612,0
0,0.03811334194818117,1
1,0.02371505908625493,1
0,0.06160648306646044,1
0,-0.09174132590927209,0
1,-0.07375853907290142,0
0,-0.06521456871233033,0
0,0.095379893261748,1
0,-0.0234020158128882,0
1,-0.030647237968585928,0
0,-0.07039248282803112,0
0,-0.057203709232283906,0
0,-0.07037962847286466,0
1,0.022607459467776425,1
0,-0.02267313966752299,0
0,-0.07171270611326275,0
0,-0.06914253936513837,0
0,-0.03955797726601501,0
0,-0.05652128206146401,0
1,0.028235936958997954,1
0,-0.05922387955002645,0
0,-0.06923143147088295,0
0,-0.053026930121906346,0
0,0.055844003959858,1
0,-0.04059210724988088,0
0,0.14666219215207066,1
0,0.0024540586659382857,1
0,-0.04921159302120959,0
0,-0.059117104790070873,0
1,0.00997006141577017,1
0,-0.07320555919152422,0
0,0.018477431728565974,1
0,-0.07906045671095868,0
0,-0.06211724562649806,0
0,-0.049835781418530345,0
0,-0.0564137310525098,0
0,-0.0639782535636364,0
0,-0.0360960751545244,0
0,-0.07359783081144666,0
0,-0.04608899292982299,0
1,0.01751910108047583,1
0,-0.05221260852234588,0
0,-0.0898310034818584,0
0,-0.08875268140229298,0
0,-0.06344946052832307,0
0,0.10953307899996445,1
0,-0.0693084269811346,0
0,-0.06940449066658061,0
0,-0.040265424481897905,0
0,-0.055006634554499945,0
0,-0.041202280125253954,0
1,0.016727081269584887,1
0,-0.06793879753583243,0
0,-0.034420971496118835,0
0,-0.08604565107226692,0
0,-0.05943717535610027,0
0,-0.06052757319361951,0
0,-0.012715932812113195,0
0,-0.06105006601632862,0
0,-0.05706916093716319,0
0,-0.04966270930844763,0
0,-0.06481176013768492,0
0,-0.01959220701910591,0
0,-0.08438400403401192,0
1,-0.030647237968585928,0
0,-0.02398704945301372,0
0,-0.053026930121906346,0
0,-0.03316495769630334,0
0,-0.07728343466197735,0
0,0.03811334194818117,1
0,-0.06377701954861759,0
0,-0.08702418153082592,0
1,0.02371505908625493,1
0,-0.06812266056297339,0
1,-0.02561032494817933,0
0,-0.06491801375861883,0
0,-0.053445552340876445,0
0,-0.05026076111962696,0
0,-0.08276009206001517,0
0,-0.050463251227451156,0
1,0.02371505908625493,1
0,-0.04815262660193048,0
1,0.02306593421792602,1
1,0.018704360797310082,1
0,-0.0716085995543621,0
0,-0.05746180307560067,0
0,-0.07128207052708391,0
0,-0.0815904213321832,0
0,-0.02015144718556905,0
0,-0.0879876466344876,0
0,-0.055683656011117855,0
0,-0.05411558830642643,0
0,-0.05820907303253625,0
0,-0.06583268808304577,0
0,-0.07704613092671958,0
0,-0.02541478404502301,0
0,-0.08944986782462433,0
1,-0.029682401367727262,0
1,0.022108963122197567,1
1,0.022607459467776425,1
1,0.020788539663415317,1
0,-0.04301234845441998,0
0,-0.0693084269811346,0
1,-0.02207767166662894,0
0,0.08678045954000735,1
0,-0.047251849977759386,0
0,-0.0810797973728477,0
0,-0.07507553427095681,0
1,-0.030647237968585928,0
0,-0.07490032962432425,0
0,-0.09050117923720408,0
0,-0.024288337303937035,0
0,-0.03892529438013692,0
0,-0.05433750791650921,0
0,-0.09276971642753284,0
0,0.100361652963736,1
0,-0.07299967237240546,0
0,-0.0061922390331550226,0
0,-0.05847285635057764,0
0,0.08678045954000735,1
0,0.02528935442551772,1
0,-0.06488293434076725,0
1,-0.07714801311112401,0
0,-0.09595576652928739,0
0,0.06160648306646044,1
0,-0.05710014364458882,0
0,-0.030939008321778427,0
0,-0.006184966505809408,0
0,-0.06164089790477634,0
0,0.016862177521760002,1
0,-0.05320929603569474,0
0,-0.03912917317350101,0
1,0.02371505908625493,1
0,-0.03830849837813938,0
0,-0.06413656088811054,0
0,-0.03093416972857399,0
1,0.034299243340980334,1
1,0.020882390501738124,1
0,-0.045201814309088095,0
0,-0.07505293871547325,0
1,0.022108963122197567,1
1,0.022108963122197567,1
0,-0.05898517860342628,0
0,-0.06317568411592189,0
1,0.01751910108047583,1
0,0.06669443791425067,1
0,-0.029642920531526895,0
0,0.095379893261748,1
0,-0.059904566918925595,0
1,0.020882390501738124,1
0,-0.05379882997357066,0
1,-0.030647237968585928,0
0,-0.08009586394300794,0
0,-0.05601114702812565,0
0,-0.09011245971818671,0
1,-0.05851379131666745,0
0,0.058058980017689166,1
0,-0.07538638236310186,0
0,-0.01024006890442325,0
0,-0.062219462130349235,0
0,-0.07404660613087483,0
1,0.022108963122197567,1
0,0.1277019482508981,1
0,-0.08368330130456819,0
0,-0.06691617516053078,0
0,-0.06694263038711018,0
0,-0.07597087416161286,0
0,0.039282251113466726,1
0,-0.07396095609039738,0
0,0.08678045954000735,1
0,-0.08799425160039659,0
0,0.08678045954000735,1
0,-0.08524609053256738,0
1,0.022607459467776425,1
0,-0.03030867598750836,0
1,0.025584671548748772,1
0,-0.0660401865355954,0
0,-0.03793299578426523,0
0,0.0146500589490548,1
0,-0.03599697025397036,0
0,-0.07686976627469161,0
0,-0.059564978569252414,0
0,0.06918529059506173,1
0,-0.052928677037508975,0
0,0.02528935442551772,1
0,-0.0045087568628537356,0
0,-0.08707490489351677,0
0,-0.0693084269811346,0
0,-0.09577360239270233,0
0,-0.057288750237374286,0
0,0.12521563920730783,1
0,0.059421622128322804,1
1,0.018704360797310082,1
0,0.05739318836849949,1
1,0.022108963122197567,1
0,-0.06130464794491913,0
0,-0.06519350086417369,0
0,-0.07116097101377733,0
0,-0.07542885207945849,0
0,-0.08447135839240899,0
0,-0.04652272375843863,0
0,-0.06940554937021681,0
0,-0.03526785888641515,0
0,-0.024376593624005627,0
0,-0.07846682304014552,0
0,-0.05726890318230898,0
0,-0.06523305745275365,0
0,0.05739318836849949,1
0,0.06160648306646044,1
0,0.03811334194818117,1
0,0.01244285245712895,1
0,-0.04672376361605707,0
0,-0.039118873937386334,0
0,-0.06221442620267753,0
0,-0.06571033752252453,0
0,0.0017307115069459256,1
0,0.017741737261288915,1
0,-0.05496012003688383,0
0,-0.08522000696654858,0
0,-0.0608100885635825,0
1,0.02306593421792602,1
0,0.04219100107172735,1
0,-0.03161600010771187,0
0,-0.021326677260212035,0
1,0.022108963122197567,1
1,0.02306593421792602,1
0,-0.07957193624586256,0
0,-0.0562184634259521,0
0,-0.07020928422369899,0
0,0.009690417712934885,1
1,-0.030647237968585928,0
0,0.06054845326839531,1
0,-0.06744261691760361,0
0,-0.06362602447255694,0
0,-0.0831397003199229,0
0,0.10953307899996445,1
0,-0.039644038538971416,0
0,-0.021837906912732907,0
0,-0.05358077740110545,0
0,-0.08263320441117772,0
0,-0.03607993623527039,0
0,-0.05196510731251963,0
0,0.014425152007628506,1
0,-0.024286854532080127,0
0,-0.09880084475147427,0
0,0.031011581998945714,1
0,0.018092152765261327,1
1,0.01751910108047583,1
0,-0.007471846168653595,0
0,-0.07473092098377881,0
1,0.022607459467776425,1
0,-0.05180801062941681,0
0,-0.08878009690444222,0
0,-0.04360132568007147,0
0,0.08678045954000735,1
0,-0.0519356594784508,0
0,-0.055468646021506474,0
0,-0.03051893249815324,0
0,-0.08233345254139529,0
0,-0.06717373439979596,0
0,-0.053404677385220534,0
0,-0.03854137818005088,0
0,-0.0680783408588817,0
0,0.02528935442551772,1
0,-0.08183440214643856,0
0,-0.05601114702812565,0
0,-0.02637595994971892,0
0,-0.028818247543813458,0
1,0.018704360797310082,1
1,-0.019787115325808735,0
0,-0.07441841997328907,0
0,0.07258919439274591,1
0,-0.06796071183563268,0
1,-0.006943206760624265,0
0,-0.019492465894215938,0
0,-0.028737462302938388,0
0,-0.04370220354952076,0
0,-0.07455622277869689,0
0,-0.07807580258740404,0
0,-0.03570569860528944,0
0,-0.03931860049298003,0
0,-0.08689523838455682,0
1,0.02306593421792602,1
0,-0.06982141303151845,0
0,-0.0821349141881818,0
0,-0.08698000950183904,0
0,-0.04465020385269658,0
0,-0.05687794560532289,0
0,-0.08025271931228312,0
0,-0.07501944472959654,0
1,-0.02238916449032663,0
0,-0.05605062035468994,0
1,-0.0322605695030353,0
1,0.04840111717764595,1
1,-0.031154028924512966,0
1,0.022108963122197567,1
0,-0.08397439095303239,0
0,0.05305094402502919,1
0,-0.04813513549438897,0
0,0.02528935442551772,1
0,-0.03625707992128474,0
0,-0.07578241298509003,0
0,-0.03839745727137284,0
0,-0.0847029606135779,0
0,0.02801901927094763,1
0,-0.08945855800247998,0
0,-0.06724930594399536,0
0,0.06160648306646044,1
0,-0.015563410202285133,0
0,-0.07864072740951522,0
0,-0.05702178843627986,0
0,-0.04405150232409111,0
0,-0.04044010908840806,0
0,-0.06351402990344734,0
0,-0.08312682154561413,0
1,0.020788539663415317,1
1,-0.07524177647741392,0
0,-0.02597331361187505,0
0,-0.025727788940910823,0
0,-0.04897760714555427,0
0,-0.06195587286631021,0
0,-0.029179232846939074,0
1,0.02362955767125552,1
0,0.08576977133798391,1
0,0.01723540359529674,1
0,-0.00626466051100083,0
0,-0.06491845098643728,0
0,-0.08497092175320314,0
0,-0.08907158248144187,0
0,-0.041736264348626706,0
1,-0.0734949739038544,0
0,0.014619411755180334,1
0,-0.007799445913546976,0
1,0.0472416804982867,1
0,-0.021188420978279887,0
0,-0.047551395413861164,0
0,0.100361652963736,1
0,-0.06089184700997052,0
1,-0.030647237968585928,0
0,0.03811334194818117,1
1,-0.04849263591075159,0
1,0.015769469932073177,1
0,-0.03782115356215915,0
0,-0.07820834727249848,0
0,-0.08905509752697288,0
0,-0.05839241353869179,0
0,-0.001410846654873843,0
0,-0.08846924304170195,0
0,-0.047027329201521584,0
0,0.08339975410058853,1
0,-0.08099166433140198,0
0,-0.07765095488233298,0
1,0.016727081269584887,1
0,-0.07139621748571551,0
0,-0.06375353479711726,0
1,0.02371505908625493,1
0,-0.06553127983876678,0
1,-0.006378713837203953,0
0,-0.06698249986476718,0
0,-0.053861878222773496,0
0,-0.08977823918069922,0
0,-0.09285361048663493,0
0,-0.04306965729609169,0
0,-0.053860285983762524,0
0,-0.09130470002283081,0
0,0.04084775283785691,1
0,-0.06899462328281625,0
0,-0.07338563433633305,0
0,0.08339975410058853,1
0,-0.06404451575722125,0
0,-0.02985788498384434,0
0,0.0034468246530041657,1
0,-0.05850281863190565,0
0,-0.04134864749898093,0
0,-0.06821642637012254,0
1,-0.030647237968585928,0
0,-0.06533109885128435,0
0,-0.05437472509904073,0
0,-0.07804757633705361,0
1,-0.032950516717203004,0
0,-0.06569510810757712,0
0,0.01736004746782971,1
0,-0.055404214019695364,0
0,-0.026510882257182122,0
0,-0.06916883626467124,0
0,-0.08825708719885356,0
1,0.016812575021424414,1
0,-0.022488054081569397,0
0,-0.08661228382555308,0
1,0.021897866428469137,1
0,-0.0009181212541663486,0
0,-0.04998559328387164,0
1,-0.03114541373452473,0
0,0.017741737261288915,1
0,-0.04041675627217972,0
0,-0.052078622305764266,0
0,-0.0632784651504616,0
0,0.02528935442551772,1
1,-0.03594878932107981,0
0,-0.0890201354037064,0
0,-0.06521456871233033,0
0,0.1277019482508981,1
0,0.040942333578684265,1
1,-0.021905831844266033,0
0,-0.0822561457572123,0
0,-0.04621446012008629,0
0,0.03811334194818117,1
0,-0.06342377940240845,0
0,-0.06478864384084188,0
0,-0.026018758909926276,0
0,-0.06251194529236304,0
0,-0.07475399379651881,0
1,0.025584671548748772,1
0,-0.08638559251360683,0
0,-0.052117457892434604,0
0,-0.06899737364476305,0
0,-0.003721090494651247,0
1,0.018642208242853675,1
0,-0.018600795344754895,0
0,-0.0571600201227882,0
0,-0.03217994586096834,0
1,-0.030647237968585928,0
0,-0.04075433580175408,0
0,-0.031019051207867465,0
0,-0.02278538698336302,0
0,-0.0018708236240491671,0
0,-0.08197856207224652,0
0,-0.00774036552985824,0
1,-0.028218878361474575,0
0,-0.08282872353477588,0
0,-0.08111616211208605,0
0,-0.06997558434962453,0
0,0.0019123024036240555,1
0,-0.058977023050353405,0
0,-0.028986305870952078,0
0,-0.03978679489197212,0
0,-0.05578650709650462,0
0,-0.027292004370054745,0
0,-0.06812266056297339,0
0,-0.006290491425096301,0
0,-0.04890383642183932,0
0,-0.03247155189648743,0
0,0.0516624604730469,1
0,-0.050412063703377974,0
0,-0.08334025914716042,0
1,0.02371505908625493,1
0,-0.02891008928848976,0
0,0.100361652963736,1
0,0.02813362115325002,1
0,-0.05718286719504473,0
0,-0.0726828942819065,0
0,-0.0556468896835563,0
1,-0.03176982550220808,0
0,-0.06402922997869259,0
1,0.02306593421792602,1
0,-0.05352019170218414,0
0,-0.026174573779318255,0
0,-0.0644275572251159,0
0,-0.06566128870414323,0
0,-0.06400583725333236,0
0,-0.032418627862414284,0
0,-0.022325009476200863,0
0,-0.05164595777693903,0
0,-0.06268150133665384,0
0,-0.04696880701189465,0
1,0.022696425743937598,1
0,-0.05710202293739042,0
0,-0.035234317279662586,0
1,-0.0322605695030353,0
0,-0.085391393583441,0
1,-0.05958502286396061,0
0,-0.052084700838850195,0
0,-0.06140357521292261,0
0,-0.07716296198727834,0
0,-0.0666171644198656,0
0,-0.07595488199831113,0
0,-0.05287392585439371,0
1,-0.04955818089360425,0
0,-0.08456197424999806,0
1,-0.030647237968585928,0
0,-0.020355389738558383,0
0,-0.06551095798254158,0
0,-0.0835087754653655,0
0,-0.08495678374050952,0
1,-0.03786445996959503,0
0,-0.08620073884023766,0
0,-0.07091867594747564,0
0,0.01655912633548584,1
1,0.022696425743937598,1
0,-0.0416882587758422,0
0,-0.01887656236224744,0
0,-0.0264054711240978,0
0,-0.0650954284298384,0
0,-0.07102772278245895,0
0,-0.015799290315364645,0
0,-0.06916883626467124,0
1,0.02362955767125552,1
0,-0.054298026190277016,0
0,-0.06077728425395129,0
1,-0.0322605695030353,0
1,-0.07546640882335326,0
0,-0.04677486678838105,0
0,-0.051566349853703175,0
1,-0.0322605695030353,0
1,-0.03176982550220808,0
0,-0.05672584235664041,0
0,-0.0284207116649825,0
1,0.02371505908625493,1
0,-0.0682584301612249,0
0,-0.015077588736941594,0
1,-0.0730205575497942,0
1,-0.022144594427378927,0
1,0.02045611042720885,1
0,-0.07734487483041796,0
0,-0.073333569848548,0
0,-0.03397758223302211,0
1,0.020788539663415317,1
0,-0.06526826207836428,0
0,-0.08539705178266355,0
0,0.007162112030358547,1
1,-0.056682394349350074,0
0,-0.07146838985169363,0
0,-0.08365531109852675,0
0,-0.06537476923535301,0
1,-0.014297190797552095,0
0,-0.050229471936075576,0
0,-0.04611551048660012,0
0,0.04075990413928354,1
0,-0.08041966767145514,0
0,-0.08905606534360383,0
0,0.100361652963736,1
1,-0.022732480521494847,0
0,-0.02683164580183689,0
0,-0.053026930121906346,0
0,-0.05163951545674089,0
0,-0.08589204019036928,0
0,-0.05180801062941681,0
0,-0.05464603609339469,0
0,-0.06316944605080471,0
0,-0.04382333774306052,0
0,-0.04940504851975941,0
0,-0.05561991031221286,0
0,-0.06391604116556171,0
0,-0.05845758011108926,0
0,-0.06067949704181752,0
0,-0.05672619477551338,0
0,-0.061193859758602975,0
0,-0.07679419830846373,0
0,-0.07158423588990492,0
0,-0.09430358360007501,0
0,0.06669443791425067,1
0,-0.017431246915337706,0
0,-0.05730356127567238,0
0,-0.05585032846993454,0
0,-0.07532335931526085,0
0,-0.06974960681616527,0
0,-0.0577214264915345,0
1,-0.03405087634543985,0
0,0.057333691382341234,1
0,-0.02353336490279556,0
0,0.02528935442551772,1
0,-0.07527180878836132,0
0,-0.06157103700792127,0
0,-0.07253125113230141,0
0,0.10554632086192439,1
1,0.020788539663415317,1
1,0.02251581758792809,1
0,-0.050450972912658765,0
1,0.020788539663415317,1
0,-0.049679787903196326,0
0,0.07258919439274591,1
0,0.03207526614346379,1
0,-0.05139086084367367,0
1,0.022108963122197567,1
1,0.02371505908625493,1
0,-0.02581541525677178,0
1,-0.02944044479050989,0
1,0.018824571193721273,1
0,0.02528935442551772,1
0,-0.02530658017088422,0
1,0.018704360797310082,1
0,-0.046472119976611104,0
0,-0.0830564042783602,0
0,0.08678045954000735,1
1,-0.03280542412454812,0
1,-0.04576765985623643,0
0,0.055497483726897556,1
1,0.020788539663415317,1
0,-0.033204221380671084,0
0,0.04858151348456352,1
0,0.05389264050734999,1
0,-0.06131888636638666,0
0,-0.08707405541708313,0
0,-0.058167134221555894,0
0,-0.08339790226030741,0
0,-0.018733719844022723,0
0,-0.059702561637671236,0
0,-0.06923143147088295,0
0,-0.002700355097621121,0
0,-0.0577214264915345,0
0,-0.07731550637527773,0
0,0.055912992866278266,1
1,-0.030647237968585928,0
0,-0.07474891203220196,0
0,-0.08737839417330767,0
1,0.02371505908625493,1
0,-0.05718286719504473,0
1,0.025584671548748772,1
1,0.022607459467776425,1
0,-0.06787561231879774,0
0,0.100361652963736,1
0,-0.08263236731392731,0
0,-0.06972644839861214,0
0,-0.09435473000315359,0
0,-0.028333272729771652,0
0,-0.03332935468515269,0
0,-0.06096596379773689,0
0,-0.04761003773998368,0
0,0.024518723409966525,1
0,0.07876981434876396,1
0,-0.04021500044159604,0
0,-0.07742634531980946,0
1,0.025605198364720194,1
1,-0.006378713837203953,0
0,-0.0641041553941194,0
0,0.04017739512380414,1
0,-0.07006484246402067,0
0,-0.044393320649288304,0
0,-0.08144230806047842,0
0,-0.08487735010107583,0
0,-0.05366597032847542,0
0,-0.03385715260952554,0
0,-0.07440852712989005,0
0,-0.06643051864694877,0
0,-0.041202280125253954,0
0,-0.05180801062941681,0
1,-0.03164230826171727,0
1,-0.02874638002835095,0
0,-0.02830250908753118,0
0,-0.026584125718149887,0
0,0.1277019482508981,1
0,-0.031230032778798822,0
0,-0.060202228757955445,0
0,-0.0735457732891196,0
0,-0.05533893476074048,0
1,-0.07587968667862055,0
0,-0.0611730049120337,0
1,-0.005814818821237244,0
0,-0.07668562800111484,0
0,0.08339975410058853,1
0,-0.006125325868188813,0
0,-0.05132593598070939,0
1,0.025584671548748772,1
0,-0.05273937567093945,0
0,-0.08538783833075514,0
0,-0.060896690988466784,0
0,-0.070802041942373,0
0,-0.052116013151027374,0
0,-0.041393409734589326,0
1,-0.031154028924512966,0
0,-0.008862979447875174,0
0,0.08339975410058853,1
0,0.017741737261288915,1
0,-0.061193859758602975,0
0,-0.05320929603569474,0
0,-0.08431013427049833,0
1,-0.06799250652082861,0
0,-0.06528859528592584,0
0,-0.07552965281783691,0
0,0.03811334194818117,1
0,-0.043488630999295896,0
0,-0.06160259804625556,0
1,-0.045722908288416186,0
0,0.002504114060451701,1
0,-0.05156692984188299,0
0,-0.05545886483235124,0
0,-0.08014682661164024,0
0,-0.06792781509124851,0
0,-0.06780009109656632,0
0,-0.06916883626467124,0
0,-0.09285840025891584,0
0,-0.00293363497305954,0
1,0.02015090741479164,1
0,0.02528935442551772,1
0,-0.04037279311659686,0
0,-0.0416882587758422,0
1,0.022108963122197567,1
0,-0.060678215723388385,0
0,-0.04032524281807992,0
0,-0.06571033752252453,0
0,-0.0680783408588817,0
0,-0.053588911528810845,0
0,-0.06784236898234886,0
0,-0.0747459511956155,0
1,-0.05480904554638244,0
0,0.10953307899996445,1
0,-0.09574395874468783,0
0,-0.0714631336179033,0
0,-0.05745254867745525,0
0,-0.013069547292936301,0
0,-0.07381109431591582,0
0,-0.0534323064517353,0
0,-0.07231107722899921,0
0,0.23565040100147439,1
0,-0.06077110286509524,0
0,-0.05815547845118324,0
0,-0.03582788350584676,0
0,-0.06317568411592189,0
0,-0.0869405765157732,0
0,-0.06167874515728239,0
0,-0.026978815517573584,0
1,0.02371505908625493,1
0,-0.05184396709461575,0
0,-0.09057232128601994,0
0,0.08339975410058853,1
0,-0.030195839701412486,0
0,-0.08044616016644868,0
0,-0.08666992386262606,0
0,-0.06317568411592189,0
0,-0.05903903255310661,0
0,-0.049014834370384064,0
1,-0.0013898185531217022,0
0,-0.05732900271485336,0
0,-0.07425130134051844,0
0,-0.06727319525984471,0
0,-0.08099720953356132,0
0,-0.06157109593041088,0
0,-0.05790608420852028,0
0,-0.04957620340680052,0
0,-0.07174649350189638,0
1,-0.03172021296313665,0
1,-0.06583138332300331,0
0,-0.03844441061002102,0
1,0.020882390501738124,1
0,-0.0577214264915345,0
0,-0.07779239190495973,0
1,0.018704360797310082,1
0,-0.06874025667890427,0
1,-0.028218878361474575,0
1,-0.0013898185531217022,0
0,-0.05949424467358261,0
1,-0.030647237968585928,0
1,0.022696425743937598,1
1,0.02371505908625493,1
0,0.100361652963736,1
0,-0.05019552433849045,0
0,0.006004818640813703,1
0,-0.03515963519073684,0
0,-0.08193698606744587,0
0,-0.08489245957630326,0
1,0.02306593421792602,1
0,-0.07863508003518227,0
1,0.016812575021424414,1
0,-0.005963382824945629,0
0,-0.06483782511642228,0
0,0.013163811825586125,1
1,0.011617469557035576,1
0,-0.029952509508651748,0
0,0.03811334194818117,1
0,-0.08852505228893948,0
0,0.005428964890051957,1
0,0.021916769927067814,1
1,-0.0322605695030353,0
1,0.022108963122197567,1
0,-0.05727932483602233,0
0,-0.07341490928887962,0
1,-0.0322605695030353,0
0,-0.08274496411555393,0
0,-0.06200976766374294,0
0,-0.06571033752252453,0
1,-0.02740883021802859,0
0,-0.029236967253130464,0
0,-0.08033764669818766,0
1,-0.047316553741027056,0
0,0.004196775715745615,1
0,0.05739318836849949,1
0,-0.06855951488475409,0
0,-0.0593409535112947,0
1,0.02306593421792602,1
0,0.08678045954000735,1
0,0.11729036897954181,1
0,-0.03931129848977971,0
0,-0.08315461445651023,0
0,-0.06678776048491275,0
0,-0.040916656137533425,0
0,-0.05164677430022829,0
0,-0.08803468282053728,0
1,-0.03164230826171727,0
1,-0.06962737177182804,0
0,-0.08404023984658443,0
0,-0.09105925072180177,0
0,-0.04443839238982439,0
0,0.08339975410058853,1
1,-0.017764221904392474,0
0,-0.06317568411592189,0
0,-0.06103892455066923,0
0,-0.05280094928594381,0
0,-0.005601478767941925,0
0,-0.05157381895402108,0
0,0.03811334194818117,1
0,-0.0709826142324268,0
0,-0.027108869850192452,0
0,0.02528935442551772,1
0,-0.06239483292627346,0
1,-0.02207767166662894,0
0,-0.031758496885504695,0
0,-0.006979196819581479,0
1,0.029619340097468694,1
0,-0.06229949989447359,0
0,-0.08578850106662883,0
0,-0.037503985547629404,0
0,-0.06555930759888012,0
0,-0.047540617115942374,0
0,0.02528935442551772,1
0,-0.04574606429912287,0
0,-0.05081057396939004,0
1,-0.014236400802823734,0
0,0.06918529059506173,1
0,-0.00109885374265134,0
1,0.020882390501738124,1
1,-0.0322605695030353,0
0,-0.08785369820144312,0
0,-0.0693084269811346,0
1,-0.030647237968585928,0
0,-0.08041031256022035,0
0,-0.06792781509124851,0
0,0.03811334194818117,1
0,-0.030270983521863026,0
1,0.02371505908625493,1
1,0.020882390501738124,1
0,-0.07611205881205213,0
0,-0.073255019185067,0
0,-0.049982624054991875,0
0,-0.03177492549637306,0
0,-0.025201439973507322,0
0,0.08678045954000735,1
0,-0.05201643610161938,0
0,-0.06376718249153068,0
0,-0.08024909841574307,0
0,-0.017443028127118287,0
0,-0.0571569419333145,0
0,-0.07804639116446055,0
1,-0.02258476415919558,0
0,-0.009440377268278122,0
0,-0.06047415845828197,0
0,0.05739318836849949,1
0,-0.007624859188981092,0
0,-0.02866253473489694,0
0,-0.06916883626467124,0
0,0.053752835976153324,1
1,-0.030647237968585928,0
1,0.020788539663415317,1
0,-0.06630097896344905,0
0,-0.06676989129275418,0
0,-0.030485956251625534,0
0,-0.09428281568745345,0
0,0.002504114060451701,1
1,-0.0322605695030353,0
0,-0.06726028119582317,0
0,-0.09441629063130419,0
1,0.016418339546547034,1
0,0.02045439942547378,1
0,-0.06077728425395129,0
0,-0.04513309323417858,0
0,-0.08788654028597864,0
0,-0.061598889103630206,0
0,-0.006060222268930104,0
0,-0.08479327707492962,0
0,-0.08571406738258042,0
0,-0.019802344607867395,0
0,0.23876543113886417,1
0,-0.08881587404829644,0
0,-0.07677950391992355,0
0,-0.04775572806220679,0
0,0.06538447616811716,1
0,-0.05536629535364035,0
1,-0.05501515245034899,0
0,0.05566271278955126,1
0,-0.04824046292914447,0
0,-0.042562740191004034,0
0,-0.06655675261804112,0
0,-0.026526228820945075,0
0,-0.040561492605584115,0
1,0.018704360797310082,1
0,-0.07032978116288197,0
0,-0.04890383642183932,0
0,-0.07404394681225679,0
0,0.08678045954000735,1
0,-0.05333519201379949,0
0,-0.054890010110750176,0
0,-0.08457590387550307,0
0,-0.054932591101856,0
0,-0.041529514409248514,0
1,0.02371505908625493,1
0,-0.07119132393797911,0
0,-0.08093619189678541,0
0,0.08339975410058853,1
0,-0.05753410709711043,0
0,-0.05573196744821107,0
0,-0.07107116718347628,0
0,-0.0052607650126969,0
0,-0.030618891737223375,0
0,-0.056946333952287986,0
0,0.013534948336285213,1
0,-0.015020845744165678,0
0,-0.06984335526397872,0
1,0.02362955767125552,1
0,-0.057336474620682865,0
0,-0.04382146074573412,0
0,-0.0027626613786299603,0
0,0.012878032331685274,1
0,-0.05473139934532384,0
0,-0.06923143147088295,0
0,-0.02552092091141478,0
1,0.016727081269584887,1
0,0.100361652963736,1
1,-0.030647237968585928,0
1,0.023703380922188932,1
0,-0.08325077116040636,0
0,0.02528935442551772,1
0,0.001959557713579141,1
1,-0.02944044479050989,0
0,-0.04747912628778622,0
1,-0.03377562946229007,0
0,-0.06803478651155226,0
1,-0.07132345144704882,0
0,-0.05665300951414881,0
0,-0.018811485570997433,0
0,-0.0650612034491333,0
0,-0.08229903620003609,0
0,-0.08961181914873817,0
0,-0.09019675050204307,0
0,-0.06088718523871223,0
0,-0.03934634649505636,0
0,-0.06709882842937703,0
0,-0.023710213161600657,0
0,-0.05500331081148846,0
0,-0.07590956392037373,0
0,0.005234448197476316,1
0,-0.0680783408588817,0
0,0.006341681916341768,1
0,-0.0579487434267274,0
0,-0.07754755416039455,0
0,-0.07343241146747975,0
0,-0.022759810510051104,0
0,0.02528935442551772,1
1,-0.030647237968585928,0
0,-0.08290192778957456,0
0,-0.0715260156691106,0
0,0.018231357714310836,1
0,-0.07091991485151367,0
0,-0.0828163613596008,0
1,0.0155865997779292,1
0,-0.08464850368091226,0
1,0.018704360797310082,1
0,-0.04110448219616203,0
1,-0.02984744885766999,0
0,-0.05214809672936804,0
0,-0.03873168029572188,0
0,0.05739318836849949,1
0,-0.0667908661374726,0
0,-0.05571287985220996,0
0,-0.049472390218564866,0
1,-0.0322605695030353,0
0,-0.060822305908569574,0
0,-0.06336810809095123,0
0,-0.06029169731641254,0
0,-0.06924600043720996,0
1,-0.0343146942377916,0
1,-0.031154028924512966,0
0,-0.07865566477083763,0
0,-0.008263378090991425,0
1,-0.0627991175413764,0
0,0.06875178736207788,1
0,-0.056313678304172554,0
0,-0.06108549724357454,0
0,-0.04285630607168628,0
0,-0.05419244460942252,0
1,0.02251581758792809,1
1,0.020788539663415317,1
0,-0.07853217715463245,0
0,-0.04513063173034121,0
0,-0.02101595345019247,0
0,-0.06765957691483987,0
0,-0.03916238545199652,0
0,0.017882000867143533,1
0,-0.06887851416693974,0
0,-0.06595682660578656,0
0,-0.04223832208789463,0
0,-0.08550093181149687,0
0,-0.07027984472716747,0
0,-0.08752247814567954,0
0,-0.07004705018641028,0
0,-0.07520419970020836,0
0,-0.022610367968473655,0
0,-0.025744632599604134,0
0,-0.09773917708115859,0
0,-0.06499806538280412,0
1,0.0007817969804632119,1
0,-0.06465011343532678,0
0,-0.08232707065671363,0
0,-0.0668575068627082,0
0,-0.03211186976432068,0
1,0.029619340097468694,1
0,-0.07778043903746867,0
0,-0.041202280125253954,0
0,-0.04867040628546032,0
0,-0.019851327348422154,0
0,-0.007912297137764479,0
0,-0.03495989470729671,0
1,-0.030647237968585928,0
0,-0.055800110000436165,0
0,-0.06817574063649545,0
0,-0.08778815664434714,0
1,0.018704360797310082,1
1,0.018642208242853675,1
1,-0.03365474892339254,0
0,-0.0715695985398952,0
0,-0.06566128870414323,0
0,-0.03646875958165463,0
0,-0.01723095837360461,0
0,-0.05453727868475966,0
0,0.06160648306646044,1
1,-0.014384642079228793,0
0,0.009562862683586415,1
0,-0.029075380471108914,0
0,-0.029832538765126926,0
0,-0.08332179417869606,0
0,-0.07193994922944907,0
0,-0.08143345213365077,0
0,0.12120842933180842,1
0,-0.05668010272363366,0
1,-0.02944044479050989,0
0,-0.05733946931174827,0
1,0.02371505908625493,1
0,-0.04846341146531913,0
0,0.06918529059506173,1
0,-0.05433750791650915,0
0,-0.06328577748129799,0
0,0.06160648306646044,1
0,-0.056181475224399924,0
0,-0.05799379984655845,0
0,-0.05177423920976193,0
0,-0.026957858106979926,0
0,-0.08544182461697347,0
0,-0.08117439160480605,0
0,0.02528935442551772,1
0,-0.05710014364458882,0
0,0.02528935442551772,1
0,0.1277019482508981,1
0,-0.07463848473909312,0
0,-0.06756822694240411,0
1,0.022108963122197567,1
0,-0.0701182018453021,0
0,-0.0029155305221789662,0
0,-0.08524843413622324,0
0,-0.045857178665771436,0
0,-0.06378922636363443,0
0,-0.02639513791784065,0
0,-0.0688369950810308,0
0,-0.06068399437659272,0
1,-0.008511273287526822,0
0,-0.03385631356181795,0
0,0.08339975410058853,1
1,-0.030647237968585928,0
0,-0.023171473908337903,0
0,-0.015978185113229126,0
0,-0.0737092571752726,0
0,-0.08441960526381537,0
0,-0.08312363365467274,0
0,0.015608984563346917,1
0,-0.08337002823209544,0
0,-0.08871329704465214,0
1,0.02306593421792602,1
0,-0.06131787643412634,0
0,-0.05945589950377067,0
0,-0.05849111456260253,0
0,-0.061193859758602975,0
1,-0.0322605695030353,0
0,0.03811334194818117,1
1,0.02371505908625493,1
0,-0.06551095798254158,0
0,-0.0049084584623598215,0
0,-0.08337656238251445,0
0,-0.05960947154698393,0
0,-0.06893480326836177,0
0,-0.014168987020734158,0
0,0.013149767693315328,1
0,-0.02227740367424802,0
0,-0.052469823047355646,0
0,0.08339975410058853,1
0,-0.053565841811783865,0
0,0.10953307899996445,1
0,-0.059702846208265326,0
0,-0.05600866420687117,0
0,-0.05778871532732549,0
0,-0.08372972957803465,0
0,-0.02724824503027684,0
0,-0.055950485705207886,0
0,-0.08936994942749737,0
0,0.05739318836849949,1
0,-0.0693084269811346,0
0,0.02528935442551772,1
0,-0.027272664998185092,0
0,-0.03013326498172819,0
0,-0.023172686337792014,0
0,-0.06322397492246457,0
0,0.04178978454813054,1
0,-0.08144057228080637,0
0,0.05394098985282114,1
0,-0.012705268420819427,0
0,-0.030891676393141,0
0,-0.04179326494898705,0
0,-0.06518222079278307,0
0,-0.05473179480782214,0
0,-0.03762996991319506,0
0,-0.059076716965849596,0
0,-0.08388549347035007,0
0,-0.052269023787306745,0
0,0.08678045954000735,1
0,0.03811334194818117,1
0,-0.06077728425395129,0
0,0.07258919439274591,1
1,-0.028440269393504136,0
1,-0.030647237968585928,0
0,-0.08041273255574871,0
0,-0.05544704729036387,0
0,-0.07111409081809306,0
1,0.025584671548748772,1
0,-0.06523305745275365,0
0,0.05739318836849949,1
0,-0.06970986238307392,0
0,-0.0901912544681906,0
0,-0.06289427259148994,0
0,-0.05691560676641971,0
1,-0.0322605695030353,0
0,0.08339975410058853,1
0,-0.06086693782463848,0
1,-0.032950516717203004,0
1,-0.030647237968585928,0
0,-0.06884544563856809,0
0,-0.05883720887602084,0
0,-0.07836319702693734,0
0,-0.054432342982904225,0
0,0.12521563920730783,1
0,-0.06317111755873189,0
0,-0.0304577873496934,0
0,-0.025196377431032313,0
0,0.03811334194818117,1
0,-0.04517763917971884,0
0,-0.0725390576905533,0
0,-0.060611240633974384,0
0,-0.04060070541528321,0
0,-0.05679264267385559,0
1,0.018704360797310082,1
0,0.06918529059506173,1
0,-0.08650260467706578,0
0,-0.09626838377165509,0
1,0.02371505908625493,1
0,-0.01995383377827603,0
0,0.04608706606655755,1
1,0.0020504769540814483,1
0,-0.05820720029094034,0
1,0.018704360797310082,1
0,-0.0735293741224547,0
0,-0.05371877766094363,0
0,-0.032769728932291076,0
0,-0.0510591391079111,0
0,-0.05864555775664437,0
0,-0.058535356505658775,0
0,-0.0818350435145136,0
0,-0.0760071999801622,0
0,-0.06088718523871223,0
0,-0.02644256246223109,0
0,-0.049549120921944634,0
0,-0.08244883680409121,0
0,-0.07416843712144477,0
1,-0.0322605695030353,0
0,-0.015067360490024773,0
0,-0.05315799332890575,0
1,-0.04288639595586358,0
0,-0.05882818648962074,0
1,0.02251581758792809,1
0,-0.07656522118344461,0
0,-0.053860285983762524,0
1,0.02371505908625493,1
0,-0.07281567795596827,0
0,-0.03787282344887705,0
0,-0.0652436906223659,0
1,0.020788539663415317,1
0,-0.04913938689504527,0
0,0.03811334194818117,1
0,-0.07375831503379576,0
1,-0.02393690257640879,0
0,-0.04913938689504527,0
0,-0.05356584181178381,0
0,-0.06553127983876678,0
0,-0.0182011417434772,0
1,-0.030647237968585928,0
0,-0.06485129764772529,0
0,-0.08354271788029294,0
0,-0.04048576317523317,0
0,-0.050770318703573014,0
1,-0.06572761718759912,0
0,-0.06307258896733747,0
0,-0.06469539632950222,0
0,-0.07471033212005518,0
0,-0.028027961203199392,0
1,-0.014411502997826064,0
0,0.06669443791425067,1
0,-0.06829331111500442,0
0,0.01830855410149468,1
0,-0.05678846409002014,0
0,-0.06411815987707448,0
0,-0.08248310555794963,0
0,-0.01892519628520023,0
0,-0.04145207491177766,0
0,-0.05618839792417424,0
0,-0.08026555875950403,0
1,0.02371505908625493,1
0,0.09195055383116002,1
0,-0.019294440731021212,0
0,-0.040650751010966935,0
0,-0.08247112620727032,0
0,-0.032358783781935796,0
1,0.020882390501738124,1
0,-0.08052543354594299,0
0,-0.06381339678305264,0
0,-0.06450726144880498,0
0,-0.0074108053797173334,0
0,-0.05496339508562298,0
0,-0.0801618403515525,0
0,0.06160648306646044,1
0,-0.0869620860136397,0
0,-0.07286097041740691,0
0,-0.07589696640368887,0
0,-0.09118155743200507,0
0,-0.06829331111500442,0
1,0.012179343885262872,1
0,-0.0803628907996291,0
1,0.005220989242664453,1
1,0.062353974055621375,1
1,-0.030647237968585928,0
0,0.013163811825586125,1
0,0.08339975410058853,1
0,-0.050229471936075576,0
0,-0.08221036904801893,0
0,0.08339975410058853,1
0,-0.08151624703441956,0
1,0.020788539663415317,1
0,0.01741110914721511,1
1,0.02371505908625493,1
0,-0.05737832377675739,0
1,-0.02999705330504543,0
0,-0.05079649572590278,0
0,-0.07992340088127803,0
0,-0.05827204943450237,0
1,-0.02388944934141185,0
0,-0.07994685140073682,0
0,-0.032081264702028045,0
0,0.095379893261748,1
0,-0.055356252757361224,0
0,0.05981264351659632,1
0,-0.052928677037508975,0
0,-0.0656292539871528,0
0,-0.07685036313137417,0
0,-0.07003881393061473,0
0,-0.08799101700923123,0
0,0.05739318836849949,1
0,-0.07829055591313222,0
0,0.014677205124955073,1
0,-0.043255281375288446,0
0,-0.030546228323138136,0
0,-0.06932589460495436,0
0,0.03811334194818117,1
0,-0.08097922095831905,0
0,-0.08082590395987255,0
0,0.051241003702817145,1
1,-0.03237981227916531,0
0,-0.05322849523461343,0
0,0.003368123087610919,1
0,-0.07575137233467338,0
0,-0.0652350170745537,0
0,0.08339975410058853,1
0,-0.07246774461167033,0
0,-0.0394367277353716,0
0,-0.018956113734962365,0
0,-0.06551440370886119,0
0,-0.06767770355035108,0
0,-0.055384585696606814,0
0,-0.041245196757696334,0
0,-0.07558942078485481,0
0,-0.07804320738315484,0
1,0.025605198364720194,1
1,-0.0389689579676023,0
0,-0.05287392585439371,0
1,-0.032950516717203004,0
0,-0.08973160676793157,0
1,-0.0322605695030353,0
0,-0.06088718523871223,0
0,0.06160648306646044,1
0,-0.03627126648150375,0
0,-0.07957510645266452,0
0,0.08339975410058853,1
0,-0.06086852911424706,0
0,0.14666219215207066,1
0,-0.06108549724357454,0
0,-0.07872135028100663,0
0,-0.05027178742602695,0
0,0.095379893261748,1
0,-0.09056281966648688,0
0,-0.06967083581774608,0
0,-0.047636759097824,0
0,-0.048583599089124185,0
0,-0.06600021904058073,0
0,-0.08240804364567172,0
0,-0.06118205045958963,0
0,-0.08222744670155174,0
0,-0.020070240951515772,0
0,-0.015765389098892912,0
0,-0.0394367277353716,0
0,-0.08574570248047397,0
0,-0.0643886598821003,0
0,-0.08311861576240637,0
0,-0.08093337892164565,0
0,-0.02232334197064617,0
1,0.02251581758792809,1
0,-0.07519690944265661,0
0,-0.07333376746728038,0
0,-0.07523606414586675,0
1,-0.02944044479050989,0
0,-0.042211844953289446,0
0,-0.05507630887945392,0
0,-0.044588452454228544,0
0,-0.06298710157110604,0
0,0.05591176400985409,1
0,-0.057046244034662186,0
0,-0.08316663106749944,0
0,-0.05777025966911814,0
0,-0.08992918722156246,0
0,-0.012625563286647212,0
0,-0.04044351133216734,0
0,-0.0651368198150803,0
0,0.05387891369099984,1
0,-0.03458675712541198,0
1,0.022108963122197567,1
1,0.020788539663415317,1
0,-0.07832719845513447,0
0,-0.0664179424103376,0
0,-0.08281360375993352,0
0,0.23029719942048554,1
0,0.06669443791425067,1
0,-0.083762503951607,0
0,-0.05643224291833321,0
0,0.1277019482508981,1
0,-0.0060139438134446666,0
0,-0.0805017246492718,0
0,-0.057046244034662186,0
0,0.06918529059506173,1
0,-0.04999307578002382,0
0,-0.07518573527729966,0
0,-0.043327885678523526,0
1,-0.04352858762720929,0
0,0.03811334194818117,1
0,-0.06499733387485307,0
0,-0.06534232995708156,0
0,-0.05131623287731124,0
1,0.016812575021424414,1
0,0.23046192102487228,1
0,-0.019596036116022064,0
1,-0.030647237968585928,0
0,0.08678045954000735,1
1,0.018704360797310082,1
0,0.08339975410058853,1
0,-0.06916883626467124,0
0,-0.022520148782096627,0
0,-0.025891649124409166,0
0,-0.0674843723490069,0
0,-0.048342336214529325,0
0,-0.017660984605878616,0
0,-0.05730356127567238,0
0,-0.02982647573794206,0
0,0.006462980624428849,1
0,-0.0001407970761931887,0
0,-0.07663777669092703,0
0,-0.0021532002417801177,0
0,-0.07341503529162474,0
0,-0.05031702623548012,0
0,-0.07877111024616579,0
0,-0.03625707992128474,0
1,0.01751910108047583,1
0,-0.08365636078173788,0
0,-0.06343637346126368,0
0,-0.01944339289456576,0
1,0.02371505908625493,1
0,-0.06571033752252453,0
0,0.005576398577458841,1
1,0.02306593421792602,1
0,-0.05921157896162915,0
0,-0.072405114338847,0
0,-0.08891553901724714,0
0,-0.07224796555418578,0
0,-0.052926113466377045,0
0,-0.03606205095759463,0
0,0.05739318836849949,1
1,0.02371505908625493,1
0,-0.0594163015061146,0
0,-0.057282723938382185,0
0,-0.017897861553290206,0
1,-0.005073796579440348,0
0,-0.06096596379773689,0
0,-0.04018899872678211,0
0,0.08678045954000735,1
0,-0.09524229445849086,0
0,-0.03922723072220985,0
0,-0.032420993691590905,0
0,0.014131967306577842,1
0,-0.03898097232322628,0
0,-0.06136444540068331,0
0,-0.0074867061684530944,0
0,-0.08859440854380995,0
0,-0.07653997687088698,0
0,-0.052926113466377045,0
0,-0.08207568824554118,0
0,0.003055330063770567,1
0,-0.05433750791650915,0
0,-0.042147078241985436,0
1,-0.05426596137378886,0
0,-0.05490511303655671,0
0,-0.08070744791134571,0
0,-0.05685721899771745,0
0,0.007108757500339791,1
0,-0.04684342574980216,0
1,0.02251581758792809,1
0,-0.06964252494043449,0
0,-0.09716462099382372,0
0,-0.05736198672431564,0
0,-0.0036746912181097047,0
0,-0.022718315607835382,0
0,0.0030444957965078956,1
0,-0.018651138550153656,0
0,-0.050229471936075576,0
0,-0.04017439015084423,0
1,-0.0322605695030353,0
1,0.02251581758792809,1
0,0.047797116914220394,1
0,-0.0087397516366024,0
0,-0.06840556314377916,0
0,-0.08712069890921298,0
0,-0.07855887167821218,0
0,-0.016245925972671327,0
0,-0.04721350671588459,0
1,-0.036536821727381597,0
0,-0.06491873627203304,0
0,-0.06571033752252453,0
0,-0.02577680931361981,0
0,-0.041736264348626706,0
0,-0.07832342694362165,0
0,0.08976320048640352,1
0,-0.06076788951581552,0
0,-0.054631889254521004,0
0,-0.07829108042761096,0
0,0.02528935442551772,1
0,-0.0458528266399591,0
0,-0.024050384944940162,0
0,-0.06317111755873189,0
0,-0.05699692424291747,0
0,0.05739318836849949,1
0,-0.02072046484182688,0
0,-0.00399431640059561,0
0,0.05739318836849949,1
0,-0.053351832886058215,0
0,-0.023649904658858578,0
0,0.03182475402447382,1
0,0.05415187399069299,1
0,0.12521563920730783,1
0,-0.054495786768882504,0
0,0.06669443791425067,1
1,0.02306593421792602,1
0,-0.05016589447158559,0
0,-0.06976685888761652,0
1,-0.03237981227916531,0
0,-0.0428115850962158,0
0,-0.06771500644445777,0
0,-0.062113117239102233,0
0,-0.07196227038115455,0
0,-0.04534100201409258,0
0,-0.03812470352389358,0
0,0.02528935442551772,1
0,-0.0817922026598939,0
0,-0.06499806538280412,0
1,-0.0322605695030353,0
0,-0.0579771558967348,0
0,-0.018903659151311425,0
0,-0.006015774980827393,0
1,0.018704360797310082,1
0,-0.07949822567411091,0
1,0.02306593421792602,1
0,-0.05130047647965014,0
0,0.03811334194818117,1
0,-0.06823728550596642,0
0,-0.008044902518838937,0
1,0.02371505908625493,1
0,-0.06198838698857101,0
0,-0.060955880167962107,0
0,-0.02254553492288508,0
1,0.022108963122197567,1
0,-0.0416882587758422,0
0,0.01855919275878959,1
0,-0.058416000799683065,0
0,-0.07448664409690253,0
0,-0.017965535168227242,0
0,-0.07866714295795207,0
0,-0.0861034843576381,0
0,0.003055330063770567,1
1,0.02371505908625493,1
1,0.02306593421792602,1
0,0.08339975410058853,1
1,0.02306593421792602,1
0,-0.01616395804902082,0
0,0.05739318836849949,1
0,-0.06693718311482505,0
0,-0.049632443368975876,0
0,-0.08267751973970433,0
0,-0.08906203603475565,0
0,0.007390922926267862,1
0,-0.06130464794491913,0
0,-0.06354770133589016,0
0,-0.04147168875100721,0
0,-0.07254898322401371,0
0,-0.07328275219718966,0
0,0.0019866885640725807,1
0,-0.06662009970052207,0
0,-0.0250484516650048,0
0,-0.06923143147088295,0
0,-0.023588015139519525,0
0,-0.033852933611888625,0
0,0.06669443791425067,1
0,-0.08691388521526144,0
0,-0.0396421760662487,0
0,-0.04241986687641636,0
0,-0.08708606192796153,0
0,0.01741110914721511,1
0,0.06918529059506173,1
1,0.0754627210380151,1
0,-0.062253745653157166,0
0,0.095379893261748,1
1,0.03677697397674595,1
0,-0.09331313512614714,0
0,-0.0021464872723362394,0
0,-0.07699981939723749,0
0,-0.020928090476871664,0
1,0.022696425743937598,1
1,-0.030647237968585928,0
0,-0.06606907271683482,0
0,-0.08082370970729053,0
0,-0.08788857375240033,0
0,-0.011870741197064771,0
1,0.01751910108047583,1
0,-0.041529514409248514,0
0,-0.07452021886593757,0
0,-0.017225726974765765,0
0,-0.05272939457156006,0
0,-0.07854228751757342,0
0,-0.059515432239314714,0
0,-0.055559022100882316,0
0,-0.058834883866524246,0
0,-0.05796532130029741,0
0,-0.06381339678305264,0
0,-0.02131708341679117,0
0,0.06669443791425067,1
0,-0.05517384217243748,0
0,-0.05333519201379949,0
0,-0.05784016280878024,0
0,-0.07949726869841167,0
0,-0.050291575179572445,0
0,0.017644543973337035,1
0,0.05739318836849949,1
0,-0.004525643653038425,0
0,0.07835487654702278,1
0,-0.06824089115718884,0
0,-0.07667113359070032,0
0,-0.06587729037768764,0
1,-0.04867779348546808,0
0,-0.07301342337862987,0
1,0.020788539663415317,1
1,0.03073364623859709,1
0,0.11226941501094456,1
0,-0.07981062687305873,0
0,-0.057052935071727096,0
0,0.014550831827426336,1
0,-0.0800581374051676,0
0,-0.07321165811344665,0
0,-0.05476729023210275,0
0,-0.05526641716623526,0
0,0.06918529059506173,1
0,-0.08582342343146737,0
0,-0.07417661716821167,0
0,-0.055950485705207886,0
0,-0.057046244034662186,0
0,-0.06583861981190686,0
0,-0.08337032615086193,0
0,-0.05956791875952189,0
0,-0.09053213260176535,0
0,0.23115440715665503,1
0,-0.08217309124716138,0
0,-0.05556543154351251,0
0,-0.06526527151251177,0
0,-0.08398859745585896,0
0,-0.0020051239435914248,0
0,-0.07422455855542898,0
1,0.02371505908625493,1
0,-0.05687794560532289,0
0,0.08678045954000735,1
1,0.02371505908625493,1
0,-0.08745933873097156,0
1,-0.027213162353728337,0
0,-0.06057418958138577,0
1,-0.030647237968585928,0
1,0.02251581758792809,1
0,0.02528935442551772,1
1,-0.013016076482623207,0
0,-0.07796891396373878,0
0,-0.08662360324575208,0
0,-0.055384585696606814,0
1,0.036884032840868386,1
0,-0.05195661627649911,0
0,-0.0789265205582575,0
0,0.010526495184252749,1
0,-0.013156298583356818,0
0,-0.05465036085705871,0
0,-0.02866671359506351,0
0,0.010914824384078314,1
0,-0.025743764774870892,0
0,-0.07754874608835088,0
1,0.02371505908625493,1
1,-0.06015880192441647,0
0,-0.0887429136524735,0
0,-0.09149031347356934,0
0,-0.05669477493934966,0
0,-0.04646138517236481,0
0,-0.08731316131587935,0
0,-0.05042349853426725,0
0,-0.052775580943055955,0
0,-0.08662442771243972,0
0,-0.07808474818984074,0
0,-0.034742528898010994,0
1,0.01751910108047583,1
0,-0.0680783408588817,0
0,0.05739318836849949,1
1,-0.010357562875985549,0
0,-0.016498211030197163,0
0,-0.06257614950800494,0
0,-0.05736198672431564,0
0,0.02528935442551772,1
1,0.02371505908625493,1
0,-0.078167812801621,0
0,-0.025797016096018366,0
1,0.02045611042720885,1
0,0.09373893816060619,1
0,-0.034336114041377375,0
0,-0.08707691347479862,0
0,-0.05727751244113649,0
0,-0.02061078732768662,0
0,0.1277019482508981,1
0,0.022665074793483342,1
0,-0.051700449128564696,0
0,-0.07444734120841084,0
0,0.100361652963736,1
0,0.014225004527005258,1
0,-0.07514289045819483,0
0,0.06669443791425067,1
0,-0.07662379025166893,0
0,0.100361652963736,1
0,-0.053456197918100246,0
0,-0.06157931058027305,0
0,-0.048342336214529325,0
0,-0.03382099935255567,0
0,-0.057140585569562474,0
0,-0.06689435928110804,0
1,-0.04982605444334115,0
0,0.09373893816060619,1
0,-0.06086693782463848,0
0,-0.06898153530444956,0
0,-0.06583861981190686,0
0,-0.07373611957033377,0
0,-0.054932591101856,0
0,-0.08275250312100396,0
0,-0.05761055510317581,0
0,-0.009696528364740054,0
0,-0.05806667719756442,0
0,-0.025044030664934824,0
1,0.015769469932073177,1
1,0.020788539663415317,1
0,0.05739318836849949,1
0,-0.03981917770193749,0
0,-0.06597535802621629,0
0,-0.061372333949352764,0
1,0.02371505908625493,1
1,0.022696425743937598,1
0,-0.06224586002689558,0
0,-0.05728903381836703,0
1,-0.03237981227916531,0
0,0.03811334194818117,1
1,0.030030700154800805,1
0,0.1277019482508981,1
1,0.025605198364720194,1
0,-0.0579938529257748,0
0,-0.06471434453238084,0
0,-0.06177030616721502,0
0,-0.07539506570875143,0
1,0.02251581758792809,1
0,-0.07415772608039134,0
0,-0.028102320353885657,0
0,-0.06139188140338886,0
1,-0.0322605695030353,0
1,0.022108963122197567,1
0,0.100361652963736,1
0,-0.011705796978281613,0
0,-0.05903615380963695,0
0,-0.040698288528742854,0
1,-0.0322605695030353,0
0,-0.04076769003703162,0
0,-0.06483868702361112,0
0,-0.02307204545437791,0
0,0.056912746753013166,1
0,0.100361652963736,1
0,-0.0933449453834394,0
0,-0.08551373744844454,0
0,-0.04609221423516052,0
1,0.03552184962376881,1
0,-0.019959901085455256,0
0,-0.052117457892434604,0
0,-0.05585032846993454,0
0,0.06669443791425067,1
0,0.03811334194818117,1
0,-0.07228377777617945,0
0,-0.010503498254563592,0
0,-0.040650751010966935,0
0,-0.05237317108433265,0
1,0.020788539663415317,1
0,-0.08566645890566604,0
0,0.08678045954000735,1
0,-0.08698692146275727,0
0,-0.0770796944715702,0
0,-0.07434303511821772,0
1,0.022108963122197567,1
0,-0.050097797560372026,0
1,0.02306593421792602,1
1,-0.02944044479050989,0
0,-0.0834266088995903,0
0,-0.008096275774861161,0
1,0.018704360797310082,1
1,0.022108963122197567,1
1,-0.03164230826171727,0
0,0.06772905320257638,1
0,0.08130669783672007,1
0,-0.02252065039651935,0
1,0.02306593421792602,1
0,-0.05718286719504473,0
1,0.025584671548748772,1
1,-0.02944044479050989,0
0,-0.06284913121360886,0
0,-0.028036538755406015,0
0,-0.074661305003071,0
0,-0.07957652104767826,0
0,-0.0368062538472298,0
0,0.07509644770346369,1
0,-0.006143104864990756,0
0,-0.042825120123098415,0
0,-0.04780322582992963,0
0,-0.08491790901601548,0
0,-0.05063054798581923,0
1,-0.0862753588870312,0
0,-0.05608766518949526,0
0,-0.039770208803135754,0
0,-0.08404618074761777,0
0,-0.09111156783045221,0
0,-0.08724363179316663,0
0,-0.041736264348626706,0
0,-0.07121981710184933,0
0,-0.05107112243981293,0
0,0.22858874116326644,1
0,0.05132101014988044,1
0,-0.06520879436356025,0
0,0.095379893261748,1
1,-0.03719228434729244,0
0,0.10953307899996445,1
0,-0.07848255049275255,0
0,-0.06892637966639953,0
0,-0.0660401865355954,0
0,-0.0790320371587408,0
0,-0.03897518781881437,0
0,-0.07351668653042631,0
0,-0.03359043736910439,0
0,-0.04806620372834053,0
0,0.05280018039787071,1
1,-0.0322605695030353,0
0,-0.08222976454358266,0
1,-0.05945909784886666,0
0,-0.06738131685327853,0
0,-0.0022912233639130752,0
0,-0.08240447584004579,0
0,-0.05665300951414881,0
0,-0.056774419792769315,0
0,-0.05420743540274264,0
1,0.02371505908625493,1
0,0.002504114060451701,1
0,-0.0634939922592902,0
0,-0.05878194916530649,0
1,-0.03743966630502227,0
0,-0.06400583725333236,0
0,-0.08239113153005617,0
1,0.01751910108047583,1
0,-0.045303594045606965,0
0,-0.05598816819904873,0
1,-0.04268150328797782,0
0,-0.07432924278512792,0
0,-0.0833393223045995,0
0,-0.064499188211534,0
0,-0.06086693782463848,0
0,-0.056293163382969746,0
1,0.02371505908625493,1
1,-0.031154028924512966,0
0,-0.09204905067513247,0
0,-0.05000902097898352,0
0,-0.06088718523871223,0
0,-0.08286662144134332,0
0,-0.06566128870414323,0
1,0.02306593421792602,1
0,-0.042245064038500424,0
0,-0.039085679690844644,0
0,-0.014150495703522337,0
0,-0.039500107580848154,0
0,0.015946631751659224,1
0,-0.032970472990139055,0
0,-0.07475102788812066,0
0,-0.07023770460577228,0
0,-0.057046244034662186,0
0,-0.05618839792417424,0
1,-0.011496295924567246,0
0,-0.07395414756948376,0
0,-0.01670447918003326,0
0,-0.08317594375405984,0
0,-0.07106082722141449,0
0,0.013000100376782231,1
0,-0.053404677385220534,0
0,0.01819167379036335,1
0,0.03811334194818117,1
0,-0.05323019326340517,0
0,-0.011243678571631166,0
0,-0.036067208040308274,0
1,0.025584671548748772,1
0,0.02528935442551772,1
0,0.026178708112907345,1
0,-0.018528983154062373,0
0,-0.06568410617617498,0
0,-0.07693067585983521,0
0,-0.08443196602346376,0
0,-0.08050171590096022,0
0,-0.07776320964093025,0
0,-0.020101452517704732,0
1,0.001966900646668268,1
0,-0.08577144934769276,0
0,-0.06112280379030921,0
0,-0.021159746684908665,0
0,-0.06585299489135904,0
0,-0.04868110534777487,0
0,-0.05573196744821107,0
0,-0.06885818226159879,0
0,-0.05236998861875469,0
0,-0.027994368247607482,0
0,-0.05246196196573444,0
1,-0.031154028924512966,0
0,-0.05364038746884203,0
0,-0.07333427575387674,0
0,0.1277019482508981,1
1,0.022108963122197567,1
0,-0.07941269877948065,0
0,-0.03298940219732094,0
0,-0.07683629653863255,0
0,-0.05790608420852028,0
0,-0.05740999113433859,0
0,-0.03100650467767818,0
1,0.018704360797310082,1
0,-0.025727979477358165,0
0,0.06669443791425067,1
0,0.05385525534009339,1
1,0.02371505908625493,1
0,-0.06775401840422973,0
0,0.11919264521180639,1
0,-0.07253129508006073,0
0,0.1277019482508981,1
0,0.031274672260236946,1
1,0.061454879535197904,1
0,-0.05080051421616666,0
0,0.012344435518837127,1
1,0.021406619527576054,1
0,0.06669443791425067,1
0,-0.07632468792648123,0
0,-0.08286883972940184,0
0,-0.033873409449751424,0
0,0.05739318836849949,1
0,-0.07174616995832744,0
0,-0.05686114885840837,0
0,-0.05176057994628075,0
0,-0.09014598440801308,0
0,-0.06188479225200366,0
0,-0.06140357521292261,0
1,-0.028440269393504136,0
0,-0.06749409279317281,0
0,-0.08309138584445103,0
0,-0.0839316990184869,0
0,-0.014740436293002646,0
0,-0.07037625983798013,0
1,0.018642208242853675,1
1,-0.02469027307411059,0
1,0.022696425743937598,1
0,-0.06629450120283975,0
0,-0.059016897576462835,0
0,-0.04193412972640148,0
0,-0.04891470293058037,0
1,-0.023876005343289985,0
0,-0.061190026184073376,0
0,-0.039024517881607323,0
0,-0.08481314490670083,0
1,-0.028218878361474575,0
1,-0.05305222017709321,0
0,-0.06314880340033735,0
0,0.005370400952067311,1
0,0.08678045954000735,1
1,0.022607459467776425,1
0,-0.02219066292097477,0
0,-0.05183499431237837,0
1,0.02371505908625493,1
0,-0.09525914881697145,0
0,-0.05427421244433628,0
0,-0.07542713594559869,0
0,-0.07964207125503675,0
0,-0.04868110534777487,0
0,-0.05287392585439371,0
0,-0.012990364758166784,0
0,0.03811334194818117,1
0,-0.052468628828097164,0
0,-0.0752525144148734,0
0,-0.07593684008817403,0
0,-0.049632443368975876,0
0,0.06669443791425067,1
0,0.007390922926267862,1
0,0.08678045954000735,1
0,-0.08578620230823669,0
1,0.02306593421792602,1
0,-0.059117104790070873,0
0,-0.08480247318815043,0
0,0.095379893261748,1
0,-0.06030140462516981,0
0,0.047797116914220394,1
0,0.001268601935462077,1
0,-0.04121533622353929,0
0,0.08678045954000735,1
0,-0.05371303893096474,0
0,-0.08828655554101034,0
0,-0.07970419819547586,0
0,-0.021231996295582145,0
0,-0.08402341323066775,0
0,-0.03848159410961077,0
0,-0.05638853735453753,0
0,-0.06845892381937158,0
0,-0.011223833242557157,0
0,0.05112227135542258,1
0,-0.05319310930731064,0
0,-0.06632226896929799,0
1,-0.002315248210185361,0
0,-0.071061566136086,0
0,-0.02277745753065391,0
0,0.0189714542213979,1
0,0.08339975410058853,1
0,-0.057436032174114415,0
0,0.016217607639443576,1
0,-0.06162059963947536,0
0,-0.007330842296877749,0
0,-0.06863698878815938,0
0,-0.07934073716998674,0
1,-0.02081356270438245,0
0,0.06918529059506173,1
0,-0.05820907303253625,0
0,-0.05828112696176363,0
0,-0.04089731806145941,0
0,-0.08034107976497346,0
0,-0.01688283518079986,0
0,-0.03716637707429227,0
0,0.06160648306646044,1
0,-0.03927112739906946,0
0,-0.02644770406075969,0
0,-0.07167067749140688,0
0,-0.05353661811400856,0
0,-0.05324148021362207,0
0,-0.08562462582018954,0
0,-0.0653168576913245,0
0,-0.019691124124793513,0
0,-0.03562913092853481,0
0,0.1277019482508981,1
0,-0.07606167773343875,0
0,-0.04940000983817466,0
0,-0.04540748298538827,0
0,-0.07458654587222341,0
0,-0.02801878203538244,0
0,-0.08087699053371555,0
0,-0.05766494546325279,0
0,0.020943296379210996,1
0,0.02528935442551772,1
0,-0.050085191887983216,0
0,-0.0693084269811346,0
0,-0.022183549048407247,0
1,0.02371505908625493,1
0,0.05881492448954151,1
0,-0.06417350318394555,0
1,0.022607459467776425,1
0,0.06160648306646044,1
0,-0.08059468395174502,0
0,-0.0693084269811346,0
0,-0.07221651749404512,0
0,-0.025259888416566623,0
0,-0.05340335951523273,0
0,-0.08748272096585535,0
0,-0.07996185222267843,0
1,0.025584671548748772,1
0,0.08339975410058853,1
0,0.10554632086192439,1
0,-0.04651511413285908,0
0,-0.05433750791650921,0
0,-0.02630016036655425,0
0,-0.009677559062418795,0
0,-0.06507697237869492,0
0,-0.04889051074510692,0
0,-0.07819431550286599,0
0,-0.04371243630001703,0
0,0.01990675679331777,1
1,0.02371505908625493,1
1,0.02045611042720885,1
0,-0.06491845098643728,0
0,-0.06409847003214125,0
0,-0.05221260852234588,0
0,-0.050158310952742924,0
0,-0.041393409734589326,0
0,-0.05878621067187262,0
0,-0.08212001626660231,0
0,-0.045029772916545585,0
0,-0.029615016920151782,0
0,-0.08184601141907794,0
1,0.022108963122197567,1
0,0.027679447534299517,1
0,-0.09157680631790394,0
0,-0.04110448219616203,0
0,-0.0660401865355954,0
0,-0.08366240669085562,0
0,-0.044826518519462344,0
1,0.02371505908625493,1
0,-0.05938725376731713,0
0,-0.08018654009731457,0
0,-0.024852669436051522,0
0,-0.05800577786400424,0
1,0.021275281149528702,1
0,-0.0590709942418563,0
1,0.02371505908625493,1
0,-0.08177930580923487,0
0,-0.05180801062941681,0
1,-0.04454689761501496,0
0,-0.060678215723388385,0
1,-0.07029791836583915,0
1,0.02969102960809089,1
0,-0.03510274485101417,0
0,-0.056774419792769315,0
0,0.02738931992852134,1
0,-0.04566465052073693,0
0,-0.04110448219616203,0
1,-0.05050573532016256,0
1,0.02306593421792602,1
0,-0.06760640806038659,0
0,-0.054809384210408596,0
0,-0.02270896286088886,0
0,-0.04555999470822664,0
0,-0.06040706992546552,0
1,0.018704360797310082,1
0,-0.07435168218353672,0
0,-0.029629885321110105,0
1,-0.0322605695030353,0
0,-0.06571033752252453,0
1,-0.030647237968585928,0
0,-0.07189228387583935,0
0,-0.060351232197703664,0
0,-0.038754282922599415,0
0,-0.05327945970518949,0
0,-0.08496354352932256,0
0,-0.0693084269811346,0
0,-0.08477692669047582,0
0,-0.044914879446846634,0
0,-0.021771752299154734,0
0,-0.09263345393954425,0
0,0.02528935442551772,1
0,-0.06059382580532563,0
0,-0.053435916420749185,0
1,-0.039606193817668556,0
0,-0.06916883626467124,0
0,0.06918529059506173,1
1,0.01751910108047583,1
0,0.06918529059506173,1
0,-0.0848384332395784,0
1,0.020882390501738124,1
0,-0.05598816819904873,0
0,-0.04654187545361543,0
0,-0.05371877766094363,0
0,-0.009987286972425402,0
0,-0.01839033509419874,0
0,-0.09198151243041608,0
0,-0.055950485705207886,0
1,0.02371505908625493,1
0,-0.044828325875289066,0
0,0.04013434754789513,1
0,-0.02534189902595263,0
0,-0.04970205697074437,0
0,-0.05722616909271433,0
0,-0.0637084212561122,0
0,-0.077192873279678,0
0,-0.054166295469109726,0
1,0.020788539663415317,1
0,-0.031573991807942625,0
0,-0.07155930736243277,0
0,-0.053451389452405185,0
0,-0.07366661298687321,0
0,-0.05327945970518949,0
0,-0.06030140462516981,0
0,-0.07182678530491737,0
0,0.05739318836849949,1
0,-0.07345512779289987,0
0,-0.05702178843627986,0
0,0.002414296549397621,1
1,-0.046372421170856326,0
0,-0.054932591101856,0
0,-0.06855270160490379,0
0,-0.06848799176416581,0
0,-0.06807076203302065,0
1,-0.030647237968585928,0
0,-0.07168946388616765,0
1,0.029619340097468694,1
0,-0.05200365988404665,0
0,-0.0803784750247985,0
0,-0.07574432809686027,0
0,0.10554632086192439,1
0,-0.06098649823174762,0
0,-0.06086693782463848,0
0,-0.058300169595019435,0
1,0.020788539663415317,1
0,-0.07651956870132082,0
0,0.05739318836849949,1
0,-0.05836757002859927,0
0,-0.09045727650806751,0
1,0.02306593421792602,1
0,-0.025254633192047793,0
0,-0.07856089052575477,0
0,-0.06659079982319938,0
0,0.06918529059506173,1
0,-0.08185489165462423,0
1,0.018704360797310082,1
0,0.021340566054627974,1
0,-0.08163683459418597,0
0,-0.0761471247494711,0
0,-0.059644839589326426,0
0,0.004196775715745615,1
0,-0.06893505009486561,0
0,-0.06945450262576797,0
0,-0.056561888343355515,0
0,-0.01850593749650159,0
0,0.05562769338422158,1
0,-0.027285586651054017,0
0,-0.05016589447158559,0
0,-0.01825843216467876,0
0,-0.05800386308815603,0
0,-0.050670732218250525,0
0,-0.05321179984606256,0
0,-0.053601136035535846,0
0,-0.07468440694397155,0
0,-0.07206445859385685,0
0,-0.05359113740754634,0
0,0.05102494775031219,1
0,-0.04316392407992592,0
0,-0.08250791773473853,0
0,0.06669443791425067,1
0,-0.025509980230821183,0
0,0.1277019482508981,1
1,0.020788539663415317,1
0,-0.08728313527160764,0
1,-0.030647237968585928,0
0,-0.08300310137267702,0
0,-0.05221260852234588,0
0,0.06918529059506173,1
0,-0.05991255089872699,0
0,-0.08528612263499702,0
0,-0.08456807171040565,0
0,-0.08343308868345323,0
1,0.020788539663415317,1
0,-0.057260661516620626,0
1,-0.04067957258475874,0
0,-0.023252867271501165,0
0,-0.04145207491177766,0
0,0.009194751718026417,1
0,-0.005546587486852772,0
0,-0.0665521530798705,0
0,-0.03833748482947075,0
0,-0.06660093344639839,0
0,-0.03078385602357936,0
0,-0.07843435215070049,0
0,-0.06401434706605563,0
0,-0.056789248038147444,0
0,-0.05127454518506358,0
0,0.10953307899996445,1
0,-0.06296098696491459,0
0,-0.059342361670170374,0
1,0.018704360797310082,1
0,-0.07247330549771569,0
0,-0.00763755609114436,0
0,-0.02538430586869117,0
0,-0.04246774264242886,0
0,-0.09362362385898826,0
0,-0.06440233293063757,0
1,0.022607459467776425,1
0,-0.06173391793753552,0
0,-0.0031920987924765054,0
1,-0.0049669102241480245,0
0,-0.05685721899771745,0
0,0.23114399396525598,1
0,-0.0802226308847539,0
0,0.05739318836849949,1
0,-0.05718286719504473,0
0,-0.014339173540005024,0
0,-0.023221690154061003,0
1,0.018642208242853675,1
1,0.02306593421792602,1
0,-0.06526826207836428,0
0,-0.05776111709623316,0
0,-0.07372168040776528,0
0,-0.05002577777148315,0
0,-0.07197634885195625,0
0,-0.06817875638905174,0
0,-0.05437472509904073,0
0,0.07258919439274591,1
0,-0.06546262699076194,0
0,-0.0531593621541499,0
0,-0.052926113466377045,0
0,-0.06595089649192554,0
1,0.02306593421792602,1
0,-0.07542570274062654,0
0,-0.02757537696587481,0
0,-0.05053441353713434,0
0,0.11226941501094456,1
0,-0.04869106517600397,0
1,-0.02343762141840461,0
0,-0.018533820747564433,0
1,-0.0322605695030353,0
1,0.01751910108047583,1
0,-0.06919971749904563,0
0,-0.07623661801842146,0
0,-0.004310978612795224,0
0,-0.0611938615131849,0
0,-0.0652938712320753,0
0,0.10953307899996445,1
0,-0.06202334789932584,0
1,0.029619340097468694,1
0,-0.05223940047358794,0
0,0.02528935442551772,1
0,-0.07311228630227806,0
0,-0.049423289716903296,0
1,0.022108963122197567,1
0,-0.07589585365829082,0
0,0.12521563920730783,1
0,-0.05944797201819185,0
0,-0.06822382459363907,0
0,-0.06116394875690567,0
0,-0.045478707645170535,0
0,-0.08048798856521955,0
1,0.022108963122197567,1
0,-0.07260345801112389,0
0,0.23876543113886417,1
0,0.0428217417762673,1
0,-0.08917630547681182,0
1,-0.045679619275808214,0
0,-0.026574054643351774,0
0,-0.054341924235288386,0
0,-0.055947485248729056,0
0,-0.06188787455485739,0
1,0.02306593421792602,1
0,-0.062440433909783655,0
0,-0.07357173340220657,0
0,-0.08307036396574047,0
0,-0.06226308174741485,0
0,0.02528935442551772,1
1,-0.03365474892339254,0
0,-0.07032465818988043,0
0,-0.07403655600981712,0
0,-0.05366651420643326,0
0,-0.023071625906636195,0
0,-0.0444020904252001,0
0,0.06918529059506173,1
0,-0.05176057994628075,0
0,-0.07094996036934603,0
0,-0.07922776227235306,0
0,-0.050097797560372026,0
0,-0.01817978589813718,0
0,-0.005814734677489941,0
0,-0.050229471936075576,0
0,0.1277019482508981,1
0,-0.06840147567591515,0
0,-0.011213521293688467,0
0,0.02528935442551772,1
0,-0.08497903331828133,0
0,-0.033262334894909984,0
0,0.06918529059506173,1
1,0.02371505908625493,1
1,-0.04093971515538897,0
0,-0.05178621420278118,0
0,-0.08210477359381646,0
0,-0.05583215137429037,0
0,-0.07984330853164945,0
0,-0.061087809962122264,0
0,-0.057636377992181964,0
0,0.08339975410058853,1
0,-0.08670630523557349,0
0,0.03811334194818117,1
1,-0.05659961834697946,0
0,-0.05790608420852028,0
0,-0.07942646016524929,0
1,0.022108963122197567,1
0,-0.09276986651368185,0
0,-0.00758955445891496,0
0,0.01322842932423618,1
0,0.05305394340462155,1
0,-0.07592021983873415,0
0,-0.05784016280878024,0
0,-0.03372229536020105,0
0,-0.047891160804664434,0
0,-0.05214809672936804,0
0,-0.08314549134637506,0
0,-0.034019737325524324,0
1,-0.040431109925101016,0
0,-0.044537147155950974,0
0,-0.08428794877917944,0
0,0.03500430478998717,1
0,0.10953307899996445,1
0,-0.0706446510681325,0
0,-0.058989140319803235,0
0,-0.059310978223683364,0
0,-0.08764613043687525,0
0,0.01705388041338829,1
1,0.02371505908625493,1
1,0.02306593421792602,1
0,-0.08418977826626178,0
0,-0.04122699902635013,0
0,0.022963474128191552,1
0,0.056439512376152745,1
0,-0.06546262699076194,0
0,-0.07236431081425443,0
1,0.018642208242853675,1
0,-0.07884578504412076,0
0,0.06160648306646044,1
0,-0.041488258147924895,0
1,0.020788539663415317,1
0,-0.0416882587758422,0
0,-0.052117457892434604,0
0,-0.06848937835067626,0
0,-0.06472511793793834,0
0,-0.05285371798711713,0
0,-0.0686992937544269,0
0,-0.0016842130481186657,0
1,0.02371505908625493,1
0,0.05739318836849949,1
0,-0.01027164563949795,0
0,0.08678045954000735,1
0,-0.07016546485454256,0
0,-0.06558216406083772,0
0,-0.08154306103560921,0
0,-0.04897307355447006,0
0,-0.07419787090811752,0
0,-0.055857620829192156,0
0,0.06160648306646044,1
1,-0.06227382968539452,0
0,-0.05049389686034311,0
0,-0.06308268954305674,0
0,-0.05944797201819185,0
0,0.03811334194818117,1
0,-0.06661294318168753,0
0,-0.07951727390862173,0
0,0.08339975410058853,1
0,-0.06712155517803503,0
0,-0.09632827763126911,0
0,-0.0562184634259521,0
0,-0.041327194523403,0
0,-0.06889735164797167,0
0,0.03811334194818117,1
0,-0.07764331851487094,0
0,0.095379893261748,1
0,-0.039705345186340446,0
1,0.005970480827760305,1
0,-0.04191493281209252,0
0,-0.04962182957052508,0
1,-0.042756437407963754,0
0,-0.08640159494649768,0
0,-0.02639825869353435,0
0,-0.051902612425612116,0
0,-0.08703925048454725,0
1,-0.031154028924512966,0
0,0.009894153493616442,1
1,0.02371505908625493,1
1,0.029619340097468694,1
0,-0.05300119534833936,0
0,-0.03515811323822721,0
0,-0.07588204411043348,0
1,0.022696425743937598,1
0,-0.07773375434375757,0
1,0.022108963122197567,1
0,-0.07317367047775075,0
0,-0.0871395725912602,0
0,-0.055384585696606814,0
0,0.05739318836849949,1
0,-0.0579938529257748,0
1,-0.030647237968585928,0
0,-0.027163481273009937,0
0,-0.09521922745189498,0
0,0.14666219215207066,1
0,-0.08182518812629802,0
0,-0.015321902198431214,0
0,0.10998864014918974,1
1,0.015769469932073177,1
0,-0.07201151127460886,0
0,0.0352725353658524,1
0,-0.03819742535779841,0
0,-0.050339066145611566,0
0,-0.06974719857010542,0
0,-0.017346875265970063,0
1,-0.017208035626989582,0
0,-0.08805210273513386,0
0,-0.08123223146426134,0
0,-0.07413210966707146,0
0,-0.029369632907650545,0
0,-0.07528807396024201,0
0,0.03811334194818117,1
0,0.08678045954000735,1
0,-0.08760174840786844,0
0,-0.07693517708499548,0
0,0.02528935442551772,1
0,-0.07964071029083608,0
0,-0.023391125001507473,0
0,-0.011785679103862245,0
0,-0.07437424511310303,0
0,-0.07891456362205412,0
1,0.029619340097468694,1
0,-0.08233262788608253,0
0,-0.06430865383624979,0
0,-0.06884544563856809,0
0,0.012628825414793154,1
0,-0.0845088088531935,0
1,0.020947316521379045,1
0,-0.09611438913935594,0
0,-0.06794950345850614,0
0,0.022516955588978482,1
1,0.024667855401208638,1
0,-0.07092798667827704,0
0,0.06669443791425067,1
0,-0.05064405073709238,0
0,-0.03580893218750031,0
0,-0.07331205321853118,0
0,-0.06101704619612214,0
0,-0.03382099935255567,0
0,-0.07506191746786595,0
0,-0.0664179424103376,0
0,0.03902881725616425,1
0,-0.05567214283944527,0
0,0.007567898804212714,1
0,-0.05558965137543331,0
0,-0.059314819436360244,0
0,-0.050548882119357375,0
0,0.05206875691593349,1
1,0.029619340097468694,1
0,-0.06331892724369159,0
0,0.014920224010857353,1
0,-0.06916883626467124,0
0,-0.07581328973744328,0
1,0.020788539663415317,1
0,-0.09080426523486052,0
1,0.022607459467776425,1
0,-0.02975834226602142,0
1,0.022108963122197567,1
0,-0.05563290266266979,0
1,0.02371505908625493,1
0,0.002886892002260888,1
1,0.018704360797310082,1
1,-0.07781155837356818,0
0,-0.027490775257273947,0
0,0.006081782103368516,1
1,0.020231903023522624,1
0,-0.08354685261157507,0
0,-0.05483339591503372,0
0,-0.06533319685036498,0
0,-0.03423152213699204,0
0,0.05544846932101832,1
0,-0.06971805698037503,0
0,-0.07902800611608152,0
0,-0.03153790416360347,0
0,-0.02318127679108739,0
0,-0.06392556645001907,0
0,0.05739318836849949,1
1,-0.06174001428641013,0
0,-0.05721365276338364,0
0,-0.05026076111962696,0
0,0.003776489924911086,1
0,-0.08195588816677274,0
0,0.03811334194818117,1
0,0.01713350313869333,1
0,-0.061543968750609024,0
0,0.10953307899996445,1
0,-0.0657795437790139,0
0,-0.047568279320338414,0
0,-0.05676769401256598,0
0,0.1419117149021959,1
0,-0.021376571007717338,0
1,0.016727081269584887,1
1,-0.031154028924512966,0
0,-0.06100378689610103,0
0,0.08678045954000735,1
0,-0.0884518078039398,0
0,-0.05665300951414881,0
0,0.05739318836849949,1
1,0.020788539663415317,1
0,-0.08388612132703438,0
0,0.018117268039637424,1
0,-0.06291889343867668,0
0,-0.07652556944643923,0
1,0.018824571193721273,1
0,-0.08375023797533154,0
0,-0.06910483473015916,0
1,-0.051926948006990825,0
0,-0.03823539943707066,0
1,-0.049042259633438834,0
0,-0.06866234831603618,0
0,0.14666219215207066,1
0,-0.060514178966700305,0
0,-0.0889458366136906,0
1,-0.02249327547820129,0
0,-0.03460077781575588,0
0,0.03811334194818117,1
0,-0.045709643509957654,0
0,-0.040650751010966935,0
0,-0.024454346571694596,0
1,0.04003673102957128,1
0,-0.02274238784339,0
0,0.08678045954000735,1
0,-0.0408432477879524,0
0,-0.01838785281203742,0
0,-0.0778047796182994,0
0,-0.05757226426567458,0
0,0.1277019482508981,1
0,-0.053451389452405185,0
0,-0.05762166869940272,0
0,-0.04890383642183932,0
0,-0.02722236872994105,0
0,-0.025159639342590634,0
1,0.02371505908625493,1
0,-0.057046244034662186,0
0,-0.08223949303703193,0
0,-0.020929870395180017,0
0,0.007390922926267862,1
0,-0.0603869906926765,0
0,0.10953307899996445,1
0,-0.030310538805313536,0
0,0.14666219215207066,1
0,-0.023146178428045894,0
1,-0.026231503765886732,0
0,0.01901423698421767,1
1,-0.06263922596826094,0
0,-0.05206702580014738,0
1,0.022696425743937598,1
1,0.01751910108047583,1
0,-0.0012613098018160462,0
0,-0.02535963408867259,0
1,-0.023089133041946486,0
1,0.029579631408545026,1
0,-0.05353661811400856,0
0,-0.041141722682661974,0
0,-0.07443839882341236,0
0,-0.05178621420278118,0
0,-0.08646450127892813,0
1,-0.05397459246703196,0
0,-0.04020324317800078,0
0,0.02528935442551772,1
1,0.018704360797310082,1
0,-0.06519350086417369,0
0,0.05739318836849949,1
1,-0.030647237968585928,0
0,-0.05799875665942633,0
1,-0.03164230826171727,0
0,-0.07887101910139016,0
0,-0.05625695560774724,0
0,-0.007197890208919588,0
0,0.19182813859210623,1
0,-0.08208866609961485,0
1,0.028235936958997954,1
0,-0.07089524681753628,0
0,-0.05307492657287849,0
0,-0.05353661811400856,0
0,-0.024741114365895933,0
0,-0.05366651420643326,0
0,-0.030240411204993045,0
0,-0.06127734597859552,0
0,-0.05558965137543331,0
0,-0.018688388495911812,0
0,-0.05800577786400424,0
0,-0.08301775907832154,0
0,-0.08108334170679982,0
0,-0.021479993161482303,0
0,-0.04876881161544455,0
0,-0.0659305942628654,0
0,-0.06542333842831904,0
0,0.0527306862764223,1
0,0.09373893816060619,1
0,-0.024911097500542656,0
0,-0.060799395193015415,0
0,-0.030463634068835177,0
0,-0.08589821191683089,0
0,-0.07610697148170115,0
0,-0.06258774117282256,0
0,-0.05813922092297619,0
1,0.01751910108047583,1
0,-0.07546895519616964,0
0,-0.08401701001649031,0
0,-0.011269837611137534,0
0,-0.0876371186751464,0
0,-0.042495084785566184,0
1,-0.08150522904491969,0
0,-0.05173959466010669,0
0,-0.06317568411592189,0
0,-0.019748031487320683,0
0,-0.0856794475265647,0
0,0.005234448197476316,1
0,-0.05021559834973349,0
0,-0.04234597972784748,0
1,0.02306593421792602,1
0,-0.023347673057476592,0
0,0.026085224277797248,1
0,-0.04446482962846632,0
0,-0.07195244568521997,0
0,-0.05428785321711538,0
0,-0.06342921048542421,0
0,-0.07610360130922944,0
0,-0.0367645428656706,0
0,-0.0800906143229344,0
0,-0.06993124421874863,0
0,-0.0570696724418957,0
0,-0.07085458825835833,0
0,0.06669443791425067,1
0,-0.08697603488419048,0
0,-0.07357732718369497,0
0,-0.08232336934716544,0
0,-0.02963285282731415,0
0,-0.04476357681093318,0
0,-0.0680783408588817,0
0,-0.07909557475557122,0
0,-0.017513425263278093,0
0,-0.0875709997331015,0
0,-0.057288750237374286,0
0,0.03811334194818117,1
0,-0.07124731549561741,0
0,0.02528935442551772,1
0,-0.06794247481575988,0
0,-0.035029363701425675,0
0,-0.0818930909974045,0
0,-0.06285860037882829,0
0,-0.03394895165601547,0
0,-0.07786573456744444,0
0,-0.0761190590567698,0
1,0.01751910108047583,1
0,-0.0682848599627704,0
1,0.02306593421792602,1
1,0.0011105347830980827,1
0,-0.07138528558288881,0
0,-0.06519350086417369,0
0,0.08339975410058853,1
0,-0.051685117698558825,0
0,-0.040844408470693205,0
1,0.02371505908625493,1
0,0.04650416105642041,1
1,0.016812575021424414,1
0,-0.04302969205895435,0
0,-0.07992085861691473,0
0,-0.08309645911219138,0
0,0.018092152765261327,1
0,0.06669443791425067,1
0,-0.03887890673603328,0
0,-0.035196237715439116,0
0,-0.06442795416345976,0
0,-0.047164107698804525,0
1,-0.023399215391903705,0
1,-0.046372421170856326,0
0,-0.07291227038504566,0
0,0.095379893261748,1
0,-0.01696767914956182,0
0,-0.08466950833959869,0
0,-0.08177540425652297,0
0,0.14666219215207066,1
0,-0.06792781509124851,0
1,0.022607459467776425,1
1,-0.031154028924512966,0
0,-0.05018551492647627,0
0,-0.09245400181227253,0
0,-0.05605062035468994,0
0,-0.049911177406935014,0
0,-0.07109051002654204,0
0,-0.04309825563289049,0
0,-0.026688197027796567,0
0,-0.057562365566725726,0
0,-0.07472234155979829,0
0,0.08339975410058853,1
1,0.025563872707289437,1
0,-0.05206375003183411,0
0,-0.08121142684166394,0
0,-0.06088718523871223,0
0,-0.06532974522399859,0
0,-0.055380021516485356,0
0,-0.03164079079254262,0
0,0.08678045954000735,1
0,-0.08610994080955015,0
0,-0.03382099935255567,0
0,-0.06344820846948507,0
0,-0.06548295110751712,0
0,-0.025806634583663113,0
0,0.12521563920730783,1
0,-0.06808283556747985,0
0,-0.0208669331531236,0
0,-0.030875938316421436,0
0,-0.0843593943637182,0
0,-0.07870418061723827,0
0,-0.08987894751353903,0
1,0.015769469932073177,1
0,-0.08591514637920833,0
0,-0.003565652957501164,0
0,-0.06017291759804588,0
1,0.02371505908625493,1
0,0.006462980624428849,1
0,-0.040154312686384364,0
1,0.02371505908625493,1
0,-0.06533109885128435,0
0,-0.07934232672360514,0
0,-0.020096332897760694,0
1,-0.02033085257458156,0
0,-0.06864713558244862,0
1,0.025605198364720194,1
0,-0.06400583725333236,0
0,-0.07179172658421012,0
0,-0.08002221588707498,0
0,-0.03973683534876504,0
0,-0.05630044987138039,0
0,-0.07873343415251599,0
0,-0.0499051214543903,0
0,0.08678045954000735,1
0,-0.08612697160689176,0
1,0.016418339546547034,1
0,-0.0627177964880653,0
0,0.100361652963736,1
0,-0.027762541661850604,0
0,-0.024078091544402436,0
0,-0.07196178507869883,0
0,-0.043046365505512274,0
0,-0.03450390233052286,0
0,-0.09336329568421553,0
0,-0.09276345550427889,0
0,-0.07261190711087984,0
0,0.03811334194818117,1
0,-0.0665072035336346,0
0,-0.07786775856436406,0
0,0.08678045954000735,1
0,0.10554632086192439,1
0,-0.05110616681672536,0
0,-0.07188760918774051,0
0,-0.06394140231805245,0
0,0.08339975410058853,1
1,0.022108963122197567,1
0,0.02528935442551772,1
1,0.022696425743937598,1
0,0.03811334194818117,1
0,0.05739318836849949,1
1,-0.0013898185531217022,0
0,-0.05563645816606111,0
0,-0.06278897845556425,0
0,-0.07044936136423496,0
1,-0.031154028924512966,0
0,-0.02832736746146547,0
0,-0.07523528506507637,0
1,0.015769469932073177,1
0,-0.0579938529257748,0
0,-0.07949237112565438,0
0,-0.08480780771111512,0
0,-0.08648599795913625,0
0,-0.05178665756460471,0
0,0.08339975410058853,1
0,-0.09093290378916624,0
0,-0.031336691101876535,0
0,-0.028189977234107377,0
0,-0.0771029896988274,0
0,-0.07984176415969824,0
0,-0.06533109885128435,0
1,-0.031154028924512966,0
0,-0.05878621067187262,0
0,-0.0643886598821003,0
0,-0.09287332513069158,0
0,-0.000642090327200362,0
0,-0.07814401012878908,0
0,-0.040089690210158235,0
1,0.02306593421792602,1
0,-0.046780941116590424,0
0,-0.07478398183919543,0
0,-0.05913366629972183,0
0,-0.0644628278020743,0
0,-0.03216131172195935,0
0,-0.057060218437920585,0
0,0.08339975410058853,1
0,0.08678045954000735,1
0,-0.08302918627012701,0
0,-0.05584732733669018,0
0,-0.07050347834581361,0
1,-0.04043256878822138,0
0,0.1277019482508981,1
0,0.03819139282556616,1
0,-0.08404023430475716,0
0,-0.01580797315196658,0
0,-0.02208708071826082,0
0,-0.07018902080192257,0
1,0.018704360797310082,1
0,-0.06694241372621579,0
0,-0.05687794560532289,0
0,-0.05099639000973405,0
0,-0.06571033752252453,0
1,0.025584671548748772,1
0,-0.08813156830951197,0
0,-0.06802653265541925,0
1,-0.0322605695030353,0
0,-0.04420835390252409,0
0,-0.003098046863885484,0
0,-0.07951719378779654,0
0,-0.055288419935013655,0
0,-0.09314117506330699,0
0,-0.0762576182922921,0
0,-0.08033010574725785,0
0,-0.08462752779090404,0
0,0.012816729641882962,1
0,-0.08195409808022597,0
0,0.11226941501094456,1
0,-0.09849404816290597,0
0,-0.08051572303024546,0
0,-0.0738878374519959,0
0,0.08339975410058853,1
0,-0.016531423831224246,0
0,-0.07615257566464317,0
0,-0.07022679338404636,0
1,0.028235936958997954,1
0,-0.06140357521292261,0
1,-0.030647237968585928,0
1,0.02371505908625493,1
0,-0.06565712543889224,0
1,-0.07539190135504853,0
0,-0.060621522615790846,0
0,-0.0643462652488534,0
0,0.12521563920730783,1
0,-0.06839066241610697,0
0,-0.05221260852234588,0
0,-0.052484627709606824,0
0,-0.037563097933338674,0
0,-0.03534248285654118,0
0,-0.03252406902448307,0
1,0.025584671548748772,1
0,-0.07793055865669013,0
0,-0.06327665024156326,0
1,-0.017694581843384793,0
0,-0.06792781509124851,0
1,-0.05166254187016306,0
1,0.018704360797310082,1
0,-0.06448125853769265,0
0,-0.02313329522026586,0
0,-0.0029141162509698226,0
0,-0.015045834129602864,0
0,0.02528935442551772,1
0,0.095379893261748,1
0,-0.02395109517876043,0
0,0.012968404908025422,1
0,-0.0817802264595397,0
1,-0.030647237968585928,0
0,-0.05353661811400856,0
0,-0.045564971823169154,0
0,0.08678045954000735,1
0,-0.05652128206146401,0
0,-0.08508671467002454,0
0,-0.011380358092561826,0
1,0.016418339546547034,1
0,-0.030852961044440685,0
0,0.002730823457326892,1
0,0.14666219215207066,1
1,0.028689410511454905,1
0,0.02528935442551772,1
0,0.0051107521389033295,1
0,-0.0657795437790139,0
0,-0.028438716198826708,0
0,-0.06597535802621629,0
0,-0.021661095130706076,0
0,-0.0517366002067684,0
0,-0.08779079903626724,0
0,-0.07186993968595645,0
1,0.016727081269584887,1
1,0.02045611042720885,1
0,-0.05982390461689929,0
0,-0.040650751010966935,0
0,-0.0754664841616654,0
0,-0.044573624346207874,0
0,-0.07784166401558451,0
0,0.05723543386366403,1
0,-0.0056257023234437264,0
0,-0.08716022420015618,0
0,-0.05573196744821107,0
0,-0.05333519201379949,0
0,-0.04404163657950683,0
0,-0.08349151527066395,0
0,0.014677205124955073,1
0,-0.05435284353045555,0
0,0.02535452381307446,1
0,-0.041663002004533656,0
0,0.06669443791425067,1
0,-0.05348886696788868,0
0,-0.07730772778708539,0
0,-0.03488434398233142,0
1,-0.03164230826171727,0
0,0.10953307899996445,1
0,-0.025138135166775488,0
0,-0.06498110045296762,0
0,-0.033715850718576246,0
0,-0.007183666350765561,0
0,-0.06491845098643728,0
0,-0.08207150849341954,0
1,-0.058484479214052865,0
0,-0.02486381571869284,0
0,0.02528935442551772,1
0,-0.08560235857526455,0
0,-0.05558965137543331,0
0,0.05601092276454067,1
0,-0.0660401865355954,0
0,-0.035806710799954344,0
0,-0.05598816819904873,0
0,-0.07865426280432697,0
0,-0.07374608866928761,0
0,0.04116880595773087,1
0,-0.0519353020949227,0
0,-0.06861749366063552,0
0,-0.060519505007585794,0
0,0.05765112979411091,1
0,-0.05800577786400424,0
0,0.10554632086192439,1
0,-0.06430865383624979,0
0,-0.055120166565628015,0
1,0.025584671548748772,1
0,0.03811334194818117,1
0,-0.04965929670461289,0
0,0.06669443791425067,1
0,-0.059904566918925595,0
1,0.04541117716863885,1
0,-0.04484266225938266,0
0,0.08339975410058853,1
0,0.02789357958222627,1
0,-0.04464434194015865,0
0,-0.07488039239430416,0
0,-0.06454640632953873,0
0,-0.08291705379563319,0
0,-0.05152183673805871,0
0,-0.050250337216961594,0
0,0.009810451233728479,1
0,-0.0888493413688558,0
0,-0.05180801062941681,0
0,-0.02615232556192265,0
0,-0.07149869486134464,0
0,-0.04902654575228088,0
0,-0.05685721899771745,0
0,-0.07159752487304843,0
0,-0.09923622796461257,0
0,-0.06392956598061006,0
0,-0.05605062035468994,0
0,-0.05730356127567238,0
0,-0.0768420668551924,0
1,0.028235936958997954,1
0,-0.014598483369250237,0
0,0.06669443791425067,1
0,-0.06546262699076194,0
0,-0.021878236281621388,0
0,-0.06179751544659412,0
0,-0.050990894982976376,0
0,-0.031257817866458204,0
0,-0.03856910882905035,0
0,-0.05947805736787792,0
1,0.016812575021424414,1
0,-0.07530813652679758,0
0,-0.05288651605404532,0
0,-0.02356093358131406,0
1,0.02226993684915668,1
0,-0.06499733387485307,0
0,-0.030665876688056648,0
0,-0.06499806538280412,0
0,0.08678045954000735,1
0,-0.056124685991392975,0
0,-0.0632784651504616,0
0,-0.051658024386658896,0
0,-0.07106334354139249,0
0,-0.02693573201607874,0
0,-0.050097797560372026,0
0,0.006607484823189513,1
0,-0.053275412626843544,0
1,0.016727081269584887,1
0,-0.08132428099165445,0
0,0.08339975410058853,1
0,-0.047536273809252294,0
1,0.020788539663415317,1
1,-0.0322605695030353,0
0,-0.03784654551608285,0
0,0.02528935442551772,1
0,-0.06916883626467124,0
0,0.0067226011390152385,1
0,-0.07980580832245471,0
0,-0.02174570904264228,0
0,-0.047933039556019186,0
0,-0.02563703775789916,0
0,0.018657460037984075,1
0,0.03431011990737243,1
0,0.0030444957965078956,1
0,-0.08812062588276204,0
0,-0.03156899926275347,0
0,-0.0444480587389976,0
0,-0.053626508706729636,0
0,-0.07763584595183315,0
0,-0.047386141220486566,0
0,0.12366360574922641,1
0,-0.048342336214529325,0
0,0.005690433460216027,1
1,-0.05269663127349766,0
0,-0.03168586005788249,0
1,-0.043767073172817805,0
0,-0.05813922092297619,0
0,-0.061866383368317346,0
0,0.019235254240041688,1
0,-0.06340026110044628,0
0,-0.05218570723573901,0
0,-0.05558965137543331,0
1,0.022696425743937598,1
1,0.018704360797310082,1
1,-0.07519893570047148,0
0,-0.059509570082165064,0
0,-0.02435163556545461,0
0,-0.06980242615549348,0
0,-0.08347667677888465,0
0,-0.04697362585584647,0
0,0.013163811825586125,1
1,-0.03686516507702797,0
1,0.02371505908625493,1
0,-0.05196510731251963,0
0,-0.06086644834539301,0
0,-0.0037886035703264542,0
0,-0.06584258132510307,0
0,-0.030699417180110267,0
1,-0.030647237968585928,0
0,0.015364358734225592,1
0,-0.058376959100426895,0
0,-0.05910037658147682,0
0,-0.05112276542808708,0
0,0.0019444721410830645,1
1,-0.007712561763350667,0
0,-0.09260763615657436,0
0,-0.0531593621541499,0
0,-0.05543816878184599,0
1,-0.023252199020957598,0
0,0.06160648306646044,1
1,0.02371505908625493,1
0,-0.05730356127567238,0
0,-0.08074509935486196,0
0,-0.08007983664100837,0
0,-0.045026308880355026,0
1,-0.02990210020465245,0
0,-0.07590512920014242,0
1,0.018704360797310082,1
1,0.020788539663415317,1
0,-0.0743712024275891,0
0,0.09275210731681316,1
0,-0.026708558174121544,0
1,0.030899926724886395,1
0,-0.06436459056135713,0
0,-0.08013102505326036,0
0,-0.09208255111006836,0
0,0.10953307899996445,1
0,-0.05642125357170913,0
0,-0.06108549724357454,0
0,-0.06064349894078919,0
1,-0.031154028924512966,0
0,-0.07159568221136292,0
0,-0.014954963277983624,0
0,-0.07835968670255405,0
0,0.0551864504132229,1
0,-0.04204909590507366,0
1,-0.02048087684939215,0
0,-0.05710014364458882,0
0,-0.05790608420852028,0
0,-0.027747867362408973,0
0,-0.03578200250733743,0
0,-0.05813922092297619,0
0,0.08678045954000735,1
0,-0.08622916991187907,0
0,-0.04968231892717079,0
0,-0.025577444845695962,0
1,-0.03176982550220808,0
0,-0.06120569836345441,0
0,-0.0490496070158683,0
0,-0.07208865831111466,0
0,0.04031159192791611,1
0,-0.06131401709300649,0
0,-0.07040276614363244,0
0,-0.08804547988905143,0
0,-0.0170984576615551,0
1,-0.06227382968539452,0
0,-0.06559449045441412,0
1,-0.0322605695030353,0
0,-0.039029268267160744,0
0,-0.06519350086417369,0
0,-0.0680783408588817,0
0,-0.07977146515044847,0
0,-0.04118377206452656,0
0,-0.0644093264799317,0
0,-0.06086693782463848,0
0,-0.038503018509157494,0
0,-0.03873270859811534,0
0,0.100361652963736,1
0,0.018092152765261327,1
0,-0.08927220624665805,0
0,-0.07409750761526224,0
0,-0.03974840184434031,0
0,-0.05879973027400093,0
0,-0.08876541370669588,0
1,0.020788539663415317,1
0,-0.05756159691796492,0
0,-0.07963913270129236,0
0,-0.0755974874743629,0
0,-0.0571087749111322,0
0,-0.04151845162809875,0
0,0.23114399396525598,1
0,-0.08502569898655848,0
0,-0.01633328134712375,0
0,0.095379893261748,1
0,-0.06903254353402549,0
0,-0.04970205697074437,0
1,0.022108963122197567,1
1,0.02371505908625493,1
0,-0.0716899740288931,0
0,0.03811334194818117,1
0,0.05406850688553311,1
0,-0.05257287530649574,0
0,-0.07583735801902841,0
0,-0.053499260599967735,0
0,-0.07493993906249691,0
0,-0.07904934115131013,0
0,-0.08006841484322241,0
0,-0.07676648998394425,0
0,-0.07970557325203903,0
1,0.02251581758792809,1
0,-0.05353994973447862,0
0,-0.0375208770379028,0
1,0.022696425743937598,1
0,-0.0830472657100998,0
0,-0.045700935941857423,0
0,-0.057221552044331214,0
0,0.06160648306646044,1
0,-0.05168556116038453,0
1,0.022607459467776425,1
1,0.02306593421792602,1
1,0.020432203207398136,1
0,-0.012701380399236462,0
0,-0.062117328080781575,0
0,0.05284836200341403,1
0,-0.057288750237374286,0
0,-0.024673110532998865,0
1,0.02371505908625493,1
0,-0.06792781509124851,0
0,-0.0680783408588817,0
1,0.016727081269584887,1
1,-0.0431025143763058,0
0,-0.06903708623144822,0
0,-0.0793712990345366,0
0,0.056337968092603385,1
0,-0.02632684702749183,0
0,0.035613284425915936,1
0,-0.05401621238968801,0
0,0.01017436590504417,1
1,-0.030647237968585928,0
0,-0.04707240491124931,0
0,-0.06595682660578656,0
0,-0.08004304450075,0
0,0.100361652963736,1
0,0.008709960559544871,1
0,-0.08346806418740887,0
1,-0.030647237968585928,0
0,-0.051739900191763666,0
0,-0.08595000493711419,0
0,-0.041736264348626706,0
1,-0.0322605695030353,0
0,-0.08259071904067872,0
0,-0.08751457514208372,0
0,0.10953307899996445,1
1,0.028812345968790565,1
0,-0.08705781231557613,0
0,-0.015805632498182454,0
1,0.018704360797310082,1
0,-0.007839034669861633,0
0,-0.05016589447158559,0
0,0.03612352456643175,1
0,-0.0747388274107817,0
0,-0.08355948050766726,0
0,-0.036163939383135335,0
0,0.059201559865622366,1
1,0.02306593421792602,1
0,-0.06306305962835884,0
0,-0.038377334978322075,0
0,0.003051464701873008,1
0,-0.0750544739484757,0
0,-0.045039329806462636,0
0,0.0018458355623318656,1
0,-0.08723774516142185,0
0,-0.0831857700998535,0
0,0.23581633004298908,1
0,-0.06111598929212386,0
1,0.028235936958997954,1
0,-0.05573196744821107,0
1,-0.0322605695030353,0
0,-0.07285164480026735,0
0,0.031410418230717,1
0,0.008853464437314607,1
0,-0.04044010908840806,0
0,-0.06696103646343987,0
0,0.05739318836849949,1
0,-0.05032101287926172,0
0,0.08678045954000735,1
0,-0.07091886462409974,0
1,0.024322998566497,1
0,0.11812623481954043,1
0,-0.07164227993873129,0
1,-0.03176982550220808,0
0,-0.0256576285305517,0
0,-0.07311823371052273,0
1,-0.04096392311987579,0
0,-0.06616759982652148,0
0,-0.0788461251311246,0
0,0.053823182058649,1
0,-0.052078622305764266,0
0,0.10554632086192439,1
1,0.016418339546547034,1
0,-0.03675487043530817,0
0,0.100361652963736,1
0,-0.053451389452405185,0
0,-0.08075005566496629,0
0,-0.08272111738538535,0
0,-0.03215596554648059,0
0,0.08678045954000735,1
0,-0.06576519005788312,0
0,-0.06963287361288528,0
0,-0.09210481068648735,0
0,0.03811334194818117,1
0,-0.06491845098643728,0
0,-0.0614742163537107,0
1,0.02371505908625493,1
0,-0.046902775819859466,0
0,-0.030224319653787912,0
0,-0.07106203768247465,0
0,-0.061193859758602975,0
0,-0.05417528178545167,0
0,-0.0680783408588817,0
0,-0.026905494600747037,0
0,-0.053435916420749185,0
0,-0.031088875030047758,0
0,-0.019195024318720777,0
0,-0.06086693782463848,0
0,-0.07689505223149035,0
0,-0.05320929603569474,0
0,0.012344435518837127,1
0,-0.0974912210051132,0
0,0.01701688780548105,1
0,0.008181447159337663,1
0,0.06918529059506173,1
1,-0.031154028924512966,0
0,-0.053228445450021034,0
0,-0.03547404676128124,0
0,-0.0327720425788115,0
0,-0.06595089649192554,0
0,0.05739318836849949,1
0,-0.07280117352489507,0
1,-0.026898691385523477,0
1,0.018704360797310082,1
0,0.08678045954000735,1
0,-0.07952871712101628,0
0,0.03811334194818117,1
0,0.02473272758419598,1
0,0.05739318836849949,1
1,0.02306593421792602,1
0,-0.08013307937071867,0
1,-0.07239799642538686,0
0,0.08339975410058853,1
0,-0.08716208686876631,0
0,-0.08656992169395328,0
1,-0.026231503765886732,0
0,-0.08251489586261945,0
0,-0.0850174963788376,0
0,-0.028081943000154874,0
0,-0.057436032174114415,0
0,-0.07791771603217235,0
1,0.022607459467776425,1
0,-0.004155191839520012,0
0,-0.04317555594636863,0
0,-0.0029478644080987992,0
0,-0.0728671263187789,0
0,-0.0530102272010759,0
1,-0.031154028924512966,0
0,-0.06107435582408183,0
0,-0.05760259071447349,0
0,-0.05458748305198824,0
0,0.02528935442551772,1
1,-0.03709355084349708,0
0,-0.03963534427130416,0
0,-0.051773953668353134,0
0,-0.05650181869132709,0
0,-0.026047542432714454,0
0,-0.05130747398108487,0
0,-0.06948165113895566,0
0,-0.07961971903317483,0
0,0.01713350313869333,1
1,-0.03237981227916531,0
0,-0.05163951545674089,0
0,-0.04224023940575722,0
0,0.08678045954000735,1
0,-0.04913938689504527,0
0,-0.048579308473192584,0
1,0.02306593421792602,1
1,-0.03502678438526008,0
1,-0.01620011034631169,0
0,0.015176630123238777,1
0,-0.08145911726300892,0
0,-0.033504579169821636,0
0,-0.07874113238511632,0
0,-0.06491801375861883,0
1,0.025584671548748772,1
0,-0.05947092585824898,0
0,-0.04134864749898093,0
0,0.05342816491694902,1
0,-0.09590549179220259,0
0,-0.09022174074630374,0
0,-0.04620047746382272,0
1,0.02371505908625493,1
0,0.11226941501094456,1
0,-0.004055226896787556,0
1,-0.039874578305368724,0
0,-0.06734153240431551,0
1,0.02371505908625493,1
0,-0.03715733355873857,0
0,-0.05150829934783974,0
0,-0.05256484483908491,0
0,-0.05462540961247281,0
0,0.05739318836849949,1
0,-0.06438987441019683,0
1,0.016812575021424414,1
0,0.01244285245712895,1
0,-0.08460190799044326,0
0,-0.06571033752252453,0
1,0.016812575021424414,1
0,-0.055950485705207886,0
0,-0.053196086370934925,0
0,-0.05246196196573444,0
0,-0.08991221145441963,0
0,0.08678045954000735,1
0,-0.04110448219616203,0
0,-0.08922918860905005,0
0,0.10953307899996445,1
0,-0.06320969568139617,0
0,-0.05760874053108561,0
0,-0.06587729037768764,0
0,-0.08124476781720091,0
0,-0.06978641561658588,0
1,0.018704360797310082,1
0,-0.06894267243149033,0
0,-0.08370452654044164,0
0,-0.015076530718748593,0
0,0.2313089065677133,1
0,-0.06884544563856809,0
0,-0.07651095088080101,0
0,-0.039442056647195745,0
0,-0.0542164271608227,0
0,-0.02349521118867892,0
0,0.03859877999778427,1
0,-0.08112983199473073,0
0,-0.04386430618687531,0
1,-0.03237981227916531,0
1,0.016812575021424414,1
0,-0.020285019588335895,0
0,-0.05611891255448448,0
0,-0.08508647213267084,0
1,-0.012708651899789147,0
1,0.02371505908625493,1
0,-0.08458327964192747,0
0,-0.01864953156207738,0
0,-0.0020401662292531264,0
0,0.024724618764893957,1
0,-0.08234733077493211,0
0,-0.07095390543117691,0
0,-0.08658308522033309,0
0,0.01713350313869333,1
0,-0.07412884963869487,0
0,-0.09131784364690998,0
0,-0.06838833046035792,0
1,0.018704360797310082,1
0,-0.07401095545148462,0
0,0.08339975410058853,1
0,-0.07183468380637903,0
0,-0.0402492504288689,0
0,-0.054391883374965366,0
0,-0.05429297570304703,0
0,-0.027062134341045985,0
1,-0.0322605695030353,0
0,-0.0883210722274898,0
0,-0.08188598073448561,0
0,-0.023839463696694707,0
0,0.11226941501094456,1
0,0.02528935442551772,1
0,-0.07433652108827044,0
0,-0.03335468267323766,0
0,0.05739318836849949,1
0,-0.054595699396701336,0
0,-0.004601860806439095,0
0,-0.006599552876029313,0
0,0.018891457166882897,1
0,-0.08311898802311668,0
0,-0.056313678304172554,0
0,0.014550831827426336,1
0,-0.06523305745275365,0
0,-0.017329979939853746,0
0,-0.08603542106649248,0
1,0.02371505908625493,1
1,0.02371505908625493,1
0,-0.03783884787741448,0
0,0.02528935442551772,1
0,-0.05411893056867806,0
0,-0.06846234943539592,0
1,0.018704360797310082,1
0,-0.05322849523461343,0
0,-0.05083082908580583,0
0,-0.08129325009142474,0
0,-0.08445654107267414,0
0,-0.06916883626467124,0
0,0.12521563920730783,1
1,0.018704360797310082,1
1,0.02371505908625493,1
1,-0.044372975520218905,0
0,-0.06884544563856809,0
0,0.10953307899996445,1
0,-0.03892529438013692,0
0,-0.05009965281843737,0
0,0.11226941501094456,1
0,-0.09149031347356934,0
0,-0.00720555206991208,0
0,-0.0768518489046543,0
0,-0.03921826528808675,0
0,-0.03381454339141288,0
1,-0.032950516717203004,0
0,0.045319136143903815,1
0,-0.06676581070439258,0
0,-0.06549226476892445,0
0,0.07285396581304393,1
0,0.032727463719233296,1
0,-0.03604972490977182,0
0,-0.07230848091529801,0
0,-0.07917465814982638,0
0,-0.04570912734646915,0
0,-0.08552865239702073,0
1,-0.05445194103620854,0
0,-0.05652775466585003,0
0,-0.03771985478307832,0
1,0.02371505908625493,1
0,-0.06959422565540124,0
1,0.025584671548748772,1
1,0.02371505908625493,1
0,-0.029605308132149788,0
1,-0.004891978937481889,0
0,0.017836537042729583,1
0,-0.03436771064968086,0
0,-0.05416203591742713,0
0,0.02528935442551772,1
0,-0.056789248038147444,0
0,-0.08740393650075379,0
1,-0.05736068652712645,0
1,0.022108963122197567,1
0,-0.084665791628597,0
0,-0.06546262699076194,0
0,-0.06082723308094723,0
0,0.002617455976516414,1
0,-0.040050592557860365,0
0,-0.0633478894136853,0
0,-0.0693084269811346,0
0,-0.06855765130994429,0
0,0.054310895625800604,1
0,-0.08468223582135231,0
0,-0.0534150288155415,0
0,0.11226941501094456,1
0,-0.06229612924061573,0
0,0.05739318836849949,1
0,-0.05315062772202794,0
1,0.022607459467776425,1
0,-0.04339826571219596,0
0,-0.026105200045176413,0
0,0.044424006046217546,1
0,0.1277019482508981,1
0,-0.024788459553118314,0
0,-0.0787470712845974,0
0,-0.029716364058596068,0
1,-0.0420141832895895,0
1,0.02251581758792809,1
0,-0.05761478726844327,0
1,-0.0273015791755431,0
1,0.01751910108047583,1
0,-0.0008565234061962967,0
1,0.02306593421792602,1
0,-0.043015118383718076,0
1,0.018319046578881615,1
0,0.095379893261748,1
1,0.020788539663415317,1
1,0.020882390501738124,1
0,0.12366360574922641,1
1,-0.07539111336613269,0
0,-0.04657426326131148,0
0,-0.06866990410119705,0
0,-0.05172562509009443,0
0,0.012908406814685747,1
0,-0.0749207998820896,0
0,0.06918529059506173,1
1,0.02371505908625493,1
0,-0.06480181022095138,0
0,-0.041141722682661974,0
0,-0.05540453659249822,0
0,0.0050815757185244115,1
1,0.006251217605414028,1
0,-0.06375353479711726,0
1,0.02371505908625493,1
1,0.02251581758792809,1
0,-0.025397474681889465,0
1,0.029619340097468694,1
0,0.06918529059506173,1
0,-0.07844637122000298,0
0,-0.055158177121645224,0
0,0.06918529059506173,1
1,0.003017483517233077,1
0,-0.06767118865646815,0
0,-0.07540165593904713,0
0,-0.05855516781566272,0
1,0.022696425743937598,1
0,-0.0733697634459119,0
0,-0.03625707992128474,0
0,-0.0026137710214267917,0
1,0.02306593421792602,1
0,-0.06552481013960504,0
0,-0.010417090698875253,0
0,-0.0519356594784508,0
0,-0.08862438061255035,0
0,-0.06083676362914858,0
0,0.08678045954000735,1
0,0.028144972507830657,1
1,-0.07236441004950706,0
0,-0.08093652703810428,0
0,-0.07224859117361981,0
1,-0.03237981227916531,0
1,0.02371505908625493,1
0,-0.041736264348626706,0
1,-0.03192816777170354,0
0,0.08678045954000735,1
0,-0.06404905990738835,0
0,0.027491395803736607,1
1,0.020788539663415317,1
0,-0.09259399647900673,0
1,-0.04600683135031414,0
0,0.026085224277797248,1
0,-0.056946333952287986,0
1,0.02371505908625493,1
0,-0.06400583725333236,0
0,-0.05710014364458882,0
0,-0.06523762825939611,0
0,-0.05852885809102881,0
0,-0.05796818551848265,0
0,-0.08388135543510189,0
0,-0.06856537248332606,0
0,-0.0534083534978641,0
0,-0.02972753560759611,0
0,-0.0520553785151156,0
0,-0.032129578286346216,0
0,-0.07292561998965041,0
0,0.02528935442551772,1
0,0.06151044307513165,1
0,-0.03809821144189551,0
0,-0.008893491172159207,0
0,0.0026601122253651077,1
0,-0.005414256698317688,0
1,0.064365306662854,1
0,-0.04011129400145036,0
0,-0.03110348589605627,0
0,0.02528935442551772,1
0,-0.07829786492683294,0
0,-0.07745062404871478,0
0,-0.041506880766678245,0
0,-0.03118226917641931,0
1,-0.011877055422136129,0
0,0.10953307899996445,1
0,-0.06157931058027305,0
0,-0.015226373971931495,0
0,-0.041736264348626706,0
1,0.02371505908625493,1
0,-0.0577214264915345,0
0,-0.07484144345265675,0
0,-0.078545977882793,0
0,0.004383781041455093,1
0,-0.0011615809408224709,0
0,-0.07748158313423442,0
1,-0.08447241642529218,0
0,-0.07212851255536445,0
0,-0.09100623789058637,0
0,-0.05584732733669018,0
0,0.1801813140057853,1
0,-0.052892831929908624,0
0,-0.07311607082479127,0
0,-0.01765079667476993,0
0,0.08678045954000735,1
0,-0.05583215137429037,0
0,0.06918529059506173,1
0,0.014346306957098376,1
0,-0.05717098421574662,0
0,-0.040650751010966935,0
0,-0.0837658354471445,0
0,0.02528935442551772,1
1,-0.069834894058946,0
0,0.0035406322691431402,1
0,-0.03280910950276211,0
0,0.016181442241294475,1
0,-0.05889026101428557,0
0,-0.07919025602332508,0
0,0.08678045954000735,1
0,-0.08753866942935945,0
0,-0.06778079247439978,0
0,-0.07456442278478825,0
0,-0.019823919533615397,0
0,-0.07464780368680857,0
0,-0.06916883626467124,0
1,0.022607459467776425,1
0,-0.05419619202863846,0
0,-0.07391523247111059,0
0,0.100361652963736,1
0,-0.07925021028648738,0
1,-0.02160406295007733,0
0,-0.01680099659882578,0
0,-0.07681000823341977,0
1,0.022696425743937598,1
0,-0.07700406680436966,0
0,-0.09322054310626338,0
0,-0.06427990791137206,0
0,0.02528935442551772,1
0,-0.0571569419333145,0
1,-0.030647237968585928,0
0,0.08339975410058853,1
0,-0.05605062035468994,0
0,-0.07567399657433438,0
0,-0.08579401817497928,0
0,-0.006519095024015986,0
0,0.04152663616977581,1
0,-0.08273232198605879,0
0,-0.07902810069311195,0
0,-0.03973683534876504,0
0,-0.08318551385211337,0
1,0.031330153195920585,1
0,-0.013019902420238316,0
0,-0.08980746878439438,0
0,-0.06455682110762301,0
0,-0.05532332975504051,0
0,-0.062383913262415824,0
1,0.016727081269584887,1
1,-0.056097582460172435,0
0,-0.08602001613432425,0
0,-0.026740511050453553,0
0,-0.06721570297321494,0
0,0.12521563920730783,1
1,0.022696425743937598,1
0,-0.06295005396599457,0
0,0.005019534948867976,1
1,-0.01157679332480166,0
0,-0.03937991055484702,0
0,-0.032618144500425494,0
0,-0.04302973139081662,0
0,-0.040650751010966935,0
0,0.05739318836849949,1
0,-0.05071573330091139,0
0,-0.05737832377675739,0
0,-0.06086693782463848,0
0,-0.05584732733669018,0
0,-0.07811341152928863,0
0,-0.054779302220164194,0
0,-0.047592576112122476,0
1,0.04327409594467324,1
1,-0.028234029027169594,0
0,-0.054753175652793695,0
0,-0.08822865947489988,0
1,-0.03318674328455834,0
0,-0.026377441194649687,0
1,0.01751910108047583,1
0,-0.060266830685963446,0
0,0.058580398197115024,1
1,-0.06785195041182784,0
0,-0.07925197518283361,0
0,-0.0728406139660564,0
0,-0.02383827189506238,0
0,-0.07389219462902763,0
0,-0.05563645816606111,0
0,-0.08346837512536137,0
0,-0.08968638134587786,0
0,-0.011490070048757406,0
0,-0.09024120791180656,0
0,-0.06571033752252453,0
0,-0.054659008220001415,0
0,-0.06859232315158348,0
0,-0.03753174353433142,0
1,0.02371505908625493,1
0,0.02528935442551772,1
0,0.02528935442551772,1
0,-0.06331582937793978,0
0,0.05838142356674836,1
1,0.025605198364720194,1
0,-0.03715750969197984,0
0,-0.07399116716019122,0
0,0.013276362604892955,1
0,-0.0871110155481924,0
0,-0.04075433580175408,0
0,-0.04134864749898093,0
0,-0.07929691887625218,0
0,-0.09257636234029393,0
0,-0.006758271021128692,0
0,0.02504887908175768,1
1,0.020788539663415317,1
0,0.06918529059506173,1
0,-0.05001897030973412,0
0,-0.0780011133920327,0
0,-0.07742638251986295,0
0,-0.054829745553555964,0
0,-0.08441053916036623,0
0,-0.046967172845971794,0
0,0.05739318836849949,1
0,-0.07210876926917775,0
0,-0.08728633064431435,0
0,-0.06822359452624971,0
0,-0.04157736366646314,0
1,0.02306593421792602,1
0,-0.06553127983876678,0
0,-0.08953742233716949,0
0,-0.06411317968781588,0
1,-0.007070270208570262,0
1,-0.0322605695030353,0
0,0.02528935442551772,1
1,0.022108963122197567,1
0,0.06918529059506173,1
0,-0.03429028624438035,0
0,0.10554632086192439,1
0,-0.07154619300057574,0
0,-0.07365347670435413,0
0,-0.055384585696606814,0
0,-0.06523305745275365,0
0,0.05739318836849949,1
1,-0.0322605695030353,0
1,-0.0322605695030353,0
0,-0.02652633591202236,0
0,-0.07700360645776261,0
0,-0.04142610446325612,0
1,-0.0322605695030353,0
0,-0.08238832881471109,0
0,-0.0655474364278586,0
1,0.028235936958997954,1
0,-0.06020676939435399,0
0,-0.06884544563856809,0
0,-0.08838368867807789,0
0,-0.030443345251724485,0
1,0.02306593421792602,1
0,0.06160648306646044,1
0,-0.02392787737476154,0
0,-0.0656292539871528,0
1,-0.021422404356827074,0
0,0.011795934619314163,1
1,-0.03176982550220808,0
0,-0.06754926111402332,0
0,-0.018402666526019296,0
0,0.10554632086192439,1
0,-0.08242022339314081,0
0,0.08339975410058853,1
0,0.08678045954000735,1
0,-0.06335816091844709,0
0,-0.05371378742198368,0
0,-0.06333827292788419,0
1,-0.0322605695030353,0
0,-0.07597141913180533,0
0,0.012908080866632199,1
0,-0.04652095917490323,0
0,0.03745522690378833,1
0,-0.049200641192701566,0
0,0.023448516083652504,1
0,0.0019444721410830645,1
0,0.003855758454008096,1
0,-0.0663799147802458,0
0,-0.06641108359759168,0
1,0.025584671548748772,1
0,-0.08449150719025567,0
1,0.02306593421792602,1
1,0.022607459467776425,1
0,-0.06292193980993782,0
1,0.025605198364720194,1
0,0.002147441587028398,1
0,-0.03690705861829435,0
0,-0.036061666209702525,0
1,0.039058394527220486,1
0,-0.04102222694351859,0
0,-0.06457657878340989,0
0,-0.09281693730253826,0
0,-0.05273937567093945,0
0,-0.06856434650230592,0
0,-0.029470684519453172,0
0,-0.0693084269811346,0
0,-0.055402158551212166,0
1,0.025584671548748772,1
0,-0.024806275308405734,0
0,0.06160648306646044,1
0,-0.07242153426047998,0
0,0.02528935442551772,1
0,-0.07507577244084179,0
0,-0.06501838970154111,0
0,-0.08272479108367398,0
0,-0.029501308048229646,0
0,-0.08727159101639598,0
0,0.06669443791425067,1
0,-0.0687958028854131,0
0,-0.06519350086417369,0
1,0.0280410920040709,1
1,-0.05218547523105471,0
0,-0.03960152379130877,0
0,-0.09646423102513496,0
0,0.02528935442551772,1
0,-0.08380657649046902,0
1,0.009618666715155655,1
0,-0.04399564803797096,0
0,-0.0528898773220447,0
0,-0.049465674096334844,0
0,-0.04145207491177766,0
0,0.013578284484963232,1
0,-0.08020578212997781,0
0,0.03811334194818117,1
0,-0.04714102570277667,0
0,-0.037285752917224524,0
0,-0.03016712068431865,0
1,-0.08563045118780288,0
0,-0.0753884625284788,0
0,-0.050134622808125695,0
0,-0.031326945344313295,0
0,-0.05067968830013475,0
0,0.06669443791425067,1
0,-0.0873644314147094,0
0,-0.046729185919745564,0
0,0.006706338773038389,1
0,-0.06472215990581043,0
0,-0.02552592140715182,0
0,-0.05573196744821107,0
0,0.011345686774686947,1
1,0.01751910108047583,1
0,-0.07194382475940708,0
0,-0.009810004025151253,0
0,0.03811334194818117,1
0,0.02528935442551772,1
1,0.018704360797310082,1
0,0.06669443791425067,1
0,-0.08131807858618201,0
0,-0.06821944277920833,0
0,-0.0750993811401332,0
0,-0.012247116853341067,0
0,-0.05703895158207334,0
0,0.08339975410058853,1
0,0.01883495457174522,1
0,0.08678045954000735,1
0,0.002617455976516414,1
0,-0.07135008034982931,0
0,-0.025720924947128132,0
1,-0.05677059358011932,0
0,-0.06307258896733747,0
0,-0.03521404629253749,0
0,-0.03823148316422281,0
0,-0.09509750341520223,0
0,-0.056343383871641395,0
0,-0.03204300330268545,0
1,0.02371505908625493,1
0,-0.05353661811400856,0
0,-0.012296515653379914,0
0,-0.024110660207296575,0
0,0.07258919439274591,1
1,0.03904858599622596,1
0,0.10953307899996445,1
0,-0.07395649156612216,0
0,0.23114399396525598,1
0,-0.06629794587203436,0
1,0.018704360797310082,1
0,-0.0530985305438334,0
0,-0.02462408552951989,0
0,0.08678045954000735,1
0,-0.05030682130039438,0
1,0.018704360797310082,1
0,-0.04148148717830413,0
0,-0.06529947712007572,0
0,-0.05316614537296588,0
1,0.016812575021424414,1
1,0.02371505908625493,1
1,-0.030647237968585928,0
1,-0.020524184428291847,0
0,-0.02309899801498727,0
1,0.018704360797310082,1
0,-0.0004003197189088037,0
0,-0.07088551368382545,0
0,-0.07330774138446683,0
0,0.029200683740036926,1
0,-0.07340155134653736,0
0,-0.07887143429030019,0
1,0.018704360797310082,1
0,0.02528935442551772,1
0,-0.06077728425395129,0
0,-0.06977862823816361,0
0,-0.05996490440504326,0
0,-0.06571033752252453,0
0,-0.06229612924061573,0
0,0.02528935442551772,1
0,-0.021477894674584663,0
0,0.06054956483967522,1
0,-0.07965847287799505,0
0,0.100361652963736,1
0,0.1277019482508981,1
0,0.03811334194818117,1
0,-0.013028748270058399,0
0,-0.06140357521292261,0
0,0.08678045954000735,1
0,-0.07079602408501223,0
0,-0.0361666705155792,0
1,-0.03164230826171727,0
0,-0.06400583725333236,0
0,-0.03264612490755453,0
0,-0.07993129799122178,0
0,0.10554632086192439,1
1,0.02251581758792809,1
0,-0.06134916089938858,0
0,-0.033502372297818606,0
0,-0.07518209665490555,0
0,-0.06190702033062184,0
1,-0.04732462110589303,0
0,-0.054073119116657964,0
0,0.11226941501094456,1
0,0.06918529059506173,1
0,-0.07878300126146087,0
0,0.11226941501094456,1
0,-0.08900903743423105,0
0,-0.08092270315823713,0
0,-0.08106568203282927,0
0,-0.040154312686384364,0
0,0.02528935442551772,1
0,-0.00510760082227063,0
0,-0.08808079570523492,0
0,-0.04042017226823741,0
0,-0.057046244034662186,0
0,-0.07990554952972018,0
0,-0.03906495062127191,0
0,-0.06884544563856809,0
0,-0.08411728178449218,0
1,-0.01242301872638718,0
0,-0.09166114524116986,0
1,0.016418339546547034,1
0,-0.07461968222199733,0
0,-0.06301845148112806,0
0,0.06918529059506173,1
0,0.015969106915083464,1
1,0.02371505908625493,1
0,-0.08405998973820894,0
0,-0.0770282301770317,0
0,-0.017585768907754873,0
0,-0.09810870363877339,0
0,-0.037040749525037775,0
0,-0.07069542693916514,0
1,-0.0322605695030353,0
1,0.02306593421792602,1
0,-0.0977185762540082,0
0,-0.06976934397712409,0
0,0.06669443791425067,1
0,-0.08021139395828664,0
1,0.01751910108047583,1
0,-0.050229471936075576,0
0,-0.02235591826489053,0
0,-0.0640580100035611,0
0,-0.030738946031851455,0
0,-0.06597535802621629,0
0,-0.05035192854905429,0
0,-0.03625707992128474,0
0,-0.05699921148220355,0
0,-0.09205872415160704,0
0,-0.061193859758602975,0
0,0.03221542482723094,1
1,-0.02841730826889649,0
1,0.02371505908625493,1
0,-0.08274254963113803,0
0,-0.0590915351751487,0
0,-0.06086693782463848,0
0,-0.07054310133294645,0
1,-0.06747554831462083,0
1,-0.0420141832895895,0
0,0.06690655580086413,1
0,-0.03814777199034525,0
0,-0.06497103641803575,0
0,0.010179792211109762,1
0,-0.03200519698836113,0
1,0.022108963122197567,1
0,-0.04866703452337984,0
0,-0.07615813997634235,0
0,0.04538741804237234,1
0,-0.019026090333587597,0
0,0.11226941501094456,1
0,-0.015930517768468266,0
0,-0.0770796214246825,0
1,0.022108963122197567,1
0,-0.08437853652261385,0
0,-0.066853659903513,0
0,-0.040258009425672814,0
0,-0.05049389686034311,0
0,-0.08633151999992589,0
0,-0.061006740133166315,0
1,0.02371505908625493,1
0,-0.04349219373652963,0
0,-0.07482743299397188,0
0,-0.04663956119128687,0
0,-0.05813922092297619,0
0,-0.06245570822094604,0
1,0.018704360797310082,1
1,0.02306593421792602,1
1,-0.0322605695030353,0
0,-0.08273161746567181,0
0,-0.06502818435531166,0
0,-0.04543254597186269,0
0,-0.08527278985972558,0
0,-0.07857174496915242,0
0,-0.06336810809095123,0
0,-0.07749151045421959,0
0,-0.021358718554132627,0
0,-0.039029268267160744,0
0,-0.06452538566604521,0
1,0.01751910108047583,1
0,-0.08060715177371275,0
0,-0.061193859758602975,0
1,-0.053071763773710534,0
0,-0.06919113295805518,0
0,-0.07108864871078041,0
0,-0.06356517284137347,0
1,-0.01754918737691874,0
0,-0.026189325060971047,0
0,-0.044680589235687296,0
0,-0.0476383100131787,0
0,-0.05917154147064019,0
1,0.016812575021424414,1
0,-0.041736264348626706,0
0,-0.06588356437864112,0
1,0.02306593421792602,1
0,0.08678045954000735,1
0,-0.030556155311932787,0
0,-0.06536330564666437,0
0,-0.0396793934784197,0
0,-0.07971684894142528,0
1,0.028235936958997954,1
0,-0.0440012075951286,0
0,-0.08285023882296944,0
0,0.05719671870361931,1
0,-0.053264871058911145,0
0,-0.056452989402856035,0
0,-0.071455017662159,0
0,-0.05612034055195336,0
0,-0.0652938712320753,0
0,0.019063264029497873,1
0,-0.08261439189602321,0
0,-0.07468369741634684,0
1,0.02371505908625493,1
0,-0.08431019490627567,0
0,-0.08629861888090906,0
0,-0.04304655972413102,0
0,-0.051337841023670006,0
0,-0.0012232120382865697,0
0,-0.014555185772510526,0
0,-0.0674393067369416,0
0,-0.013050675632885422,0
0,-0.01774398842149827,0
0,-0.051016807173495604,0
0,-0.06996338048778367,0
0,-0.05573196744821107,0
0,-0.01615159619943468,0
0,-0.07812318420185344,0
1,0.022108963122197567,1
0,-0.06086693782463848,0
0,-0.049375200585122125,0
0,-0.05685721899771745,0
1,-0.024994021328375637,0
0,-0.044845356874005815,0
0,-0.01996874157147438,0
1,0.02306593421792602,1
0,0.05705501658481904,1
0,-0.06097523880816419,0
0,-0.019825191340423043,0
0,-0.09170607731389196,0
0,0.13860029255154216,1
0,-0.02702886093125545,0
0,-0.06606907271683482,0
0,-0.08179252896054284,0
0,-0.08974505536621963,0
1,-0.030647237968585928,0
0,-0.05416203591742713,0
0,0.011925130586015076,1
0,-0.06175433294866661,0
1,0.04098085643235172,1
0,-0.06088718523871223,0
0,-0.03366758834899408,0
0,-0.08461955585932363,0
1,-0.029996330057608656,0
0,-0.024429222176560128,0
1,-0.04719365403454229,0
0,-0.08266165507164985,0
0,-0.041245196757696334,0
0,-0.030772317829385887,0
1,-0.06118560198207562,0
0,-0.060174220862746985,0
0,-0.04308717809466445,0
0,-0.021228302220116846,0
0,-0.07122905190459683,0
0,-0.004551923485268283,0
0,0.1801813140057853,1
0,-0.05172562509009443,0
0,-0.0515139863155305,0
1,0.018704360797310082,1
0,-0.06519350086417369,0
0,-0.0829051399775762,0
1,-0.06354972217381516,0
1,0.02306593421792602,1
0,0.0025673892917982277,1
0,-0.0601629980467967,0
0,-0.015971540141911544,0
0,-0.04110448219616203,0
0,-0.07645561376812576,0
0,0.10953307899996445,1
0,-0.05018080904366262,0
0,0.023493266489709952,1
0,-0.07158612429710404,0
0,-0.024482227996874828,0
1,0.02251581758792809,1
0,-0.07718423406108893,0
1,0.020788539663415317,1
0,-0.0881309228567706,0
0,-0.051375334278688733,0
1,-0.060058510071378635,0
1,-0.028447794322947584,0
0,-0.04269004819496186,0
0,-0.05163951545674089,0
0,-0.031869072746345595,0
0,-0.06299784932985836,0
0,-0.03678213289186616,0
0,-0.07018029439028795,0
0,0.06644721018006439,1
0,-0.022973424322491276,0
0,-0.05005785708611804,0
0,-0.08242763875197112,0
1,-0.030647237968585928,0
0,0.05739318836849949,1
0,-0.059085408513676,0
0,-0.06610936480049778,0
0,0.022854372065744477,1
1,0.022696425743937598,1
0,-0.08494039500544326,0
0,0.08339975410058853,1
0,0.0035011728800548036,1
0,-0.07745981698239729,0
0,-0.07875958870959732,0
0,-0.059904566918925595,0
0,0.11226941501094456,1
0,-0.03676371311080817,0
1,0.02306593421792602,1
0,-0.04075433580175408,0
0,0.05739318836849949,1
0,-0.06576244180601426,0
1,0.022108963122197567,1
0,-0.08341748576710212,0
0,-0.03143224056790328,0
0,-0.08866048101449014,0
0,-0.09528230654513692,0
1,-0.030647237968585928,0
1,0.02371505908625493,1
0,-0.050797923676479284,0
0,-0.03403272511026084,0
0,-0.039337039676304975,0
0,-0.07226366714882704,0
0,-0.058113560227532224,0
0,-0.04142610446325612,0
0,-0.09317977166194458,0
1,0.02371505908625493,1
0,-0.03374058535734242,0
1,0.02306593421792602,1
0,-0.05366651420643326,0
1,0.021022142460142113,1
0,-0.09025313793159528,0
0,-0.06214248900869085,0
0,0.06160648306646044,1
0,-0.09373516112860397,0
0,0.100361652963736,1
0,-0.07570975448605799,0
1,-0.030647237968585928,0
0,-0.08609320722202457,0
0,-0.009410283529011632,0
0,-0.06566128870414323,0
1,0.025584671548748772,1
1,0.02306593421792602,1
1,-0.02880238305012134,0
1,0.018704360797310082,1
1,-0.08675579329501748,0
0,0.013272653994933936,1
0,-0.05323019326340517,0
0,-0.09512457265494834,0
0,-0.04510543047788412,0
0,-0.06841706741344544,0
0,-0.0596980271985994,0
0,-0.09606971230846661,0
0,0.05739318836849949,1
0,-0.01824461450066306,0
0,0.05739318836849949,1
0,-0.0794690904083663,0
0,-0.01399160873880445,0
0,-0.087307030671542,0
0,-0.06734486048271277,0
0,-0.06509615977283195,0
0,-0.08881137387536603,0
0,-0.02151523102849051,0
0,-0.029495724796896106,0
1,0.02306593421792602,1
0,0.02528935442551772,1
0,-0.05186025159426372,0
0,-0.08205059413405619,0
0,-0.04508642761103787,0
0,-0.06010224446779033,0
0,-0.06484023336626721,0
0,-0.08815352988598263,0
0,-0.021834333180770826,0
0,-0.025825034780424028,0
0,-0.0658100039776699,0
0,-0.07850083252214007,0
1,0.02306593421792602,1
0,-0.016846901044061058,0
0,-0.05353661811400856,0
0,-0.06523488291551999,0
0,-0.008829552114814287,0
0,-0.063887593350901,0
0,-0.08721326900011578,0
0,0.018659353235749188,1
1,-0.04268150328797782,0
0,0.05986074022503429,1
0,-0.06540103653151846,0
0,-0.07191473084236777,0
0,-0.06381339678305264,0
0,-0.06485021220399473,0
0,-0.05739969409913653,0
0,-0.053527393657860245,0
0,-0.06820348458803749,0
0,-0.03683007551551459,0
0,-0.0564137310525098,0
0,-0.05496012003688383,0
0,-0.05127454518506358,0
0,-0.049796789671198494,0
0,-0.08355855924271577,0
0,0.04268792647273767,1
0,-0.07584209440213624,0
0,-0.044477520282036886,0
0,-0.05186012292090603,0
0,-0.021468098337874553,0
1,-0.051253813203200604,0
1,0.02306593421792602,1
0,-0.05496012003688383,0
0,-0.05007821990270034,0
0,-0.08334700710550835,0
0,-0.06884544563856809,0
1,-0.03652461873679047,0
0,-0.06020676939435399,0
0,-0.07762829021729012,0
0,-0.051902612425612116,0
0,-0.07645057313763576,0
0,-0.052928677037508975,0
0,-0.02940413500549527,0
0,0.14666219215207066,1
0,-0.02630124502842035,0
1,0.04100113880732825,1
1,0.015769469932073177,1
0,-0.05813922092297619,0
0,-0.05163879324122134,0
0,-0.06363976147083023,0
1,0.02371505908625493,1
0,-0.04055360178766371,0
0,-0.0577214264915345,0
1,0.02371505908625493,1
0,0.018092152765261327,1
0,-0.03664308551776779,0
0,-0.047620385376445196,0
0,-0.04652472458042711,0
1,-0.04719365403454229,0
1,-0.06430941538054985,0
0,-0.06725408843783232,0
0,-0.0680783408588817,0
0,-0.030696335041122347,0
0,-0.08772777092653761,0
1,0.02371505908625493,1
0,-0.0677446428977096,0
0,-0.059748134445839984,0
0,-0.0362560535264112,0
0,-0.06257264961982884,0
0,-0.06375698065480973,0
0,-0.0878727398551693,0
0,-0.0046225404672810555,0
0,-0.0044315319159717315,0
0,-0.08965232352798824,0
0,0.095379893261748,1
0,0.11226941501094456,1
0,-0.05255893237335513,0
1,-0.054065597980295754,0
0,-0.06698090124627332,0
0,0.033427341030875635,1
0,-0.0766170317625629,0
0,-0.07510664576111548,0
1,-0.031154028924512966,0
0,0.02528935442551772,1
0,-0.0478956035061025,0
0,-0.0028299529776764087,0
0,-0.08153380036027985,0
0,-0.061402786979491475,0
0,-0.05909522168361675,0
0,-0.02341799963754887,0
0,-0.04426589646332674,0
0,-0.07850627944352184,0
0,-0.08262061021342809,0
0,-0.07508942333685259,0
0,-0.0750147680281873,0
0,0.23098952939433126,1
0,-0.08904256830796942,0
0,-0.08524234126173108,0
0,-0.08496513714627824,0
0,-0.050083201989622406,0
0,0.02528935442551772,1
0,-0.05813922092297619,0
0,-0.09433502410782463,0
0,-0.047529351184639856,0
0,-0.03800204543256347,0
0,-0.06305756063740658,0
1,-0.02944044479050989,0
0,-0.0458528266399591,0
0,0.02528935442551772,1
0,-0.03798162998466614,0
0,-0.057288750237374286,0
0,0.05757429139534098,1
0,0.08678045954000735,1
0,0.12521563920730783,1
0,-0.06025858038098786,0
0,0.05507319928521426,1
1,-0.05112609897413273,0
1,-0.039614188854754984,0
1,-0.07536674512747382,0
1,0.018704360797310082,1
1,-0.08684988474162708,0
0,-0.06398242122699987,0
0,-0.06498066119316304,0
0,-0.006473744560335004,0
0,-0.029463965001271963,0
0,-0.07904663261071243,0
0,-0.07645762772087417,0
0,-0.06940554937021681,0
0,-0.06088718523871223,0
0,-0.05585292592620472,0
0,-0.036259944002716316,0
1,0.02371505908625493,1
0,0.02258337085684714,1
0,-0.052469823047355646,0
0,-0.07852138077875837,0
0,-0.07444074201902212,0
0,-0.06884544563856809,0
0,-0.060839630130544387,0
0,-0.015023480011143564,0
0,0.0014075070502759246,1
0,-0.030505685075144062,0
0,-0.0632784651504616,0
0,0.02528935442551772,1
0,0.17038272782033514,1
1,0.01751910108047583,1
0,-0.07139670843975288,0
0,-0.0594992502944558,0
0,0.02528935442551772,1
1,-0.03928534632050068,0
0,-0.06877496905142738,0
0,-0.06433199952806873,0
1,-0.0322605695030353,0
0,-0.07875309924202428,0
0,-0.05585032846993454,0
0,-0.055950485705207886,0
0,-0.018293828702327652,0
0,-0.05431666248237588,0
0,0.020395945916579006,1
0,-0.0593748134162288,0
1,-0.04391493048658779,0
0,-0.024673110532998865,0
0,0.06669443791425067,1
0,-0.07255907573782261,0
0,-0.06213056433755143,0
0,-0.08147404483151377,0
0,-0.06157931058027305,0
0,-0.08356042448420758,0
0,0.05616928287991474,1
0,-0.07143790958448304,0
0,0.02528935442551772,1
0,-0.052465766106072786,0
0,0.040452943327748514,1
0,-0.06086693782463848,0
0,-0.03743182686247909,0
0,0.05739318836849949,1
0,-0.09313949198996224,0
1,0.025584671548748772,1
0,-0.08634310717981858,0
0,-0.05323019326340517,0
1,-0.0322605695030353,0
0,-0.07773411461058238,0
0,-0.0667077900992028,0
0,-0.05321589856777781,0
0,-0.0804884699781967,0
0,0.010464804297335317,1
0,-0.05665300951414881,0
0,-0.0417553037831232,0
0,-0.03730129483297734,0
0,-0.07854151332624487,0
0,-0.057460439803149854,0
0,-0.08982788173011119,0
0,-0.06375698065480973,0
0,-0.059190961507477935,0
0,0.06918529059506173,1
1,-0.03558912317690799,0
0,-0.08459741572136609,0
0,-0.035280122838945494,0
0,-0.040258009425672814,0
0,0.06918529059506173,1
0,-0.024209253298279443,0
0,-0.053026930121906346,0
0,-0.0519339785236263,0
0,-0.060522675022004147,0
0,-0.05736198672431564,0
0,-0.032329059231294366,0
1,0.02371505908625493,1
0,-0.053026930121906346,0
0,-0.05546888954388823,0
0,-0.06135620943551301,0
1,0.01751910108047583,1
0,-0.09455810731079517,0
0,0.05440818657997282,1
1,0.02306593421792602,1
0,-0.056774419792769315,0
0,-0.06131074453324242,0
0,-0.053404677385220534,0
0,0.04031844494046988,1
0,-0.07973725780622698,0
0,-0.05165079956673452,0
0,-0.04699740716172973,0
1,-0.0322605695030353,0
1,0.02371505908625493,1
0,-0.0728236369259937,0
1,0.02371505908625493,1
0,-0.0017270587547821847,0
1,-0.0322605695030353,0
0,-0.043409759128759384,0
0,-0.049765557960700646,0
0,-0.06526826207836428,0
0,-0.06926259308772664,0
0,-0.023072261965183027,0
0,-0.0839456340530974,0
0,0.011925341163370184,1
0,-0.052441468768505584,0
0,-0.041064950042885184,0
1,0.02371505908625493,1
0,-0.053026930121906346,0
0,-0.055989930451513736,0
0,-0.0751534743234134,0
0,-0.09068578140926986,0
0,0.0014925878141796023,1
0,-0.0577214264915345,0
0,0.03811334194818117,1
0,-0.08449150719025567,0
1,-0.031154028924512966,0
0,-0.07333652493019582,0
1,0.03806676968774336,1
0,-0.050829336009028,0
0,-0.06094258514156414,0
0,-0.05358824787474559,0
1,0.018642208242853675,1
0,-0.08853370569626595,0
0,-0.019247823314825774,0
0,-0.05005785708611804,0
0,-0.09748282049478091,0
1,0.022108963122197567,1
0,-0.03957098262821468,0
0,-0.0831873341430564,0
0,-0.012397980583710055,0
1,0.018642208242853675,1
0,-0.07161416948165966,0
0,-0.0769248382916059,0
0,0.015227725018238547,1
0,-0.07027418137832175,0
0,-0.07304205396905267,0
0,-0.05800577786400424,0
0,-0.08102524459531812,0
0,0.06212658821339623,1
0,-0.04344937158448986,0
0,-0.05883720887602084,0
0,-0.08523767014558542,0
0,0.02528935442551772,1
0,-0.0571569419333145,0
0,-0.06106909563379026,0
1,0.01751910108047583,1
0,-0.05531677380532335,0
0,-0.0684175473276818,0
0,0.2295753148581593,1
0,-0.019809986762119036,0
0,-0.07786118343192833,0
0,-0.002974360758793426,0
0,-0.0693084269811346,0
0,0.10554632086192439,1
0,-0.01926778590953937,0
0,-0.07409557081506529,0
0,-0.07592443311505953,0
0,-0.052926113466377045,0
0,-0.007537044782437441,0
0,0.01244285245712895,1
1,0.05290539168649544,1
0,0.06669443791425067,1
0,-0.08997382354267813,0
0,-0.07680821643640479,0
1,0.02371505908625493,1
0,-0.052465766106072786,0
1,-0.0322605695030353,0
0,0.05739318836849949,1
0,-0.05268512074496329,0
0,-0.01707309784016009,0
0,-0.011523155010532526,0
0,-0.05146533594391556,0
0,-0.07181836342760994,0
1,0.028235936958997954,1
0,0.12720336483112304,1
0,-0.06412667040146519,0
0,-0.025755459615486254,0
1,-0.05302400798052953,0
0,-0.07612713886975941,0
0,0.06160648306646044,1
1,0.02306593421792602,1
0,-0.0074302913567339535,0
0,-0.07279002139846696,0
1,0.02371505908625493,1
0,-0.03641761989455089,0
0,-0.05527959476257577,0
0,-0.0859683032382898,0
0,-0.05454182866380641,0
0,-0.03743182686247909,0
0,-0.0659079589987579,0
0,-0.05444375555006653,0
0,-0.016102298810447557,0
1,0.028192167141234625,1
0,-0.024062434481511463,0
0,-0.05416203591742713,0
0,-0.025405878437978757,0
0,-0.03968690943027309,0
0,-0.06077728425395129,0
0,-0.040083087979898235,0
0,-0.03238068421019774,0
0,-0.0654129571519943,0
0,-0.0643886598821003,0
0,-0.09563303279443797,0
0,-0.08313900494937077,0
1,0.02371505908625493,1
0,-0.053404677385220534,0
0,0.06669443791425067,1
0,-0.03854141394676819,0
0,-0.03398392970435743,0
1,0.05789694439859927,1
0,0.041683404823688486,1
1,0.016812575021424414,1
0,-0.08481417329297725,0
0,-0.03688659006896805,0
1,-0.03464759800877898,0
0,-0.023582400641186718,0
0,-0.0656292539871528,0
1,-0.05617975111610862,0
1,-0.031154028924512966,0
0,-0.06229612924061573,0
1,0.02306593421792602,1
0,0.1277019482508981,1
0,-0.003663469813247777,0
0,-0.03418990950691775,0
0,-0.07086295877842819,0
0,0.05020078580520848,1
0,-0.03708379572153481,0
0,-0.08511126736328262,0
0,0.23114399396525598,1
1,-0.042530171411146345,0
0,-0.06793488794937413,0
0,-0.06076788951581552,0
0,-0.06636279297386088,0
0,-0.07889706055005086,0
0,-0.053026930121906346,0
1,0.02371505908625493,1
0,-0.09315196061470815,0
1,0.016727081269584887,1
0,0.02528935442551772,1
0,0.0030444957965078956,1
0,-0.016272462617237193,0
0,0.095379893261748,1
1,0.026194684693887305,1
0,0.02528935442551772,1
0,-0.0519356594784508,0
0,-0.0660401865355954,0
0,-0.03525219563208293,0
1,0.03352516384329007,1
0,-0.045525684599127925,0
0,-0.08476108925093806,0
0,0.05739318836849949,1
0,-0.0309996228882079,0
0,-0.08240876107795037,0
1,0.023613420698330057,1
1,0.025584671548748772,1
0,-0.08483684540615438,0
0,-0.08637708900744484,0
0,-0.06113601420030801,0
0,-0.06761874987840744,0
0,-0.0394367277353716,0
0,-0.07268558300924283,0
0,-0.05130747398108487,0
1,-0.05557008471286229,0
1,0.029619340097468694,1
0,-0.08729422819731897,0
0,-0.07814819855884214,0
1,-0.07273137043660649,0
0,-0.06583861981190686,0
0,-0.06062402950039103,0
1,0.13634902469702215,1
0,-0.09185021778302682,0
0,-0.06136444540068331,0
0,-0.08537133952494719,0
1,0.018704360797310082,1
1,0.022607459467776425,1
0,0.10554632086192439,1
0,-0.029475492640775536,0
0,-0.07009560001050413,0
0,-0.05736198672431564,0
0,-0.08433051583508472,0
0,-0.08142946473315371,0
0,-0.06339917957289015,0
0,0.04015607141906852,1
1,-0.05155522520593375,0
0,-0.05578274813632961,0
0,0.05221308511387568,1
0,-0.0889477106095593,0
1,-0.0322605695030353,0
0,-0.07885291279094869,0
0,-0.08193966968832705,0
0,-0.05220415342876761,0
0,-0.05772424044491847,0
0,0.0020297531805832936,1
0,0.08678045954000735,1
0,-0.05667802697603613,0
1,0.01751910108047583,1
0,-0.08166050108910738,0
0,-0.057282723938382185,0
0,-0.07459210953841822,0
0,-0.0354571426319395,0
0,-0.0766280975464173,0
0,0.23876543113886417,1
0,-0.06596326136012964,0
0,-0.06166990420430074,0
0,-0.06504085337556093,0
0,-0.0857492354649722,0
1,-0.04614591076892249,0
0,-0.06255419559935255,0
0,-0.08503775829480753,0
1,-0.018849733386255396,0
0,-0.05762166869940272,0
0,0.1472464190642433,1
1,-0.030647237968585928,0
0,0.06918529059506173,1
0,-0.0649607148318313,0
0,-0.0710583719723753,0
0,-0.047137757385753154,0
0,-0.020686080228337067,0
0,-0.025440394515647446,0
0,-0.0224030529810495,0
0,-0.0858161938118206,0
0,-0.02395982747641162,0
0,-0.07992772980828944,0
0,-0.06474687957786152,0
0,-0.07550536604985197,0
0,-0.08552180737431714,0
0,-0.06884544563856809,0
1,0.020788539663415317,1
0,-0.054619069302246914,0
0,-0.07508264658867653,0
0,-0.07791852662834414,0
0,-0.05304562802978696,0
0,-0.062556969732183,0
0,0.095379893261748,1
1,0.02251581758792809,1
1,-0.031154028924512966,0
0,-0.053456197918100246,0
1,-0.05223457075078025,0
1,0.020788539663415317,1
0,-0.060509574000030375,0
0,-0.04075433580175408,0
0,-0.03436771064968086,0
0,-0.04784559034350455,0
0,0.05760937894963791,1
0,-0.05234037198519209,0
0,-0.07377799271340119,0
0,0.05739318836849949,1
0,-0.08446616132540424,0
0,-0.07067172445694808,0
0,-0.042784949871248035,0
0,-0.0685305973073922,0
1,0.030958739561663395,1
0,0.23876543113886417,1
0,-0.05729003617514822,0
1,-0.06694141726362102,0
1,-0.09093361274494355,0
0,-0.06452942865680694,0
0,0.02528935442551772,1
0,-0.05781948120795838,0
0,-0.07764947325583804,0
0,-0.08780320878996412,0
0,-0.06273492809844766,0
0,-0.05882818648962074,0
1,0.02306593421792602,1
0,-0.042624090864323394,0
0,-0.06831642912972802,0
0,0.005234448197476316,1
0,-0.059237886473158474,0
0,0.02528935442551772,1
0,-0.07433789520812262,0
1,-0.03436648948273596,0
0,-0.07488809638436084,0
0,-0.08271206744909071,0
0,-0.035929945923909135,0
0,-0.05339535749544949,0
0,-0.006180823811230196,0
0,-0.07359596448963573,0
1,-0.019500083190516382,0
0,-0.07874456331683077,0
0,-0.08321121247972729,0
0,-0.05127454518506358,0
0,-0.0361666705155792,0
0,0.05892123743213684,1
0,0.006577215479494858,1
0,-0.05437472509904073,0
0,-0.09087421019358105,0
1,0.04804393703185994,1
0,-0.008375305442138159,0
0,-0.018623158897862757,0
0,-0.044924769882273285,0
0,-0.08766187796452218,0
0,-0.043065035388629214,0
0,-0.0823075953181418,0
0,-0.03510617028582552,0
0,-0.051902612425612116,0
0,0.02528935442551772,1
0,-0.017391405769089707,0
0,-0.05251259344525666,0
0,-0.05327945970518949,0
0,-0.05378803503431978,0
0,-0.08822617914703096,0
0,-0.053527393657860245,0
0,-0.05687794560532289,0
0,-0.06120569836345441,0
0,-0.06220018647836062,0
0,-0.09425015069231463,0
0,0.12279112150253635,1
0,-0.013117136097950899,0
0,-0.023602783997277832,0
0,0.0033729187469745403,1
0,0.01705388041338829,1
0,-0.05782093429313978,0
0,-0.08887793553292012,0
0,-0.08696921519389278,0
0,-0.06370409770831742,0
0,-0.07538472978098132,0
0,0.02528935442551772,1
0,-0.049396023951065404,0
1,0.02371505908625493,1
1,0.022607459467776425,1
0,-0.04506189839214597,0
0,-0.023031694827174765,0
0,-0.05232652002760224,0
0,0.10953307899996445,1
0,0.1458877766591643,1
0,-0.016149813240449395,0
0,-0.08098166869468804,0
0,-0.0538944185772115,0
0,0.0019444721410830645,1
0,-0.03625707992128474,0
0,-0.050670732218250525,0
0,-0.07179717917923517,0
0,-0.08234050189220193,0
0,-0.009030518424179013,0
0,0.11729036897954181,1
0,-0.051902612425612116,0
0,-0.09065704597456781,0
0,0.04125013093230745,1
0,-0.058380034102626266,0
0,-0.07323569368393729,0
0,-0.0687804200403681,0
0,-0.0068355368075187495,0
0,-0.06567807644075324,0
0,-0.04531054747141394,0
0,-0.07521380518485654,0
0,-0.06555930759888012,0
1,0.020788539663415317,1
0,-0.061416095048643315,0
0,-0.08269137464093296,0
0,0.03811334194818117,1
0,-0.05310701057894318,0
0,-0.08676554986728707,0
1,0.02251581758792809,1
0,-0.025937127816928085,0
1,-0.030647237968585928,0
0,-0.05612515907555299,0
0,-0.06681922112207667,0
0,-0.07518075479962782,0
0,-0.02107310623417996,0
0,0.12521563920730783,1
0,-0.05730356127567238,0
0,-0.08045490302782099,0
0,0.012932397611758795,1
0,-0.06484303355959153,0
0,0.11226941501094456,1
0,0.014766140434065433,1
0,0.11226941501094456,1
0,0.028248439777765366,1
0,-0.06229612924061573,0
0,0.08678045954000735,1
0,-0.05671854942719545,0
1,0.02306593421792602,1
0,0.09373893816060619,1
0,-0.05756159691796492,0
0,0.02528935442551772,1
0,-0.053624094547612855,0
0,-0.03637771240217147,0
0,-0.059510611977757755,0
0,0.05739318836849949,1
0,-0.056774419792769315,0
0,-0.011904747161401441,0
0,0.08678045954000735,1
0,-0.07988488328252508,0
0,-0.06559020644248087,0
0,0.02670308538300059,1
1,0.022607459467776425,1
1,0.022108963122197567,1
0,-0.05303088847799803,0
0,-0.03257811673762967,0
0,-0.06716536503426146,0
0,-0.053499260599967735,0
0,-0.05790608420852028,0
0,-0.05447262399731234,0
0,-0.05110616681672536,0
0,-0.04318006638624894,0
0,-0.08155251730780266,0
1,0.02045611042720885,1
0,-0.03184603075635861,0
0,-0.06317568411592189,0
0,-0.0570002457194983,0
0,-0.00875927486489253,0
0,-0.04480658026903239,0
0,-0.06178789192800477,0
0,-0.06444069354569776,0
0,-0.07254825779800483,0
0,-0.048579308473192584,0
0,-0.0528898773220447,0
0,-0.048088486071767855,0
0,-0.08415490121617392,0
0,-0.05667802697603613,0
0,-0.041542509220727386,0
0,0.06160648306646044,1
0,-0.07713246541411684,0
0,-0.05790608420852028,0
0,-0.018943292919312238,0
1,0.02306593421792602,1
0,-0.05980793548106911,0
0,0.018110946235316616,1
0,-0.05737832377675739,0
0,-0.05750408380189809,0
0,-0.05081704840455509,0
0,-0.09033087269748696,0
0,0.08339975410058853,1
0,-0.049941100215139145,0
0,-0.07655368960455267,0
0,-0.04145207491177766,0
0,-0.05180801062941681,0
0,-0.026378058576719432,0
0,-0.08246273402746962,0
0,-0.05599317413034233,0
0,-0.08155909594796062,0
1,-0.031154028924512966,0
0,-0.03684925879089396,0
1,-0.04621826679600516,0
0,0.06918529059506173,1
0,-0.07961714388295998,0
1,0.018704360797310082,1
0,-0.06825727951632143,0
0,0.07258919439274591,1
0,-0.05766136825648416,0
0,-0.07170444234141332,0
0,-0.05737832377675739,0
1,-0.03237981227916531,0
0,-0.08080470769802095,0
0,-0.08285534839968434,0
0,-0.04794597236207837,0
0,-0.04860088815477315,0
0,-0.06551424012508261,0
0,-0.08169722064726104,0
0,-0.0793148998350024,0
0,-0.05710014364458882,0
0,-0.07630733376430476,0
0,-0.0944623794546679,0
0,-0.025247977021409795,0
1,-0.0322605695030353,0
0,0.048361984930319735,1
0,-0.05221260852234588,0
0,-0.025094499995580666,0
0,-0.03605234240767352,0
0,-0.05702178843627986,0
0,-0.039948871363742255,0
0,-0.07633171832231295,0
0,-0.06484662209185543,0
0,-0.07620387397848938,0
0,-0.031745202900734903,0
0,-0.06911411647893922,0
1,0.018704360797310082,1
1,0.02045611042720885,1
0,-0.07380769316241254,0
0,-0.05926663349139566,0
0,-0.07849572455015447,0
0,-0.05675298574216414,0
1,0.021495767310782177,1
0,-0.06526826207836428,0
1,0.029619340097468694,1
1,0.02306593421792602,1
0,0.05739318836849949,1
0,-0.056452989402856035,0
0,-0.0660713217848678,0
0,-0.07014107782584955,0
0,-0.0693084269811346,0
0,-0.010235958283690672,0
0,-0.07246737518643026,0
0,0.01741110914721511,1
0,-0.08704424319657655,0
0,-0.0670918085438782,0
0,-0.0716180182025738,0
0,-0.059183500449955906,0
1,0.020788539663415317,1
0,-0.07930252286025774,0
0,-0.048967800898879144,0
0,-0.014593956772825822,0
1,0.02371505908625493,1
1,0.02251581758792809,1
0,-0.054539433798336645,0
0,0.05628784956397759,1
0,-0.0807212047186453,0
0,-0.07343812527855603,0
1,0.030049235312326505,1
1,-0.04053479360855,0
0,-0.06595089649192554,0
0,0.060209936745659,1
0,-0.06593826221612609,0
0,-0.07447210435855756,0
0,0.10637959058172497,1
0,-0.05016589447158559,0
0,-0.08494039500544326,0
1,-0.06854645212676685,0
0,-0.07523436137961792,0
0,-0.06870328803825226,0
0,-0.07734680655032034,0
0,0.07258919439274591,1
0,-0.05188261969268121,0
1,-0.006259893184314247,0
1,0.025584671548748772,1
0,-0.06257154875030008,0
0,-0.050097797560372026,0
0,0.03110844674348401,1
0,-0.07718062261199593,0
1,0.03973691804480206,1
0,0.01992236052598184,1
0,-0.03617417576203508,0
1,0.0004548489652922427,1
0,-0.05201643610161938,0
0,-0.04545549328614895,0
0,-0.0466659110558586,0
0,-0.05236998861875469,0
0,-0.0556376524033278,0
0,-0.0805314226152935,0
1,0.02306593421792602,1
0,0.055208258748767225,1
0,-0.004871849112952631,0
0,-0.06120569836345441,0
1,0.07442354380871097,1
0,-0.056917859159316686,0
0,0.0019444721410830645,1
0,-0.06890194373455727,0
0,-0.0880816058306842,0
0,-0.07612149790084216,0
0,-0.05323019326340517,0
0,0.06918529059506173,1
0,0.05739318836849949,1
0,0.05739318836849949,1
1,0.029619340097468694,1
0,0.08976320048640352,1
0,-0.08502292053931243,0
1,0.02371505908625493,1
0,0.02528935442551772,1
1,-0.050581200067390863,0
0,-0.020454273631207498,0
0,0.015684223249674112,1
0,0.05739318836849949,1
0,-0.07763645341837533,0
0,-0.05790608420852028,0
0,-0.08775588461867306,0
0,-0.036741135438135286,0
1,0.026194684693887305,1
0,-0.09037069785491797,0
1,-0.04563995695543638,0
0,-0.08927042487516323,0
0,0.08339975410058853,1
0,-0.05222930950786925,0
0,-0.02655137004319358,0
0,0.010588471421497214,1
0,-0.08814580016417772,0
0,-0.03964385504795259,0
0,0.018092152765261327,1
0,-0.07240693850488195,0
1,0.02371505908625493,1
0,-0.08278651487978611,0
0,-0.03514912310570617,0
0,-0.06049968927117333,0
1,-0.02407445143827025,0
0,-0.02874012128232839,0
0,-0.031869072746345595,0
0,-0.08375190955059492,0
0,-0.0633723800754385,0
0,-0.08254506488324614,0
0,0.14666219215207066,1
0,-0.02375023327372583,0
0,-0.052469823047355646,0
0,-0.09208191415110645,0
0,0.04400062042052921,1
0,-0.0796362174193182,0
0,-0.06351858088694479,0
0,-0.055938226355261356,0
0,-0.05647881635607588,0
0,-0.022208930483094247,0
0,-0.05320929603569474,0
0,-0.071026471035748,0
0,0.050576007994700856,1
0,-0.08575761029014906,0
0,-0.08267270649073005,0
0,0.006462980624428849,1
0,0.0188970550637656,1
0,-0.0512681693397008,0
0,-0.05164129703185677,0
1,-0.034549896466211205,0
0,0.01776130087703731,1
0,-0.051476500640107614,0
0,-0.03163306263044258,0
0,-0.06791583513248112,0
1,0.02251581758792809,1
1,0.03328459816858076,1
0,0.01705388041338829,1
1,-0.04290334101492399,0
0,-0.057288750237374286,0
0,0.08339975410058853,1
0,-0.09430987839800603,0
0,-0.09464039003054686,0
0,-0.07899997062923014,0
0,-0.08352748049820685,0
0,-0.05776111709623316,0
0,0.07707123339033362,1
0,-0.0637084212561122,0
0,-0.06585314453935193,0
0,-0.047377592494252496,0
0,-0.06884544563856809,0
0,-0.05214809672936804,0
0,-0.05317531995938041,0
0,-0.05552423853429572,0
0,-0.05180801062941681,0
1,0.022108963122197567,1
0,-0.014056728915497363,0
0,-0.044015573401444186,0
0,0.08339975410058853,1
0,-0.051158457484568876,0
0,-0.05730356127567238,0
0,-0.06411317968781588,0
0,-0.025683261016281156,0
0,-0.07889902752815248,0
0,-0.05042256858927585,0
0,-0.06934696236194343,0
1,0.022108963122197567,1
0,-0.06472215990581043,0
0,-0.09234745344123046,0
1,0.022108963122197567,1
0,0.0589322438001566,1
1,-0.02215631928217343,0
0,-0.032252836502603854,0
0,-0.0807498784470076,0
0,-0.056313678304172554,0
0,-0.08570937135435147,0
0,0.23876543113886417,1
0,-0.03888390553172555,0
0,0.004418952293000933,1
0,-0.038981909368528356,0
0,-0.03851023986280139,0
1,-0.023934233971733387,0
0,-0.016097168082250923,0
0,0.017741737261288915,1
0,0.05739318836849949,1
0,-0.016086429316668927,0
0,-0.059417425767740895,0
0,0.04357426561419131,1
0,0.03697569770660636,1
0,-0.020097287180875223,0
0,-0.0885273118400351,0
0,0.002680745479857416,1
0,-0.0593311002217064,0
0,-0.0643886598821003,0
0,0.05705163053572726,1
0,-0.05353699749609542,0
0,0.03811334194818117,1
0,-0.006157910689523205,0
0,0.01750825860528693,1
1,-0.045736922521746326,0
0,-0.09929570012260142,0
0,0.1277019482508981,1
0,-0.07886037324867101,0
0,0.02528935442551772,1
0,-0.08956602051145568,0
1,-0.031154028924512966,0
0,0.02528935442551772,1
0,-0.07440789624573935,0
0,-0.1010196164343039,0
0,0.09373893816060619,1
0,-0.02611011778503919,0
0,-0.07606677793975958,0
1,0.02371505908625493,1
0,0.06918529059506173,1
0,0.03811334194818117,1
0,-0.05573786754365595,0
0,0.05739318836849949,1
0,-0.08625089602729352,0
0,0.05678813667200422,1
1,0.02371505908625493,1
0,0.02131571686638567,1
0,-0.02543092307815331,0
0,0.02528935442551772,1
0,-0.08273445223855175,0
0,-0.0361666705155792,0
0,-0.06027257134299496,0
0,-0.03496186838268156,0
0,-0.059904566918925595,0
0,0.03811334194818117,1
1,-0.030647237968585928,0
0,-0.06641740659613726,0
0,-0.052084700838850195,0
0,-0.07650386894512534,0
0,-0.07279640626608269,0
0,-0.07748622539098465,0
1,0.02371505908625493,1
0,-0.0799668847929611,0
0,-0.06820868944482256,0
0,-0.08003594031107886,0
1,0.022607459467776425,1
0,-0.041245196757696334,0
0,-0.07164819771814251,0
0,-0.02972633111347278,0
0,-0.07731848936481861,0
0,-0.06585299489135904,0
0,-0.06683854665713607,0
0,-0.0693084269811346,0
0,-0.06509615977283195,0
0,-0.05214809672936804,0
0,-0.049646909377326964,0
1,0.022696425743937598,1
0,-0.05071573330091139,0
0,-0.0222984105233196,0
0,0.004383781041455093,1
0,-0.05710332423122799,0
0,0.03019892479255981,1
0,-0.06721965705796751,0
0,-0.08907998961315605,0
0,-0.0907614559523875,0
0,-0.0678304487331321,0
0,-0.09206796157448394,0
0,-0.07318154740422578,0
0,-0.025657483289785843,0
0,-0.08427201705734316,0
1,-0.031154028924512966,0
0,-0.049208938687250126,0
0,0.08339975410058853,1
0,-0.06285207477402421,0
0,0.02528935442551772,1
0,-0.0732826302416359,0
0,-0.0680783408588817,0
1,0.02371505908625493,1
0,0.12521563920730783,1
1,0.017717825319431224,1
0,0.12521563920730783,1
0,-0.08957653517154585,0
1,0.02306593421792602,1
0,-0.08793373850103409,0
0,-0.05819317817567532,0
1,-0.07995490537142325,0
0,-0.06554455317367025,0
0,-0.08489091017064454,0
0,0.03811334194818117,1
1,0.01751910108047583,1
1,0.02371505908625493,1
0,-0.017665807544693712,0
0,-0.06097573585343474,0
0,-0.038282343222585946,0
0,0.02964257136820081,1
0,-0.09395213134903907,0
0,-0.05071573330091139,0
1,-0.04363926662409362,0
0,-0.06575348002568465,0
0,-0.041070849473136994,0
0,0.05447245940136536,1
0,-0.06054570823440264,0
0,-0.076018888948095,0
0,-0.024386839836766427,0
0,-0.063374571990027,0
0,0.03811334194818117,1
1,-0.054180839334108666,0
0,0.012344435518837127,1
0,-0.005667028575180144,0
0,-0.060202228757955445,0
0,-0.05800577786400424,0
0,-0.05287392585439371,0
0,-0.0869118934552211,0
0,-0.06014186334681543,0
0,-0.07354549750338712,0
0,-0.0916225679703993,0
0,-0.050670732218250525,0
0,0.010588471421497214,1
0,-0.04866697952104221,0
0,-0.05706916093716319,0
0,0.06295502431893751,1
0,0.03811334194818117,1
1,0.022607459467776425,1
0,-0.026894418441015422,0
0,-0.03375165600399627,0
0,-0.05142151567176628,0
0,-0.08270739229186491,0
0,-0.05322849523461343,0
0,-0.052088441919248496,0
0,-0.07187162628168775,0
1,0.022108963122197567,1
0,-0.07043273366987218,0
0,-0.041332227478313444,0
0,-0.06348511770242365,0
0,-0.09774766799677476,0
0,-0.08258890087234827,0
1,-0.034549896466211205,0
0,-0.06526172781661205,0
0,-0.025686614987218026,0
0,-0.08700535747326138,0
0,0.0021860214288020874,1
1,-0.0322605695030353,0
0,-0.053404677385220534,0
0,-0.059190961507477935,0
0,-0.06519350086417369,0
0,0.08339975410058853,1
0,-0.07770010767523972,0
0,-0.06108549724357454,0
0,-0.022800986975082316,0
0,-0.08824064000106213,0
1,-0.06489946980558253,0
1,-0.030647237968585928,0
0,-0.08210044330178667,0
0,-0.03507544804520346,0
0,-0.016924660742233644,0
0,-0.052926818573662104,0
0,-0.021628116833625366,0
1,-0.030647237968585928,0
0,-0.0416882587758422,0
1,0.01751910108047583,1
0,0.06160648306646044,1
0,-0.0552370536597111,0
0,-0.025428011068134915,0
0,-0.0227875129695988,0
1,0.018704360797310082,1
0,-0.07741385473051438,0
0,-0.0880358136654481,0
0,-0.07073284466486202,0
0,-0.06497005651965632,0
0,-0.0656292539871528,0
1,-0.0322605695030353,0
0,-0.06107435582408183,0
0,0.095379893261748,1
0,-0.06047415845828197,0
1,0.02371505908625493,1
0,-0.05687794560532289,0
0,-0.0751050944751111,0
1,0.01751910108047583,1
0,-0.08711526407275849,0
0,-0.09068267656840884,0
0,-0.055732686844875534,0
0,0.05102494775031219,1
0,-0.054829690198737735,0
0,-0.07270423452100538,0
0,-0.055950485705207886,0
0,-0.059310978223683364,0
0,0.054305649918365506,1
0,-0.004514704314738882,0
1,0.02251581758792809,1
0,-0.09166688869970352,0
0,-0.06881830802349853,0
0,0.12521563920730783,1
0,-0.039757799017560436,0
0,-0.03851023986280139,0
0,0.08678045954000735,1
0,-0.022096158653897524,0
0,-0.06923811525027335,0
0,-0.02491578125679722,0
0,-0.07201373242050602,0
0,-0.08010043669441319,0
0,-0.03528710799362761,0
0,0.09373893816060619,1
0,0.06160648306646044,1
0,-0.019403502032567188,0
0,-0.01632100143150461,0
0,-0.07106537232679849,0
1,-0.04779024599665743,0
1,-0.024703266574682192,0
0,-0.05280839343592608,0
0,-0.07820079443127165,0
1,0.025677320021058714,1
0,-0.07068545550789368,0
0,-0.056344548779362014,0
1,0.02371505908625493,1
0,0.010260931391425476,1
0,-0.020215129482466232,0
0,-0.08181716381548054,0
0,-0.06541883149115885,0
0,-0.025246660645781627,0
0,-0.08596252816150268,0
0,0.08678045954000735,1
0,-0.048805940692160155,0
0,-0.07860441705167742,0
0,-0.0766131090657462,0
0,-0.04366488112644701,0
0,-0.08092934357409204,0
0,-0.04838523813898049,0
1,-0.03521450466060844,0
0,-0.08456767190826026,0
0,-0.03471023719628846,0
0,-0.0361666705155792,0
0,0.02528935442551772,1
0,-0.02346199650806735,0
0,-0.056027303442746035,0
0,0.006692442507572949,1
0,-0.07240893056152553,0
0,-0.0055168463412179625,0
0,-0.08197695366972657,0
0,-0.09568520184003004,0
0,-0.057773754008869416,0
0,-0.031869072746345595,0
0,-0.02460876641044879,0
0,-0.07366963355576905,0
0,0.030049523978821657,1
0,-0.0007997357804850336,0
0,-0.05898517860342628,0
0,-0.09343025657675746,0
0,-0.04037170526542533,0
0,-0.0846493826105304,0
1,0.018642208242853675,1
0,-0.0844188949228925,0
0,-0.055950485705207886,0
1,0.015769469932073177,1
0,-0.004525643653038425,0
1,-0.030647237968585928,0
0,-0.06860572092441464,0
0,-0.0661769457736594,0
0,-0.024820104766417106,0
0,-0.06810286426453072,0
0,-0.028865745581669766,0
0,-0.03459323677546444,0
0,-0.024152673612201525,0
0,-0.0571569419333145,0
0,-0.03892529438013692,0
0,-0.07572729303955111,0
0,0.06160648306646044,1
1,0.02371505908625493,1
0,-0.04558376072764159,0
1,-0.06209891972791454,0
0,-0.02990160082799087,0
0,-0.08329057238356935,0
1,0.02251581758792809,1
1,0.02371505908625493,1
1,0.01751910108047583,1
0,-0.0693084269811346,0
0,-0.04740243532995253,0
1,0.02045611042720885,1
1,0.02251581758792809,1
0,-0.02092887644756436,0
1,0.05204345765211327,1
0,-0.060202228757955445,0
0,0.11226941501094456,1
0,-0.06392556645001907,0
0,-0.007877136424225328,0
0,0.18048818412117196,1
0,-0.05218337083885011,0
0,-0.06570416758541742,0
0,-0.06098649823174762,0
0,-0.0914987374776352,0
0,-0.014924663888922773,0
0,-0.06533109885128435,0
0,-0.08144169326401468,0
0,-0.07384958510470169,0
1,-0.013668063248016782,0
0,0.18002793084631852,1
0,-0.05090962070710181,0
0,-0.0714648846203878,0
0,-0.020636882128068745,0
0,-0.055809742206206936,0
0,-0.054490892463328666,0
1,-0.06549161726825264,0
0,-0.07967411565859134,0
0,-0.03285705311504339,0
0,-0.07988715996484136,0
0,0.013048091671031603,1
1,0.015769469932073177,1
0,-0.06826335228037012,0
0,-0.03717227501724002,0
0,0.05739318836849949,1
0,-0.06908740671171315,0
1,-0.07169833221973848,0
0,-0.06351347518927619,0
0,-0.08232468560935596,0
0,-0.06378922636363443,0
0,-0.07306325997536972,0
0,-0.07245875011674086,0
0,0.06918529059506173,1
0,-0.061006740133166315,0
0,-0.07874058959763719,0
0,0.10953307899996445,1
0,0.006039777744982433,1
0,-0.05633219434542519,0
0,0.14666219215207066,1
0,-0.059440302158454916,0
0,-0.06551440370886119,0
0,-0.06086693782463848,0
1,0.034623488381498646,1
0,-0.06479817447529101,0
1,-0.03384711023134607,0
0,-0.06536330564666437,0
0,0.02528935442551772,1
0,-0.07571360678402234,0
0,-0.02434004199367512,0
0,-0.0792741022756886,0
0,0.005729219000777053,1
0,-0.02890279694256026,0
0,0.05603811483591459,1
0,-0.052926113466377045,0
0,-0.06955584615736837,0
0,0.11729036897954181,1
0,0.06669443791425067,1
0,-0.04805401349568905,0
0,-0.09419766745087027,0
0,-0.06566128870414323,0
1,0.022696425743937598,1
0,-0.05246196196573444,0
1,0.02306593421792602,1
1,0.026194684693887305,1
0,-0.04134864749898093,0
0,-0.08713509585906526,0
0,-0.08724731389127766,0
0,-0.06800969247059002,0
0,-0.06571033752252453,0
0,-0.07967186045036573,0
0,-0.04524080983926937,0
0,-0.029897243557682363,0
1,-0.03164230826171727,0
1,-0.0322605695030353,0
0,-0.06242480679548401,0
0,-0.05019564059597259,0
0,-0.04531641349469667,0
0,0.01752781339870868,1
1,-0.0322605695030353,0
0,-0.031174940817383867,0
0,-0.06828722499990703,0
0,-0.06796071183563268,0
0,-0.057288750237374286,0
0,-0.0676087624919931,0
1,0.02371505908625493,1
0,-0.04868110534777487,0
1,0.02371505908625493,1
0,-0.03726874935871555,0
0,-0.09294265625385278,0
0,-0.026502362255209966,0
0,-0.04814386019850103,0
0,-0.05737832377675739,0
0,-0.06916883626467124,0
0,-0.06730524469271926,0
0,-0.041327194523403,0
0,0.05739318836849949,1
0,-0.06400281457571666,0
0,-0.06923143147088295,0
0,-0.06965771198587484,0
0,0.010902572584614134,1
0,-0.05333519201379949,0
0,-0.014336853911542824,0
0,-0.08289494943573006,0
0,-0.029039038080276802,0
0,-0.07706167176786921,0
0,-0.04707627544161658,0
0,-0.09008763569104761,0
0,-0.07617248101935875,0
0,-0.06307258896733747,0
0,-0.08444021507094446,0
1,-0.06588732508196549,0
1,-0.07446251889318845,0
0,-0.0642810392942948,0
0,-0.09298880210197796,0
0,-0.07812007791828146,0
0,-0.05771387055148697,0
0,-0.0770846953426974,0
0,-0.07721427932831315,0
0,-0.049821660988164596,0
0,0.08678045954000735,1
1,-0.028218878361474575,0
0,0.08678045954000735,1
0,-0.045799561413942536,0
0,-0.04372272980027647,0
0,-0.07468122809744648,0
0,0.02528935442551772,1
0,-0.02164171702653317,0
0,-0.051700449128564696,0
0,-0.02318670128366518,0
0,-0.0742139146050389,0
1,0.021406619527576054,1
1,0.029619340097468694,1
0,0.06669443791425067,1
0,-0.06470364943914436,0
0,0.02528935442551772,1
0,-0.08222966997324482,0
0,-0.05335283810914021,0
1,0.025584671548748772,1
1,-0.07205894260717866,0
0,-0.0898642656296455,0
0,0.054853050155612926,1
0,0.06669443791425067,1
0,0.07441601991659919,1
0,0.02528935442551772,1
0,0.02528935442551772,1
0,0.08339975410058853,1
1,-0.03944579528428227,0
0,-0.040650751010966935,0
0,-0.05619047668504851,0
0,-0.04778487792636971,0
1,0.020788539663415317,1
0,-0.050097797560372026,0
0,-0.024808624013427927,0
0,-0.05335981798347461,0
0,-0.07997579339409167,0
0,-0.06179751544659412,0
0,-0.07669577470639016,0
0,-0.06685059004879018,0
0,-0.0499051214543903,0
0,-0.03981115129554963,0
0,-0.053404677385220534,0
0,-0.04148148717830413,0
0,-0.06565712543889224,0
0,-0.043837667810913805,0
1,0.018704360797310082,1
0,-0.05496012003688383,0
1,0.026194684693887305,1
0,0.03811334194818117,1
0,-0.05516610563642632,0
0,-0.02085043803381903,0
0,-0.041736264348626706,0
0,-0.0475687314715284,0
0,-0.08861749086929377,0
1,-0.0322605695030353,0
0,-0.07798064042779218,0
0,-0.005638033756454719,0
0,-0.01234876091106829,0
0,0.09373893816060619,1
0,-0.07597087416161286,0
0,-0.06967443443034527,0
1,-0.03176982550220808,0
0,-0.049415365081528884,0
0,-0.056452989402856035,0
0,-0.06620485379748153,0
1,0.02251581758792809,1
0,-0.07797802466098142,0
1,0.02371505908625493,1
1,-0.06248504702961377,0
0,-0.08093698512758374,0
0,0.10953307899996445,1
0,-0.03189340967663162,0
0,0.02528935442551772,1
0,-0.08773162266383788,0
1,0.018642208242853675,1
0,-0.06551095798254158,0
0,-0.06916883626467124,0
1,-0.025040882164931055,0
1,0.022607459467776425,1
0,-0.08214269605767516,0
0,-0.05601114702812565,0
0,-0.08193605378029822,0
0,-0.06763763390523159,0
0,0.05102494775031219,1
1,-0.030647237968585928,0
0,-0.0597076913018767,0
1,0.02371505908625493,1
0,0.06918529059506173,1
0,-0.05210995953267106,0
0,-0.05399483783408565,0
0,0.17321308842410366,1
0,-0.06088718523871223,0
0,-0.07564925864438837,0
0,-0.04986524752761212,0
0,-0.012141289456799875,0
0,-0.05941108785678556,0
0,0.0025056433424954783,1
0,-0.06568161578545212,0
0,-0.0781030255263388,0
0,-0.07447330304743355,0
0,-0.06724261111612928,0
0,0.06918529059506173,1
0,0.006462980624428849,1
0,-0.055679343897666045,0
0,-0.052111608193155357,0
0,-0.07732423864757915,0
0,-0.08496519887923831,0
0,-0.06536330564666437,0
0,-0.07421277885207406,0
0,0.02528935442551772,1
0,-0.06454712267734602,0
0,-0.05736198672431564,0
0,-0.054830942950166106,0
0,-0.04523159387413206,0
0,0.08678045954000735,1
0,-0.01921306095968306,0
1,-0.030647237968585928,0
1,0.02371505908625493,1
0,0.009067953348475655,1
0,-0.06410025025862637,0
0,-0.07028833495012049,0
0,-0.02172020440695177,0
0,-0.015426472061802199,0
0,0.04354858869864986,1
0,-0.052622501496553786,0
0,-0.059417180048339124,0
0,-0.08212836541073554,0
0,-0.0528898773220447,0
0,0.100361652963736,1
0,-0.06213056433755143,0
0,-0.0651368198150803,0
0,-0.07310889274065263,0
0,-0.039099397405977565,0
0,-0.0853680650817169,0
0,-0.02226705454345229,0
0,-0.045638455190623206,0
1,-0.031154028924512966,0
0,-0.059904566918925595,0
0,-0.06647244940423147,0
1,-0.031154028924512966,0
1,0.020882390501738124,1
1,0.02306593421792602,1
0,-0.030016570586342273,0
0,-0.06769457890188924,0
1,0.01751910108047583,1
0,-0.02383075657793865,0
0,-0.0275883588083215,0
0,-0.06658537189599001,0
0,-0.05800577786400424,0
0,-0.04783014007479397,0
0,-0.08139504855796342,0
0,-0.07763617936199024,0
0,-0.06440799500010996,0
0,-0.06316634197996229,0
0,-0.05034539848489977,0
0,0.1277019482508981,1
0,-0.03968052906946512,0
0,0.1277019482508981,1
1,0.018704360797310082,1
1,-0.019787115325808735,0
0,-0.09403183407722665,0
0,-0.0057148383883290355,0
0,-0.06916883626467124,0
0,-0.021444052746943776,0
0,-0.06116394875690567,0
0,-0.06225390962899008,0
1,0.022607459467776425,1
0,-0.07694076986692344,0
0,-0.03873270859811534,0
1,0.022696425743937598,1
0,-0.026124550600762297,0
1,-0.03924147300409697,0
0,-0.05573196744821107,0
0,-0.05359113740754634,0
0,-0.041202280125253954,0
0,-0.09287551124292193,0
0,-0.049396023951065404,0
0,-0.06127738359798801,0
0,-0.06533319685036498,0
0,-0.06943562025226452,0
1,0.029619340097468694,1
0,-0.08677749305200833,0
0,0.002680745479857416,1
0,-0.08092099020886012,0
0,-0.07585223935340912,0
1,0.018704360797310082,1
0,-0.07437037050781525,0
0,0.05739318836849949,1
0,-0.04636463573373095,0
0,0.11226941501094456,1
0,-0.09682862365531014,0
0,0.040646052334417315,1
0,0.06821096305530783,1
0,0.08678045954000735,1
1,-0.051934157954073634,0
0,-0.05902929019727693,0
1,-0.030647237968585928,0
0,-0.05624448042667218,0
0,-0.07636651363670316,0
0,0.06160648306646044,1
0,-0.09094941260856787,0
1,0.02371505908625493,1
0,-0.036152480755521854,0
1,0.018704360797310082,1
0,-0.05471127149789795,0
0,-0.06371248990054995,0
0,-0.060202228757955445,0
0,0.06412998953047944,1
0,-0.048482198586328684,0
0,0.055360417872376444,1
1,-0.05366431301347535,0
1,0.016727081269584887,1
1,0.022607459467776425,1
0,-0.05092878390503802,0
0,-0.039575194382140466,0
0,-0.021127588648608142,0
0,-0.07480503850383002,0
0,-0.06597816911754234,0
0,-0.07747217009020596,0
0,-0.06583268808304577,0
0,-0.07988463275343732,0
0,-0.0115507212905811,0
0,-0.06981943437148547,0
0,-0.053527393657860245,0
0,-0.07323501200489185,0
0,-0.09356258489687369,0
0,-0.041529514409248514,0
0,-0.06585299489135904,0
0,-0.08828757880521193,0
0,-0.05363899357377244,0
0,-0.041202280125253954,0
0,-0.029636840745592696,0
1,-0.030647237968585928,0
0,-0.06467737553301733,0
0,0.056200595750841686,1
0,-0.034389911242862725,0
0,-0.013046488939219336,0
0,-0.054867691696118215,0
0,-0.07672088079532485,0
0,-0.09564176310029993,0
0,-0.062139046985992874,0
1,-0.031154028924512966,0
0,-0.04400267009987624,0
0,-0.056452989402856035,0
0,-0.04702363992243952,0
0,-0.08820901545740073,0
0,-0.06953373748772429,0
0,-0.08199455084043555,0
0,-0.05683702947538577,0
0,0.06669443791425067,1
0,-0.0656292539871528,0
0,-0.07564278715818745,0
1,-0.027245076945975333,0
1,0.02045611042720885,1
0,-0.059190961507477935,0
0,-0.0633881287377489,0
1,0.02371505908625493,1
0,-0.07259084963813256,0
0,-0.05378803503431978,0
0,-0.02223812519625451,0
0,-0.08076584636889034,0
0,-0.0685450083605888,0
0,-0.05035594223904599,0
1,0.018704360797310082,1
0,-0.08038113588643597,0
0,-0.0403078934492207,0
1,0.024667855401208638,1
0,-0.021342027056573676,0
1,0.01751910108047583,1
0,-0.03856221776273405,0
0,-0.08255569000977758,0
0,-0.05378803503431978,0
0,-0.07818671837073282,0
0,-0.049593574021018993,0
0,-0.05895096505987263,0
1,0.02371505908625493,1
1,-0.06290084063996093,0
0,-0.061193859758602975,0
1,-0.0036207067464102405,0
0,-0.06824929938699242,0
1,0.018642208242853675,1
0,-0.06247175274146133,0
0,-0.0650954284298384,0
0,0.005632802491977618,1
0,0.02528935442551772,1
0,0.12521563920730783,1
0,-0.06780787058966814,0
1,-0.03176982550220808,0
0,-0.06506310102298613,0
0,-0.048646732011682625,0
0,-0.07092342810100072,0
0,-0.03746752707814971,0
0,0.007414379663702175,1
0,-0.08374101689170954,0
0,-0.037660095994211606,0
0,-0.05730356127567238,0
0,-0.08025100976138655,0
0,0.026161648540018123,1
0,-0.04032364101126501,0
0,-0.06535064640822508,0
0,-0.04097917421327435,0
0,0.05739318836849949,1
0,0.05530013480840712,1
0,-0.03254916858722817,0
1,0.02306593421792602,1
0,-0.06863360646829542,0
0,-0.0457872487177422,0
0,-0.054428167954075624,0
0,-0.049632443368975876,0
0,-0.0410987963701927,0
0,-0.08215998712964673,0
0,-0.05790608420852028,0
0,-0.05391882256880659,0
0,-0.06419578423860933,0
0,-0.06199948592139831,0
0,-0.062277052192739324,0
1,-0.06586155149428863,0
0,0.0024540586659382857,1
0,-0.07370676390225861,0
0,0.016862177521760002,1
0,-0.06899181338746385,0
0,-0.08277042487773723,0
0,-0.07742103703343717,0
0,-0.07754216469679837,0
0,-0.016904259642558483,0
0,-0.054166295469109726,0
0,-0.05362807472269693,0
0,0.100361652963736,1
1,-0.031154028924512966,0
0,-0.02444096767848075,0
0,0.06160648306646044,1
0,-0.08544790453477691,0
0,-0.07144470884640935,0
1,0.02371505908625493,1
1,-0.02207767166662894,0
0,-0.054867691696118215,0
0,-0.05138809508743125,0
0,-0.08275734079203084,0
0,-0.018369373898122876,0
0,-0.0012123675474653428,0
0,-0.025855481148180037,0
0,-0.030915176741557138,0
0,0.06669443791425067,1
0,-0.03403272511026084,0
0,-0.050063404942589984,0
1,0.02371505908625493,1
0,0.05102494775031219,1
0,-0.03931129848977971,0
0,-0.08863907548145744,0
1,0.01751910108047583,1
0,0.0559895157364223,1
1,0.09782751320600325,1
0,-0.0647684166964112,0
1,0.02371505908625493,1
0,-0.04077914148514611,0
0,0.1277019482508981,1
0,-0.07234906077122294,0
1,-0.07176193113944768,0
0,0.095379893261748,1
0,0.01152903862603527,1
0,-0.026682075147262063,0
0,-0.05942628022235524,0
0,0.08678045954000735,1
0,-0.07141953621510244,0
0,-0.0849529361603219,0
0,0.095379893261748,1
1,-0.0016508642331421464,0
0,-0.07246246477527934,0
0,-0.02739593299247317,0
0,-0.04561789714895115,0
1,0.022108963122197567,1
0,0.013627062577901805,1
0,0.23029719942048554,1
0,0.05823749289798075,1
0,-0.07996656440723277,0
0,-0.05968196073234738,0
0,-0.053529021096594465,0
0,-0.07652049040892361,0
0,-0.0607567876179016,0
1,0.028235936958997954,1
1,0.02371505908625493,1
0,-0.07273606422288675,0
1,0.008461456068302509,1
0,-0.07653556673979195,0
0,-0.06860433406492089,0
1,0.034528643994946484,1
0,-0.08376897018874846,0
1,0.018704360797310082,1
1,-0.06981411784752872,0
0,0.11226941501094456,1
0,0.11226941501094456,1
0,-0.06130464794491913,0
0,-0.007931169318392217,0
0,-0.06157931058027305,0
0,-0.07506838366944679,0
0,-0.04463894248828243,0
0,-0.03635531072996895,0
0,-0.05859970178739765,0
0,-0.06137627940328372,0
1,0.018704360797310082,1
0,-0.028951278543339565,0
0,0.05739318836849949,1
0,-0.06576996154507458,0
0,-0.05258138313233862,0
0,-0.08049588438048444,0
0,0.02250326242006173,1
0,-0.06334029199993207,0
0,-0.039655137574823196,0
0,0.024793409987301063,1
0,-0.06392556645001907,0
0,0.08678045954000735,1
0,-0.023285855058414073,0
0,-0.05800577786400424,0
0,0.021886142299348488,1
0,-0.07263037948142381,0
0,-0.028315474101437033,0
0,-0.08303496367820201,0
0,-0.09222775691807,0
0,-0.05030132646025115,0
1,0.016727081269584887,1
0,-0.039614266499873485,0
0,-0.07814654511578412,0
0,0.06918529059506173,1
0,-0.059955561150947356,0
0,-0.03845984534521918,0
0,-0.08225816694466292,0
0,-0.02309538331543559,0
0,-0.06388760948727173,0
0,-0.0452677014433871,0
1,0.029619340097468694,1
0,-0.021754701120906383,0
0,-0.06258292724250891,0
0,-0.02283098201445316,0
0,-0.06822850503149169,0
1,-0.021330943744548747,0
1,-0.0322605695030353,0
0,-0.04358453345831892,0
0,-0.08463772765344246,0
1,0.02371505908625493,1
0,-0.09286149196987598,0
0,-0.06343161895952021,0
0,-0.050050468668817294,0
0,-0.03148378333848606,0
0,-0.057144146047420186,0
0,-0.023429301812217085,0
0,-0.00915063006265826,0
0,-0.07178684794755535,0
1,0.02371505908625493,1
0,0.23581633004298908,1
0,-0.047588408627196044,0
0,-0.06178992306624709,0
0,-0.0039552789504201935,0
0,-0.06494010618017354,0
0,-0.0654332835918996,0
0,-0.0594992502944558,0
0,-0.06553518367195488,0
1,0.02371505908625493,1
1,0.029619340097468694,1
1,-0.030647237968585928,0
0,-0.0334033264181286,0
0,-0.06086693782463848,0
0,-0.028982234253959183,0
0,0.14666219215207066,1
0,-0.06515711924871698,0
0,-0.03381972391187349,0
0,0.05102494775031219,1
1,-0.031154028924512966,0
0,-0.06712161644592213,0
0,-0.07366595842479196,0
0,-0.05294072662666871,0
0,-0.06096596379773689,0
0,-0.08740653881211291,0
0,-0.09433637704745457,0
0,-0.080069608428808,0
0,-0.08364498187717345,0
0,-0.04328920185353391,0
0,-0.08815917931296907,0
1,-0.031154028924512966,0
0,0.08339975410058853,1
0,0.08339975410058853,1
0,-0.06807253193583906,0
0,0.054347424008729495,1
1,-0.0322605695030353,0
0,-0.0384205158604049,0
0,0.23029719942048554,1
0,-0.0966727613852778,0
1,0.022108963122197567,1
0,-0.05323019326340517,0
0,0.12521563920730783,1
0,-0.0911324523308511,0
0,-0.05363899357377244,0
1,-0.06894975631678579,0
0,-0.08812377793112963,0
0,-0.0724678400318749,0
1,0.018704360797310082,1
0,-0.057478136443982475,0
0,-0.06426910553639509,0
1,-0.030647237968585928,0
0,-0.05638892161078429,0
0,-0.02436703628949649,0
0,-0.023562465594077764,0
0,-0.05118794874001348,0
0,-0.07890536736644982,0
0,-0.06140357521292261,0
1,0.018704360797310082,1
1,0.02371505908625493,1
0,-0.08599009750907849,0
0,-0.09194359924007578,0
0,-0.01898371352649586,0
0,0.04429115909667147,1
0,-0.07032141661897773,0
1,0.018704360797310082,1
1,0.02306593421792602,1
1,-0.0322605695030353,0
0,-0.0660401865355954,0
0,-0.017935875430199366,0
0,-0.07781399068223338,0
0,0.02528935442551772,1
0,-0.08291913706075599,0
0,-0.06077728425395129,0
0,-0.03564284755583358,0
0,-0.05944797201819185,0
0,-0.026057560880348163,0
0,0.013385184483620804,1
0,-0.05476729023210275,0
0,-0.05667802697603613,0
1,-0.0022193547988902385,0
0,0.0008791512461381323,1
1,0.004857987178069845,1
0,-0.07751802842623706,0
0,0.12521563920730783,1
1,0.015769469932073177,1
0,-0.057203709232283906,0
0,-0.0049307634476929985,0
0,-0.027525707936185584,0
0,-0.006542046895750775,0
0,-0.0613920651692077,0
0,-0.0787484287209625,0
0,-0.06157931058027305,0
0,-0.06653276484710813,0
0,0.095379893261748,1
0,0.06160648306646044,1
0,-0.08840397479911105,0
0,-0.07426799911968279,0
0,0.02528935442551772,1
0,-0.058180829827347014,0
1,-0.031154028924512966,0
0,-0.06500295207816742,0
0,-0.08193694390075246,0
0,-0.07509104757207319,0
1,0.01751910108047583,1
0,-0.0656292539871528,0
0,-0.0707731713758788,0
0,-0.07301143282751954,0
1,-0.04048773785859627,0
0,0.002773369252025093,1
0,-0.049632443368975876,0
0,-0.03182442311738648,0
1,0.020788539663415317,1
0,0.0006667532628289452,1
0,0.02528935442551772,1
0,-0.06672349914134734,0
0,-0.06768321575081732,0
0,-0.057221552044331214,0
0,-0.03892636901139518,0
1,0.022108963122197567,1
0,-0.05813922092297619,0
0,-0.08126896879235995,0
0,-0.05813922092297619,0
0,-0.08920972949117367,0
0,-0.07580464529314407,0
0,-0.07769244396159725,0
0,-0.05025012567894521,0
0,-0.05124315806180474,0
1,0.020788539663415317,1
0,0.014812873226245915,1
0,-0.06587746194305172,0
0,-0.06400583725333236,0
1,-0.0322605695030353,0
0,-0.03851023986280139,0
0,-0.023602783997277832,0
0,0.002504114060451701,1
0,-0.08562716969265333,0
0,-0.0626459696117857,0
0,-0.07810471109482614,0
0,0.08339975410058853,1
0,-0.0874755165608303,0
0,-0.08244410181142381,0
0,-0.023431895169892303,0
0,-0.08103084520354092,0
0,-0.04246491110156653,0
0,0.053112527524202924,1
0,-0.06829331111500442,0
0,-0.08653207027299631,0
0,0.08678045954000735,1
1,0.02306593421792602,1
0,0.08678045954000735,1
0,-0.062035421896799725,0
0,-0.05287392585439371,0
1,0.02251581758792809,1
0,-0.07195035582771686,0
0,0.10953307899996445,1
0,-0.07852882472377604,0
0,0.06669443791425067,1
0,-0.052928677037508975,0
0,-0.036547920663839606,0
0,0.018189814415490613,1
0,-0.05231000241078332,0
0,0.11226941501094456,1
0,-0.06777886916331599,0
0,-0.0750747418263139,0
0,-0.08599398905440109,0
1,-0.0499816713095626,0
0,-0.024532002137336806,0
0,-0.05163951545674089,0
1,0.02371505908625493,1
0,-0.07242136221538398,0
0,-0.06098649823174762,0
1,-0.04183483395787607,0
0,-0.04211223748316412,0
0,-0.09189397247846348,0
0,-0.03375165600399627,0
0,0.05739318836849949,1
0,-0.07192791675696153,0
0,-0.06096630984897544,0
0,0.0033765492128330354,1
1,0.02306593421792602,1
0,0.11226941501094456,1
0,0.035679313894633524,1
0,-0.05176057994628075,0
0,-0.09225232476445266,0
0,-0.08705722520815412,0
0,-0.08139435732125477,0
1,-0.030647237968585928,0
1,-0.0322605695030353,0
1,0.032196969510273954,1
0,-0.06497103641803575,0
0,-0.09418770324909403,0
1,0.022108963122197567,1
0,-0.08179885330801068,0
0,-0.047513488184692754,0
0,-0.05961706585670706,0
0,-0.09270632053469152,0
0,-0.05727751244113649,0
0,-0.06140224834638758,0
0,-0.029341627613926058,0
0,0.005428964890051957,1
0,-0.030959931856237022,0
0,0.10953307899996445,1
0,-0.027765034329601812,0
0,-0.049396023951065404,0
0,-0.0777876757268311,0
0,0.08678045954000735,1
0,-0.007191861388621212,0
0,-0.026884229192333686,0
0,0.0020342056607792758,1
1,0.018704360797310082,1
0,-0.06317111755873189,0
1,-0.0322605695030353,0
1,0.02251581758792809,1
0,0.05102494775031219,1
0,-0.043722252462629174,0
1,0.01751910108047583,1
0,0.08678045954000735,1
0,-0.09147567179417398,0
0,0.08339975410058853,1
0,-0.0545309079226759,0
0,-0.031247359612395276,0
1,0.01751910108047583,1
0,-0.05559399373952667,0
0,0.09373893816060619,1
0,-0.06244084060779803,0
0,-0.0517576820138379,0
0,-0.06919113295805518,0
0,-0.07368633609911385,0
0,-0.041202280125253954,0
0,-0.08675708775483931,0
0,-0.0325809287302159,0
0,0.06160648306646044,1
0,-0.0642067098649523,0
0,-0.08353017643337657,0
1,0.02251581758792809,1
0,0.02528935442551772,1
0,-0.06213383688212892,0
1,-0.03237981227916531,0
0,0.005199515371763219,1
0,0.017644543973337035,1
0,-0.06719903719114534,0
0,0.100361652963736,1
0,0.04870216290917284,1
0,-0.05837492225910734,0
0,-0.029734778003393025,0
0,-0.026043209880302565,0
0,-0.09923622796461257,0
0,-0.08986860575200178,0
0,-0.05225319662199773,0
0,0.014955882470151671,1
0,-0.06664527577760643,0
0,-0.05667802697603613,0
0,-0.04904225409468077,0
1,0.020882390501738124,1
0,-0.041575088417590444,0
0,-0.03357462354187507,0
0,-0.057810053203464884,0
0,-0.09261492841193797,0
0,0.004383781041455093,1
0,-0.07149278123174346,0
0,-0.03958995360456896,0
0,-0.052898102618884446,0
0,-0.05884581667951505,0
0,-0.053867247262274265,0
0,-0.06765060555040636,0
0,0.06669443791425067,1
1,-0.045449093489767334,0
0,-0.09206337711153884,0
0,-0.06555930759888012,0
1,-0.031154028924512966,0
0,0.05739318836849949,1
0,-0.0720335356530028,0
1,0.018824571193721273,1
0,0.06669443791425067,1
0,-0.08983701960646184,0
1,0.02371505908625493,1
0,-0.08821352979371011,0
0,0.038071159247049735,1
0,-0.05598816819904873,0
0,-0.056452989402856035,0
0,-0.06682484157224772,0
0,-0.012142620226377465,0
0,0.02528935442551772,1
0,-0.07921841002428137,0
1,0.02306593421792602,1
0,-0.060975354299260764,0
0,-0.019795451875680825,0
0,-0.0531593621541499,0
0,-0.06523305745275365,0
0,-0.05371877766094363,0
0,-0.053026930121906346,0
1,0.025584671548748772,1
0,-0.06077728425395129,0
0,-0.056383970652012505,0
0,-0.045139361315682136,0
0,-0.07354941361156975,0
0,-0.035838541680255964,0
1,0.02057644233824052,1
0,-0.08045490302782099,0
0,-0.050097797560372026,0
0,0.10554632086192439,1
0,0.019087125185338616,1
0,-0.04712655040088115,0
0,0.014227335863108315,1
0,-0.05800577786400424,0
0,-0.0566476872348326,0
0,0.06669443791425067,1
0,-0.0360724135379738,0
0,-0.08628396264097771,0
0,-0.07164198705929936,0
0,-0.06086693782463848,0
0,-0.03892529438013692,0
0,0.002504114060451701,1
0,-0.09185021778302682,0
0,-0.08451171451892658,0
0,0.049222370694999906,1
0,-0.0519577307225319,0
0,-0.061628399730786765,0
0,-0.06606439442357798,0
1,0.018704360797310082,1
0,-0.04234906983351272,0
0,-0.06343550942776804,0
0,-0.0693084269811346,0
0,-0.06594794382977931,0
1,0.02251581758792809,1
0,-0.06786414423033915,0
0,-0.06629450120283975,0
1,-0.07371900600578202,0
0,0.10953307899996445,1
0,0.03811334194818117,1
0,-0.0660401865355954,0
0,-0.0577214264915345,0
0,0.02528935442551772,1
0,-0.07627003195653714,0
0,-0.02469666550948424,0
0,0.06918529059506173,1
0,-0.03510608566687773,0
1,0.022108963122197567,1
0,-0.07539714794303537,0
0,0.03811334194818117,1
0,-0.06481176013768492,0
0,-0.025996144380918185,0
0,-0.03660372162399134,0
0,0.08339975410058853,1
1,0.02306593421792602,1
1,0.022696425743937598,1
0,-0.03551252759288126,0
1,0.02251581758792809,1
1,0.02371505908625493,1
0,-0.022614885974174714,0
0,0.004057393179724422,1
1,-0.02258476415919558,0
0,-0.09708488310737995,0
0,-0.08785991361847101,0
0,-0.02376844462286526,0
0,-0.05616674350430273,0
1,-0.08579199860965137,0
1,0.018824571193721273,1
0,0.06005962262125242,1
0,-0.07875506012819872,0
0,0.018092152765261327,1
0,-0.009811064438128847,0
0,-0.047225831132592266,0
0,-0.06654111510261668,0
0,-0.048342336214529325,0
1,-0.0774242220221894,0
0,-0.00429873933670738,0
0,-0.07790394699670933,0
0,-0.0629361791697356,0
0,-0.07666202434030517,0
0,-0.06875226220372915,0
0,0.11226941501094456,1
1,-0.0322605695030353,0
0,-0.09131014431427253,0
0,-0.0328403038057396,0
0,0.08678045954000735,1
0,-0.028105993089651282,0
0,-0.05143076091392207,0
1,0.01751910108047583,1
0,-0.05683702947538577,0
1,-0.031154028924512966,0
0,0.018074819836132794,1
0,-0.030474245959436208,0
0,-0.05827829277634239,0
1,0.02371505908625493,1
0,-0.0656292539871528,0
0,-0.018845364909023554,0
0,-0.08690849311935556,0
1,-0.03674972709412405,0
1,-0.01647782184906804,0
0,-0.05016589447158559,0
0,-0.05848093419693723,0
0,-0.060263128704431346,0
0,-0.004206204136276093,0
0,-0.02795213600093699,0
0,-0.06284913121360886,0
0,-0.06695023930819943,0
0,-0.055950485705207886,0
0,-0.052622501496553786,0
0,-0.010390793861450198,0
0,-0.057806377394589326,0
0,0.0023451893199233353,1
0,-0.09108623108523678,0
1,-0.06371377791783528,0
0,-0.014166194659445519,0
0,0.007162112030358547,1
0,0.01713350313869333,1
0,-0.060103030521207135,0
0,-0.0394367277353716,0
1,-0.0322605695030353,0
0,-0.02670034438732255,0
0,0.03232456977720677,1
0,-0.06979639897891826,0
1,-0.030647237968585928,0
0,-0.07332829173088173,0
0,0.03811334194818117,1
0,0.04110170262868729,1
0,-0.07999934493349636,0
0,-0.057282723938382185,0
0,-0.08447401419962952,0
0,-0.034879521802552826,0
0,-0.06313621631182276,0
0,-0.039029268267160744,0
0,-0.012037400032732404,0
0,-0.0696398384570161,0
0,-0.0534150288155415,0
0,0.03811334194818117,1
1,0.039330717360955836,1
0,-0.0721728556478709,0
0,-0.062134244112089565,0
0,0.05498231232819417,1
0,-0.08219172908851496,0
0,-0.04980965798027842,0
0,-0.056318537645562494,0
0,0.06969876845555012,1
1,0.02306593421792602,1
0,0.03811334194818117,1
0,0.05739318836849949,1
1,-0.03411433672082159,0
1,-0.031154028924512966,0
0,-0.057908211497172346,0
0,0.06669443791425067,1
1,-0.0322605695030353,0
0,-0.08109971068264338,0
0,-0.03414586007148884,0
0,-0.07335145691555611,0
0,-0.03400938526687469,0
0,-0.08356682593693077,0
0,-0.07857737087933137,0
0,-0.07576625198870102,0
1,-0.06683109729608838,0
0,-0.06647826599654177,0
0,-0.07541187879600336,0
0,0.026196373846150145,1
0,0.003855758454008096,1
0,-0.07942156384124449,0
0,-0.07525717687051947,0
0,-0.0793884148632964,0
0,0.06392352439687687,1
0,-0.0654129571519943,0
0,-0.04612795529981434,0
0,-0.05842399355883826,0
0,-0.026672548594037726,0
1,-0.031567290096295,0
0,-0.05250066324867059,0
0,-0.05667802697603613,0
0,-0.06491801375861883,0
0,-0.09044790142566084,0
0,-0.10032679024336882,0
0,-0.07820475032942564,0
0,-0.08231011522868698,0
1,-0.043936193435053394,0
0,-0.06414963853220973,0
0,-0.025834929402997864,0
0,0.08339975410058853,1
0,-0.06499987885738434,0
0,-0.05685721899771745,0
0,0.028925728265278727,1
0,-0.03085182063203118,0
0,-0.004145579902010144,0
0,-0.08080433021938527,0
0,-0.0713072491840282,0
0,-0.05710014364458882,0
0,0.02528935442551772,1
0,0.0336889572400384,1
0,-0.06307258896733747,0
0,-0.0693084269811346,0
1,0.02371505908625493,1
0,-0.0879124036990781,0
0,-0.016791478631019097,0
0,-0.05563645816606111,0
0,-0.06980192311901495,0
0,0.003031997268204134,1
0,-0.06393490402854096,0
0,-0.06839066241610697,0
1,0.02371505908625493,1
0,-0.06489992733488781,0
0,0.06918529059506173,1
0,-0.0361666705155792,0
0,-0.07855276042133058,0
0,-0.035597296703425874,0
0,-0.026345621840830225,0
0,-0.06519350086417369,0
0,0.09540698354822374,1
0,0.013276362604892955,1
0,0.06918529059506173,1
0,0.05102494775031219,1
0,0.05739318836849949,1
0,-0.031261901956436855,0
0,-0.07627845766030861,0
1,-0.0322605695030353,0
0,-0.07787059495462278,0
1,0.020882390501738124,1
0,-0.02542247326774638,0
0,0.05568306837211756,1
0,-0.03626242173503563,0
0,-0.025810701076766474,0
0,-0.0656292539871528,0
0,-0.0851165932188151,0
0,0.08339975410058853,1
0,-0.08637424453389109,0
0,-0.092453587617089,0
0,-0.016597718597327227,0
1,0.02306593421792602,1
0,-0.07314243997139447,0
0,-0.025611764726724995,0
0,-0.05813922092297619,0
0,-0.07232173932315072,0
0,-0.09400223113801748,0
1,-0.016222513261290428,0
0,-0.03763250606959917,0
0,-0.06009821654557246,0
0,-0.040991701688555315,0
0,-0.07198533547417907,0
0,-0.030290678600581544,0
0,-0.06497103641803575,0
0,-0.0901469165661854,0
0,-0.07328907648013211,0
0,0.02528935442551772,1
0,-0.0515488831544042,0
0,-0.009600541405161978,0
0,-0.06354793617112453,0
1,0.020882390501738124,1
0,-0.03147639300312588,0
0,-0.011042487655665567,0
0,-0.05088076540695635,0
0,0.17405727922771908,1
0,0.08339975410058853,1
0,0.017563172909585534,1
0,0.100361652963736,1
0,-0.0584640940064724,0
0,-0.0628074487457928,0
0,-0.05014581372751392,0
0,-0.06836981300082012,0
0,-0.08221877361228325,0
0,-0.08100762816253981,0
1,0.01751910108047583,1
0,-0.09054312102462891,0
0,-0.05310999203190664,0
0,0.037997632008670235,1
1,0.02371505908625493,1
0,-0.08097024622201865,0
1,0.02371505908625493,1
0,-0.0571569419333145,0
0,-0.04199997494917962,0
1,0.002498411267844114,1
1,0.022696425743937598,1
0,-0.06541883149115885,0
0,-0.0546525083956077,0
0,-0.060212317650422786,0
0,-0.05652441843007966,0
0,-0.08598277914052427,0
1,0.033128515312676465,1
1,0.016727081269584887,1
1,0.02873402815429571,1
0,0.1801813140057853,1
0,-0.0793708871987438,0
0,-0.08381046783331864,0
0,0.06669443791425067,1
0,-0.08062937749231758,0
0,-0.04777107626950389,0
1,0.022108963122197567,1
1,-0.06429640492006511,0
0,-0.06308121051866761,0
0,0.100361652963736,1
0,-0.0725146269986438,0
0,-0.07935950200147751,0
0,-0.04148148717830413,0
1,0.028235936958997954,1
0,-0.022861999346442174,0
0,-0.08093784273021148,0
0,-0.07598524670659845,0
0,-0.05741545095351597,0
0,-0.0637394621405385,0
0,-0.04167429522490751,0
1,0.022108963122197567,1
0,-0.05922575384028689,0
0,-0.0519393667410441,0
0,-0.07394633355513552,0
0,-0.07361882863031088,0
1,-0.030647237968585928,0
0,-0.06499733387485307,0
0,-0.029009011536886398,0
0,-0.06574069288686307,0
0,-0.013886705820007228,0
0,-0.06884544563856809,0
0,-0.03960152379130877,0
0,-0.0013041059856592763,0
0,0.042611746758422164,1
0,-0.031170567639147828,0
0,0.095379893261748,1
0,-0.06597535802621629,0
0,-0.0648125093500802,0
0,-0.07632720811677551,0
0,0.017741737261288915,1
1,0.02371505908625493,1
0,-0.07250043266564943,0
0,-0.0063240985273415595,0
0,-0.038789841198798025,0
1,0.025584671548748772,1
1,-0.04757836429642226,0
0,-0.0612975408705575,0
0,-0.028210602772461346,0
0,-0.05431666248237588,0
0,-0.07871981291182284,0
1,-0.0322605695030353,0
0,-0.07065610774162218,0
0,-0.06054868315378731,0
1,-0.0818748067590101,0
0,-0.0562184634259521,0
0,-0.06431921388246803,0
0,-0.07830144914825521,0
0,-0.08675942817206805,0
0,0.08678045954000735,1
0,-0.06538509234885048,0
1,-0.00555815893487005,0
0,-0.06754586944703439,0
0,-0.06797525539225663,0
0,-0.049275950419530035,0
0,-0.08000931437067854,0
0,-0.03867464839044793,0
0,-0.07493725264768714,0
0,-0.06916883626467124,0
0,-0.06445110251568864,0
0,0.0500927540049384,1
0,-0.07486782777243423,0
0,-0.08460905027396609,0
0,0.05739318836849949,1
1,-0.030647237968585928,0
0,-0.06553127983876678,0
0,-0.054945192597496306,0
0,0.10554632086192439,1
0,-0.05138998103048914,0
0,-0.09326532042989999,0
1,-0.03464759800877898,0
0,-0.0130386917840567,0
0,-0.04394091060336508,0
0,0.23115440715665503,1
0,0.002888224159029562,1
0,-0.05573196744821107,0
0,-0.07245834567342202,0
1,0.01962331518296634,1
0,0.017724416055416747,1
0,-0.04075433580175408,0
0,0.017576143011813983,1
0,0.08277114911561279,1
0,-0.08214839108016697,0
0,-0.0654129571519943,0
0,-0.05299332713042165,0
0,-0.021141904390308608,0
0,0.06669443791425067,1
0,-0.05003372068026063,0
0,-0.049359865409497994,0
0,-0.08648019552944858,0
0,0.05739318836849949,1
1,0.018704360797310082,1
0,0.002504114060451701,1
0,-0.01824287170554384,0
1,-0.0322605695030353,0
1,-0.0322605695030353,0
0,-0.0035171997353340423,0
0,-0.053026930121906346,0
0,-0.09389911818553193,0
0,-0.06707660133606241,0
0,-0.07766379176616989,0
0,-0.07236215806018031,0
0,-0.08310230169951938,0
0,-0.06916883626467124,0
0,-0.08011448008749222,0
0,-0.05131623287731124,0
1,0.016727081269584887,1
0,-0.08770162423238448,0
1,-0.0389689579676023,0
1,0.018704360797310082,1
1,0.02251581758792809,1
0,0.012228900136378229,1
0,-0.03684075438242124,0
0,-0.06260039743977402,0
0,-0.08440037658207006,0
0,-0.053623585206367896,0
0,-0.030862942762247048,0
0,-0.06705084053932697,0
0,-0.06583861981190686,0
0,-0.05687794560532289,0
0,-0.07317436678724065,0
0,-0.049632443368975876,0
0,-0.05905659201562358,0
0,-0.087959671179418,0
0,0.007723898110474248,1
0,-0.07908452834547924,0
0,0.02528935442551772,1
0,-0.09212242264850157,0
1,-0.048345120979706335,0
0,-0.03757182969657197,0
1,-0.031154028924512966,0
0,0.09373893816060619,1
0,0.05813726742339209,1
0,0.05739318836849949,1
0,0.04094439411506401,1
0,-0.05309937531067377,0
0,0.018542393818240632,1
0,0.1277019482508981,1
1,0.035802105793642736,1
1,-0.03237981227916531,0
0,-0.029732170702945038,0
1,0.02371505908625493,1
0,-0.0020338216744564264,0
0,-0.055679343897666045,0
0,-0.06512400153707776,0
0,-0.06578610607245938,0
0,-0.050006619353714477,0
1,-0.08769644100494933,0
0,-0.08208734180720062,0
0,-0.02596320320938289,0
0,-0.06803972782511952,0
0,0.095379893261748,1
0,-0.08315951325897175,0
0,-0.036152480755521854,0
1,-0.031154028924512966,0
0,-0.08188876877779006,0
0,-0.08719131774120892,0
0,-0.03973683534876504,0
1,0.016418339546547034,1
0,0.10953307899996445,1
1,0.022696425743937598,1
0,-0.04801373407888171,0
1,0.020882390501738124,1
0,-0.06027549258302045,0
0,-0.04096143531244634,0
0,-0.07336367565428281,0
0,-0.07020963105852857,0
0,0.002504114060451701,1
0,-0.031606317450785626,0
0,-0.08940598675584505,0
0,0.003882679204260664,1
1,0.02371505908625493,1
0,0.02879608919197818,1
0,0.002617455976516414,1
0,-0.053451389452405185,0
0,-0.06053298870395396,0
1,-0.06957754749700051,0
0,-0.07281567717761595,0
0,-0.0897309945024447,0
0,-0.07459972610113991,0
0,-0.06777706883248918,0
0,0.06160648306646044,1
0,-0.0571569419333145,0
0,-0.050770318703573014,0
0,-0.043010168478259336,0
0,-0.060756256537097375,0
0,-0.08310071012250675,0
1,-0.031154028924512966,0
0,-0.09117727399248116,0
0,0.011671503501983649,1
0,-0.06728465792184701,0
0,0.012140437974484719,1
0,-0.05141741256629362,0
0,-0.0846357332855266,0
0,-0.017115766914767017,0
0,-0.03826006747415045,0
0,-0.07637184626339488,0
0,-0.04933073169695856,0
1,0.02371505908625493,1
0,-0.07269384215920027,0
1,-0.030647237968585928,0
0,-0.08928298650463695,0
0,-0.0568363884112546,0
1,0.02371505908625493,1
0,-0.041202280125253954,0
0,0.06160648306646044,1
0,-0.04548787001974053,0
0,-0.06578610607245938,0
0,-0.08854213186950666,0
0,-0.02031594302080386,0
1,0.018642208242853675,1
0,-0.09520989512045525,0
0,-0.018584062733199735,0
0,-0.09198843295219311,0
0,-0.05660774760532161,0
1,-0.08197889015179011,0
0,-0.07630545062503269,0
0,0.04433370935082437,1
1,0.018642208242853675,1
0,-0.05237979864741199,0
0,-0.07585668616347463,0
0,-0.08099501186501123,0
0,-0.0453474055720427,0
1,-0.026376471450756334,0
0,-0.0737039569570439,0
0,0.09373893816060619,1
0,0.0020342056607792758,1
0,-0.06317568411592189,0
0,-0.08825252651359655,0
0,0.014371532027532385,1
0,0.0477732958302971,1
0,-0.0066519433642995285,0
0,-0.06398046865819368,0
0,-0.06346179769302446,0
0,0.095379893261748,1
0,-0.09222280515216147,0
0,-0.08321858050560715,0
1,-0.0322605695030353,0
0,-0.06884544563856809,0
0,0.14666219215207066,1
0,0.23115440715665503,1
0,-0.08602395901511634,0
0,-0.07440859459405652,0
0,-0.07077521597483633,0
0,0.14144610584375827,1
0,-0.059904566918925595,0
1,0.022696425743937598,1
0,-0.05686505799166697,0
0,-0.040650751010966935,0
0,-0.05176057994628075,0
0,-0.027221945224501998,0
0,-0.05444989716450166,0
0,-0.07150924256998997,0
0,0.10554632086192439,1
0,-0.08062462801613107,0
1,0.01751910108047583,1
1,0.018704360797310082,1
0,0.06160648306646044,1
0,-0.08390517399779251,0
1,0.016727081269584887,1
1,0.022696425743937598,1
0,-0.06063709290741409,0
0,-0.0902848387014839,0
0,-0.06250011502261099,0
0,-0.06606907271683482,0
0,0.1277019482508981,1
0,-0.07849775873422055,0
0,-0.06604972386626734,0
0,-0.04265905838333517,0
0,-0.08934184780362853,0
0,-0.06597535802621629,0
0,-0.06397003497784937,0
0,-0.06343550942776804,0
0,-0.08539381682460201,0
1,-0.046230938278595646,0
0,0.01799102270683184,1
0,-0.053802679713352786,0
0,-0.059237908179668564,0
0,-0.09164303249629618,0
0,0.08339975410058853,1
0,-0.052759404113527086,0
0,0.08678045954000735,1
1,0.017810304883961736,1
0,-0.06317568411592189,0
0,0.06918529059506173,1
0,0.017663090277218796,1
1,-0.0322605695030353,0
0,0.039555173956216994,1
0,-0.05608829435100238,0
0,-0.07890859593969757,0
0,0.005348405951887236,1
0,-0.0656292539871528,0
0,-0.005195438129443619,0
1,0.02251581758792809,1
0,-0.033895496633553235,0
0,0.006808616282767299,1
0,-0.0754229877432282,0
0,-0.06526826207836428,0
1,-0.035309423664624084,0
0,-0.07652775957002683,0
0,-0.08200917888850634,0
0,-0.05487463172205648,0
0,-0.06086693782463848,0
0,-0.043227239015755536,0
0,0.02528935442551772,1
1,0.02371505908625493,1
1,-0.051654553371914935,0
0,0.027585662797592114,1
1,-0.04573411378245973,0
0,0.100361652963736,1
0,0.009671508391658645,1
1,0.022108963122197567,1
1,0.03548718994793787,1
0,-0.024582770818887434,0
0,-0.07874500603192647,0
0,0.1277019482508981,1
0,-0.03441276865229076,0
0,-0.06218301799307818,0
0,-0.05437472509904073,0
0,-0.03146109795471641,0
0,-0.08047370301326895,0
0,0.06918529059506173,1
1,0.025584671548748772,1
0,-0.05053449661071474,0
1,0.022696425743937598,1
0,-0.06812266056297339,0
0,0.09373893816060619,1
0,0.0846753409150015,1
0,-0.08362498148959613,0
0,-0.05790954667458592,0
1,-0.031154028924512966,0
1,0.022108963122197567,1
0,-0.0746492463737744,0
0,-0.06305605553209304,0
0,-0.08703067875454706,0
0,-0.04259628390451342,0
0,0.006285347031739441,1
1,-0.055602827614596395,0
0,-0.07925003641292172,0
0,-0.05548263316628066,0
1,0.02371505908625493,1
0,-0.04279553654852197,0
0,-0.0158699742844558,0
0,-0.05163951545674089,0
0,-0.07172671638025407,0
1,-0.0013898185531217022,0
0,-0.06299229500324682,0
0,-0.0903396843252538,0
1,0.017717825319431224,1
0,-0.08663695685959133,0
0,-0.07562807125753529,0
0,-0.05943593658910079,0
0,-0.06940691409150268,0
1,-0.039547196995269374,0
0,-0.037650946037043,0
0,-0.05287392585439371,0
0,-0.056807974019320806,0
1,-0.046372421170856326,0
0,-0.03655207065402016,0
1,0.02251581758792809,1
0,-0.09526145854692825,0
0,-0.004591029223249055,0
0,-0.06911356932635249,0
0,-0.06749314159757924,0
0,-0.09112239765531766,0
0,-0.09039037428113839,0
0,0.018092152765261327,1
0,-0.0355152607912218,0
0,-0.08002240570270303,0
0,-0.04697742684076811,0
0,0.095379893261748,1
0,-0.037805848508379924,0
0,-0.0010954968901474293,0
1,-0.030647237968585928,0
0,-0.05016480115196259,0
1,-0.07687937000074985,0
0,-0.05710014364458882,0
1,-0.032950516717203004,0
0,-0.08014454684706018,0
0,-0.09227971029880971,0
0,0.08339975410058853,1
0,0.02528935442551772,1
1,0.02371505908625493,1
0,-0.079617356900065,0
1,0.025605198364720194,1
0,0.05739318836849949,1
0,-0.059836671088090265,0
0,-0.05712225596385212,0
1,0.02306593421792602,1
0,-0.07671245625246398,0
1,0.022108963122197567,1
0,-0.052084700838850195,0
0,-0.053760483981222906,0
0,-0.0331685801472863,0
0,-0.057203709232283906,0
1,-0.03840670191447759,0
1,0.018704360797310082,1
0,-0.01343643609839179,0
0,-0.04913938689504527,0
1,0.05536914512284519,1
0,-0.0539424933359946,0
0,-0.07425503703619285,0
0,0.004497546924311813,1
0,-0.03147957022033232,0
0,0.0019444721410830645,1
0,0.06160648306646044,1
0,-0.01906151569203962,0
0,-0.0075012299552801864,0
0,-0.056368672003531795,0
1,0.020788539663415317,1
1,0.02371505908625493,1
0,-0.026493727344097107,0
1,0.02371505908625493,1
0,-0.06492970629349892,0
0,-0.06166990420430074,0
0,-0.07773193232184389,0
0,-0.05201643610161938,0
0,-0.01709810240620374,0
0,-0.05608829435100238,0
0,-0.09332129602016326,0
0,-0.09474661212786867,0
0,0.02528935442551772,1
0,-0.010258188486655107,0
1,0.02371505908625493,1
0,-0.05258735984069035,0
0,-0.035031886757855124,0
0,-0.03892636901139518,0
0,0.05468724441902251,1
0,0.095379893261748,1
0,0.022584395387071243,1
0,0.02010722312605373,1
1,-0.030647237968585928,0
0,-0.03675515526445822,0
0,-0.0814588695819698,0
0,0.23016420339987131,1
0,-0.05163951545674089,0
0,0.062017589235892734,1
0,0.23046192102487228,1
1,0.020788539663415317,1
1,0.018704360797310082,1
0,-0.057773754008869416,0
0,-0.07517832663793728,0
0,-0.0956917337074702,0
0,-0.07249095096076547,0
1,0.022108963122197567,1
0,0.18002793084631852,1
0,-0.035604492931872234,0
0,0.05739318836849949,1
0,-0.028236147693322333,0
0,-0.0746798637517071,0
0,-0.02918091646546256,0
0,0.08641096772823831,1
0,-0.07910841523549605,0
0,0.23876543113886417,1
0,-0.03403272511026084,0
0,-0.06188756100521514,0
0,-0.023106658934335278,0
0,-0.08517368062511299,0
0,-0.06189415267136239,0
0,0.02528935442551772,1
1,0.031330153195920585,1
0,-0.06766317037222946,0
0,-0.05542963004862422,0
0,-0.06076788951581552,0
0,-0.05605062035468994,0
0,0.06160648306646044,1
0,-0.08271270039500583,0
0,0.06669443791425067,1
0,-0.027870773160059925,0
0,-0.05169447904665764,0
0,-0.02012232657205748,0
0,-0.05279369230087527,0
0,0.03030590009263079,1
1,0.02371505908625493,1
1,-0.04643551809064678,0
1,0.02015090741479164,1
0,-0.06322576576470129,0
0,0.018092152765261327,1
0,-0.014244827096847712,0
1,-0.02207767166662894,0
0,-0.061285188420335035,0
0,-0.05622024762539124,0
0,-0.03892529438013692,0
0,-0.07513499876716623,0
0,-0.08276072497218945,0
1,-0.0322605695030353,0
0,-0.06077682874692314,0
0,-0.07021230502724585,0
1,-0.0807286971387155,0
1,0.0280410920040709,1
1,0.022108963122197567,1
0,-0.07624787625212537,0
0,-0.07580368342097499,0
0,0.05739318836849949,1
0,-0.06519350086417369,0
0,-0.06086693782463848,0
0,-0.08641842328940752,0
0,-0.08491471956235042,0
0,-0.05078101153204656,0
0,-0.08664685027341923,0
0,-0.0666227650964138,0
1,-0.031154028924512966,0
0,0.09373893816060619,1
0,0.04507672374404248,1
0,-0.0773737035945875,0
0,-0.05585032846993454,0
0,-0.07682584623408006,0
0,0.04251541734145592,1
0,-0.08496291327784466,0
0,-0.06976777335988621,0
1,-0.03176982550220808,0
0,-0.05620037157199642,0
0,0.011653037741617744,1
0,-0.05273937567093945,0
0,0.03811334194818117,1
0,0.03018737294069429,1
0,0.03811334194818117,1
1,0.027879390989520414,1
0,-0.02217063565130245,0
1,0.015769469932073177,1
0,-0.07501248462354293,0
0,-0.054630967139995545,0
0,-0.08043664536245682,0
0,-0.05359998419939316,0
0,-0.042386543942685206,0
0,0.100361652963736,1
0,-0.08563021269281307,0
0,0.09480587644736216,1
0,0.02528935442551772,1
0,0.05739318836849949,1
0,-0.05378803503431978,0
0,-0.03190650795460653,0
1,-0.030647237968585928,0
0,0.06160648306646044,1
0,-0.07584924341109633,0
1,-0.031154028924512966,0
0,-0.05307367683569736,0
0,-0.06029700731923887,0
0,0.038239544285115334,1
0,-0.012930838345018791,0
0,-0.026885516647964125,0
0,-0.08718792232752837,0
0,-0.08096682783543663,0
0,-0.06632505024418156,0
0,-0.052926818573662104,0
1,0.022108963122197567,1
0,-0.08412191717725814,0
1,0.022696425743937598,1
0,-0.0222984105233196,0
0,-0.07081149355405902,0
0,0.09373893816060619,1
0,-0.10029815312283918,0
0,-0.08118435374808025,0
0,-0.053026930121906346,0
0,-0.07495819463240944,0
0,-0.0416882587758422,0
0,-0.008295977102136198,0
0,-0.04093657685130275,0
0,-0.055072367841235814,0
0,-0.05220543793184701,0
0,-0.06241499187777105,0
0,-0.06862867086747715,0
0,-0.05437472509904073,0
0,0.05739318836849949,1
0,-0.04940864479024171,0
0,-0.09057426055464368,0
0,-0.056260321537893954,0
0,-0.08189510668430666,0
0,-0.041347385510318024,0
1,-0.0322605695030353,0
1,0.02371505908625493,1
0,-0.07727451965631998,0
0,-0.05080832539833885,0
0,-0.08107834499860989,0
0,-0.08648789312961908,0
0,0.05957857549326495,1
0,-0.053026930121906346,0
1,-0.03286112740272956,0
0,-0.02080826567738492,0
0,-0.018564368701832312,0
0,0.1801813140057853,1
0,-0.07960682431103194,0
0,0.08678045954000735,1
0,-0.031765191240577695,0
1,0.02371505908625493,1
0,-0.02577670715076036,0
0,-0.07008144308605074,0
0,-0.06688680689092258,0
0,0.095379893261748,1
0,-0.06289597264959146,0
0,-0.041064950042885184,0
0,-0.06381339678305264,0
0,-0.08919854133043814,0
0,-0.09430987839800603,0
0,0.08339975410058853,1
0,-0.07015198855685661,0
0,-0.05180801062941681,0
1,-0.045803348100430574,0
0,-0.06748245285758575,0
0,-0.06317568411592189,0
0,-0.052066140678148354,0
0,-0.048805940692160155,0
1,0.018704360797310082,1
0,0.002680745479857416,1
0,-0.0583429863397818,0
0,0.06199833369735919,1
1,0.018704360797310082,1
0,-0.07436202907285427,0
0,-0.03381016143729115,0
0,0.04141004258836789,1
0,-0.08859910575128255,0
0,-0.06555019743633633,0
0,0.017170504090438854,1
0,-0.08813710185635742,0
0,-0.0693084269811346,0
0,-0.08890771940179931,0
1,-0.04996033482907203,0
0,0.02053410442358372,1
1,0.02306593421792602,1
0,-0.01051737794370089,0
0,-0.08514607149446518,0
0,-0.0577214264915345,0
0,-0.0577214264915345,0
0,-0.08745174585840948,0
0,0.02528935442551772,1
0,0.02306764158962138,1
0,0.12521563920730783,1
0,-0.037915366851355936,0
1,0.02371505908625493,1
0,-0.050670732218250525,0
0,0.029635216330714975,1
0,-0.06768163781990943,0
0,0.05739318836849949,1
0,-0.0355943993002677,0
0,-0.018208317728961976,0
0,-0.05813922092297619,0
0,-0.06566128870414323,0
0,-0.04781683593188857,0
0,-0.054432096877101044,0
0,-0.08735438518532174,0
0,0.0615956735434553,1
0,-0.06991195789109272,0
0,-0.036152480755521854,0
1,-0.0322605695030353,0
0,-0.05737832377675739,0
0,-0.03895469979867877,0
1,0.022696425743937598,1
0,-0.01260863666759171,0
0,-0.07997857911164169,0
0,-0.07675923156198317,0
0,-0.08927813503576848,0
0,-0.016081908481707763,0
0,0.013163811825586125,1
0,-0.053499260599967735,0
0,-0.08331686587220688,0
0,-0.08754435317325254,0
0,-0.07798876221732931,0
0,-0.07365256911850232,0
0,-0.05605062035468994,0
0,0.040469159765283425,1
0,-0.0655474364278586,0
0,-0.03463420395222233,0
0,-0.06708509633125637,0
0,-0.052469823047355646,0
0,-0.07384888172545068,0
0,-0.08817227350494544,0
0,-0.026670854872475114,0
0,-0.07996185222267843,0
0,-0.06430865383624979,0
1,0.02371505908625493,1
0,-0.0579938529257748,0
0,-0.06209865507518458,0
0,-0.06357384502817848,0
0,-0.08812915603334526,0
1,0.018704360797310082,1
0,-0.03594321164032954,0
1,0.020788539663415317,1
0,-0.05645946946407826,0
0,-0.03960152379130877,0
0,-0.020803493363309555,0
0,-0.066037999433947,0
1,-0.011606455142410155,0
1,-0.029337889717415855,0
0,-0.0660401865355954,0
0,-0.02655465405647489,0
0,-0.06148681859311128,0
0,-0.08514757301018316,0
0,-0.053860285983762524,0
0,-0.04134864749898093,0
0,-0.02867511068215506,0
0,-0.07372603059082206,0
0,0.02528935442551772,1
0,-0.008576330968201373,0
0,-0.07161159025497366,0
0,-0.014838898015544,0
0,-0.08133418775107593,0
0,-0.07851405813409318,0
0,0.056130434260445616,1
0,0.014666890931342436,1
0,-0.08089668040544373,0
0,0.03583377788350761,1
0,-0.056791848995684235,0
0,-0.0407102843685645,0
0,-0.09100090373571029,0
0,-0.04609933736791316,0
0,-0.08477490089395434,0
1,0.022108963122197567,1
0,-0.061193859758602975,0
0,-0.020557450314275916,0
0,-0.050205691544688624,0
0,-0.05813922092297619,0
0,0.01713350313869333,1
1,0.07326408003163831,1
0,-0.07189609149458265,0
0,-0.08473535593560638,0
0,-0.06237855018033672,0
0,-0.08585422570314705,0
0,-0.0702254617590608,0
0,-0.08332635491559176,0
0,0.05957857549326495,1
0,-0.07956657385553845,0
0,-0.06051297716152643,0
0,-0.06430865383624979,0
0,0.06918529059506173,1
0,-0.06940554937021681,0
1,-0.07375785435625815,0
0,-0.06145927726214684,0
0,0.07360936426972908,1
0,-0.0416882587758422,0
0,-0.054438006297873154,0
0,0.05772030086770097,1
0,-0.02706547728889641,0
0,-0.012783773695347889,0
0,0.05739318836849949,1
0,-0.08083052773508148,0
0,-0.024644885974548447,0
0,-0.03885541895775563,0
1,0.01751910108047583,1
1,-0.029121962906936083,0
1,0.022108963122197567,1
0,0.004383781041455093,1
0,-0.01073548070662561,0
1,-0.020811959396631607,0
1,-0.03164230826171727,0
0,-0.08819051969032249,0
0,-0.06120569836345441,0
0,0.05102494775031219,1
0,-0.05918291090777816,0
1,0.020788539663415317,1
0,-0.017152776956060323,0
0,-0.08611326150769383,0
0,-0.03085089564968513,0
0,-0.024457245700030827,0
0,-0.08882914062151304,0
1,0.018319046578881615,1
0,-0.05416203591742713,0
0,-0.06840966979041424,0
1,0.025584671548748772,1
0,0.02750255746814667,1
0,-0.05218570723573901,0
0,-0.05585032846993454,0
1,-0.03958265752073453,0
0,0.0026601122253651077,1
0,-0.0758187666964828,0
0,0.1277019482508981,1
0,0.06918529059506173,1
0,-0.047146985282567,0
0,-0.07705942347251216,0
0,-0.052517799421335,0
0,-0.0643886598821003,0
0,-0.05879034358162066,0
0,-0.04760665142307574,0
1,0.022108963122197567,1
0,-0.033715850718576246,0
0,0.22975956191146296,1
0,0.02349272184355311,1
0,-0.017323528651650655,0
0,0.06160648306646044,1
0,-0.06499804385537333,0
0,-0.06296908376362825,0
0,-0.014889428572608832,0
0,-0.08076063830090152,0
0,-0.07577806591625424,0
0,-0.05218570723573901,0
0,0.012768434130278172,1
0,-0.06855671033138527,0
0,-0.02168331258163242,0
1,-0.03237981227916531,0
0,-0.06376718249153068,0
0,-0.07302779058015368,0
0,-0.027813789829650548,0
0,0.12580668737643785,1
0,0.018092152765261327,1
0,-0.05795537809949819,0
1,0.02306593421792602,1
0,-0.025946237843509967,0
1,0.020788539663415317,1
0,-0.09273912259750555,0
1,0.028235936958997954,1
0,-0.038751405858288956,0
0,-0.06635803529361695,0
0,-0.03896503803185536,0
0,-0.052622501496553786,0
0,0.018092152765261327,1
0,-0.06940554937021681,0
1,-0.03787158983694161,0
0,-0.059748134445839984,0
0,-0.04998332512491849,0
0,-0.08087093656522626,0
0,-0.08621267066852523,0
0,-0.0642167928524282,0
0,-0.05687794560532289,0
0,0.02528935442551772,1
0,-0.07995788592799635,0
0,-0.0542752115086822,0
0,-0.06261423552969608,0
0,-0.08084168501584593,0
1,-0.049432743030487836,0
0,0.08678045954000735,1
0,-0.009120864033953124,0
0,0.08976320048640352,1
0,-0.07924595667092882,0
0,-0.05428844891402168,0
0,0.01471446984963054,1
0,-0.042444772854163926,0
0,-0.03844746198293414,0
0,0.021369665739341404,1
0,-0.04944432984413111,0
1,0.01875576254296396,1
0,-0.053527393657860245,0
1,0.02306593421792602,1
0,-0.05762166869940272,0
0,-0.039322876593494926,0
0,-0.06157931058027305,0
0,-0.06681528021886174,0
0,-0.05982924423809999,0
0,-0.08031145445283383,0
0,-0.021361721113075383,0
0,-0.07136164813844753,0
0,-0.08560276879323186,0
0,-0.08292097040378132,0
0,-0.06334029199993207,0
0,0.0016724640318468431,1
0,-0.0595199600025636,0
0,-0.042914173715937975,0
1,0.018704360797310082,1
0,-0.033014893245554455,0
0,0.02528935442551772,1
1,0.02306593421792602,1
0,-0.007823776623480327,0
1,0.01751910108047583,1
0,0.008124615487975162,1
0,-0.09116766070942028,0
0,-0.01854972957252926,0
0,-0.08436624169881718,0
0,-0.07553613507045931,0
0,0.05564114059930936,1
0,0.08339975410058853,1
0,-0.017399822912725182,0
0,-0.08485899828349341,0
0,-0.04902820707716016,0
0,-0.028852818415821102,0
0,-0.07133898278748202,0
0,-0.07324040850070818,0
0,-0.03594321164032954,0
0,0.12626951969662814,1
0,-0.08075101096317516,0
0,-0.03110986791557857,0
0,0.012674045808114265,1
0,-0.053838966088347595,0
0,-0.0934941088481207,0
0,-0.07088820329813128,0
1,0.018704360797310082,1
0,0.04016084446213186,1
0,0.023207760587939497,1
0,-0.06499733387485307,0
1,0.017810304883961736,1
0,-0.06116394875690567,0
0,-0.05180801062941681,0
0,0.03298859364221596,1
0,-0.02169656160582767,0
0,-0.052928677037508975,0
0,-0.03910623706929822,0
0,-0.07117211123997375,0
0,-0.06143539790095626,0
0,-0.08777442515523276,0
0,-0.07343679356376309,0
0,-0.04887342160539382,0
0,-0.0586270854961653,0
0,-0.015027187060298097,0
0,-0.0688599122659882,0
0,-0.03677542875208595,0
0,0.10953307899996445,1
0,-0.08295430328463077,0
1,0.018704360797310082,1
0,-0.0656292539871528,0
0,0.18048818412117196,1
0,-0.015429363632616433,0
0,-0.04183152705337995,0
0,-0.022286790147314273,0
1,-0.04000105908665735,0
0,0.09373893816060619,1
0,-0.08554536987631839,0
0,-0.07427222800477684,0
0,-0.07481000929416404,0
0,-0.06093011090495615,0
0,-0.0361666705155792,0
0,0.02985750701620704,1
0,-0.03384697169918022,0
0,-0.05303530084988478,0
0,-0.05585032846993454,0
0,-0.06630605768408315,0
0,0.015522162188206012,1
1,-0.030647237968585928,0
0,-0.07244772857215676,0
0,-0.0650717904050026,0
0,-0.061893706581605534,0
1,0.02306593421792602,1
0,-0.08440057159074016,0
1,0.022108963122197567,1
0,-0.05655729320506636,0
0,-0.05527422135907095,0
0,-0.06916883626467124,0
0,-0.0772474821209766,0
0,-0.08979810512486669,0
0,-0.031673640351345955,0
1,0.018704360797310082,1
1,0.018704360797310082,1
0,-0.09147627001215652,0
1,-0.0322605695030353,0
0,-0.06130464794491913,0
0,-0.06077728425395129,0
1,-0.0322605695030353,0
0,-0.0410987963701927,0
1,-0.03237981227916531,0
0,-0.0656292539871528,0
0,-0.082770940955671,0
0,-0.07292068602576685,0
0,5.843289067797297e-05,1
0,-0.05665300951414881,0
1,0.022607459467776425,1
0,0.003464815753859596,1
1,-0.0771279563373255,0
0,0.12521563920730783,1
0,0.02528935442551772,1
1,-0.030647237968585928,0
1,0.018824571193721273,1
0,-0.08321624093668167,0
0,-0.08515380204964612,0
0,-0.006853572098388494,0
0,-0.05441235118809018,0
0,-0.05889738541800715,0
1,-0.05219702886935634,0
1,0.022696425743937598,1
0,-0.059915100101668894,0
0,-0.05320929603569474,0
0,-0.05204708184927137,0
1,-0.0074383676797259435,0
0,-0.06595682660578656,0
1,-0.05562838403181458,0
0,-0.05323019326340517,0
0,-0.087813641065209,0
0,-0.018996566412189164,0
0,-0.09801449195190448,0
0,-0.07038284615951229,0
1,0.01751910108047583,1
0,-0.05650553592469354,0
0,-0.021524234996567804,0
0,-0.04919973717726228,0
0,0.1277019482508981,1
0,0.021815066215994383,1
0,-0.05236583736703837,0
0,-0.052926818573662104,0
0,-0.0670902589039753,0
0,-0.08234869578031612,0
1,-0.03237981227916531,0
0,-0.08839861368618207,0
0,-0.0410987963701927,0
0,-0.026071222320764587,0
0,-0.04696242841442594,0
0,-0.057282723938382185,0
0,0.06111183223711081,1
0,-0.06858529916413131,0
0,-0.09250482935607535,0
0,-0.08187045561290301,0
0,-0.0589017516117567,0
0,-0.08150021874513885,0
1,-0.02207767166662894,0
1,-0.03176982550220808,0
0,-0.09419366540112356,0
0,-0.061006740133166315,0
0,0.23098952939433126,1
0,-0.06561964232647033,0
1,-0.031154028924512966,0
1,0.025605198364720194,1
0,-0.06285207477402421,0
0,0.1801813140057853,1
1,-0.04264945019957017,0
0,-0.06768693217007593,0
0,-0.08156196077482808,0
0,-0.07465299293077998,0
0,-0.09352603045342944,0
0,-0.05625695560774724,0
0,-0.03941258018382021,0
0,-0.06477450811419905,0
0,-0.0416882587758422,0
0,-0.028209872379507672,0
0,-0.026795760303890026,0
0,0.08339975410058853,1
0,0.12366360574922641,1
0,-0.062091030678116776,0
0,-0.056652544791252424,0
1,0.02371505908625493,1
0,-0.06886558535155901,0
0,0.10554632086192439,1
0,-0.07581658922253476,0
0,-0.06828005763602674,0
0,0.01455969593022366,1
1,-0.05317904114286398,0
1,0.02371505908625493,1
0,0.02528935442551772,1
0,-0.03931129848977971,0
0,-0.05876366559289947,0
1,-0.03114541373452473,0
1,-0.030647237968585928,0
0,-0.014410677000906535,0
0,-0.06285207477402421,0
0,0.05703340722505956,1
0,-0.03125728754907964,0
1,0.022607459467776425,1
0,-0.052166148068510665,0
0,-0.08274421346643451,0
1,-0.04315769443476819,0
1,-0.0567571151235336,0
0,-0.04527625918656425,0
0,-0.06766310637205492,0
0,-0.05928471573418076,0
1,0.015769469932073177,1
0,-0.08294994263110994,0
0,-0.0035783924684774093,0
0,-0.06598507724732422,0
0,-0.06863208156765266,0
0,-0.07512795017620783,0
0,-0.014817928177349338,0
0,-0.05054038629118218,0
1,-0.03641384329037323,0
1,-0.07089487884103751,0
0,-0.008507363868965612,0
1,-0.03408874564008341,0
0,0.02528935442551772,1
0,-0.07629439667261506,0
0,-0.032622994494685864,0
0,-0.038882160720217274,0
0,-0.056774419792769315,0
0,-0.07021952648177882,0
1,0.02371505908625493,1
0,-0.04854067245066973,0
0,-0.08148838225129784,0
0,-0.02901477350194165,0
0,-0.08813106646104824,0
0,0.06160648306646044,1
0,-0.052789029753679995,0
0,-0.07134149832846698,0
1,-0.05638488434012434,0
0,-0.05788159295250245,0
0,0.06324605143138251,1
0,-0.058853653797548144,0
0,0.06918529059506173,1
0,-0.005098129738073998,0
0,-0.0656292539871528,0
0,0.0064932431422852765,1
0,-0.024560440400861472,0
1,-0.02207767166662894,0
0,-0.05461824799394144,0
0,-0.051685117698558825,0
0,0.05739318836849949,1
0,0.05739318836849949,1
0,0.002817644947261888,1
0,-0.03945796619571751,0
0,-0.040154312686384364,0
0,-0.056811724081571424,0
1,-0.028218878361474575,0
1,0.02371505908625493,1
0,-0.058447579254766124,0
1,-0.05549482367685543,0
1,0.022607459467776425,1
0,-0.00020201616926729393,0
0,0.026723863298616868,1
0,-0.03449059843913793,0
0,-0.01536222832889167,0
0,-0.06367034593529008,0
0,-0.056598809064661304,0
1,-0.030647237968585928,0
1,-0.08450916135198633,0
0,-0.06916883626467124,0
0,0.05739318836849949,1
0,0.23029719942048554,1
0,-0.07766643096666148,0
0,-0.08617060394176812,0
0,0.0003013203876928161,1
0,0.1277019482508981,1
0,-0.08733153861207982,0
0,-0.031617260026927774,0
1,-0.04774455243833342,0
0,-0.004854891901856784,0
0,-0.06531477150132797,0
0,-0.002764938910877257,0
0,-0.07458348399117382,0
0,0.08678045954000735,1
1,0.018704360797310082,1
0,-0.06519350086417369,0
0,-0.049910610352804585,0
0,-0.019619537497717054,0
0,0.05739318836849949,1
0,-0.09491337988209292,0
0,-0.05496012003688383,0
0,0.002504114060451701,1
0,0.05739318836849949,1
0,-0.05962346381146977,0
0,-0.0843407390631149,0
0,0.23114399396525598,1
0,0.12521563920730783,1
1,-0.010267679323537948,0
0,-0.06426907728476422,0
1,0.025584671548748772,1
0,-0.08703361656122677,0
0,-0.0528898773220447,0
0,-0.038872277834394175,0
0,-0.028852179178392945,0
0,-0.06808691110260684,0
0,-0.0760631027828218,0
0,-0.07629835442159227,0
0,-0.06279542094943463,0
0,-0.06284913121360886,0
0,-0.04185054179416964,0
0,-0.01973050395720999,0
0,-0.027778340508356092,0
0,-0.07389664002484636,0
0,-0.07328056471233635,0
0,0.02948253400373535,1
0,-0.07045139544483564,0
0,-0.08480907576703195,0
0,-0.035634562037232975,0
0,-0.0826598665977954,0
0,-0.052350918005965086,0
0,-0.07828502037888746,0
0,-0.06308840700433854,0
0,-0.07202983627835857,0
0,-0.03389480616068524,0
0,0.008097983068165782,1
0,-0.07834343871896915,0
0,-0.021137599395521733,0
0,0.08339975410058853,1
0,-0.0642067098649523,0
0,-0.0693084269811346,0
0,-0.09311889880329144,0
0,-0.06378922636363443,0
0,-0.06804631878272194,0
1,0.022696425743937598,1
0,-0.08300875300539068,0
1,0.022696425743937598,1
0,0.10953307899996445,1
0,-0.05813922092297619,0
0,-0.07568792531964236,0
1,0.02306593421792602,1
0,-0.037226636675556424,0
1,0.02371505908625493,1
0,-0.025937990608273676,0
0,-0.06861169225398223,0
0,-0.029172742451975264,0
0,-0.0416882587758422,0
0,-0.0438901929294257,0
1,0.02306593421792602,1
0,-0.0652938712320753,0
0,-0.06334029199993207,0
0,0.06160648306646044,1
0,-0.06509816474840185,0
0,-0.07311048036202944,0
0,-0.06055651266310136,0
0,-0.07283696715898924,0
0,-0.0859170111448273,0
1,0.02251581758792809,1
0,-0.062491482209670435,0
0,-0.09003031903825187,0
0,-0.05025050853567126,0
0,0.013592437971926108,1
0,-0.0034395429791040932,0
0,-0.017913173522337733,0
0,0.01124748055196434,1
0,0.100361652963736,1
0,-0.024954341576099714,0
1,0.02362955767125552,1
0,0.007390922926267862,1
0,-0.03275681804192904,0
0,0.09373893816060619,1
1,0.020882390501738124,1
0,-0.08894378307706696,0
1,0.028235936958997954,1
0,-0.07924483640466101,0
1,-0.02173914852325054,0
0,-0.007371817864660457,0
0,0.014107797150845647,1
0,-0.03337631239776295,0
1,0.02306593421792602,1
0,0.021986392117051667,1
0,-0.057810053203464884,0
0,-0.06505419865810202,0
0,-0.09190343682376989,0
0,0.23114399396525598,1
1,0.018704360797310082,1
0,-0.053456197918100246,0
0,-0.09295557021563244,0
1,0.02306593421792602,1
1,-0.032950516717203004,0
0,-0.07830258567845866,0
0,-0.06551095798254158,0
0,-0.04780322582992963,0
0,-0.05714484409520254,0
0,-0.04327162346274488,0
0,-0.05839236050733748,0
0,-0.04926241135193288,0
0,-0.056745053875239204,0
0,-0.07921925159094961,0
0,0.06160648306646044,1
0,-0.03852786819774895,0
1,0.018642208242853675,1
0,-0.02598681080432197,0
0,-0.08229775201615613,0
0,-0.05813922092297619,0
1,0.01979736717158087,1
0,0.02528935442551772,1
0,-0.03974840184434031,0
0,0.07277244112582115,1
0,-0.039118873937386334,0
0,-0.0285615894709495,0
1,0.02306593421792602,1
1,0.020258584189938977,1
1,0.018704360797310082,1
0,-0.06001085960658936,0
0,-0.06293055686945581,0
0,-0.0652938712320753,0
0,-0.01921964409177296,0
1,0.018704360797310082,1
0,-0.05605062035468994,0
0,-0.001682020086410163,0
0,-0.08053433249046676,0
1,0.018704360797310082,1
0,-0.09727847773595727,0
1,-0.031154028924512966,0
0,-0.052928677037508975,0
0,-0.02317866880855729,0
0,-0.053026930121906346,0
1,-0.038251870590646164,0
0,-0.06395968145448716,0
0,0.08339975410058853,1
0,-0.08113690891413133,0
0,0.0018114105194007024,1
0,-0.06583861981190686,0
1,0.006457849552113926,1
0,-0.05918123625991817,0
0,-0.02551678541534097,0
0,0.046393754965666556,1
0,-0.05710014364458882,0
0,-0.07504737379676907,0
0,-0.06911411647893922,0
0,-0.06524207338091115,0
1,-0.021330943744548747,0
0,-0.06568969591762364,0
0,-0.07085082405107251,0
0,-0.04121673510771112,0
0,-0.0691989728862547,0
0,-0.0134652520391772,0
0,-0.08446992434690881,0
0,-0.041120011838791826,0
0,-0.058123971776951666,0
0,-0.027060415109516067,0
0,-0.080327936370026,0
0,-0.06512443499020737,0
0,-0.04151053891530426,0
0,0.08339975410058853,1
0,0.018776339033946043,1
0,0.095379893261748,1
0,-0.013198553723069939,0
0,-0.08852526439887287,0
1,0.0008243503355940263,1
0,-0.015163445464738912,0
0,-0.06470364943914436,0
0,-0.041530388302484234,0
0,-0.055679343897666045,0
0,0.02528935442551772,1
0,-0.057203709232283906,0
0,-0.06321551085900545,0
0,-0.07219362199397739,0
0,-0.06458319850750699,0
0,0.044893183405785075,1
0,-0.07970422229723151,0
0,-0.0018804729433889444,0
1,0.01751910108047583,1
0,-0.04962488144289007,0
0,-0.06971451816133356,0
0,-0.0845464650849777,0
0,0.010594448935496326,1
1,0.02371505908625493,1
0,-0.02708659642049982,0
0,-0.059904566918925595,0
0,0.017953337251274015,1
0,-0.05326395085431551,0
1,-0.07472589966140103,0
0,-0.08017483689170068,0
0,-0.08150878344352808,0
0,0.07258919439274591,1
0,0.23098952939433126,1
0,0.08339975410058853,1
0,-0.08444926902466099,0
0,-0.09496356378482773,0
0,-0.04445766532881312,0
1,-0.030647237968585928,0
0,0.02528935442551772,1
0,-0.07772490468966559,0
0,-0.05601728936088923,0
0,-0.01902607259198702,0
0,-0.06936664059544245,0
0,-0.053405962126376993,0
1,-0.032950516717203004,0
0,-0.06668580539207364,0
0,-0.0868129034912205,0
0,-0.06088718523871223,0
1,-0.030647237968585928,0
0,-0.0356358246936439,0
0,0.002504114060451701,1
0,-0.05665300951414881,0
0,-0.03892636901139518,0
0,-0.07004097712526292,0
0,0.03599088338698908,1
0,-0.0416882587758422,0
0,-0.09200121133285843,0
0,-0.056318537645562494,0
0,-0.03238342630570734,0
0,-0.04870889915219778,0
1,0.02371505908625493,1
1,-0.028218878361474575,0
0,-0.07299295141724998,0
0,-0.03892529438013692,0
0,0.05739318836849949,1
0,-0.054174786032609834,0
0,-0.06466557439914045,0
0,-0.019959901085455256,0
0,-0.04080723098351147,0
0,-0.09032459878339899,0
0,-0.04498547694034394,0
0,0.05102494775031219,1
0,-0.08843653082394093,0
1,0.01751910108047583,1
0,-0.06506572440585717,0
1,-0.02258476415919558,0
1,0.02371505908625493,1
0,-0.06583861981190686,0
0,-0.08314190799417392,0
0,-0.0416882587758422,0
0,-0.057091483113146047,0
0,-0.05429666409391404,0
0,-0.06108549724357454,0
0,-0.012049547912233838,0
0,-0.027982481293637673,0
0,0.095379893261748,1
0,-0.08023998808079008,0
0,-0.05496012003688383,0
0,-0.05237979864741199,0
1,0.02240018417497347,1
0,-0.08832709211948503,0
0,0.0533680243907283,1
0,-0.05892767220795864,0
0,-0.06948861541182738,0
0,0.02912567707866609,1
0,0.10554632086192439,1
0,-0.049283771616235594,0
0,-0.04120796466905058,0
0,-0.014320018936589629,0
0,-0.07124337369456385,0
1,-0.05301984560256223,0
0,-0.09434879928201967,0
0,0.030133150098587635,1
0,-0.08547109076748322,0
1,0.02371505908625493,1
0,0.018092152765261327,1
0,-0.0928168141995927,0
0,-0.058242569165085745,0
1,-0.015736723801643482,0
0,-0.06493007188385103,0
1,0.03073364623859709,1
0,-0.04492541319132437,0
1,0.018704360797310082,1
1,-0.07522723859283842,0
0,-0.05567214283944527,0
0,-0.08571396339670573,0
0,0.10953307899996445,1
0,-0.08376072635664139,0
1,0.00029438567814310534,1
0,-0.07473128048833677,0
0,-0.02968843194933174,0
0,0.095379893261748,1
0,-0.053026930121906346,0
0,0.05628599770228648,1
0,0.03811334194818117,1
0,0.06669443791425067,1
0,-0.03359374971167883,0
1,0.02371505908625493,1
0,-0.0519356594784508,0
1,-0.0895427983266392,0
0,-0.0654129571519943,0
0,-0.05675173029455077,0
0,-0.04222540371917943,0
0,-0.05605062035468994,0
0,-0.04655366628161223,0
0,-0.06753498692598453,0
0,-0.06433915600426876,0
0,0.022192518968065178,1
0,-0.07143825904669604,0
0,-0.079975577815248,0
0,0.05739318836849949,1
0,0.021579750668543785,1
1,0.02306593421792602,1
0,-0.09296797127125905,0
1,-0.07395232641987803,0
1,0.020788539663415317,1
1,0.018704360797310082,1
0,-0.08371165757683269,0
0,-0.07106524651246349,0
0,-0.0509639515273449,0
0,-0.05955957893181102,0
0,-0.054166295469109726,0
0,-0.03608377923782036,0
0,0.0075853656246748224,1
0,-0.07705570683273061,0
1,-0.04717774560717897,0
0,-0.05366651420643326,0
0,-0.03858721807138615,0
0,-0.04818731063157583,0
0,0.10953307899996445,1
0,0.04331980394813495,1
0,-0.054061475289783334,0
0,-0.018924010148399062,0
0,-0.05322849523461343,0
0,-0.007791625767491983,0
0,-0.07573598596064318,0
0,-0.07421266738574872,0
0,-0.02015997374194839,0
0,-0.06426815703885735,0
0,-0.08015475544787237,0
0,-0.07868504784764896,0
1,0.01751910108047583,1
0,0.016199724939994553,1
0,-0.07155930736243277,0
1,-0.029337889717415855,0
0,-0.06491845098643728,0
0,-0.05371877766094363,0
0,0.06160648306646044,1
0,-0.0857987545063355,0
0,0.08678045954000735,1
0,0.04675910326912225,1
1,-0.0322605695030353,0
0,-0.039201078989812455,0
0,-0.059294588751816535,0
0,-0.03743772024907538,0
0,-0.05633219434542519,0
0,-0.04699015559962466,0
0,0.05081566511970126,1
0,-0.08028035743151035,0
0,0.05739318836849949,1
0,0.17795030286924662,1
0,-0.011004230001766313,0
0,-0.01845262784863888,0
0,-0.049396023951065404,0
1,0.001238493440977595,1
0,0.02528935442551772,1
0,0.06669443791425067,1
0,-0.010875036494031542,0
0,-0.056774419792769315,0
0,-0.049396023951065404,0
0,0.08678045954000735,1
0,-0.08837596242279738,0
0,0.06669443791425067,1
0,0.05748227329322475,1
1,-0.07231021233961948,0
1,-0.05104725792080533,0
0,-0.0542511376983687,0
0,-0.08680594254379742,0
0,-0.06295550138504075,0
0,-0.08332745113680823,0
0,-0.04497355510515494,0
0,-0.03382099935255567,0
0,-0.0882873444811203,0
0,-0.09157709062812625,0
0,-0.04816537744493382,0
0,-0.08973801915780055,0
0,-0.04057703274539376,0
0,-0.0594747857618621,0
0,-0.03955737267703058,0
0,0.23115440715665503,1
0,-0.06585299489135904,0
0,-0.08509359747461837,0
0,-0.0746680878314746,0
0,0.02528935442551772,1
0,-0.09075980570109782,0
0,-0.08845437505125986,0
0,0.035014629541084474,1
0,-0.04570220470710795,0
0,-0.0704535415482005,0
0,-0.0018753184178777471,0
0,-0.06140147625192227,0
0,-0.03276028412445825,0
0,-0.05549664193109127,0
0,-0.07432468270004955,0
0,-0.08958181982385738,0
0,-0.05879752244608211,0
1,0.020788539663415317,1
0,-0.07412951087366282,0
0,-0.05017770658971288,0
0,0.03811334194818117,1
0,-0.05884294602561507,0
0,-0.06777053717165193,0
0,-0.09287538942609924,0
0,0.04863749619281621,1
1,0.02306593421792602,1
0,-0.06509070858285815,0
0,-0.06400281457571666,0
0,-0.010602002093815954,0
0,-0.05754171367009553,0
0,-0.05331653843180023,0
0,-0.0871489180614392,0
0,-0.060103030521207135,0
1,-0.053260513862394276,0
0,-0.027489382278721053,0
0,-0.08276605485668409,0
0,-0.08222755807419918,0
0,-0.07197027418306196,0
0,-0.07998328095270912,0
0,0.05739318836849949,1
0,-0.03415715397239627,0
0,-0.018112973861691528,0
0,-0.09233485777064532,0
0,-0.08425992116379116,0
0,-0.04516017272482714,0
0,-0.03551318156051669,0
0,-0.053736708641387076,0
1,0.018704360797310082,1
0,0.095379893261748,1
0,-0.05693969402985172,0
0,-0.05335981798347461,0
0,-0.06467800661516532,0
0,-0.061314109878815415,0
1,0.027734692261600635,1
0,-0.04691496488960778,0
0,-0.05244479896819465,0
0,0.06669443791425067,1
0,-0.07536546731129473,0
0,-0.08609963127885073,0
1,-0.03164230826171727,0
0,-0.03411728929844926,0
0,-0.06130464794491913,0
0,-0.06366375269203595,0
0,-0.052249088830271684,0
0,-0.07613712991203292,0
0,-0.059297021178789266,0
0,-0.0482496677526314,0
1,-0.003610416002995498,0
0,-0.07908461328306587,0
0,-0.08183946557582888,0
0,-0.06741372943094581,0
0,0.0016491155671588542,1
1,-0.03237981227916531,0
0,0.03612718449506258,1
0,-0.07878730033767645,0
0,-0.06776144709602228,0
0,0.06669443791425067,1
0,-0.05628271106671723,0
0,0.03811334194818117,1
0,0.05739318836849949,1
0,-0.05360621026973744,0
0,-0.0828313672219178,0
0,-0.09249822236192151,0
0,-0.041730916797447615,0
0,-0.06707499518883048,0
0,-0.02891008928848976,0
0,-0.03833636587827011,0
0,0.18002793084631852,1
0,-0.026941346534760047,0
0,-0.08470191173160446,0
0,-0.00491765278613282,0
1,-0.06752599143158156,0
0,-0.08220987639173477,0
0,-0.03636451893515774,0
0,-0.06837132278279756,0
1,-0.04578955014458502,0
0,0.09373893816060619,1
0,-0.05734128275726763,0
0,-0.06796071183563268,0
0,0.03811334194818117,1
1,0.018824571193721273,1
0,-0.02029636739871865,0
0,-0.03403272511026084,0
0,-0.03994684903482515,0
0,-0.05626920330523455,0
0,0.05739318836849949,1
0,0.06918529059506173,1
0,-0.08017479133437888,0
0,-0.08118521664884087,0
0,0.100361652963736,1
1,0.06945846673184619,1
0,-0.05612260659543589,0
0,-0.07336207962137986,0
1,0.029619340097468694,1
0,-0.06523305745275365,0
0,-0.03334308590326762,0
0,0.18002793084631852,1
0,-0.07873097381474248,0
0,-0.06208288891402686,0
0,-0.07544607722102026,0
0,-0.0457886823809972,0
0,-0.07435628397635269,0
0,-0.06499804385537333,0
0,-0.03417570462178071,0
0,-0.06357943896511437,0
0,-0.009527272169088219,0
0,-0.0680783408588817,0
1,0.022108963122197567,1
0,-0.055950485705207886,0
1,0.020882390501738124,1
0,-0.03024004429580357,0
0,-0.0630276449632674,0
0,0.05739318836849949,1
0,-0.05016589447158559,0
1,-0.02207767166662894,0
0,-0.06581994939624491,0
0,-0.09032506635968596,0
0,-0.030134626525722463,0
0,-0.05433151146610249,0
0,-0.021379505548985878,0
0,-0.05268795112967206,0
0,0.22891745073888448,1
1,-0.0322605695030353,0
0,-0.05677941411620108,0
1,-0.02944044479050989,0
0,-0.071605339339327,0
0,0.095379893261748,1
0,-0.08557473888198153,0
0,-0.003393022852375027,0
0,-0.07282252727015864,0
0,-0.06491801375861883,0
1,-0.03176982550220808,0
0,-0.07037996172073663,0
0,-0.07035176377702773,0
0,-0.07375528553567329,0
0,-0.050495681020039374,0
1,-0.04717330295271277,0
0,0.1277019482508981,1
0,-0.08035813977345313,0
0,0.08678045954000735,1
0,0.018092152765261327,1
0,-0.08643353848463237,0
0,0.022814864843029636,1
0,-0.0577214264915345,0
0,-0.0510591391079111,0
0,-0.05070677992227701,0
0,-0.07074461991627873,0
0,-0.03627126648150375,0
1,-0.07714289896408544,0
0,-0.03422234740668734,0
0,0.12521563920730783,1
0,-0.07514224334964387,0
1,-0.0322605695030353,0
0,-0.07050522172238793,0
0,-0.030423208502401766,0
0,-0.06107435582408183,0
0,-0.08279401694174154,0
0,0.0061133441817851075,1
0,0.029371829969336183,1
0,-0.02486439600441903,0
0,-0.056946333952287986,0
1,0.018704360797310082,1
0,-0.08924154193189843,0
0,-0.02579644509633705,0
1,-0.03787158983694161,0
0,0.0170572048166161,1
0,0.11904020856253272,1
0,0.03749634977385985,1
0,-0.08706418832996271,0
1,0.02371505908625493,1
0,-0.05246196196573444,0
0,-0.07214104974821217,0
0,-0.024903798853714187,0
0,-0.006621425591271768,0
0,-0.07057261250886354,0
1,-0.04172632584328334,0
0,-0.08059287416094052,0
0,-0.06321551085900545,0
1,0.02306593421792602,1
0,-0.019517538739858398,0
0,-0.040565622470575935,0
0,-0.03892948442145128,0
0,-0.017672421308831843,0
0,0.005478663240144455,1
0,0.10953307899996445,1
0,-0.053264871058911145,0
0,-0.0691503274515653,0
0,-0.06191457049490723,0
0,-0.05016365624437974,0
1,0.02371505908625493,1
0,0.010401622406678412,1
0,0.003856782054117769,1
0,-0.07163022323059925,0
0,0.018092152765261327,1
0,-0.08565108741976785,0
0,-0.04360609981381258,0
0,-0.0657165074924585,0
0,-0.03414718790530713,0
0,-0.06571033752252453,0
0,-0.05737832377675739,0
0,-0.054298026190277016,0
0,-0.08312961366805716,0
0,0.05739318836849949,1
0,-0.06677281260186724,0
0,0.095379893261748,1
1,-0.0322605695030353,0
0,-0.07530161690065484,0
0,-0.08893344615028548,0
0,0.024801398839242372,1
0,-0.05378803503431978,0
0,-0.022706790505973795,0
0,-0.04075093585912781,0
1,0.02371505908625493,1
1,0.02306593421792602,1
0,-0.05128257610537257,0
0,0.05494241538682132,1
0,-0.030215641629856793,0
0,-0.02538430586869117,0
0,-0.07377195056872143,0
1,0.04141997933027619,1
0,0.0003941556979920602,1
0,-0.04612384648786344,0
1,-0.031154028924512966,0
0,-0.03358173598912567,0
0,-0.06148681859311128,0
0,-0.056344548779362014,0
0,0.017741737261288915,1
0,-0.05378803503431978,0
0,-0.07700748753192527,0
0,-0.036477497159738914,0
0,0.23876543113886417,1
1,0.006261101153884896,1
1,-0.04747613850193949,0
0,-0.0753560640821197,0
0,-0.05180801062941681,0
0,0.02629399733032667,1
0,-0.025714561106581713,0
1,-0.02944044479050989,0
0,-0.049465674096334844,0
0,-0.057898167120301824,0
1,-0.013917831117058133,0
1,-0.03164230826171727,0
0,-0.05273937567093945,0
0,-0.0586857046209629,0
0,-0.06463294996978103,0
0,-0.06285207477402421,0
0,0.22858874116326644,1
0,-0.08765204651371938,0
0,-0.0644275572251159,0
0,0.01470683811869411,1
0,-0.0402492504288689,0
0,0.0604898667896816,1
0,-0.07868699961326053,0
0,-0.07532065047871755,0
0,-0.05082335432635826,0
0,-0.05163702357430189,0
0,-0.06284713212951698,0
0,-0.06491801375861883,0
0,-0.07164269930112649,0
0,-0.056244797841690675,0
1,-0.0322605695030353,0
0,-0.07744110407765459,0
0,0.01244285245712895,1
0,0.12521563920730783,1
0,-0.0815356223824576,0
0,-0.06935311530350641,0
0,-0.052469823047355646,0
0,-0.013688241145080382,0
0,-0.07281482938648431,0
0,0.11226941501094456,1
0,-0.09003619593791778,0
0,0.06669443791425067,1
0,-0.0757940138562338,0
0,-0.07819850536895562,0
0,-0.04900556011428453,0
0,-0.05962867336497024,0
0,0.08678045954000735,1
0,-0.06565712543889224,0
0,-0.0841063830907876,0
1,0.022607459467776425,1
0,-0.04682584203948603,0
0,-0.06738954798812874,0
0,0.03811334194818117,1
0,0.02020725043019278,1
0,-0.02218781581942464,0
0,-0.06916883626467124,0
0,-0.06001956874204528,0
1,0.02371505908625493,1
0,-0.06267130500468221,0
1,-0.03164230826171727,0
0,-0.08242812490572676,0
0,-0.08231815002795462,0
0,0.08339975410058853,1
1,0.01751910108047583,1
0,0.06669443791425067,1
0,-0.07414601307754354,0
1,-0.02944044479050989,0
0,-0.023895757862748168,0
0,-0.08643179720610256,0
0,-0.08835096165193429,0
0,-0.06494373002171239,0
0,-0.061779939545901386,0
1,-0.0008596203728994389,0
0,-0.057282723938382185,0
0,-0.05287392585439371,0
0,-0.06072375530174412,0
0,-0.07017140334768418,0
0,-0.05996916651130085,0
0,-0.00468853658515983,0
0,-0.06924357497447631,0
0,0.05775010341012288,1
0,0.11226941501094456,1
0,-0.05366651420643326,0
1,0.02251581758792809,1
0,-0.08051839224207652,0
0,0.026378849241169622,1
1,0.028235936958997954,1
0,0.03811334194818117,1
0,0.1277019482508981,1
1,0.01751910108047583,1
0,-0.07940932328781664,0
0,-0.07839054964734354,0
0,-0.07884411434960631,0
0,-0.05790608420852028,0
0,-0.0845950279616357,0
0,0.02528935442551772,1
0,-0.06927405736663378,0
0,-0.053435916420749185,0
0,-0.06432980521092446,0
0,-0.0191499023297253,0
1,-0.05161037899988241,0
1,0.02045611042720885,1
1,0.01962331518296634,1
1,-0.030647237968585928,0
1,-0.03164230826171727,0
0,-0.03820237183888592,0
0,-0.07930156349619794,0
0,0.017875576372858082,1
0,-0.04262671452917233,0
0,-0.06571171942617421,0
0,-0.011557196177761075,0
0,-0.05667802697603613,0
1,0.020882390501738124,1
1,0.02306593421792602,1
0,-0.006209575599993689,0
0,-0.05145640874708135,0
1,0.018704360797310082,1
1,0.022108963122197567,1
0,-0.08370418025169318,0
1,0.020947316521379045,1
0,-0.05427421244433628,0
0,0.032775664176590724,1
0,-0.06176108706689731,0
0,-0.07306650884279697,0
0,0.009793586612313554,1
0,-0.01630360915967949,0
0,-0.05366597032847542,0
0,0.14666219215207066,1
0,-0.06394295257706317,0
0,0.03811334194818117,1
0,-0.03833415005665641,0
0,0.095379893261748,1
0,-0.05638853735453753,0
0,-0.05717154431720639,0
0,-0.02708564085550269,0
0,-0.07607152774185327,0
0,-0.04736416054866577,0
0,-0.05936816307411813,0
0,0.02528935442551772,1
0,-0.023317474007868044,0
0,0.095379893261748,1
0,-0.021689440026421314,0
0,-0.014812673194052495,0
0,-0.05473139934532384,0
0,-0.07603450568399017,0
1,0.022108963122197567,1
0,-0.0680783408588817,0
0,-0.05558965137543331,0
0,-0.06541203472066232,0
0,-0.08016832183169087,0
0,0.01658821163857449,1
1,0.033400864742688996,1
1,-0.029337889717415855,0
0,0.02264272406699419,1
1,0.02371505908625493,1
0,-0.05176316411066306,0
1,-0.047622087150975934,0
0,-0.07886270425263453,0
0,0.024443531454033107,1
0,-0.0838089509271353,0
0,-0.07753094683578482,0
0,-0.07562031555347709,0
0,0.055568198753390696,1
1,0.02371505908625493,1
1,0.022696425743937598,1
0,-0.06558219914168262,0
0,-0.056701720838136294,0
0,-0.055947485248729056,0
0,-0.05819317817567532,0
1,-0.03164230826171727,0
1,0.02371505908625493,1
0,0.23114399396525598,1
0,-0.033204221380671084,0
0,0.18002793084631852,1
0,-0.0616127212915169,0
0,0.06918529059506173,1
0,-0.05227514183376131,0
0,-0.06179751544659412,0
0,-0.0746927889666435,0
0,0.08678045954000735,1
0,-0.049238238452922245,0
0,-0.058113560227532224,0
0,-0.022881987744530652,0
0,-0.05508128866163864,0
0,-0.06412695063407575,0
1,0.02251581758792809,1
0,-0.08066381939594902,0
0,-0.03594321164032954,0
0,-0.06397396131328081,0
0,-0.04742514143033988,0
0,-0.08165545378992517,0
0,-0.02096757729463755,0
1,0.015769469932073177,1
0,-0.08424344029952885,0
0,0.017940267772389107,1
0,0.034184010367273365,1
0,-0.05371877766094363,0
0,-0.07890526205664444,0
0,0.04170256087932045,1
0,-0.0662703673085796,0
1,-0.02281130189638325,0
0,-0.08316008219661425,0
0,0.08678045954000735,1
0,-0.07472484903751908,0
1,-0.006484956059661373,0
0,-0.08637405147123789,0
0,-0.06572720604204096,0
1,-0.04268150328797782,0
1,0.01751910108047583,1
0,-0.04162183403294295,0
0,0.02528935442551772,1
0,-0.057894171594354504,0
0,-0.07199960613307804,0
0,-0.0836926160345895,0
1,-0.05690106621847685,0
0,-0.09366606145516515,0
0,-0.017448134635569323,0
0,-0.023297103883945125,0
0,-0.060871058867675576,0
0,-0.04000756416988105,0
0,-0.012769017988556841,0
0,-0.08061078015671125,0
0,-0.0410987963701927,0
0,-0.013378171457279042,0
1,0.02251581758792809,1
0,-0.05794104471964445,0
0,-0.051375334278688733,0
1,-0.03176982550220808,0
0,-0.04311642507723673,0
0,-0.03458538696022362,0
0,-0.057046182410082635,0
1,0.020788539663415317,1
1,-0.03176982550220808,0
0,0.07617073797477703,1
0,-0.020015254547231964,0
0,-0.06812266056297339,0
1,0.02306593421792602,1
0,-0.009320461135123914,0
0,-0.049796789671198494,0
0,0.06918529059506173,1
1,0.12197502439001062,1
0,0.02508114363902003,1
0,-0.06606811883453279,0
0,-0.07117752949487083,0
0,-0.08027927138970586,0
0,-0.07365082213799512,0
0,-0.024754368439558583,0
0,-0.041993670057602406,0
0,-0.03153790416360347,0
0,0.09373893816060619,1
0,-0.08452490232262727,0
0,-0.08339313705063128,0
0,-0.06031138281979759,0
0,0.031174867453655275,1
0,0.03811334194818117,1
1,-0.06777550619070549,0
0,0.08678045954000735,1
0,-0.03187452080501252,0
0,-0.07539408853584645,0
0,-0.02993824282158558,0
0,-0.04679782283145434,0
0,-0.05486615365312686,0
0,-0.059945164466828516,0
0,-0.07322291342564863,0
0,-0.08476462775033416,0
0,-0.06555132561073634,0
0,0.06160648306646044,1
0,-0.07385700959596819,0
0,-0.015314208404767549,0
0,-0.06912735286511623,0
0,-0.06571033752252453,0
0,-0.0897707687192586,0
1,-0.03879789731306016,0
0,-0.037955511930624464,0
0,0.07258919439274591,1
0,-0.07644544211086846,0
0,-0.019498462418491846,0
0,-0.08812386609969636,0
0,-0.05195842769202169,0
0,-0.018723919457193983,0
1,0.022108963122197567,1
0,-0.07086087484007236,0
0,-0.027004753625657407,0
0,-0.06585299489135904,0
1,-0.0322605695030353,0
0,0.08678045954000735,1
0,-0.055253395077172085,0
0,0.100361652963736,1
1,-0.03164230826171727,0
0,-0.05473139934532384,0
1,0.02371505908625493,1
0,-0.0703176225512035,0
0,0.12521563920730783,1
0,0.07258919439274591,1
0,-0.06157931058027305,0
0,-0.052117457892434604,0
0,0.06918529059506173,1
0,-0.05443183812827046,0
0,-0.0657795437790139,0
0,-0.05450967587522115,0
0,-0.058072759768102666,0
0,-0.042225342868101756,0
0,-0.07103191207775111,0
0,-0.0934478982644169,0
0,0.06918529059506173,1
0,0.10953307899996445,1
1,0.02306593421792602,1
0,-0.06565712543889224,0
0,-0.08310096587749949,0
0,-0.042645546863324835,0
0,-0.03580639675815944,0
0,-0.08012697276900538,0
0,0.06918529059506173,1
0,-0.05287392585439371,0
0,-0.07858897598984499,0
0,-0.05757544993332997,0
0,0.05739318836849949,1
0,-0.053011227502446856,0
0,-0.07017111920333996,0
0,-0.03139972767911886,0
0,-0.03923909836860534,0
0,0.05739318836849949,1
0,-0.07485156630838208,0
0,-0.006049702310783667,0
0,0.03811334194818117,1
0,-0.030306794138506454,0
0,-0.06595682660578656,0
0,0.01701688780548105,1
0,-0.0921700064058989,0
1,0.018704360797310082,1
0,-0.02235520976610028,0
0,-0.0793107010866464,0
0,-0.08023489194549616,0
0,0.095379893261748,1
1,0.018704360797310082,1
0,-0.050097797560372026,0
0,-0.0545309079226759,0
0,0.007333796553965488,1
1,0.01751910108047583,1
1,0.018704360797310082,1
0,-0.07750453156182524,0
1,-0.03365474892339254,0
0,-0.07814755824717173,0
0,-0.07874759801231468,0
0,-0.027638113917371754,0
0,-0.06571033752252453,0
0,0.10554632086192439,1
0,-0.0730172366633578,0
1,0.025584671548748772,1
0,-0.07806047549720457,0
0,-0.06029976674846854,0
0,-0.07617213610829487,0
1,0.02306593421792602,1
0,-0.007221686940943772,0
0,-0.050262780108872696,0
0,-0.05651595289686506,0
0,-0.054932591101856,0
0,-0.028769681676425685,0
0,-0.07693196093704163,0
0,0.005197651748481968,1
0,0.1277019482508981,1
0,-0.06916883626467124,0
0,-0.054216136731404074,0
0,-0.0680783408588817,0
0,-0.08637805163392931,0
1,-0.040969021060900224,0
0,-0.043496798839244066,0
0,-0.05566177117116261,0
0,-0.049911177406935014,0
0,0.06160648306646044,1
0,-0.0642167928524282,0
0,-0.07136741388308437,0
0,-0.02946395980691313,0
0,0.08678045954000735,1
0,-0.07034401695370668,0
0,-0.07166862928717949,0
0,-0.07301595612358414,0
0,-0.059041888372030116,0
0,-0.0922696930531024,0
0,-0.07885812354905758,0
0,-0.019701576498883988,0
0,0.02528935442551772,1
1,0.022607459467776425,1
0,-0.02456589855422736,0
0,0.02528935442551772,1
0,-0.042695868781203516,0
1,-0.03176982550220808,0
0,-0.05182402171139283,0
1,0.02251581758792809,1
0,0.03341397326372397,1
0,-0.06566128870414323,0
1,0.02306593421792602,1
0,-0.06923143147088295,0
1,0.02371505908625493,1
0,-0.05638004710166378,0
0,0.03811334194818117,1
0,-0.02803942892014588,0
0,-0.07841697377426987,0
0,-0.07286691763517816,0
0,-0.06571033752252453,0
0,0.07258919439274591,1
0,0.014242462421211965,1
0,-0.041108909324918064,0
0,-0.06170780089776623,0
0,-0.0784094059383364,0
0,-0.030772317829385887,0
0,-0.07603373972436378,0
1,0.020882390501738124,1
0,-0.05992368919298641,0
0,-0.075071785318234,0
0,-0.08787131080769944,0
0,-0.08643055770874364,0
0,-0.04606186851554761,0
0,0.017287154072450073,1
0,-0.07503807815261887,0
0,0.07258919439274591,1
0,-0.06795559628430342,0
0,-0.08021244362649677,0
0,0.04327811513409485,1
0,0.14666219215207066,1
1,0.018824571193721273,1
1,0.021760929749572777,1
0,-0.05257184998306402,0
0,-0.05433750791650921,0
1,-0.04851905436149795,0
0,-0.07121705562300684,0
0,-0.05200365988404665,0
0,-0.015194243625335557,0
0,-0.09118323648014975,0
0,-0.055679343897666045,0
0,-0.06885915824174704,0
1,0.02251581758792809,1
0,-0.04970205697074437,0
1,0.02371505908625493,1
0,-0.05601114702812565,0
0,0.05739318836849949,1
0,-0.07110440480201241,0
1,0.02306593421792602,1
0,-0.048579308473192584,0
0,-0.07989053851444827,0
0,0.02526868931818671,1
1,0.02371505908625493,1
0,-0.058739689874115875,0
0,0.11226941501094456,1
0,-0.03212622738593762,0
0,-0.015337646044450703,0
0,-0.0824354039551336,0
0,-0.07890089766087072,0
0,0.0020342056607792758,1
0,-0.07371625573697665,0
0,-0.060873972046513014,0
0,0.08339975410058853,1
0,-0.05706003369631257,0
1,0.01751910108047583,1
0,-0.07270571437664103,0
0,-0.07750002078985879,0
0,0.013846564389329852,1
0,-0.04931483440678247,0
0,-0.06343550942776804,0
0,-0.08508887912408897,0
0,-0.0654129571519943,0
0,-0.04568656489973372,0
0,-0.050097797560372026,0
0,-0.07579340828868497,0
0,-0.03951283157567048,0
0,0.06918529059506173,1
0,-0.05322697385924502,0
0,-0.07870418061723827,0
0,-0.039732834773835546,0
1,0.0160418743903753,1
0,0.06918529059506173,1
0,-0.0770722442953432,0
1,-0.010212423714035634,0
0,-0.06796071183563268,0
1,-0.02160406295007733,0
1,0.022696425743937598,1
0,-0.004553491116384312,0
0,-0.0499051214543903,0
0,-0.05025245344738588,0
0,-0.04551918904582497,0
0,-0.0554285168350801,0
0,-0.019039933046930968,0
0,-0.03847015962562361,0
1,-0.0322605695030353,0
0,-0.06323934467162357,0
0,-0.03634373920568812,0
0,-0.011920897196694924,0
0,-0.057773754008869416,0
0,-0.06932303561343678,0
0,-0.060418639053744616,0
0,-0.06400281457571666,0
0,-0.05687794560532289,0
0,-0.028007186566209485,0
0,0.0053107920617743165,1
1,-0.06820942442821382,0
0,-0.050097797560372026,0
0,-0.07873604342772539,0
1,0.02306593421792602,1
0,-0.05403524383354469,0
0,-0.060103030521207135,0
0,-0.07541270221963092,0
0,0.05102494775031219,1
0,-0.08717233942225355,0
0,-0.06437868790667367,0
0,0.004196775715745615,1
0,-0.06898770321491643,0
0,-0.06813898469361707,0
0,-0.008047313826843039,0
0,0.095379893261748,1
0,0.10953307899996445,1
0,-0.06112012202691958,0
0,0.01752781339870868,1
0,-0.006389040145969138,0
0,-0.04499015097876713,0
0,-0.06940554937021681,0
0,-0.03149062251388396,0
1,0.02045611042720885,1
0,-0.022805392717857753,0
1,0.037741378775869916,1
0,-0.08739713045242559,0
0,-0.08972859861985177,0
0,0.03811334194818117,1
0,-0.0012074993231536157,0
0,-0.08265713884898784,0
0,0.03811334194818117,1
0,-0.011758209273382447,0
0,-0.08852357422284951,0
0,0.08339975410058853,1
0,-0.05876293571518387,0
0,-0.04631413068306717,0
0,-0.05070677992227701,0
1,0.025584671548748772,1
0,-0.09464654978578824,0
0,-0.042756600327648,0
1,-0.03237981227916531,0
0,-0.06570416758541742,0
0,-0.03000267903871584,0
0,-0.049632443368975876,0
1,-0.05831993210441322,0
0,-0.053077917585576506,0
0,-0.07413434522255524,0
1,-0.03176982550220808,0
0,-0.06089658416607008,0
0,0.004196775715745615,1
0,-0.060884473871034295,0
0,-0.06408704885719141,0
1,-0.03176982550220808,0
0,-0.05918291090777816,0
0,-0.04981029171313056,0
1,-0.0613423722677891,0
0,-0.06971053469862004,0
1,0.02306593421792602,1
0,-0.0654129571519943,0
0,-0.053026930121906346,0
0,-0.08273696372560824,0
0,-0.08191335660364624,0
0,0.10953307899996445,1
0,-0.07936830945594092,0
0,0.07258919439274591,1
0,0.01729214229427556,1
1,-0.06059020517351427,0
1,0.028235936958997954,1
0,-0.033998115422094244,0
0,-0.021008403012129417,0
0,-0.05272925906302095,0
0,-0.06569353392990412,0
0,-0.07813604958458004,0
1,0.006597786080183021,1
0,-0.07955405829347267,0
0,0.041090635885880133,1
0,-0.07475606466092194,0
0,-0.055679343897666045,0
0,0.02528935442551772,1
1,0.02251581758792809,1
0,-0.05770527712169993,0
1,-0.0725672923146432,0
0,-0.04319743658199454,0
1,-0.022688245170930932,0
0,-0.05733277700035999,0
1,-0.025984428179737284,0
0,-0.07889950350506009,0
0,-0.027934417777680076,0
1,0.02371505908625493,1
1,-0.03164230826171727,0
0,-0.07522903161565897,0
0,-0.07796690788904181,0
0,-0.055950485705207886,0
0,-0.06390184456601411,0
0,-0.0851248449255177,0
0,0.23029719942048554,1
0,0.05600504029137998,1
0,-0.033479947127074194,0
0,-0.023067636937903258,0
0,-0.0651368198150803,0
1,-0.03087727335852769,0
0,-0.02485999324619076,0
0,0.03811334194818117,1
0,-0.04044010908840806,0
1,-0.06921301130672691,0
0,-0.09175788601763801,0
1,-0.0751174903877968,0
0,0.10953307899996445,1
0,-0.0410987963701927,0
0,-0.04097469876596466,0
0,-0.05353661811400856,0
0,-0.07583468146240102,0
0,-0.05024635076024292,0
1,-0.007322837959474027,0
0,-0.07816686092294983,0
1,0.018704360797310082,1
0,-0.06276188570280272,0
0,-0.08007701272431689,0
0,-0.06310472258445032,0
0,-0.01988816500046453,0
0,0.06669443791425067,1
0,-0.042961910276812676,0
1,0.018704360797310082,1
0,-0.027700339257515527,0
0,0.05739318836849949,1
0,-0.05049843508404961,0
0,-0.031944602599248195,0
1,-0.0322605695030353,0
0,-0.02174337409597349,0
0,-0.005713535067713327,0
0,-0.08152703082348889,0
0,-0.07639967225613986,0
0,0.016447562932723647,1
1,0.01751910108047583,1
0,0.18002793084631852,1
0,-0.05180801062941681,0
0,-0.05559399373952667,0
0,0.02528935442551772,1
0,-0.0780489410229811,0
0,-0.08020540199539328,0
0,-0.06411317968781588,0
0,-0.06708248028651675,0
0,-0.0361666705155792,0
1,0.029619340097468694,1
1,0.020788539663415317,1
0,0.08678045954000735,1
0,-0.051902612425612116,0
0,-0.050229471936075576,0
0,-0.0638298059598078,0
0,-0.05353661811400856,0
0,-0.026221580130486644,0
0,-0.09465595145916073,0
0,0.08339975410058853,1
0,-0.0581049478472207,0
0,-0.06911411647893922,0
1,0.02371505908625493,1
0,0.08678045954000735,1
0,-0.07619265781390139,0
1,-0.031154028924512966,0
0,-0.03648554009098154,0
0,-0.024166825730344788,0
0,-0.04148148717830413,0
0,-0.08574521715257727,0
0,-0.0015954357055900648,0
1,-0.0504250296188416,0
0,-0.02970107779358111,0
0,0.06918529059506173,1
0,-0.06890576573600266,0
0,-0.0657795437790139,0
0,-0.034720507634298625,0
1,-0.045455415626298123,0
0,0.095379893261748,1
1,-0.04296869796905045,0
0,0.06918529059506173,1
0,-0.05762166869940272,0
0,-0.02690662836476848,0
0,-0.07347623139428244,0
0,-0.07388185661756713,0
0,-0.029835871858293284,0
0,-0.02008307862552844,0
0,0.08678045954000735,1
1,0.02045611042720885,1
0,-0.08457617489298913,0
0,-0.08339689896167962,0
0,-0.06893125184362725,0
0,0.05857992987808103,1
0,-0.08227908709737175,0
0,-0.02753229423820097,0
0,-0.06086693782463848,0
0,-0.03269716518136184,0
1,0.02371505908625493,1
0,-0.05118296101376535,0
1,0.02371505908625493,1
1,0.024838081071948515,1
0,0.06918529059506173,1
0,-0.07455679080964106,0
0,-0.07783417005552978,0
0,-0.06802635002807939,0
1,0.022607459467776425,1
0,-0.049396023951065404,0
0,0.100361652963736,1
0,-0.09907538069265048,0
0,-0.0549758934459868,0
0,-0.08706548336695796,0
1,-0.032950516717203004,0
1,-0.0499322641653242,0
0,0.007591229719404846,1
0,-0.06597476686688086,0
0,0.017975321253354548,1
1,-0.054172882228549823,0
0,0.02528935442551772,1
0,-0.04822809308222509,0
0,-0.07288566118215511,0
0,-0.06115786478061075,0
0,-0.08301722282329993,0
0,-0.06307258896733747,0
0,-0.04834009974529396,0
0,-0.06410389311221892,0
1,-0.031154028924512966,0
0,-0.0410987963701927,0
1,0.018642208242853675,1
0,-0.06921402778852576,0
0,0.05739318836849949,1
0,-0.049632443368975876,0
1,0.022108963122197567,1
1,0.016727081269584887,1
0,0.005145314980729676,1
0,0.03811334194818117,1
0,-0.0371869808262808,0
0,-0.027001630092674256,0
0,-0.08295967197694665,0
0,-0.055878065324668824,0
0,-0.05162347832103803,0
0,-0.04680398385741197,0
0,-0.06559020644248087,0
0,-0.06589249103923062,0
0,0.06160648306646044,1
1,0.018704360797310082,1
0,-0.053026930121906346,0
0,-0.06633956264565521,0
0,-0.07795041310692219,0
0,-0.050854574397962815,0
0,-0.06137627940328372,0
0,0.08678045954000735,1
1,-0.07593341469002407,0
0,0.08678045954000735,1
0,-0.0852251174099175,0
0,-0.06301845148112806,0
0,-0.07210325422948655,0
0,-0.09116491335208576,0
0,-0.08567775185513837,0
1,-0.0035920585190201693,0
0,-0.015230454225492185,0
0,0.002617455976516414,1
1,-0.03164230826171727,0
0,-0.06851270710484064,0
0,-0.05623661079672998,0
0,-0.08947252198169137,0
0,-0.0660401865355954,0
0,-0.05228289466447933,0
0,-0.053404677385220534,0
0,-0.08884107565023197,0
0,-0.04423888286437505,0
1,0.020788539663415317,1
0,-0.05131125577244228,0
0,-0.0639782535636364,0
0,-0.06588995402609621,0
0,-0.0700561468833864,0
0,-0.05508023288516967,0
0,0.02528935442551772,1
0,-0.05616186963588987,0
0,-0.07800304995844537,0
0,-0.050566999349394626,0
0,-0.05437472509904073,0
0,0.05739318836849949,1
0,-0.05828036084094257,0
0,-0.050068594041153436,0
0,-0.05702178843627986,0
0,0.017741737261288915,1
0,-0.05736198672431564,0
0,-0.06086693782463848,0
0,0.095379893261748,1
1,-0.03176982550220808,0
1,-0.03164230826171727,0
0,0.0373860253952738,1
0,-0.08501579234327966,0
0,-0.05304836945597968,0
0,-0.06644255325458959,0
1,0.02306593421792602,1
0,-0.03960152379130877,0
0,0.02279828273108153,1
0,-0.06442715573959962,0
0,0.03811334194818117,1
0,-0.06184709791469567,0
0,-0.060581150451810284,0
0,0.08678045954000735,1
0,-0.04765629655838649,0
0,-0.07829624698283294,0
0,-0.07873956819929412,0
0,-0.05690080537495812,0
0,-0.06633898097509805,0
0,-0.02744142274969097,0
1,0.029619340097468694,1
0,-0.05163951545674089,0
1,-0.03164230826171727,0
0,0.034919965002426334,1
1,0.02371505908625493,1
1,0.02306593421792602,1
0,-0.09055380556670733,0
0,-0.06405006825215859,0
0,-0.07207662305299589,0
0,0.09373893816060619,1
1,-0.0322605695030353,0
0,-0.06144796867997593,0
0,-0.058554627366198764,0
1,-0.030647237968585928,0
0,-0.0571068347095775,0
0,-0.05215339720388268,0
1,-0.0322605695030353,0
0,-0.05567913762459897,0
1,-0.032950516717203004,0
0,-0.0354280329098382,0
0,-0.046948647140311606,0
0,-0.08378613217689646,0
0,0.004414419393645286,1
1,-0.03192816777170354,0
0,-0.06913577680067956,0
0,-0.041914005367600926,0
0,0.006341681916341768,1
0,-0.013325585945443474,0
0,-0.03568187650865173,0
0,-0.05200365988404665,0
0,-0.07083196887418891,0
0,-0.08482448003423709,0
0,-0.06433915600426876,0
0,-0.053185672044361254,0
0,0.02528935442551772,1
0,-0.05333519201379949,0
0,-0.015724171142373844,0
0,0.14666219215207066,1
1,0.02306593421792602,1
0,-0.053026930121906346,0
0,-0.00053360649027967,0
0,-0.05987905665190235,0
0,-0.03795694169571484,0
0,-0.08903810817318264,0
0,-0.07968476390450241,0
0,-0.05797646683199764,0
1,-0.040319244249247155,0
0,-0.085938330328577,0
0,-0.06848799176416581,0
0,-0.025204304327396232,0
0,-0.08486713843724608,0
0,-0.033204221380671084,0
0,-0.0012591876965573068,0
1,-0.02944044479050989,0
0,-0.06566128870414323,0
0,-0.03940914456880107,0
0,-0.07500175315459623,0
0,0.022412348371600666,1
0,-0.023123970372826097,0
0,-0.053026930121906346,0
0,-0.06140357521292261,0
1,0.01751910108047583,1
0,-0.07890449880569805,0
0,-0.06396733458994575,0
0,-0.08001316398673963,0
0,-0.08526773820157574,0
0,0.06160648306646044,1
1,-0.04774455243833342,0
0,-0.0654129571519943,0
0,-0.06499733387485307,0
0,0.10953307899996445,1
0,-0.08786399512846099,0
0,-0.04142610446325612,0
0,-0.01593514790792372,0
0,0.10953307899996445,1
0,-0.05893018988838272,0
0,-0.036637293790018455,0
0,-0.050160455167125584,0
0,0.1801813140057853,1
0,-0.08869371214532284,0
0,0.12366360574922641,1
0,-0.0740517752474138,0
0,-0.0847857447297794,0
0,-0.041736264348626706,0
0,-0.07272153996723474,0
0,-0.04134864749898093,0
1,-0.02873745283878748,0
0,-0.07364421310428337,0
1,0.022108963122197567,1
1,0.02371505908625493,1
0,0.017644543973337035,1
0,-0.07458166947035,0
0,-0.054757780406742784,0
1,0.022696425743937598,1
0,-0.073598612376018,0
0,-0.06098649823174762,0
0,-0.05820907303253625,0
1,0.022108963122197567,1
0,-0.060344536617058075,0
0,0.095379893261748,1
0,-0.08264410773052949,0
0,-0.09014534009003583,0
0,-0.06499806538280412,0
0,-0.07576773022811378,0
0,-0.06445173273735666,0
0,-0.01463428159082647,0
0,-0.02798503307390826,0
0,-0.05737848473820417,0
1,-0.030647237968585928,0
0,-0.026737180688219342,0
0,-0.049415365081528884,0
0,-0.08665712102418671,0
1,0.022607459467776425,1
0,-0.05016589447158559,0
0,-0.022930967642363187,0
0,-0.054166295469109726,0
1,-0.004278574840516858,0
0,-0.029911174788407935,0
0,-0.08485984864520557,0
0,-0.08390881556373464,0
0,-0.026872538608509355,0
1,0.020882390501738124,1
0,0.07258919439274591,1
0,-0.052469823047355646,0
1,-0.04628498643836393,0
1,0.025584671548748772,1
0,-0.06916883626467124,0
0,-0.0876584349737568,0
0,-0.01857520693418596,0
0,-0.06813669022025459,0
0,0.05537221718785068,1
1,-0.031154028924512966,0
0,-0.05096178832307757,0
0,-0.033595545454986275,0
0,-0.013503439745755685,0
0,-0.07006469044558516,0
0,-0.06681477810900505,0
0,-0.04920295040206957,0
0,-0.03594321164032954,0
1,0.02371505908625493,1
0,-0.0656521491123957,0
0,0.008748911670394044,1
0,-0.03550807861767563,0
0,-0.030745043608247813,0
0,-0.0739547394380824,0
1,0.025563872707289437,1
1,-0.0380411451686673,0
0,0.03811334194818117,1
0,-0.056341843805395975,0
0,-0.0652938712320753,0
0,0.03811334194818117,1
0,-0.08851869537540352,0
1,-0.032950516717203004,0
0,-0.061193859758602975,0
0,-0.04473054399384957,0
0,0.02528935442551772,1
0,-0.07362736088305466,0
0,-0.06534407687204447,0
1,0.02057515205297411,1
0,0.08678045954000735,1
0,-0.08716860342470134,0
1,0.015769469932073177,1
0,-0.022537997810216814,0
0,-0.03395773599622537,0
0,-0.03351576949481916,0
0,-0.06294880516047535,0
0,-0.028384677185755935,0
0,-0.05206702580014738,0
1,-0.030647237968585928,0
0,-0.026657754075918527,0
0,-0.04998985194677297,0
1,-0.03176982550220808,0
0,-0.04822111782191418,0
0,-0.0526066612867756,0
0,-0.06274229545238696,0
0,-0.043203290368466374,0
0,-0.050770318703573014,0
0,-0.025353719110426443,0
0,-0.05687794560532289,0
1,0.022696425743937598,1
1,-0.03720544260515707,0
1,0.02362955767125552,1
0,-0.08475115118253601,0
0,-0.04410711175748294,0
0,-0.08606804484836578,0
0,-0.07019685341592213,0
0,-0.0766427434189072,0
0,-0.07645248718969094,0
1,0.028235936958997954,1
0,0.06918529059506173,1
1,0.022108963122197567,1
0,-0.04690753489692695,0
0,0.06160648306646044,1
0,-0.07359454348641015,0
1,0.025584671548748772,1
0,-0.03557678835108147,0
0,-0.058731436772399004,0
0,-0.06396096072804097,0
0,-0.089313716529902,0
0,-0.045641106879534654,0
0,-0.07023018807804676,0
0,-0.0639352545031856,0
0,-0.07476569687935586,0
0,0.07258919439274591,1
0,0.11226941501094456,1
0,-0.08116145074252373,0
0,-0.014706898835323057,0
1,0.018704360797310082,1
0,-0.0331121768415778,0
0,-0.059190961507477935,0
0,-0.05180801062941681,0
0,-0.06802962376405064,0
0,-0.07452576715800141,0
0,-0.06583268808304577,0
0,-0.057282723938382185,0
0,0.07695492620658073,1
1,-0.04052234142828626,0
0,-0.022410903004547567,0
0,-0.006160266498945799,0
0,-0.07978725881516274,0
1,0.02306593421792602,1
1,0.02371505908625493,1
0,-0.05523759470281209,0
1,-0.046260348672570284,0
0,-0.06916883626467124,0
0,-0.043091691484460626,0
0,0.1698449523654053,1
0,-0.049325686500568955,0
1,0.018704360797310082,1
0,-0.03208261038921412,0
1,0.02371505908625493,1
0,-0.03848433641682558,0
1,0.03709062047411382,1
1,-0.033923691086112207,0
0,-0.06102692896084183,0
0,-0.030682917296977363,0
0,-0.0737647894922216,0
0,0.1277019482508981,1
0,-0.06127734597859552,0
0,-0.07097427998675765,0
1,-0.0106562542076305,0
0,-0.06155569035883768,0
0,-0.058113560227532224,0
0,-0.08021635802385985,0
0,-0.0795404434596173,0
0,0.06794536244054294,1
0,0.08339975410058853,1
0,0.23565040100147439,1
0,-0.06016570486891082,0
0,-0.06506044133362521,0
0,0.06022390987781889,1
0,-0.05030400399052004,0
0,-0.07714733521723799,0
1,0.018704360797310082,1
0,-0.03594321164032954,0
0,-0.09579380845360913,0
0,-0.0684950524495247,0
1,-0.04268150328797782,0
0,-0.05147014720825349,0
0,-0.08202017532186173,0
0,0.017297945287523264,1
1,0.025605198364720194,1
0,-0.05056477273180893,0
0,-0.03882853080015736,0
0,-0.040650751010966935,0
0,-0.054554452714110246,0
1,0.02306593421792602,1
0,-0.0034395429791040932,0
0,-0.043837667810913805,0
0,-0.06317568411592189,0
1,0.016727081269584887,1
0,-0.06526826207836428,0
0,-0.07132157526790195,0
0,0.23876543113886417,1
0,-0.057203709232283906,0
0,-0.007794985329795168,0
0,0.0011429761418776385,1
0,0.002504114060451701,1
0,-0.06541883149115885,0
0,-0.05496012003688383,0
0,-0.05997145175711627,0
0,-0.09281693730253826,0
0,-0.05300212989360914,0
0,-0.04064214787535425,0
0,-0.06351399469724062,0
0,-0.06307258896733747,0
0,-0.040154312686384364,0
0,-0.068974462784828,0
1,0.022108963122197567,1
0,-0.07947359417509503,0
0,-0.034967294160724194,0
0,-0.04605568801661908,0
0,-0.02659431248289318,0
0,-0.06107837258076543,0
1,-0.049042259633438834,0
0,-0.05200365988404665,0
0,-0.06106496744014739,0
0,-0.07864875808378291,0
0,-0.07555112703090872,0
0,-0.0788461251311246,0
0,-0.04691772865369809,0
0,-0.06321551085900545,0
0,-0.023867850492687304,0
0,-0.040264886390193266,0
0,-0.06519350086417369,0
0,-0.0641041553941194,0
0,-0.06398913383783117,0
0,-0.0726884743778427,0
0,-0.07706113434973583,0
0,-0.02658653305031583,0
0,-0.05559399373952667,0
0,-0.06338513887877162,0
0,0.056305453992251286,1
0,-0.01957189600664777,0
0,-0.07991476246420537,0
0,-0.04622205456771267,0
0,0.012558436097433456,1
0,-0.07604090745262349,0
0,0.08678045954000735,1
0,0.017836537042729583,1
0,-0.04794597236207837,0
0,0.23876543113886417,1
0,-0.04434105351573969,0
0,-0.07984541601832024,0
0,-0.069515213726346,0
0,-0.020422479737605415,0
0,0.05501775060358416,1
0,0.06103257693129882,1
0,-0.017402848681296323,0
1,-0.05591348875509555,0
0,-0.055684626703475404,0
0,-0.023748178108270845,0
1,0.022108963122197567,1
0,-0.06378922636363443,0
1,0.037401548542095764,1
0,-0.08535786345570279,0
0,-0.052576403845566444,0
0,0.14666219215207066,1
0,-0.009395580693038141,0
0,-0.08807582911099171,0
0,-0.05472542897644389,0
0,-0.061193859758602975,0
1,-0.031154028924512966,0
0,-0.07565198422319147,0
0,0.02528935442551772,1
0,-0.05778986026590888,0
0,-0.054221440585235814,0
1,0.01398905107539461,1
1,0.026930789668465294,1
0,-0.08977722205380284,0
0,-0.06149606248661976,0
0,-0.07872711556880635,0
0,0.23876543113886417,1
0,0.11226941501094456,1
0,-0.05021559834973349,0
1,0.018704360797310082,1
0,-0.04985596077359156,0
0,-0.05600741767639583,0
0,-0.08512696839915357,0
1,-0.031154028924512966,0
0,-0.028683603219368525,0
1,-0.019228530575098324,0
0,-0.07951193321009103,0
0,0.02528935442551772,1
0,-0.023488644665266845,0
0,-0.023462727831561503,0
0,-0.06376718249153068,0
0,-0.00431655033723477,0
1,0.028235936958997954,1
0,-0.03556079667575529,0
1,0.022607459467776425,1
0,-0.08066337975238713,0
0,0.04547736428310001,1
1,0.028192167141234625,1
0,-0.07820448330552504,0
0,-0.08951033412330395,0
0,0.004383781041455093,1
0,-0.04145207491177766,0
1,0.02306593421792602,1
0,-0.061613552732757815,0
0,0.06669443791425067,1
0,0.047702795912689555,1
0,0.010921486306329276,1
0,0.08678045954000735,1
0,-0.07287209442216946,0
0,-0.05180801062941681,0
0,-0.07670765854696582,0
0,-0.08169176783431664,0
0,0.05739318836849949,1
0,-0.036224339377697534,0
0,-0.05583215137429037,0
0,-0.060202228757955445,0
0,-0.06991041885488092,0
1,0.018704360797310082,1
0,0.03811334194818117,1
0,-0.05609965549807827,0
0,-0.08118953385458672,0
0,-0.0840391992386117,0
1,0.02371505908625493,1
0,-0.037990880243544745,0
0,-0.05165808441647923,0
0,0.08678045954000735,1
0,-0.03319717862291682,0
0,-0.06718162783417114,0
0,0.06669443791425067,1
1,-0.03164230826171727,0
1,0.018704360797310082,1
0,0.00184647230050905,1
0,-0.0579938529257748,0
0,0.14666219215207066,1
1,-0.0322605695030353,0
0,-0.07464454654547414,0
0,-0.06884115474553737,0
0,-0.07447650693945279,0
0,-0.06098649823174762,0
1,-0.019459199116241277,0
0,0.06732215817731513,1
0,-0.06494709177460511,0
0,-0.055339119969730066,0
0,-0.056789248038147444,0
0,-0.024115816216387698,0
0,-0.0747795188986643,0
0,0.010609481192612513,1
0,-0.02528500227067726,0
0,-0.09155831411925586,0
0,-0.013559502076060492,0
0,-0.07319972247723655,0
1,-0.06071713101416576,0
1,0.02371505908625493,1
0,0.045263135093944085,1
0,-0.07325067133656993,0
0,-0.05612362858415848,0
0,-0.04437206991223147,0
0,0.014285635390554718,1
0,-0.07214146432022817,0
0,-0.05948086318478035,0
0,-0.05736198672431564,0
0,-0.031933070488904314,0
0,-0.06801203414869667,0
1,0.025584671548748772,1
0,-0.07736987384667199,0
1,0.022108963122197567,1
0,-0.05838730781741058,0
0,-0.08607335988783477,0
0,-0.05389253792098253,0
1,-0.013215934719592037,0
0,-0.04143032429749993,0
0,-0.06120569836345441,0
0,-0.05221260852234588,0
0,-0.09031767132660529,0
0,-0.055816768607506506,0
0,-0.041332775790289544,0
0,0.12521563920730783,1
0,-0.07412617751804818,0
1,-0.045926028890557524,0
0,-0.07161902327155745,0
0,0.06918529059506173,1
0,0.055729916168062665,1
0,-0.06519350086417369,0
0,-0.0771901798114531,0
0,-0.0858282594456074,0
0,-0.0660401865355954,0
0,-0.07989131469078598,0
1,0.020788539663415317,1
0,-0.06544440673348201,0
0,-0.02984226752587732,0
0,-0.051320683630532216,0
0,-0.05554447375118232,0
0,-0.0031716162243152213,0
0,-0.053026930121906346,0
0,-0.061285188420335035,0
0,0.10953307899996445,1
1,-0.030647237968585928,0
0,-0.07744389603507135,0
0,0.11226941501094456,1
0,0.01533166186231616,1
1,-0.02207767166662894,0
1,-0.02600190474166908,0
1,-0.03164230826171727,0
1,0.028235936958997954,1
0,-0.0170519227455605,0
1,0.026194684693887305,1
0,-0.06483140900085393,0
0,0.01368080020886464,1
0,0.06918529059506173,1
0,-0.07468964345028217,0
0,-0.0579771558967348,0
0,-0.0591156406460725,0
1,0.02371505908625493,1
0,-0.06571033752252453,0
0,-0.08025939361315004,0
0,-0.046871532924884496,0
0,-0.06481577946984735,0
0,-0.09717859201701934,0
0,-0.05687906656103742,0
0,0.07417600218863396,1
1,-0.05207468712808305,0
0,-0.06686526314456104,0
1,0.02045611042720885,1
1,-0.031154028924512966,0
0,-0.05359113740754634,0
0,-0.04060070541528321,0
0,-0.007542157491123802,0
0,-0.06164506537873948,0
0,-0.08767600853044877,0
0,-0.05694028423681652,0
0,0.019742592579500506,1
0,0.002504114060451701,1
0,0.002147441587028398,1
0,-0.056452989402856035,0
0,-0.020740410868764603,0
0,0.07695492620658073,1
0,-0.08704649709300771,0
0,0.08678045954000735,1
0,-0.06906350335063688,0
0,-0.06974698569207044,0
0,-0.058612790548178306,0
0,-0.08953775867414249,0
0,-0.036571989921300674,0
0,-0.06583646482642258,0
0,0.08339975410058853,1
1,-0.05998536921429609,0
0,-0.07596966132661837,0
0,-0.0014273241479415555,0
0,-0.051441183671039226,0
0,-0.07968251617327049,0
0,-0.05676769401256598,0
0,0.05486014006246431,1
0,-0.10057759792396043,0
0,0.01496599551454103,1
1,-0.0322605695030353,0
0,-0.05661303199015322,0
1,0.02362955767125552,1
1,-0.04576765985623643,0
0,-0.08065695719482324,0
0,-0.04894351652709095,0
1,-0.031154028924512966,0
0,-0.08878327884775433,0
0,-0.021770744829322064,0
0,-0.062491482209670435,0
0,0.0034809129859803,1
0,-0.0820642601103434,0
1,0.025584671548748772,1
1,0.018704360797310082,1
0,0.010715907388537338,1
0,-0.06343550942776804,0
1,0.026194684693887305,1
0,0.032396032284765064,1
0,-0.08759050609862612,0
0,-0.05464993199120782,0
0,-0.039029268267160744,0
0,-0.023749227015102292,0
0,0.17339980947790457,1
0,-0.09186888383478325,0
0,-0.03749941079411262,0
0,-0.06096596379773689,0
0,-0.07865579128387629,0
0,-0.06251579260783358,0
0,0.09373893816060619,1
0,-0.025169101876494016,0
0,-0.04749206694187319,0
0,-0.0722017935211603,0
0,-0.05391860475978,0
0,-0.06990735206108994,0
0,-0.04980965798027842,0
1,0.01751910108047583,1
1,-0.019131781429797823,0
0,-0.05671823159693279,0
0,0.05739318836849949,1
0,-0.0376923448208884,0
0,-0.04928272459620886,0
0,-0.0853600449961906,0
0,-0.08630114361878466,0
0,-0.08062672489318262,0
1,0.02306593421792602,1
0,-0.0759947916070941,0
0,0.23581633004298908,1
0,0.18048818412117196,1
0,-0.022783641128833687,0
0,-0.07941872408605477,0
0,-0.0656292539871528,0
0,-0.05359113740754634,0
0,-0.08493251666814466,0
0,-0.05439717168569652,0
1,-0.0322605695030353,0
1,-0.027998955877957032,0
0,-0.07408663640546775,0
0,-0.011934277971493934,0
0,-0.06336810809095123,0
0,-0.03901038032198878,0
0,0.012884091206898263,1
0,-0.05508128866163864,0
0,-0.08013856121904189,0
0,-0.0735361271384698,0
1,0.02306593421792602,1
0,-0.06381339678305264,0
0,-0.03867060297660624,0
0,-0.050797923676479284,0
0,-0.0816610787894636,0
0,-0.06554850053578343,0
0,-0.07274312206363776,0
0,-0.08444878154182328,0
0,0.08678045954000735,1
0,-0.05359329005871999,0
0,-0.08662904808090882,0
0,-0.06574069288686307,0
0,-0.0577523269998626,0
0,-0.07662726564301409,0
0,-0.08568235516802675,0
0,0.03797613811611278,1
0,-0.09268478591767304,0
1,-0.030647237968585928,0
0,-0.05228289466447933,0
0,-0.08180428633823283,0
0,-0.07124400565957911,0
0,-0.0577214264915345,0
0,-0.08519421211070083,0
0,-0.07857127374371359,0
0,-0.05412432603664713,0
0,0.02528935442551772,1
0,-0.06272541727882408,0
1,-0.0490802580240729,0
0,-0.09330194676252435,0
0,-0.05496012003688383,0
1,0.02371505908625493,1
1,0.022696425743937598,1
0,-0.07654048992078533,0
0,-0.06606907271683482,0
1,0.028192167141234625,1
0,-0.08002423255413776,0
1,0.022108963122197567,1
0,-0.06225441711543939,0
0,-0.07446161056942013,0
1,-0.03176982550220808,0
0,0.06160648306646044,1
0,0.05537221718785068,1
1,0.02371505908625493,1
0,-0.018782588572065606,0
1,0.025584671548748772,1
0,-0.07996980939114712,0
0,0.03110844674348401,1
0,-0.06106496744014739,0
1,-0.028218878361474575,0
0,0.08678045954000735,1
0,-0.07614758017332929,0
1,-0.028186054303416253,0
0,-0.009302878321854835,0
1,-0.034549896466211205,0
0,-0.047658519891391415,0
0,-0.0452489033398325,0
1,0.022108963122197567,1
0,-0.06186033893826548,0
0,-0.04247680039146057,0
0,-0.06615307649664987,0
0,-0.05790608420852028,0
1,0.02306593421792602,1
0,-0.08125917476732847,0
0,-0.06275305673852538,0
0,-0.06000589499349129,0
0,-0.08111101939969101,0
0,0.06918529059506173,1
0,-0.03529474388351683,0
0,-0.028124592988705288,0
0,-0.056789248038147444,0
0,-0.006805776259285079,0
1,0.031993680631664856,1
1,0.022108963122197567,1
0,-0.036319743742594224,0
0,-0.06106496744014739,0
0,-0.08975771414426242,0
0,-0.06239006044532047,0
0,-0.06376718249153068,0
0,-0.052594087907786635,0
0,0.09095514152420381,1
0,-0.039888004978613334,0
0,0.05739318836849949,1
0,-0.04163282415264019,0
0,0.02528935442551772,1
0,0.06669443791425067,1
0,-0.0715976049522184,0
0,-0.06411317968781588,0
0,-0.03923081496453723,0
1,0.02251581758792809,1
0,0.03130142557315574,1
0,-0.06916883626467124,0
1,0.020788539663415317,1
0,-0.08281309472844062,0
0,-0.05269447543697897,0
0,0.03811334194818117,1
0,-0.06368535327239366,0
0,0.14666219215207066,1
0,-0.0632784651504616,0
0,-0.03548604108377035,0
0,0.11226941501094456,1
1,-0.031154028924512966,0
0,-0.09213686699475943,0
0,0.002680745479857416,1
0,0.02528935442551772,1
0,-0.04141905253300876,0
0,-0.06478115627843334,0
0,-0.059237141614849165,0
0,-0.05496506158279063,0
0,-0.04110448219616203,0
0,0.06669443791425067,1
1,0.02371505908625493,1
0,0.015281940328398247,1
0,0.23565040100147439,1
1,-0.03273164708256315,0
0,-0.07477594503083645,0
0,-0.03960152379130877,0
0,-0.05488875771215679,0
0,-0.07959748461525173,0
0,-0.05076715495845152,0
0,0.08339975410058853,1
0,-0.07865234876666927,0
0,-0.041345443857772224,0
0,-0.07913139739699293,0
1,0.022696425743937598,1
0,-0.0776872871129109,0
0,-0.04073952912828693,0
0,0.22642267889811363,1
0,-0.07579070320119718,0
0,-0.062095200207989754,0
0,-0.0847394713969789,0
0,-0.027772670111275988,0
1,-0.008705138643201882,0
0,-0.013579827204011963,0
0,-0.09381725197347646,0
0,-0.019281683904617042,0
0,-0.055679343897666045,0
0,0.02528935442551772,1
0,-0.0628116731326982,0
0,-0.07747158915457608,0
0,0.05388420866026544,1
0,-0.023413235192927817,0
0,-0.08291470307462429,0
1,0.02371505908625493,1
0,-0.00823575438322971,0
1,0.022607459467776425,1
0,-0.07255674423650338,0
0,-0.025982214133041193,0
0,-0.0637003219404586,0
0,-0.08652990579524944,0
0,-0.08800822174576411,0
0,-0.07162091881463312,0
0,-0.06923143147088295,0
0,-0.06803317269417436,0
0,-0.07141036135171897,0
1,0.02371505908625493,1
0,-0.05993363876176183,0
0,-0.058587201670020295,0
0,-0.049796789671198494,0
0,-0.06650042179626725,0
0,-0.03213167841545278,0
0,-0.005064129646955129,0
0,-0.05998902616435259,0
0,-0.05585032846993454,0
0,-0.053026930121906346,0
0,-0.07263980194030717,0
0,-0.08275174332695695,0
0,-0.06429149534553791,0
0,-0.031274526264632674,0
0,0.0104897627761813,1
0,-0.09031663015382008,0
0,0.19182813859210623,1
0,-0.06572720604204096,0
1,-0.030647237968585928,0
0,-0.026931144740857726,0
0,-0.03135541703505279,0
0,-0.060202228757955445,0
0,-0.06851682786228219,0
1,-0.01452937739195126,0
0,-0.029036031487272462,0
0,-0.06381339678305264,0
0,-0.08056558579285383,0
0,-0.09185021778302682,0
0,-0.02343945435586442,0
0,0.03861584160620535,1
0,-0.06571033752252453,0
0,-0.08016580200580936,0
0,-0.0645752488130521,0
0,-0.06343550942776804,0
0,-0.03444596346141454,0
0,0.08678045954000735,1
0,-0.07701621298468592,0
0,0.100361652963736,1
1,0.020788539663415317,1
0,-0.07414188700421254,0
0,-0.037071566905071573,0
0,-0.024776517886257565,0
0,-0.05071573330091139,0
0,-0.08685738210146365,0
0,-0.04730958492160148,0
0,-0.09339672761450662,0
1,-0.08884665291583621,0
0,-0.06725941792398155,0
0,0.06669443791425067,1
0,-0.05016589447158559,0
0,-0.08106422048443024,0
0,-0.0663572125520947,0
0,0.100361652963736,1
0,-0.06604601370224783,0
0,-0.053310048832608314,0
0,-0.06751595635668184,0
1,-0.041606109227592614,0
0,-0.060220317841182924,0
0,-0.03338387573761331,0
0,-0.016851858442934076,0
0,0.0602701945154106,1
0,-0.08336496059154713,0
1,0.02371505908625493,1
1,0.02306593421792602,1
0,-0.03507381025563033,0
1,-0.03164230826171727,0
0,0.10953307899996445,1
1,-0.050313730319410666,0
0,-0.016004379095831855,0
0,-0.05813922092297619,0
0,0.18002793084631852,1
0,0.04204840908362484,1
0,-0.07947644295314993,0
0,-0.06491845098643728,0
0,-0.020313205196889117,0
1,-0.023612325619331465,0
0,0.08678045954000735,1
1,0.009665548766679688,1
0,0.14666219215207066,1
0,0.14666219215207066,1
1,-0.04711049074024298,0
0,-0.038751405858288956,0
0,-0.05138134280596607,0
1,-0.050313730319410666,0
1,0.038518395589106524,1
0,-0.08728967797731035,0
0,-0.059396271968050585,0
0,0.06160648306646044,1
1,0.018704360797310082,1
0,-0.06032178414445999,0
0,-0.017953255487587583,0
0,-0.06357384502817848,0
0,-0.07477727922467309,0
0,-0.06389926913637534,0
1,0.02306593421792602,1
0,-0.08433201599584228,0
0,-0.07719663564211554,0
0,-0.07812730535131335,0
0,-0.018230026524583887,0
0,0.05739318836849949,1
0,-0.08311818050682784,0
0,-0.08709391751200046,0
0,-0.06595682660578656,0
0,-0.06400926782171351,0
0,-0.009066817445948894,0
0,-0.08021524086646681,0
1,0.01751910108047583,1
0,-0.04367271804594297,0
0,0.06918529059506173,1
0,-0.05784016280878024,0
1,-0.057914444766100026,0
0,-0.08837159383438908,0
0,-0.023344546840094293,0
0,-0.06485549027344689,0
1,-0.0322605695030353,0
0,-0.021616378056217134,0
0,-0.026889716245241835,0
0,-0.06911411647893922,0
0,0.04021469586998405,1
0,0.06918529059506173,1
1,0.0037536654975146577,1
0,0.02528935442551772,1
1,-0.047209988967431005,0
0,-0.0768979058037082,0
0,-0.0894864088657445,0
0,0.03811334194818117,1
0,-0.03456828840011761,0
0,-0.06157931058027305,0
0,-0.06285207477402421,0
1,0.022108963122197567,1
0,-0.00738359892417062,0
0,0.016322609978996927,1
0,-0.06355617827280402,0
1,0.020882390501738124,1
0,-0.07313715880308563,0
1,-0.0322605695030353,0
0,-0.08689467299997833,0
0,-0.060463009509692744,0
0,-0.05057316892339758,0
0,-0.06213056433755143,0
0,-0.08334219139080579,0
0,-0.07776213398914744,0
0,-0.04892239090742395,0
0,-0.06317568411592189,0
1,-0.032896820763048285,0
1,-0.03164230826171727,0
0,0.14666219215207066,1
0,-0.025718008627298172,0
1,-0.045398931648255814,0
0,-0.06400281457571666,0
0,0.02528935442551772,1
0,-0.059190961507477935,0
0,-0.09525686935536465,0
0,0.03373302779365295,1
0,-0.07311656204468125,0
0,-0.05642125357170913,0
0,0.05739318836849949,1
0,0.04413129695280815,1
0,-0.054166295469109726,0
0,-0.06279269575949098,0
0,0.0263676096726414,1
0,-0.08250211936373436,0
0,-0.057221552044331214,0
0,0.018348246976318094,1
0,0.02528935442551772,1
0,0.11226941501094456,1
0,-0.0499051214543903,0
0,0.05739318836849949,1
0,-0.0992028750978145,0
0,-0.06234482078502812,0
1,0.024667855401208638,1
1,-0.0707916894710024,0
0,0.095379893261748,1
0,-0.03038903990534847,0
0,0.06160648306646044,1
1,0.022607459467776425,1
0,-0.02552092091141478,0
0,0.100361652963736,1
0,-0.06570415585452832,0
0,-0.07354481650978978,0
0,-0.05559399373952667,0
0,-0.08065766692317727,0
0,-0.0932531309788246,0
0,-0.08720453769855763,0
0,0.06160648306646044,1
0,0.03811334194818117,1
0,-0.05709875337009568,0
0,-0.021498493052729828,0
0,-0.0861525209668742,0
0,0.05104092948474892,1
0,-0.07670758850647208,0
1,-0.012367182742394844,0
1,0.02220400802700684,1
0,-0.08342002601995668,0
0,0.08678045954000735,1
0,-0.06141698403968132,0
1,-0.019742164961919828,0
0,-0.040138512632769685,0
0,-0.03287879894961232,0
0,-0.07528117536250811,0
0,-0.0717123215606944,0
0,0.11226941501094456,1
0,-0.06866935217350761,0
0,-0.08176474186884147,0
1,-0.004693435546555602,0
0,-0.06059382580532563,0
0,-0.01450649598088577,0
0,-0.07915690053928087,0
0,-0.010010365514658337,0
1,0.012957660227582712,1
0,0.03811334194818117,1
0,-0.08831204654235625,0
0,-0.04880343513149599,0
1,0.02045611042720885,1
0,0.1801813140057853,1
0,-0.0806006146371524,0
0,-0.05959863922733005,0
0,-0.07140039726777164,0
0,-0.07639114660868657,0
0,-0.08372268662366261,0
0,-0.05280839343592608,0
0,-0.06219182414687774,0
0,-0.05746132673840315,0
0,-0.05652128206146401,0
0,0.0200778674944444,1
1,0.01751910108047583,1
0,-0.0688132278644416,0
0,-0.07891559262040232,0
0,-0.07589133122932912,0
1,0.02251581758792809,1
1,0.022607459467776425,1
0,-0.04057745287133496,0
0,-0.043501715313824074,0
0,0.06918529059506173,1
0,-0.06413119893528635,0
0,-0.0605313495376999,0
0,-0.005391318629877184,0
1,0.018704360797310082,1
0,-0.03375165600399627,0
0,0.017836537042729583,1
0,-0.0692804150608381,0
0,-0.08266021247677674,0
0,-0.06491801375861883,0
0,0.05657173862260623,1
0,0.08678045954000735,1
0,-0.07744691658371633,0
0,-0.03785125718711285,0
0,-0.0361666705155792,0
0,0.08339975410058853,1
0,-0.07533610334579588,0
0,-0.05236101787926173,0
0,-0.06465320839942268,0
1,0.018704360797310082,1
0,-0.0577214264915345,0
0,0.08678045954000735,1
0,-0.022599260163138346,0
0,0.08339975410058853,1
1,0.025605198364720194,1
0,-0.0804762769500485,0
1,0.0027185270544439755,1
0,-0.08739605673775253,0
1,0.022696425743937598,1
0,-0.0717651693316001,0
1,0.02251581758792809,1
0,-0.04501324034820231,0
0,-0.05378803503431978,0
1,-0.03164230826171727,0
1,0.020882390501738124,1
0,-0.08198331771964529,0
1,0.015769469932073177,1
0,-0.05005785708611804,0
0,-0.03885541895775563,0
1,0.018704360797310082,1
0,-0.02557573077301023,0
0,-0.07057824319355288,0
0,-0.05127454518506358,0
1,-0.05826896808872167,0
0,0.05739318836849949,1
0,0.03983692258528704,1
0,-0.07483184123973019,0
1,-0.07660501617631854,0
0,-0.058990070532572436,0
0,-0.051700449128564696,0
0,0.02528935442551772,1
1,-0.03502678438526008,0
0,-0.06086693782463848,0
0,-0.055146875765928416,0
0,-0.08046294114607927,0
0,-0.06668793531299755,0
0,-0.05667802697603613,0
0,-0.06866645666634241,0
0,-0.0650954284298384,0
0,-0.004892594621291102,0
0,-0.06148681859311128,0
0,0.09373893816060619,1
1,-0.0322605695030353,0
1,-0.045803348100430574,0
0,-0.03553031748167457,0
0,-0.055384585696606814,0
0,0.007884585802365618,1
0,0.05509354773431985,1
0,-0.07163710578217936,0
0,-0.061181414468531536,0
0,-0.05978408655758283,0
0,-0.05790608420852028,0
0,-0.07527721249657382,0
0,-0.037007755341380844,0
0,-0.06212772925398774,0
0,0.1801813140057853,1
0,-0.030962065497435076,0
0,-0.07244809646922884,0
0,-0.08620103018476005,0
1,-0.041990419310296734,0
0,-0.06445110251568864,0
0,0.0027941272358815716,1
0,-0.041529514409248514,0
0,-0.014722345590086616,0
0,-0.06321551085900545,0
1,0.02371505908625493,1
0,0.004173193499868,1
0,-0.06491845098643728,0
0,-0.03892529438013692,0
0,-0.07889003829406016,0
0,0.0027941272358815716,1
0,-0.04579837790120622,0
1,-0.012201513654449048,0
0,-0.03118772984319018,0
0,-0.09165397899399985,0
0,-0.0894609504735227,0
0,0.02528935442551772,1
0,-0.06563728595829127,0
0,0.03811334194818117,1
0,-0.0760558964380012,0
0,-0.0384205158604049,0
0,-0.02695144084578499,0
0,0.05370018985219216,1
0,0.002301000446462642,1
1,0.02371505908625493,1
0,-0.06919113295805518,0
0,0.11729036897954181,1
0,-0.08577235289403179,0
0,-0.03559020124848927,0
0,-0.07994366122287322,0
0,-0.07247173125135165,0
0,-0.08316675445285998,0
0,0.05532321383488381,1
0,-0.0847613836671065,0
0,-0.014693829721454776,0
0,-0.025051618873940418,0
0,-0.053404677385220534,0
0,-0.024357855464038736,0
0,-0.033411353358294094,0
0,0.02528935442551772,1
0,-0.03435709966788969,0
0,-0.058522527889718734,0
0,-0.007290697490674181,0
0,-0.038920211246429304,0
0,-0.07815275963500556,0
0,-0.00783142912462692,0
1,0.02371505908625493,1
0,-0.05652128206146401,0
0,-0.04264641982999745,0
1,-0.007162378124886515,0
0,-0.06540827236525043,0
0,-0.06019128188514716,0
0,-0.08028960068472618,0
1,0.024667855401208638,1
0,-0.05127454518506358,0
0,0.08678045954000735,1
0,-0.07856785604441952,0
0,-0.0850522051645849,0
0,-0.06916883626467124,0
1,0.029619340097468694,1
0,0.011517785954461957,1
0,-0.040949349139418834,0
0,0.06669443791425067,1
0,0.04178710227797788,1
0,0.01740383036535542,1
0,-0.05667802697603613,0
0,-0.07501295553958465,0
0,-0.07672489461846105,0
0,-0.054796799267783136,0
0,-0.03892529438013692,0
0,0.018465162603189866,1
1,-0.07387734610723262,0
1,0.020788539663415317,1
0,-0.056344548779362014,0
0,-0.04120184932004778,0
0,-0.06255327017076784,0
0,-0.04958658997178239,0
1,0.018704360797310082,1
0,-0.06092309729663681,0
0,0.02528935442551772,1
0,0.03811334194818117,1
0,-0.024435759541756197,0
0,-0.06340352173025937,0
0,-0.06523361037545772,0
0,-0.025743107856803227,0
0,-0.015375527191967275,0
0,-0.03814631295091786,0
0,-0.07689673112372442,0
1,0.07326408003163831,1
0,-0.07256907543380164,0
0,-0.049672005165213695,0
0,-0.0539346546074132,0
0,-0.05320929603569474,0
0,0.05102494775031219,1
0,-0.022458599771338295,0
0,-0.05702178843627986,0
0,-0.055009083353701194,0
0,-0.07433766228855426,0
0,0.2294107931864261,1
1,-0.017394085564835793,0
0,0.05739318836849949,1
0,-0.06688826985424373,0
0,-0.02991320625814231,0
1,-0.0322605695030353,0
0,-0.03468065326393832,0
0,-0.08078738501615346,0
1,-0.031154028924512966,0
1,-0.0322605695030353,0
0,-0.059904566918925595,0
0,0.05739318836849949,1
0,-0.061741186538515846,0
1,0.02371505908625493,1
0,0.12521563920730783,1
0,-0.0321709608323274,0
0,-0.0696820563605316,0
1,0.028235936958997954,1
1,-0.01131074785328523,0
0,-0.057478136443982475,0
0,-0.07930305998121978,0
0,-0.06290537189858747,0
0,0.012590747022165782,1
0,-0.07154879099977679,0
0,0.06174128809926949,1
0,-0.06533109885128435,0
0,0.03811334194818117,1
0,-0.07964296373984947,0
0,-0.07284232066470137,0
0,-0.07091449345773998,0
1,-0.038939805147637396,0
0,-0.05282057055666595,0
0,-0.07032655675225169,0
0,-0.06084360889688345,0
1,0.020788539663415317,1
0,0.05739318836849949,1
1,0.02371505908625493,1
1,-0.04053160010150508,0
0,-0.04960754742550649,0
0,0.10554632086192439,1
0,0.0061133441817851075,1
0,-0.06561238166287092,0
0,-0.04171856099342364,0
0,-0.05818737138474028,0
0,-0.06040702560806804,0
0,-0.08040605539379048,0
0,0.09373893816060619,1
0,-0.06848799176416581,0
1,0.05108316868887108,1
0,-0.04020134781294371,0
0,-0.06142408917903791,0
0,-0.00084148908247067,0
0,-0.027702100362887838,0
0,0.05102494775031219,1
1,0.02371505908625493,1
0,-0.05633219434542519,0
0,0.03811334194818117,1
0,-0.05516610563642632,0
1,0.02306593421792602,1
0,-0.089603412077564,0
0,0.10953307899996445,1
1,0.01751910108047583,1
1,-0.031154028924512966,0
0,-0.06518834264527867,0
0,-0.06521481023258513,0
0,-0.05327945970518949,0
0,0.08339975410058853,1
0,-0.038720317058492715,0
0,-0.08139911322604915,0
1,-0.05471970672180376,0
0,0.110105966627425,1
0,-0.08533411902733379,0
0,-0.05485602234575382,0
0,-0.06728280446399837,0
0,0.01705388041338829,1
0,-0.05559205945941209,0
0,-0.06892478746620095,0
0,-0.01633244632035241,0
0,-0.07884588128348957,0
1,-0.008112781884342335,0
0,-0.08975042045326614,0
1,0.02015090741479164,1
0,0.03811334194818117,1
0,-0.08656579658966412,0
0,0.05638917822499867,1
0,-0.0542511376983687,0
0,-0.03736510592395359,0
0,-0.05620037157199642,0
1,-0.0322605695030353,0
1,-0.04748836903657089,0
0,-0.05180801062941681,0
0,0.05739318836849949,1
0,-0.052663463086466744,0
0,-0.056950199757362374,0
0,-0.02978091415998918,0
0,0.06160648306646044,1
0,-0.0007129714547595145,0
0,-0.033965379537443274,0
0,-0.06526826207836428,0
0,-0.0505591702902039,0
0,-0.07830843783731634,0
1,0.0012987840658619243,1
0,-0.0706542629709414,0
0,-0.06483386738010533,0
0,-0.0666898688254498,0
0,-0.06481640168198011,0
1,0.060364206532689924,1
0,-0.061006740133166315,0
0,-0.0899573455132619,0
0,-0.015907074670992005,0
0,-0.0057682071532127455,0
0,-0.05009277461810058,0
0,-0.053814632130397166,0
1,0.02371505908625493,1
0,-0.06650510085595324,0
1,0.018704360797310082,1
0,0.06160648306646044,1
0,-0.08099565931674568,0
0,-0.07779518058901574,0
0,-0.04148148717830413,0
0,-0.023087437177300996,0
0,-0.06829331111500442,0
0,0.05573878902164742,1
0,0.02980301315303535,1
0,0.1277019482508981,1
0,-0.07181276444318907,0
0,0.095379893261748,1
0,-0.015682858682280254,0
0,-0.061148765074744094,0
0,-0.06911411647893922,0
0,0.04123751039657664,1
0,-0.0714250175513444,0
0,-0.05310354008279905,0
1,0.018704360797310082,1
0,-0.07558460325156546,0
0,-0.05561991031221286,0
1,-0.04671115627219086,0
0,-0.053404677385220534,0
0,-0.009090272395063048,0
0,-0.032099250749943076,0
0,-0.04650919284340599,0
0,-0.06768759528711404,0
0,0.023767426090097743,1
0,-0.07046618536548899,0
0,-0.047368676966568934,0
0,0.05102494775031219,1
0,-0.0732557058777466,0
1,0.016727081269584887,1
0,0.14666219215207066,1
0,-0.089803424286932,0
0,-0.06587310967255211,0
1,-0.03408874564008341,0
1,-0.005388160843452172,0
0,-0.007850388485709792,0
0,-0.06148702153294805,0
0,-0.06773031135878665,0
0,-0.06606907271683482,0
0,-0.06526826207836428,0
1,-0.0322605695030353,0
0,-0.05234037198519209,0
0,-0.049796789671198494,0
0,-0.038517078139108374,0
1,0.018704360797310082,1
0,0.014766140434065433,1
0,-0.06421470265036439,0
1,0.02371505908625493,1
1,-0.044758896783202384,0
1,0.02371505908625493,1
1,-0.04046441050884103,0
0,-0.07173485295176935,0
0,-0.08318156691828626,0
0,-0.07144662740848284,0
0,-0.06643391580772479,0
0,-0.05366651420643326,0
0,-0.030324237240036522,0
0,-0.06086693782463848,0
1,-0.030647237968585928,0
0,-0.06106496744014739,0
0,-0.0577214264915345,0
1,0.02251581758792809,1
0,0.006341681916341768,1
0,-0.04993705283562644,0
0,0.014550831827426336,1
1,0.0280410920040709,1
0,-0.08490712386583071,0
0,-0.08503419373659821,0
0,-0.05176057994628075,0
1,0.02306593421792602,1
0,-0.029728939487090267,0
0,-0.07893033142972172,0
0,-0.07622899299322339,0
0,-0.07767736163943134,0
0,-0.07262267325310351,0
0,-0.04148148717830413,0
0,-0.04444189635394691,0
0,-0.057282723938382185,0
0,-0.0783732783185293,0
0,-0.06336413691645337,0
0,-0.0391823571231561,0
0,-0.07501684729799885,0
0,0.012417451227940246,1
1,-0.030647237968585928,0
0,-0.053435916420749185,0
1,0.025605198364720194,1
0,-0.06867665351298874,0
0,0.1277019482508981,1
0,-0.05473139934532384,0
0,-0.06808913824865803,0
0,-0.031595900958853396,0
0,-0.06562400849808647,0
1,0.016727081269584887,1
0,0.14666219215207066,1
1,-0.0322605695030353,0
1,-0.06223607861483521,0
0,-0.06767973515160475,0
1,-0.0322605695030353,0
0,0.06918529059506173,1
0,-0.014321858920625374,0
0,-0.0850809661147004,0
0,0.12521563920730783,1
0,-0.04961855885055433,0
0,0.002397488127674152,1
0,-0.04090910099533862,0
1,-0.05597698190175188,0
0,-0.018076735663191512,0
0,0.095379893261748,1
0,0.018237671017782953,1
1,-0.05299648546921737,0
0,0.0011260615612916913,1
1,0.020432203207398136,1
0,-0.06953637489237474,0
0,-0.020970267269885656,0
0,0.02528935442551772,1
0,-0.06645749227297953,0
1,-0.0626405959980656,0
0,-0.038789841198798025,0
0,-0.05665300951414881,0
0,-0.09061795809214113,0
0,-0.07169965916909982,0
0,0.05775987405818683,1
0,-0.059775380766587505,0
1,-0.030647237968585928,0
1,-0.04036543788249969,0
0,-0.08693328368133563,0
0,-0.06595682660578656,0
0,0.1801813140057853,1
0,0.06918529059506173,1
0,-0.06671422051657983,0
0,-0.07987738059710614,0
0,-0.05817843259148431,0
0,-0.054725103458609925,0
0,-0.054061475289783334,0
0,-0.04706417202825702,0
0,-0.08838291082895938,0
0,0.10953307899996445,1
0,0.05739318836849949,1
0,-0.02409131808291004,0
1,0.020788539663415317,1
1,0.01751910108047583,1
0,-0.05043763129034173,0
0,-0.0590915351751487,0
0,-0.07726987649580264,0
1,-0.064581199928742,0
0,0.08678045954000735,1
1,0.02251581758792809,1
0,0.02528935442551772,1
0,-0.009170399892362624,0
0,-0.005596343335403764,0
0,0.1277019482508981,1
1,-0.05203205040184905,0
0,-0.05433750791650915,0
0,0.024750933832747735,1
0,-0.07789245614949569,0
1,0.02371505908625493,1
0,-0.06794569526721878,0
0,-0.029952509508651748,0
0,0.1277019482508981,1
0,-0.08244927879422892,0
0,-0.07340436517459259,0
0,-0.061193859758602975,0
1,0.02251581758792809,1
0,-0.05505608811612367,0
1,-0.03176982550220808,0
0,-0.08376821650950356,0
0,0.003855758454008096,1
0,-0.07531471698449538,0
1,0.01751910108047583,1
0,-0.04602699447105335,0
0,-0.08802601878007316,0
0,-0.059704420177279005,0
0,-0.04197300166247975,0
0,-0.053499260599967735,0
0,-0.039637719519308445,0
1,0.018704360797310082,1
1,-0.03164230826171727,0
0,-0.024911038079042935,0
0,-0.03594321164032954,0
0,-0.023175628172224905,0
0,0.05739318836849949,1
0,-0.055384585696606814,0
0,-0.0410987963701927,0
0,-0.08322118998146422,0
0,0.08339975410058853,1
0,-0.08404340340162453,0
1,-0.00420185070536655,0
0,-0.06720061683569906,0
0,-0.020733208496254596,0
1,0.02306593421792602,1
0,0.008508957844283294,1
0,-0.0650954284298384,0
0,-0.05237979864741199,0
0,-0.01778620985901813,0
0,-0.06812266056297339,0
0,0.13552809710118985,1
0,0.05739318836849949,1
0,-0.05175763884265916,0
1,0.02306593421792602,1
0,-0.04143243921492551,0
0,-0.048568092256905004,0
0,-0.05220312607083766,0
0,0.013139810204842228,1
0,-0.0753939904108124,0
0,-0.08260666147275009,0
1,-0.046716883070824555,0
0,-0.06760497810621902,0
0,-0.0737435964249038,0
0,-0.06343550942776804,0
0,-0.059022457370494164,0
0,-0.0220097995833467,0
0,-0.06689627476782822,0
0,0.002714004446100371,1
0,0.0024284077940309734,1
0,0.095379893261748,1
0,0.02528935442551772,1
0,-0.047446964172513484,0
0,-0.042781540481188485,0
0,0.05739318836849949,1
0,-0.06814371598579316,0
1,0.018642208242853675,1
0,0.04064379598686052,1
0,-0.08287562730681541,0
0,-0.03015963713442288,0
0,-0.08257019537655058,0
0,0.06200708582793846,1
0,0.06160648306646044,1
0,-0.06407706181387846,0
0,0.10953307899996445,1
0,-0.07776912360545063,0
0,0.095379893261748,1
0,-0.06442158969163209,0
0,-0.05450967587522115,0
0,-0.07021735673012303,0
0,-0.07497720940378788,0
0,-0.057705193112600583,0
1,0.02251581758792809,1
0,0.13191216922845872,1
0,-0.05416203591742713,0
0,-0.052242630855509176,0
1,0.027112380748165688,1
0,0.024823825223009743,1
0,-0.08203919276254007,0
0,-0.06301845148112806,0
0,-0.0686532026111672,0
0,-0.024254779174344265,0
1,0.02306593421792602,1
0,0.05721896466801135,1
0,-0.08951385418503938,0
0,-0.020801938396035058,0
0,-0.07817389961406696,0
0,-0.05246196196573444,0
0,-0.08690971525248309,0
0,-0.050229471936075576,0
0,0.06918529059506173,1
1,-0.06992337328676113,0
0,-0.061193859758602975,0
0,-0.013843318331745236,0
1,0.01751910108047583,1
0,-0.05730356127567238,0
0,-0.07334841312149204,0
0,-0.0878553691649282,0
0,-0.06523305745275365,0
0,0.06160648306646044,1
0,-0.018084624543670436,0
0,-0.07813039229219448,0
0,-0.07927497108197534,0
0,-0.07546080112653997,0
1,-0.007401450094732864,0
0,-0.0363616554995862,0
0,-0.016531423831224246,0
0,-0.007926348787467952,0
0,-0.05963054166444148,0
1,0.025584671548748772,1
0,0.09373893816060619,1
0,-0.052789029753679995,0
0,-0.06647432479802173,0
0,0.026527491799019587,1
0,-0.08377878035852743,0
1,-0.02207767166662894,0
1,0.02251581758792809,1
0,0.060958615839337926,1
1,0.02371505908625493,1
0,-0.024754368439558583,0
0,-0.069642255396419,0
0,-0.03262987476817614,0
0,-0.06319880898990604,0
0,-0.049202743701662444,0
1,-0.0352777433123202,0
0,0.06669443791425067,1
0,-0.08854213834312608,0
0,-0.030524270074800186,0
0,-0.056452989402856035,0
0,-0.05685721899771745,0
0,-0.056452989402856035,0
0,-0.06814889005024599,0
1,0.04151008958424407,1
0,-0.08155891332219978,0
0,-0.08150649553810002,0
0,-0.07170689631446703,0
0,-0.028238499437392595,0
0,0.006771852382060128,1
0,0.06918529059506173,1
0,-0.0037145219147666775,0
0,-0.05200365988404665,0
0,-0.0717290187129147,0
0,-0.05356897842818098,0
0,-0.08460190390583133,0
0,-0.050097797560372026,0
0,0.02528935442551772,1
0,-0.09324452543469036,0
0,-0.035490787580307714,0
0,-0.07832844352168122,0
1,-0.045077002774571606,0
0,-0.03635668295356087,0
0,0.100361652963736,1
0,-0.05210606950632757,0
0,-0.06561238166287092,0
0,-0.0318976740657283,0
0,0.027599380339333512,1
0,-0.05046609750109088,0
0,-0.0842191995543809,0
0,-0.04252294318359595,0
0,0.08339975410058853,1
0,-0.001995103284328781,0
0,0.09373893816060619,1
0,-0.05113922538958371,0
0,-0.06778164585996266,0
0,-0.061485209264400764,0
0,-0.09087020440375687,0
0,-0.0481429508140761,0
1,0.02057515205297411,1
0,-0.05376662014380973,0
0,-0.07204133844299576,0
0,-0.0590915351751487,0
0,-0.07082829033459714,0
0,0.11226941501094456,1
0,-0.06158905563895389,0
0,-0.08440167068092203,0
0,-0.08566389011638798,0
0,0.02528935442551772,1
0,-0.07249026618764515,0
0,-0.03754448735295318,0
0,-0.035838541680255964,0
0,-0.01710629647837103,0
0,-0.06051167288962411,0
0,-0.04980965798027842,0
0,-0.020284579798094116,0
0,-0.08776821571074084,0
1,-0.030647237968585928,0
0,-0.08270485565212238,0
1,-0.0754216261494195,0
1,-0.0322605695030353,0
1,-0.045803348100430574,0
0,-0.06585299489135904,0
0,0.002397488127674152,1
0,-0.07181945549262347,0
0,-0.06877768689734731,0
0,0.03154438215839206,1
0,-0.05966501098732313,0
0,0.03811334194818117,1
1,-0.046002256768123084,0
0,-0.08591196303654841,0
0,-0.07245093790895579,0
0,-0.05677188212663348,0
0,-0.01921636340846039,0
1,-0.010003323497883798,0
0,-0.02454257569017615,0
0,-0.06397705084904592,0
1,0.02371505908625493,1
0,-0.0577214264915345,0
0,-0.06229612924061573,0
0,-0.040258009425672814,0
0,-0.05878621067187262,0
0,0.12521563920730783,1
0,-0.05737832377675739,0
0,-0.05790608420852028,0
0,-0.054199873583803515,0
0,-0.055384585696606814,0
0,-0.056318537645562494,0
0,-0.06509615977283195,0
0,-0.07561143526971004,0
0,0.06669443791425067,1
0,0.003205400607713238,1
0,-0.038887476947754074,0
0,0.08339975410058853,1
0,-0.05683666456201947,0
0,-0.06491845098643728,0
0,-0.0779515571711657,0
1,-0.022015394995129167,0
0,-0.033377077530019394,0
0,-0.08956801588226598,0
0,0.017741737261288915,1
0,-0.0705427825691014,0
0,0.06669443791425067,1
1,0.022696425743937598,1
0,-0.02279037177135257,0
0,-0.08499040541275932,0
0,-0.04804005816289508,0
0,-0.07714383615230325,0
0,-0.08023667288521974,0
1,-0.00911095139742707,0
0,0.02528935442551772,1
1,-0.037407648170153796,0
0,-0.04093646956498692,0
0,-0.061193859758602975,0
1,0.018704360797310082,1
0,-0.08882912999803666,0
0,-0.07235599800166193,0
0,-0.05003725792602287,0
0,-0.09200640412405298,0
0,-0.05411558830642643,0
0,-0.06551095798254158,0
0,0.05838507241328128,1
0,0.1801813140057853,1
0,-0.08097080340886359,0
1,0.028235936958997954,1
0,0.013460375670152569,1
1,-0.04578955014458502,0
0,-0.0744670841383821,0
0,-0.07750522725728376,0
0,-0.0829966249422564,0
0,-0.05919060385750324,0
0,-0.0648504378078068,0
0,-0.08785537615448746,0
0,-0.07470573547736892,0
0,-0.03594321164032954,0
0,-0.087213154906358,0
0,-0.09080340459499608,0
0,-0.05559399373952667,0
0,-0.08183058446553565,0
0,-0.055950485705207886,0
0,-0.07304256264747705,0
0,-0.08620750196168281,0
1,0.022607459467776425,1
0,-0.07918321969743575,0
0,-0.020210682480750974,0
0,-0.018202930803526085,0
0,-0.04786734305092083,0
1,-0.01676337734576211,0
0,0.024018080494446536,1
0,-0.06499733387485307,0
0,-0.04721389179279628,0
0,-0.05163951545674089,0
0,0.02473272758419598,1
0,0.016862177521760002,1
0,0.05739318836849949,1
0,-0.03269463785317833,0
0,-0.07518254377049927,0
0,-0.07011180928978761,0
0,-0.06081606210933699,0
0,-0.0645792425801553,0
0,-0.05359113740754634,0
0,-0.061685282208625125,0
0,-0.025692398306124742,0
1,0.020882390501738124,1
0,-0.016447400157624026,0
0,-0.019204018528553912,0
0,-0.07555317387605798,0
0,0.08339975410058853,1
0,-0.04923784704133877,0
0,-0.0826735750999199,0
0,-0.053592264790975286,0
0,-0.023263647532830667,0
0,-0.060154342494131596,0
0,-0.05371877766094363,0
0,-0.0363643336732708,0
0,-0.055614911497048836,0
0,-0.05356584181178381,0
0,0.003339518481197956,1
0,-0.04343079955628515,0
0,-0.07054243107188796,0
0,0.08678045954000735,1
0,-0.053435916420749185,0
1,0.02371505908625493,1
0,0.02528935442551772,1
0,-0.09277688783206273,0
0,-0.05246196196573444,0
0,-0.030590909634106822,0
0,-0.0528898773220447,0
0,-0.06862101083606459,0
0,-0.048515750588626394,0
0,0.06918529059506173,1
0,-0.07785166404742816,0
0,-0.0709541719120867,0
0,0.035682172843004345,1
0,-0.06526826207836428,0
1,0.025584671548748772,1
1,0.02306593421792602,1
1,0.02371505908625493,1
0,-0.03299862389457758,0
0,-0.03222119084155889,0
0,-0.05273937567093945,0
0,-0.07582739818566875,0
0,-0.06642122307161985,0
0,0.006795556147705772,1
0,-0.053465146710052425,0
0,-0.0852486608102786,0
1,0.025584671548748772,1
0,-0.024592668122305927,0
0,-0.06968017763603568,0
0,-0.04928190620053019,0
0,-0.07219185699772968,0
0,-0.0667409638000766,0
1,0.016812575021424414,1
0,-0.004196895482214136,0
0,-0.08813534847280097,0
0,-0.08135257183823713,0
0,-0.06926626787442436,0
1,-0.0544714525417081,0
0,-0.026554201212110995,0
0,-0.05021559834973349,0
0,-0.09394027873050548,0
0,-0.05294060516272919,0
0,-0.06317052669100087,0
0,0.02633553352720308,1
0,0.095379893261748,1
0,-0.05964576854826825,0
0,0.036834997785544,1
0,-0.024508881305315255,0
0,-0.04712655040088115,0
0,-0.01940404486328262,0
0,-0.03969004214438715,0
0,-0.09424666471314513,0
1,0.018704360797310082,1
0,-0.05173032329820432,0
0,-0.0629005032584456,0
0,-0.049396023951065404,0
0,-0.05225293613967025,0
0,0.03811334194818117,1
1,0.02306593421792602,1
0,-0.03909439313781227,0
0,-0.07459777806929269,0
0,-0.08320242864917471,0
0,-0.05184396709461575,0
0,-0.06493836334794223,0
0,-0.0553344017131564,0
0,-0.08944986782462433,0
0,-0.05732057782181155,0
0,0.01729443121292018,1
0,-0.051304402363893276,0
0,-0.05944797201819185,0
0,-0.05478639508333538,0
0,-0.08505896926511641,0
1,-0.031154028924512966,0
0,-0.08029060250363323,0
0,-0.06491801375861883,0
0,-0.05163951545674089,0
0,-0.08483393190896338,0
0,-0.03215435955820234,0
0,0.02528935442551772,1
0,-0.053108520513564184,0
1,-0.014762021121020874,0
1,-0.030647237968585928,0
0,-0.08796787472534295,0
0,-0.09595000946113669,0
1,-0.00608166158398965,0
0,-0.08138448920728691,0
0,-0.08319439460692701,0
0,-0.03011576363085683,0
1,-0.030647237968585928,0
0,-0.041499606803377775,0
0,-0.039092546895591385,0
0,-0.06528859528592584,0
0,-0.08590871964128916,0
0,-0.06902888998970208,0
0,-0.07495122104404284,0
0,-0.026268354420375617,0
0,-0.043301520730816834,0
0,-0.06334029199993207,0
0,0.07258919439274591,1
0,-0.041289969089615186,0
0,-0.05559399373952667,0
0,-0.024024832085437986,0
0,-0.0713183327623148,0
0,-0.02029702388629928,0
0,-0.07275188851403908,0
0,0.12521563920730783,1
1,0.022607459467776425,1
0,-0.011278038870438989,0
0,-0.08362674581562796,0
0,-0.050922266829213136,0
0,-0.042990702877159837,0
0,-0.03497605129078646,0
0,-0.06030474613033249,0
0,-0.08725071317235361,0
0,-0.06375895131922615,0
0,0.017878084115748316,1
0,-0.05792638704095682,0
0,0.017223283240433873,1
0,-0.08087998488721959,0
0,-0.07393128516448533,0
0,0.05739318836849949,1
0,-0.02455364776431085,0
0,-0.07043286204000088,0
0,-0.07774030088692302,0
0,-0.031273818974002776,0
0,-0.07743689010994365,0
0,-0.022601307860350195,0
0,-0.08629585538092571,0
0,-0.06163673486597032,0
0,0.01244285245712895,1
0,-0.09256070443028458,0
0,-0.034794566690592,0
0,-0.06072452268439488,0
1,-0.020249294806106766,0
0,0.08678045954000735,1
1,0.01341199326529463,1
1,0.045760891728503506,1
0,-0.056318537645562494,0
0,-0.08358549795845033,0
0,0.05739318836849949,1
0,0.002681736495672382,1
0,-0.05605062035468994,0
0,0.02768374598313983,1
0,-0.03375165600399627,0
0,-0.012418095770575566,0
1,0.020788539663415317,1
1,0.029619340097468694,1
1,0.03903651527583163,1
0,-0.011582111271912443,0
0,-0.036626230654197844,0
0,-0.051599421705809445,0
1,0.02306593421792602,1
0,0.01701688780548105,1
0,-0.05028489855751678,0
0,0.11226941501094456,1
0,-0.008685827234985788,0
0,0.012884091206898263,1
0,-0.05664009495982497,0
0,-0.013405510451673208,0
0,-0.09448822452724498,0
0,-0.07091902401044753,0
0,-0.04704026874459416,0
0,-0.022269669199024844,0
1,-0.0322605695030353,0
0,-0.08511417228882567,0
0,-0.059587312874773424,0
0,-0.0913892907390571,0
1,-0.03016199387238322,0
0,-0.0693084269811346,0
1,0.022108963122197567,1
0,-0.07654619801641777,0
0,-0.051902612425612116,0
1,0.01751910108047583,1
0,-0.05899196346819391,0
0,-0.08122163329891496,0
0,-0.053077917585576506,0
0,-0.06096596379773689,0
0,-0.08280525291314983,0
0,-0.061084930426682005,0
0,-0.06870382161509136,0
0,-0.05788846177718504,0
0,-0.09180402860560166,0
1,-0.045736922521746326,0
1,-0.045641496286295824,0
1,0.022108963122197567,1
1,0.02306593421792602,1
0,-0.0692644632654657,0
0,-0.049645057586347574,0
1,-0.0322605695030353,0
0,-0.043856823898637876,0
0,-0.07168242483000009,0
0,0.021982448238903274,1
0,-0.04312617940579405,0
0,-0.03974840184434031,0
0,-0.050545301993517366,0
0,-0.07758207734346256,0
0,0.02528935442551772,1
1,0.01751910108047583,1
0,0.12366360574922641,1
0,-0.0628286839024631,0
0,-0.08236151272852221,0
1,0.02371505908625493,1
0,-0.06606907271683482,0
0,-0.05565491252401511,0
0,0.11226941501094456,1
1,0.02306593421792602,1
0,-0.07528018778202161,0
0,-0.032403608943114115,0
0,-0.03382099935255567,0
0,0.032452733423219304,1
0,-0.04529104082669638,0
0,-0.08720565598853491,0
0,0.032020072523409215,1
0,-0.0687481969157338,0
1,0.02306593421792602,1
0,-0.019133774259565195,0
0,-0.08174704785753695,0
0,-0.05225438810951161,0
0,-0.07619575059861416,0
0,-0.05136754802992588,0
0,0.03349531804577521,1
0,-0.07884097813713908,0
0,-0.08565378950615116,0
0,0.02528935442551772,1
0,-0.06148681859311128,0
0,0.03811334194818117,1
0,-0.09252201066882337,0
0,0.08339975410058853,1
0,-0.07142680855567957,0
1,-0.03128897983902884,0
1,-0.0322605695030353,0
1,0.022108963122197567,1
0,0.03164133137240599,1
0,-0.06491801375861883,0
0,-0.01561937183215073,0
1,-0.031231954648385796,0
0,0.09195055383116002,1
0,-0.013819156016650569,0
0,-0.05164129703185677,0
0,-0.0645002549814096,0
0,-0.061001538570677805,0
1,-0.05237262687364613,0
1,0.0023418447323826364,1
0,-0.0140634278935865,0
0,-0.04061076953232773,0
0,0.02528935442551772,1
0,-0.08620362659192493,0
0,-0.07443182054761893,0
0,-0.09095964300422982,0
0,0.08678045954000735,1
0,-0.051739900191763666,0
0,-0.07958553550314718,0
1,-0.031154028924512966,0
1,0.02371505908625493,1
1,-0.020929997549653967,0
0,-0.06717824913856879,0
0,-0.0350232002677931,0
1,-0.0322605695030353,0
0,-0.05418998135107245,0
0,-0.012935325429582922,0
1,0.03660149759297404,1
0,0.03811334194818117,1
0,-0.08900213582497668,0
0,0.1277019482508981,1
0,0.08339975410058853,1
0,-0.059421166498794864,0
0,-0.07259237525819517,0
0,0.051077656881468814,1
0,0.095379893261748,1
0,-0.02781702180083423,0
0,-0.06899446925090519,0
0,-0.06570959780887553,0
0,-0.06513267975830833,0
0,0.05102494775031219,1
0,-0.06918600175358547,0
1,0.02251581758792809,1
0,-0.08608309325224411,0
0,-0.01756984371093434,0
1,-0.055951141414894434,0
0,-0.053108520513564184,0
0,-0.0499051214543903,0
1,0.02371505908625493,1
0,-0.05180801062941681,0
0,-0.08294605539830624,0
0,-0.05227883602865724,0
0,-0.053225103147680475,0
0,0.01244285245712895,1
0,-0.08376362231859469,0
0,0.012416748183115667,1
0,-0.08598796544546067,0
1,0.02306593421792602,1
0,-0.0801029036151647,0
0,-0.06445110251568864,0
0,-0.030765463370258372,0
0,-0.05242682515965141,0
1,0.018642208242853675,1
0,-0.08532558083900466,0
1,-0.032950516717203004,0
0,-0.053435916420749185,0
0,-0.062280110096736785,0
1,-0.0322605695030353,0
0,-0.05767540488988121,0
0,-0.0670885496183336,0
0,-0.05085077798420695,0
0,-0.05863001879422303,0
0,-0.03620772653557219,0
0,-0.027284237678443957,0
0,-0.08084905776145784,0
0,-0.0836904595211238,0
0,0.08678045954000735,1
0,-0.09230916724763855,0
0,0.0030444957965078956,1
1,0.018642208242853675,1
0,-0.07362489103947922,0
0,-0.06814623963760241,0
0,-0.028744902192344213,0
0,-0.0721368753164367,0
0,-0.08207365895753,0
0,-0.0477438190414986,0
0,0.05102494775031219,1
0,-0.06841706741344544,0
0,-0.0758244381716468,0
0,-0.08010802850961918,0
0,-0.05761055510317581,0
0,-0.07786307212607385,0
0,0.06669443791425067,1
0,0.009312715942245031,1
0,-0.05411558830642643,0
1,0.016727081269584887,1
0,-0.041542396205073995,0
0,-0.06710480810928077,0
0,-0.05234037198519209,0
0,-0.07540707426854054,0
0,-0.0036876253982435214,0
0,-0.05820907303253625,0
0,-0.07320606230832405,0
0,-0.03793659117994358,0
0,-0.05793987132976014,0
0,-0.03403272511026084,0
0,-0.06618468268782174,0
0,-0.07422378234315885,0
0,0.07893440550927422,1
0,-0.06517769727797929,0
0,-0.07439481150397714,0
0,-0.07167676745013352,0
0,-0.06096596379773689,0
0,-0.06491801375861883,0
0,-0.06445110251568864,0
0,-0.07363399364669432,0
0,0.03811334194818117,1
0,-0.06481640168198011,0
0,-0.05442526042313661,0
0,0.09373893816060619,1
0,0.02528935442551772,1
1,-0.06227109722086521,0
0,-0.029118796616532272,0
0,-0.04967723398707391,0
0,-0.0655474364278586,0
0,-0.07564561059773833,0
0,-0.05767649816442011,0
0,-0.03132824712255389,0
0,-0.061893694774208086,0
1,0.02371505908625493,1
0,-0.08467937772991485,0
0,-0.016278827706682375,0
0,-0.0384622654458856,0
0,0.006227500174881273,1
1,0.016418339546547034,1
0,-0.05552423853429572,0
0,-0.08484311488056961,0
1,-0.031154028924512966,0
0,-0.041736264348626706,0
0,-0.06359839067404865,0
0,-0.0642330514597319,0
0,-0.06000380990987941,0
0,-0.005743740741388337,0
0,-0.060587988765087086,0
0,0.03844294091049305,1
0,-0.05391882256880659,0
0,-0.05492713627627094,0
0,-0.024313365469291137,0
0,-0.041289969089615186,0
0,-0.0838136016430635,0
1,0.016418339546547034,1
1,-0.031154028924512966,0
0,-0.05240951930296178,0
0,-0.05840671984552814,0
0,-0.05757734545829507,0
0,-0.04959102076579286,0
0,0.02528935442551772,1
0,0.012816729641882962,1
1,-0.04578955014458502,0
1,-0.0322605695030353,0
1,0.016727081269584887,1
0,-0.0782634222919773,0
0,-0.06378922636363443,0
0,-0.08006592471570445,0
0,-0.040258009425672814,0
1,-0.029018623052746717,0
0,-0.06403246754408504,0
0,-0.04148148717830413,0
0,-0.062395983499336616,0
0,-0.02134206091364732,0
0,0.05739318836849949,1
0,-0.02562180409883813,0
1,-0.018747720739807294,0
0,-0.08688791929133316,0
0,-0.07453449495293096,0
0,-0.07513921807325158,0
1,0.02371505908625493,1
0,-0.06537181578660362,0
0,-0.053456197918100246,0
0,-0.04866703452337984,0
1,0.03150038101775032,1
0,0.08339975410058853,1
0,-0.0887290479997726,0
0,0.23115440715665503,1
1,-0.026540779063583153,0
0,-0.0660401865355954,0
0,-0.0695803430484862,0
0,-0.013781969123962012,0
0,-0.02012639045494563,0
0,-0.06767973515160475,0
0,-0.09046279214188674,0
1,-0.018929307338796275,0
0,-0.06680311464049143,0
1,-0.031154028924512966,0
0,-0.05229860809061693,0
0,-0.07447473305300456,0
0,-0.06445110251568864,0
0,-0.03440799020839341,0
0,-0.06334029199993207,0
0,-0.05558965137543331,0
0,-0.08419819634008263,0
0,-0.07554281280195357,0
0,-0.07317528031781922,0
0,-0.0800514826183929,0
0,-0.08072944267660465,0
0,0.12521563920730783,1
0,-0.0352261059630648,0
0,0.1277019482508981,1
1,0.02306593421792602,1
0,-0.06317568411592189,0
0,-0.05165745190572796,0
0,-0.07080907686806809,0
0,-0.027383828668271548,0
0,-0.08172159238693633,0
1,0.02306593421792602,1
0,-0.053264871058911145,0
0,-0.08716410658593204,0
0,-0.084079206818643,0
0,-0.04075433580175408,0
0,0.008181400410200657,1
0,-0.06096596379773689,0
0,-0.09188453787657586,0
0,-0.058914637798819836,0
0,-0.07043755419844244,0
0,-0.08614720866147307,0
0,-0.050229471936075576,0
0,0.12521563920730783,1
1,0.01751910108047583,1
0,0.02528935442551772,1
0,0.095379893261748,1
0,0.06805476267564958,1
0,-0.04197300166247975,0
0,-0.04553666420423569,0
1,-0.028218878361474575,0
0,-0.0773003856278554,0
0,-0.06366676276450478,0
0,-0.04058545953301318,0
0,0.095379893261748,1
0,-0.056132977174688514,0
0,-0.0542511376983687,0
0,-0.014074650656250354,0
0,0.0038308576806516115,1
0,0.08678045954000735,1
0,-0.004749080703748909,0
1,0.01751910108047583,1
0,-0.07314479404635355,0
0,-0.053404677385220534,0
0,-0.08238291631467082,0
0,-0.053699200776352485,0
0,0.0030444957965078956,1
1,-0.020614022150869993,0
1,0.018704360797310082,1
0,-0.05366651420643326,0
0,0.0025673892917982277,1
1,-0.031154028924512966,0
0,-0.06867794923361237,0
1,0.018704360797310082,1
0,0.00659256255132068,1
0,0.01741110914721511,1
0,0.010527607684381657,1
0,-0.048579308473192584,0
0,-0.0693084269811346,0
1,-0.0322605695030353,0
0,0.015516678227769143,1
0,-0.014752145545868622,0
0,-0.08051815065737317,0
0,0.08339975410058853,1
0,-0.06284913121360886,0
0,-0.08300905762789351,0
0,-0.07037308252699337,0
0,-0.08243787715992373,0
0,-0.07371950442186292,0
1,0.022108963122197567,1
0,-0.05365776835242342,0
0,-0.08027764142776744,0
1,0.022696425743937598,1
1,0.022696425743937598,1
0,-0.08226731261145809,0
0,-0.05788439395943956,0
0,-0.06294880516047535,0
1,0.022108963122197567,1
0,0.014550831827426336,1
0,-0.07278019807538394,0
0,-0.041742864210736585,0
0,-0.06773146487821369,0
0,0.03811334194818117,1
0,-0.05127454518506358,0
0,-0.09023082796062809,0
0,-0.04723478550414528,0
0,0.10953307899996445,1
0,-0.02742975256929886,0
1,0.02371505908625493,1
1,0.02371505908625493,1
1,0.02306593421792602,1
0,0.08678045954000735,1
1,0.0027859059854202783,1
0,0.052949539921278044,1
0,-0.08179816291281783,0
1,-0.03176982550220808,0
0,-0.08080010163869533,0
0,-0.0693084269811346,0
0,-0.015969352526573,0
0,-0.0849855476375806,0
1,-0.031154028924512966,0
0,-0.06523305745275365,0
0,0.1277019482508981,1
0,0.10953307899996445,1
0,0.06160648306646044,1
0,-0.06307258896733747,0
0,-0.05376662014380973,0
0,-0.08525165662977752,0
1,0.01751910108047583,1
1,0.02371505908625493,1
0,-0.06566128870414323,0
0,-0.057478136443982475,0
1,0.022696425743937598,1
0,-0.0635426138450012,0
0,-0.09241618881681374,0
0,-0.08510375486831012,0
0,-0.07334814980990217,0
0,0.08678045954000735,1
0,-0.05710014364458882,0
0,-0.03440085742065052,0
0,0.05739318836849949,1
1,-0.0707405516761403,0
1,-0.023089133041946486,0
1,0.022607459467776425,1
0,-0.04134864749898093,0
0,-0.0799238059515695,0
1,0.029619340097468694,1
0,-0.07168303222184669,0
0,0.021270292544516622,1
0,0.02528935442551772,1
0,-0.06317568411592189,0
0,0.03350225790821493,1
0,-0.08681047218513616,0
0,-0.03263958020410679,0
0,-0.07790059928839493,0
0,-0.05496012003688383,0
0,0.08678045954000735,1
0,-0.06894267243149033,0
0,-0.05727751244113649,0
0,-0.08585775997429701,0
0,-0.0007509589243449022,0
0,-0.04978956483356689,0
0,0.007496381198818458,1
0,-0.08140813724356033,0
0,-0.05764191966171117,0
0,-0.024744412254231574,0
0,-0.05633543606082431,0
0,-0.060202228757955445,0
0,-0.05713052676766733,0
0,-0.03798208962474542,0
1,-0.07815064782392678,0
0,-0.045990902726765814,0
1,0.025605198364720194,1
1,-0.031154028924512966,0
0,-0.0782549208081863,0
0,0.02528935442551772,1
0,-0.05714782344589259,0
0,-0.06392908813426146,0
0,-0.05315623614804488,0
1,-0.08342609898760589,0
0,-0.04281704975515843,0
0,0.08678045954000735,1
0,-0.01987854204129691,0
0,-0.060297335879171465,0
0,-0.049796789671198494,0
1,-0.0016422626710653199,0
0,-0.07481821721333953,0
0,0.014813299032588989,1
1,-0.02897565836418342,0
0,-0.06411317968781588,0
0,0.001953405624369964,1
0,-0.06397962890162417,0
1,-0.017290535020617614,0
0,-0.027995594594551088,0
0,-0.084724019549411,0
0,-0.038755617301473366,0
0,-0.07355363209503768,0
0,0.05739318836849949,1
0,-0.050253929940145214,0
1,0.022607459467776425,1
0,-0.052928677037508975,0
0,-0.063887593350901,0
0,-0.0869955855513187,0
0,-0.06445110251568864,0
0,0.018465162603189977,1
1,0.00029438567814310534,1
0,-0.06551095798254158,0
0,-0.09392080639847183,0
0,0.006239602224080487,1
0,-0.006148100274599,0
0,-0.07069281746583234,0
0,-0.06546262699076194,0
0,-0.07154541742795201,0
0,-0.03454558356033871,0
0,-0.05221260852234588,0
0,-0.10021342368531871,0
0,-0.054216136731404074,0
1,0.022607459467776425,1
0,-0.07725718796849418,0
0,-0.05690005729685099,0
0,-0.049632443368975876,0
0,-0.055950485705207886,0
0,-0.06189591119224952,0
0,-0.06021734610178148,0
1,0.018704360797310082,1
0,0.050375922590333744,1
0,-0.023760265110265133,0
0,-0.069047202833034,0
0,0.08339975410058853,1
0,0.017741737261288915,1
0,0.14666219215207066,1
0,-0.010565225045690019,0
0,-0.08688299161779456,0
0,-0.08353308537631582,0
0,-0.09054648467560922,0
1,0.015769469932073177,1
0,-0.08503605936153563,0
0,-0.06475831415843497,0
0,-0.07084127663534212,0
0,-0.0806517085343964,0
1,0.020034343641055163,1
1,0.022607459467776425,1
0,-0.0730332978782241,0
0,-0.06088718523871223,0
0,-0.08012543557497365,0
1,-0.07230916601401122,0
0,-0.06640990341003511,0
0,0.04585235878214089,1
1,0.02371505908625493,1
0,-0.0065509616236034685,0
0,0.10554632086192439,1
1,-0.02469027307411059,0
0,-0.07496826811467633,0
0,-0.06632987703284654,0
1,-0.08167657327856026,0
0,0.013766634396466748,1
0,-0.05219065321550653,0
0,-0.07035681517689946,0
0,-0.010393435518140148,0
1,0.022607459467776425,1
0,0.08678045954000735,1
1,-0.037457842866110924,0
0,0.047978881969431786,1
0,0.02528935442551772,1
1,-0.030647237968585928,0
1,0.021036840164640025,1
0,-0.02993717014128533,0
0,-0.06968270220908734,0
0,-0.02742794566139306,0
1,-0.0529797926662301,0
0,-0.0880779206512125,0
0,-0.0908518908101208,0
0,-0.06568970783009864,0
0,-0.08688419620466342,0
0,0.03811334194818117,1
0,-0.05576603428187643,0
0,-0.07979578810362353,0
1,0.02371505908625493,1
0,0.10953307899996445,1
0,-0.055108683919633916,0
1,-0.03164230826171727,0
1,-0.02944044479050989,0
0,-0.03765667560174002,0
0,0.02528935442551772,1
0,0.1277019482508981,1
0,0.10953307899996445,1
0,-0.06731989623208107,0
1,-0.07284621858346024,0
0,-0.09724054385733572,0
0,-0.023093998520822334,0
0,-0.060174220862746985,0
1,-0.006066158439892277,0
0,-0.09274615388301449,0
0,-0.052689642212485066,0
0,0.041507659416552656,1
0,-0.021895623859176316,0
0,0.1277019482508981,1
0,0.095379893261748,1
0,-0.08178431712845974,0
0,-0.03302414003120124,0
0,-0.028750444380567286,0
0,-0.09019586514624545,0
0,0.005576398577458841,1
0,-0.061828716658342886,0
0,-0.05245310922504104,0
0,-0.02229386808952516,0
0,-0.06294880516047535,0
0,0.017975321253354548,1
0,-0.0718808563453695,0
0,-0.07232844075672423,0
0,-0.0308676038711852,0
1,0.05275712505187502,1
0,-0.05666329271114717,0
0,0.030041963351433387,1
0,-0.09290937825537748,0
0,-0.07732341247625596,0
0,0.05671687764963129,1
0,-0.08530988645168697,0
0,0.09373893816060619,1
0,-0.062453280951085044,0
0,0.040117532440866466,1
0,0.054659040805252745,1
0,-0.07137471869869472,0
0,-0.06695564057595826,0
0,-0.06296159241421156,0
0,0.06918529059506173,1
0,-0.01580797315196658,0
1,0.01751910108047583,1
0,-0.05687794560532289,0
0,-0.05081029662102704,0
0,-0.06861169225398223,0
0,-0.029642363212865952,0
0,0.06918529059506173,1
0,-0.0528898773220447,0
0,-1.0621150788814315e-05,0
0,0.08678045954000735,1
0,-0.023810921413021213,0
0,-0.05956290513966589,0
0,-0.08350725441151785,0
1,0.02371505908625493,1
0,-0.031490813072503065,0
1,-0.030647237968585928,0
1,0.020788539663415317,1
0,-0.07875395989401546,0
0,-0.0835822476923816,0
0,-0.05278883226242398,0
1,-0.0322605695030353,0
0,-0.06992982770998402,0
0,-0.071469032775976,0
0,-0.0639641801412495,0
0,-0.05453706466612157,0
0,-0.08610528284209457,0
0,-0.08293361718970499,0
0,0.0012110088132640806,1
0,-0.03481785620407046,0
0,-0.054466882253423554,0
0,-0.08974844200152393,0
0,-0.08106480921416975,0
0,-0.03786954191770259,0
1,-0.04527678345424213,0
0,-0.05423698686731271,0
0,-0.08174273656039804,0
0,0.054097437804796256,1
0,-0.07570800053653537,0
1,-0.030647237968585928,0
0,-0.03485184262430013,0
0,-0.07658777006704892,0
0,-0.07423143342158078,0
0,-0.0652938712320753,0
0,0.02528935442551772,1
1,0.018704360797310082,1
1,0.02371505908625493,1
0,-0.06484662209185543,0
0,-0.055950485705207886,0
0,-0.022709500448703457,0
0,-0.06846036079009488,0
1,-0.029215965702827418,0
0,-0.0875914520099737,0
0,0.002617455976516414,1
1,-0.046230938278595646,0
0,-0.061242145976374174,0
1,-0.030647237968585928,0
1,0.02371505908625493,1
1,0.022696425743937598,1
0,-0.08355936227250949,0
1,-0.03318674328455834,0
1,0.02362955767125552,1
0,-0.0189274279758454,0
0,-0.07381383837489608,0
0,-0.06399676995647541,0
0,0.08678045954000735,1
0,-0.04358009266620155,0
1,-0.0380358285461902,0
0,-0.0660401865355954,0
0,-0.06373325976659805,0
1,0.05218761820602791,1
0,-0.07787555943813868,0
0,0.02196486348994986,1
0,-0.04075093585912781,0
0,-0.0706032241763973,0
0,-0.020558757527317062,0
0,-0.015132454283652397,0
0,0.06918529059506173,1
0,-0.07965855329746746,0
0,-0.06637964595653728,0
1,0.03901129336260811,1
0,0.06160648306646044,1
0,0.017741737261288915,1
0,-0.062395983499336616,0
0,-0.03269358516194293,0
0,-0.01657282774411012,0
1,0.022108963122197567,1
0,-0.054970024819331165,0
0,-0.08085991540750781,0
0,-0.05138134280596607,0
0,0.006697461458615495,1
0,-0.02495127327361435,0
0,-0.041736264348626706,0
0,-0.0783524300918611,0
0,0.028183643986113727,1
0,-0.05563645816606111,0
0,-0.061856752586085084,0
1,0.02371505908625493,1
0,-0.077380643898041,0
0,-0.06555930759888012,0
0,-0.054298026190277016,0
0,-0.021520338429384278,0
1,-0.0322605695030353,0
1,0.04123713904367965,1
0,-0.0644275572251159,0
0,-0.008870196731300295,0
0,-0.03468929830055162,0
0,0.14666219215207066,1
0,-0.07350641760043691,0
0,-0.04674269771585221,0
1,0.022607459467776425,1
1,0.02158477003670911,1
0,-0.05289405093675176,0
0,-0.05216756173664716,0
0,-0.022184561796956492,0
1,0.022108963122197567,1
0,-0.0894898560935099,0
0,0.002504114060451701,1
0,-0.06050290458256158,0
0,-0.07786105706487823,0
0,-0.05061042829876561,0
0,-0.06954376309520277,0
0,-0.0852447566718777,0
0,0.0060853893719281515,1
0,-0.061193859758602975,0
0,0.010714869313199316,1
1,-0.0322605695030353,0
0,0.02396040672615196,1
0,-0.061006740133166315,0
0,-0.05143076091392207,0
0,-0.05079489232976009,0
0,-0.04269919868748495,0
0,-0.054932591101856,0
0,0.095379893261748,1
0,-0.07866510532022963,0
0,-0.02090567902290602,0
0,-0.05104460052582627,0
1,0.004187356315309532,1
0,-0.0852888301325222,0
0,-0.06560056607538084,0
0,0.033389074692830145,1
0,-0.027675202357189677,0
1,0.02306593421792602,1
0,-0.06130464794491913,0
0,-0.0692007794167917,0
0,-0.09100556057964715,0
1,0.01751910108047583,1
0,0.18048818412117196,1
0,-0.08545738179355328,0
0,-0.02444792882791924,0
0,0.017644543973337035,1
0,-0.07347751106990497,0
0,-0.08641969639427904,0
0,-0.07345593385582994,0
1,-0.030647237968585928,0
0,-0.033202056632740506,0
0,0.11226941501094456,1
1,0.025584671548748772,1
0,-0.058966143589228415,0
0,-0.07667528850857891,0
1,0.026194684693887305,1
1,-0.031154028924512966,0
0,-0.02162496857602947,0
0,-0.049632443368975876,0
0,-0.07415532766766497,0
1,0.02306593421792602,1
0,-0.019522484112416694,0
0,-0.01828282769503775,0
0,-0.06546262699076194,0
0,-0.08591210655272158,0
0,-0.04744649166685577,0
0,0.03811334194818117,1
0,-0.046585150879603354,0
0,-0.08676399207484004,0
0,0.04669438441377294,1
1,-0.006035826254759902,0
0,-0.05280557881171344,0
0,0.02528935442551772,1
0,-0.04634517322044501,0
1,-0.030647237968585928,0
0,-0.021813541234415534,0
0,-0.03659088757519435,0
0,-0.05819317817567532,0
0,-0.057961834860060346,0
0,-0.05670088773434506,0
0,-0.018655941703349943,0
0,-0.09061387990359554,0
0,-0.0780017263220541,0
1,0.02371505908625493,1
0,-0.04125986805737758,0
0,-0.08650653757018673,0
0,-0.07538419325322337,0
0,-0.03683472893162382,0
0,-0.048657465192204874,0
0,-0.049077207458136096,0
0,-0.05048799844792112,0
0,-0.0632741894590158,0
0,-0.08752451318245369,0
0,-0.04866703452337984,0
0,-0.05710014364458882,0
0,0.0020342056607792758,1
0,-0.024162340786051395,0
0,-0.08694799846197698,0
0,0.01830855410149468,1
1,-0.04717774560717897,0
0,-0.05605062035468994,0
0,-0.04405658984038885,0
1,0.022696425743937598,1
0,-0.08067970240259431,0
0,-0.04142610446325612,0
0,-0.0815583885690857,0
0,-0.060931303957645844,0
0,0.02528935442551772,1
0,-0.046029625638698,0
0,-0.08045548834130256,0
0,-0.08724026550922404,0
0,-0.07937969408828754,0
0,-0.028154254749991225,0
0,-0.053329948173527375,0
0,-0.07078701773968782,0
0,-0.0564464454116535,0
0,-0.08449306388723948,0
0,0.06160648306646044,1
0,-0.06307258896733747,0
1,0.022607459467776425,1
0,-0.07092960445456753,0
0,0.095379893261748,1
1,-0.030647237968585928,0
0,0.06160648306646044,1
0,-0.021778356766338047,0
0,-0.06400583725333236,0
0,-0.06261073864221905,0
0,-0.07414319464046476,0
1,-0.03176982550220808,0
0,-0.08991473124888832,0
0,-0.05042721070900802,0
0,-0.06873214361769736,0
0,-0.06792781509124851,0
0,-0.05884294602561507,0
0,-0.02706358606677406,0
0,-0.07039025445420266,0
0,-0.05924352265867655,0
0,-0.06322253284748525,0
0,0.022556718147728194,1
0,-0.08825369480920736,0
0,-0.04940693828597892,0
1,0.020788539663415317,1
0,-0.02698691181473578,0
0,-0.05545152663028974,0
0,-0.06421470265036439,0
0,-0.07247799352097012,0
0,0.00635478664815603,1
0,-0.07867698609007079,0
0,-0.014150495703522337,0
0,-0.0041388726503018836,0
0,-0.07700623428726122,0
0,-0.07857749917503631,0
0,-0.05196271612698511,0
0,-0.040650751010966935,0
0,-0.03282345982260221,0
0,0.020361519490115,1
0,0.018092152765261327,1
1,-0.030647237968585928,0
0,-0.06516721526634794,0
0,-0.02617006501294339,0
0,-0.06538494395990135,0
0,0.02528935442551772,1
0,-0.059673603055847124,0
0,-0.023305184308707094,0
0,-0.052058048989121086,0
0,-0.053456197918100246,0
0,-0.08023107926094253,0
0,-0.057954047613830495,0
0,-0.03816363346473539,0
0,-0.06390796373329938,0
0,-0.07586388376720932,0
0,0.02378684251783192,1
0,0.02528935442551772,1
0,-0.057911465530998685,0
0,0.024539667203719362,1
0,-0.04561182959935395,0
0,-0.07976074129729899,0
0,-0.039915552905342655,0
0,-0.046238167290602095,0
0,-0.05231317745766051,0
1,0.022108963122197567,1
0,-0.06327665024156326,0
0,0.06002747449797807,1
0,-0.058971772786771404,0
1,-0.031154028924512966,0
0,-0.0680783408588817,0
0,0.06918529059506173,1
1,0.025605198364720194,1
0,-0.057810053203464884,0
0,-0.03974840184434031,0
0,-0.06827374999037217,0
0,0.05739318836849949,1
1,-0.04719365403454229,0
0,-0.09195004609366003,0
0,-0.06865118479891014,0
0,-0.06096596379773689,0
0,-0.022242036525754127,0
0,-0.07514150881703169,0
0,-0.06633647620285521,0
0,-0.04075433580175408,0
0,-0.0456043887979688,0
0,-0.05791877184242722,0
0,-0.08313536919193015,0
0,-0.0542496733131797,0
0,-0.0887636250498996,0
0,0.10953307899996445,1
0,0.06669443791425067,1
0,-0.02965330294163926,0
0,0.1343560973359268,1
0,-0.05143076091392207,0
0,-0.05213021745254315,0
0,0.05739318836849949,1
0,-0.05601114702812565,0
0,-0.0610995365058693,0
0,-0.05393968661064863,0
0,-0.025976796526225754,0
0,-0.060539079212987235,0
0,-0.0778159959794244,0
0,-0.07100375051956087,0
0,-0.06933397561964033,0
0,0.06918529059506173,1
0,0.01419316898508971,1
0,-0.05894908559247014,0
1,0.022696425743937598,1
0,-0.07574306941564513,0
1,-0.025444123673932006,0
1,-0.030647237968585928,0
0,-0.03382099935255567,0
1,-0.047146886742171434,0
0,-0.07337040726705896,0
0,-0.05237979864741199,0
0,-0.0545309079226759,0
0,-0.05736646129011164,0
0,-0.062092180908355776,0
0,-0.07313759197012276,0
0,-0.035838541680255964,0
0,0.03740215293285021,1
0,-0.07644740701480557,0
0,-0.023441737561000542,0
0,-0.05581801385819407,0
0,-0.05416203591742713,0
0,-0.055938226355261356,0
0,-0.02378532667399258,0
0,-0.024482227996874828,0
0,-0.08439668225058994,0
0,-0.059904566918925595,0
0,-0.051902612425612116,0
0,-0.056318537645562494,0
0,-0.08738598678808734,0
0,-0.027688563119513454,0
0,-0.06466002895798856,0
0,-0.0628911936227819,0
0,-0.0903808937601922,0
0,0.06669443791425067,1
0,-0.05685721899771745,0
0,-0.04720906367803024,0
0,-0.08512755390138127,0
1,-0.030647237968585928,0
0,0.06669443791425067,1
0,-0.06566128870414323,0
0,-0.05884294602561507,0
0,-0.06726499335394909,0
1,-0.03536661121442253,0
0,-0.06697331830905634,0
0,-0.04011129400145036,0
1,0.022607459467776425,1
0,-0.050097797560372026,0
0,-0.07285778837554385,0
1,-0.032950516717203004,0
0,-0.06832382552804112,0
1,-0.03237981227916531,0
1,-0.04913499380402936,0
0,-0.03700909407183167,0
1,-0.017847662647662244,0
1,-0.0322605695030353,0
0,-0.04272967756074664,0
1,-0.031154028924512966,0
0,-0.09177074508490635,0
0,-0.08361137046608969,0
0,0.06160648306646044,1
0,0.05532321383488381,1
0,-0.06411317968781588,0
0,-0.06752493796294462,0
0,-0.06412695063407575,0
0,-0.02847453290570906,0
0,-0.0642167928524282,0
1,0.0022587933617196354,1
0,-0.018946510962352336,0
0,-0.05417528178545167,0
0,-0.07869712830214365,0
0,-0.07683953534130805,0
0,-0.06164506537873948,0
0,-0.05320929603569474,0
0,0.05739318836849949,1
0,-0.07011838229339878,0
0,-0.07597345317641918,0
1,-0.02944044479050989,0
0,-0.005734102876097602,0
0,-0.07896344350901568,0
0,-0.051419141519332134,0
0,0.002504114060451701,1
0,-0.05221260852234588,0
0,-0.06606907271683482,0
0,-0.07026752632559574,0
0,-0.03436771064968086,0
0,0.05739318836849949,1
1,0.01751910108047583,1
0,-0.0552367347965218,0
0,-0.08167456400460699,0
0,-0.056344548779362014,0
1,-0.03365474892339254,0
0,-0.025980125969239598,0
0,-0.041638975771669584,0
0,-0.03122482973452745,0
0,-0.07186407144961965,0
0,0.013524199122080138,1
0,-0.03765755335324017,0
0,0.03686819578498135,1
0,0.06160648306646044,1
0,-0.06130464794491913,0
0,-0.051057277158213954,0
0,-0.05474233943683454,0
0,-0.05412069706748418,0
0,-0.011772463874912098,0
0,0.028775571264401667,1
0,-0.028926655431128323,0
0,-0.05706916093716319,0
1,-0.0003670160169337855,0
0,0.026825042400715482,1
1,0.01751910108047583,1
0,0.02528935442551772,1
1,-0.0322605695030353,0
0,-0.07919110666606327,0
0,0.06918529059506173,1
0,-0.08161294122786295,0
0,-0.022038191849796274,0
0,-0.07294131191327369,0
0,0.017878084115748316,1
0,-0.07364606189008938,0
0,-0.08466155483430848,0
1,-0.0032033958178478983,0
0,0.08678045954000735,1
0,-0.05598523750377821,0
0,-0.09565933385613656,0
0,-0.04034187587387911,0
0,-0.08288010732861711,0
0,-0.013559579623557971,0
1,-0.03408874564008341,0
0,-0.09164137622261509,0
0,-0.041604594191185285,0
0,-0.07499702224461458,0
0,-0.024772108345399224,0
0,0.06160648306646044,1
0,-0.07146175202308902,0
0,0.095379893261748,1
0,-0.061193859758602975,0
0,-0.06277121995747953,0
0,-0.053751987665156986,0
0,-0.04075433580175408,0
0,-0.07936424213647836,0
0,-0.022054594215914214,0
1,-0.030647237968585928,0
0,-0.06973699354079044,0
0,-0.025403330819311787,0
0,-0.03504884282438531,0
0,-0.0829209326180409,0
0,-0.044477520282036886,0
0,-0.03861037346119278,0
0,-0.030456935028397025,0
0,0.02528935442551772,1
0,-0.038620312781351085,0
0,-0.052789029753679995,0
1,-0.07158922406460622,0
1,-0.030647237968585928,0
0,-0.0571569419333145,0
0,-0.08604313301497923,0
0,-0.057046244034662186,0
0,0.1480114183996778,1
0,-0.08152687811484655,0
0,-0.07615418932562368,0
0,-0.06438024703787909,0
0,0.08678045954000735,1
0,-0.06424562345495582,0
1,-0.04294441519215225,0
0,-0.04926887530065205,0
0,0.014398494210719481,1
0,-0.025399003071810866,0
0,0.06918529059506173,1
0,-0.00435014735958883,0
0,0.23098952939433126,1
0,-0.029629885321110105,0
1,0.020788539663415317,1
0,-0.05955455066037979,0
0,-0.06621240738666562,0
1,-0.07808981467495935,0
0,-0.05469727522245027,0
0,0.0020342056607792758,1
0,-0.0751509350629117,0
0,-0.053264871058911145,0
1,-0.004057891903724298,0
0,-0.05131623287731124,0
0,-0.029744210600365806,0
1,0.02306593421792602,1
0,-0.0560147724026297,0
0,-0.04517133922585215,0
1,-0.06358681779622005,0
0,-0.055950485705207886,0
0,-0.019825351549268122,0
1,-0.02233195793950199,0
1,0.022696425743937598,1
0,-0.08339810599568548,0
0,-0.06491845098643728,0
1,0.02306593421792602,1
0,-0.06476468348221648,0
0,-0.015419100738130354,0
1,0.02306593421792602,1
0,-0.06154331481568298,0
0,-0.08671356423287302,0
0,0.03719934353554255,1
0,0.059142057265930026,1
0,-0.07240999391283481,0
0,-0.06523305745275365,0
0,0.006611255152266904,1
0,-0.05813922092297619,0
0,0.09373893816060619,1
0,-0.040650751010966935,0
0,-0.06148681859311128,0
0,-0.009562999709152975,0
0,-0.08811826888146768,0
1,0.02306593421792602,1
1,0.016418339546547034,1
1,-0.0322605695030353,0
0,-0.040979507144806804,0
0,-0.04375256583893761,0
0,-0.07694860872032455,0
0,-0.08794311158908769,0
0,0.052416904017014265,1
0,-0.07848791403833555,0
0,0.0020342056607792758,1
0,-0.07157042242139983,0
0,-0.09326635495779684,0
0,-0.06342123063863125,0
0,-0.08979186387041005,0
1,-0.032950516717203004,0
0,-0.07851250461397924,0
0,-0.08538154675129955,0
0,-0.023429830876789126,0
0,-0.05784016280878024,0
0,-0.06950860996780883,0
1,0.02371505908625493,1
0,0.01244285245712895,1
0,0.1277019482508981,1
0,-0.041141722682661974,0
0,-0.060270574273006805,0
0,-0.05118031572684828,0
1,0.01751910108047583,1
0,-0.054166295469109726,0
0,-0.033879842419687334,0
0,0.2313089065677133,1
1,0.022696425743937598,1
0,-0.085654866188071,0
0,0.02547356437574888,1
0,-0.05210606950632757,0
0,-0.017134740746807764,0
1,0.022607459467776425,1
0,-0.06157931058027305,0
0,-0.07471959007183543,0
0,-0.020233254752311358,0
0,-0.033855887264119755,0
0,-0.08992688225350276,0
0,-0.05642125357170913,0
0,-0.07411679965506368,0
0,0.018348246976317983,1
0,-0.06711375435856193,0
0,-0.053132470536515375,0
0,-0.015938240360459377,0
0,-0.07672326907663396,0
1,-0.04936193068246103,0
0,-0.07560424560413304,0
0,-0.048584064243643255,0
0,-0.0630588813462784,0
0,-0.07381003866608438,0
1,0.022108963122197567,1
0,-0.06583998037573191,0
0,0.07673092606784437,1
0,-0.06083715538861301,0
0,-0.059481384613659205,0
0,-0.09975478520440612,0
0,-0.097424057864959,0
0,-0.0532091623758561,0
0,-0.05417190382669984,0
1,-0.0744544538877534,0
0,-0.06809576681063062,0
0,-0.07886885232431406,0
0,-0.07772500231331253,0
0,0.05398379026619593,1
0,0.01740383036535542,1
0,0.09373893816060619,1
0,-0.06526826207836428,0
0,-0.0604446282375542,0
1,-0.03214644447054926,0
0,0.06669443791425067,1
1,0.02371505908625493,1
0,-0.08101210148566407,0
0,-0.0826916345993518,0
1,0.02371505908625493,1
0,-0.06586357190518627,0
0,-0.08488846273512896,0
0,-0.07310380193372468,0
0,-0.05301286100524216,0
0,-0.02888557964384797,0
0,-0.06566128870414323,0
0,-0.052009378292149466,0
1,0.025584671548748772,1
0,-0.07100905639326105,0
0,-0.040370624094436924,0
0,0.1277019482508981,1
1,0.02371505908625493,1
0,-0.05638853735453753,0
0,-0.02327914869470593,0
1,0.018704360797310082,1
0,-0.05473139934532384,0
0,-0.050509307022776284,0
0,0.014766140434065433,1
0,-0.007299632704398429,0
0,0.08678045954000735,1
0,-0.07668841970134371,0
0,-0.05925722695310831,0
0,-0.04104687896840786,0
1,-0.0322605695030353,0
0,-0.060975354299260764,0
0,-0.08119980155903228,0
0,-0.08637769220814229,0
0,-0.06059382580532563,0
0,-0.04967804543163762,0
0,0.100361652963736,1
0,0.025255677175576308,1
0,-0.048936518514533456,0
0,0.05312832869914075,1
0,-0.0632784651504616,0
0,-0.0793667708934433,0
0,-0.052117457892434604,0
0,-0.08645983476393626,0
1,0.07374555197938537,1
1,-0.04594594741550134,0
0,0.0025673892917982277,1
0,-0.0664339663887139,0
0,-0.031271476074293925,0
0,-0.08779982345196291,0
1,0.0017743648876146212,1
0,0.05739318836849949,1
0,-0.0731108686234555,0
0,-0.01618762897002468,0
0,-0.06553127983876678,0
0,-0.07100376724867108,0
0,-0.0654332835918996,0
0,-0.02149152434040369,0
0,-0.08141413048537532,0
0,-0.07922469706202556,0
1,-0.06471534920513838,0
0,-0.053751987665156986,0
0,-0.0655474364278586,0
0,-0.03909815508943648,0
0,-0.029489241027311708,0
1,0.020788539663415317,1
0,-0.041202280125253954,0
1,0.02371505908625493,1
1,0.018704360797310082,1
0,-0.06179751544659412,0
0,-0.07900179282520114,0
0,-0.06697987434513675,0
0,-0.07082147999248989,0
1,-0.03102782911573576,0
1,0.02371505908625493,1
0,0.11226941501094456,1
0,-0.03966228450037884,0
0,-0.05322849523461343,0
0,-0.07546603586601597,0
0,-0.07258710901518983,0
0,-0.02080826567738492,0
0,-0.03892636901139518,0
0,-0.09089883482561323,0
0,-0.04431320475406897,0
0,-0.06676794125728391,0
1,0.02371505908625493,1
0,-0.0782662173504653,0
0,-0.07388921222758038,0
0,-0.05585115621581532,0
0,-0.0751379995031427,0
0,-0.05011391568111445,0
0,-0.06861169225398223,0
0,-0.015698761604178935,0
0,-0.05071573330091139,0
1,-0.03176982550220808,0
0,-0.03863000256308813,0
0,-0.08401317794061652,0
0,-0.0835964594791575,0
0,-0.08649485952373615,0
0,0.03811334194818117,1
0,-0.08208427746319197,0
0,-0.08700342978251974,0
0,-0.06402123060462683,0
1,0.02371505908625493,1
0,-0.03168586005788249,0
0,-0.05638853735453753,0
0,-0.04681211864010826,0
0,-0.06732060638956211,0
0,-0.060154342494131596,0
1,0.01751910108047583,1
0,-0.07246736016009775,0
0,-0.08922882961644285,0
0,0.06160648306646044,1
1,0.025584671548748772,1
0,-0.019118785215370915,0
0,-0.06838963657179237,0
0,-0.07230278856759775,0
0,0.0608572648712532,1
0,-0.05830658156545304,0
0,-0.09062634192333613,0
0,-0.03138488217577079,0
0,-0.07321843155645724,0
0,-0.01936408870254619,0
0,-0.049796789671198494,0
0,-0.09251686639697493,0
0,-0.022577694453345676,0
0,-0.08259351597820908,0
0,-0.03867757035240976,0
0,-0.03363341513941437,0
0,-0.0830759274216647,0
0,-0.08593003253027098,0
0,-0.0416882587758422,0
0,-0.056774419792769315,0
0,-0.08113685153101874,0
0,-0.075494059842592,0
0,-0.07314005530105622,0
0,0.041772918577353435,1
0,-0.0764103362205249,0
0,-0.07136095727457159,0
0,-0.05466827311418743,0
0,-0.051739900191763666,0
1,-0.057948847805367965,0
0,-0.03818745207386459,0
0,-0.06710846359572731,0
0,-0.044864221592287756,0
0,-0.06491801375861883,0
1,-0.0460461948716544,0
0,-0.06395968145448716,0
0,0.020370936519753413,1
0,0.13629207702810497,1
0,-0.08367131581766069,0
0,-0.08110218484180837,0
1,0.018704360797310082,1
0,-0.07405088152015332,0
0,0.12521563920730783,1
0,-0.06916883626467124,0
0,-0.09251782774565759,0
0,-0.06749034122413211,0
0,-0.025416511681505438,0
0,-0.06570611158909756,0
0,-0.060103030521207135,0
0,-0.07939319949957285,0
0,-0.07201333102869723,0
1,0.022108963122197567,1
0,-0.09151439275862411,0
0,-0.0777583155950663,0
0,-0.053026930121906346,0
1,0.02306593421792602,1
0,-0.055950485705207886,0
0,-0.048342336214529325,0
0,-0.05732057782181155,0
1,0.02251581758792809,1
0,-0.041736264348626706,0
0,-0.0530528796053768,0
1,0.01751910108047583,1
0,-0.060202228757955445,0
1,-0.06884671989071234,0
0,-0.056946576645076574,0
0,-0.08253285814300443,0
0,-0.05572526050198656,0
0,0.04038662673880322,1
0,-0.05188988016316198,0
0,0.005314988969331247,1
0,0.10953307899996445,1
0,-0.01682201986820303,0
0,0.025177985183567175,1
0,-0.046828305740284515,0
0,-0.06108978125886988,0
0,-0.03783869190134992,0
1,0.02792201697311658,1
1,-0.04801681831627225,0
0,-0.05734128275726763,0
0,0.19182813859210623,1
0,-0.05427421244433628,0
0,0.013153862667802274,1
0,0.05739318836849949,1
0,-0.05840411726518058,0
0,-0.0531593621541499,0
0,-0.061916900381165985,0
0,-0.07689745186506725,0
0,0.05604464247147767,1
0,-0.017998955751898416,0
0,-0.055950485705207886,0
0,-0.05333519201379949,0
0,-0.03935328534094873,0
0,-0.06555930759888012,0
0,-0.014265445992136916,0
0,-0.06501838970154111,0
0,-0.05895835436696012,0
0,0.005790104218600045,1
0,-0.0326535118632274,0
0,-0.038527917071716766,0
0,-0.06583861981190686,0
0,-0.06381339678305264,0
0,-0.03845999030100311,0
0,-0.016312959691675344,0
0,0.03811334194818117,1
0,-0.014914209995102734,0
0,0.05739318836849949,1
0,0.03301514465555899,1
1,-0.032950516717203004,0
0,0.08339975410058853,1
0,-0.05141563129438731,0
0,-0.049632443368975876,0
0,-0.03594321164032954,0
0,0.08678045954000735,1
0,-0.041064950042885184,0
0,0.05739318836849949,1
1,-0.02813989985358689,0
0,-0.009055805331280753,0
1,-0.030647237968585928,0
0,0.08678045954000735,1
1,0.02306593421792602,1
0,-0.06248961439417089,0
0,-0.05534677650243902,0
1,0.02362955767125552,1
0,-0.057410737567184345,0
0,-0.032622855083213775,0
0,-0.035292478471198485,0
0,-0.08452777424606189,0
0,-0.06680292748228944,0
0,0.06669443791425067,1
0,0.06918529059506173,1
1,0.02371505908625493,1
0,-0.05585448002494381,0
0,-0.0705142004314066,0
1,0.02371505908625493,1
0,-0.0692112826856891,0
0,0.04637775476957795,1
0,0.03811334194818117,1
0,-0.028518944705997085,0
0,0.06918529059506173,1
0,0.05102494775031219,1
0,0.004608604122970816,1
0,0.23876543113886417,1
0,-0.011503888763736259,0
0,0.02528935442551772,1
0,-0.0847675769472685,0
0,0.10953307899996445,1
0,-0.06096596379773689,0
0,-0.05737832377675739,0
1,0.018704360797310082,1
0,-0.06020676939435399,0
0,-0.0815236609663314,0
0,-0.06197920146186309,0
0,-0.05727751244113649,0
0,-0.06566128870414323,0
0,-0.07870290439131006,0
0,-0.03627907191898272,0
0,-0.057046244034662186,0
0,-0.07739743319558207,0
0,-0.08618125099885454,0
0,-0.061015362173755305,0
0,0.10953307899996445,1
0,-0.01747374961473358,0
0,0.08678045954000735,1
1,-0.032950516717203004,0
0,-0.07290089758103274,0
0,-0.06572720604204096,0
1,-0.021847823446683456,0
0,-0.04239851766538277,0
0,-0.06236799065818416,0
1,0.01751910108047583,1
0,0.06918529059506173,1
0,-0.08005834714761167,0
0,-0.08705722520815412,0
0,0.10953307899996445,1
0,-0.039425843177530395,0
1,-0.045143096279692985,0
0,0.001152785378006782,1
0,-0.0881919416873822,0
0,-0.07341587332946142,0
0,-0.03876166644971907,0
0,-0.039077000944230667,0
0,-0.05675801022755733,0
0,-0.07462860769914159,0
1,0.022108963122197567,1
0,-0.06321551085900545,0
1,0.02306593421792602,1
0,-0.06137294021899248,0
0,-0.08644794531735828,0
0,-0.036752390948829816,0
0,-0.05981174306122028,0
1,-0.056892601285041644,0
1,-0.02944044479050989,0
0,-0.06938697005532263,0
0,0.02528935442551772,1
0,-0.08142134060680756,0
0,-0.015654068732096793,0
1,-0.025998138026821382,0
0,-0.06454721433032029,0
1,0.0101280567614761,1
0,-0.027717042695881933,0
0,-0.06556053927831884,0
0,-0.09504439080393767,0
1,-0.0322605695030353,0
0,-0.03400338147040044,0
0,0.17811197742900764,1
0,0.02528935442551772,1
0,-0.08876239341763031,0
0,0.10953307899996445,1
0,-0.06323401570050968,0
0,-0.06553127983876678,0
0,0.1801813140057853,1
1,0.01751910108047583,1
0,-0.0777024178038162,0
0,-0.046062229757060646,0
0,-0.08586164453250361,0
0,0.06918529059506173,1
0,-0.06679112096834722,0
0,-0.06792781509124851,0
0,0.004872492359165648,1
0,-0.09116434353411595,0
1,0.02371505908625493,1
0,-0.05779258351080224,0
0,-0.09592426195933706,0
0,-0.06744400608293516,0
0,-0.02963996956922843,0
0,0.06669443791425067,1
0,-0.017346875265970063,0
0,0.05739318836849949,1
0,-0.05493223705422473,0
1,0.02371505908625493,1
1,0.016812575021424414,1
0,-0.09320652482579855,0
1,0.022607459467776425,1
0,-0.03974840184434031,0
0,-0.042275976837396034,0
0,0.05577932130573193,1
0,-0.07014604732966195,0
0,-0.015180380700765439,0
0,-0.042993060178930675,0
0,-0.034982223394015965,0
0,0.020182208227653264,1
0,-0.05582591281101523,0
0,-0.07839208168482592,0
0,-0.05687794560532289,0
0,-0.06499806538280412,0
1,0.046601899265105606,1
0,-0.02007403905175953,0
0,0.03392772037360048,1
0,0.07258919439274591,1
0,-0.06491801375861883,0
0,-0.05813922092297619,0
1,0.029619340097468694,1
0,-0.07182939865783217,0
0,-0.04540883767331311,0
0,-0.045485336964505296,0
0,-0.04075433580175408,0
1,0.018704360797310082,1
1,0.03473310299643606,1
0,-0.08102514627723795,0
0,-0.026541880224736858,0
0,-0.06317568411592189,0
0,-0.06796071183563268,0
0,0.014346306957098376,1
0,-0.08482947622898424,0
0,-0.0704630189891266,0
0,0.23046192102487228,1
0,-0.0857119182149037,0
0,-0.062487553179760846,0
1,0.02251581758792809,1
0,-0.07061030056302398,0
0,-0.03076240137505981,0
0,-0.06916883626467124,0
0,-0.06521760178158709,0
0,-0.07089257866436643,0
0,-0.059152827608679015,0
0,-0.06491845098643728,0
0,-0.04766787158217822,0
0,0.100361652963736,1
1,0.02371505908625493,1
0,-0.07458566379256842,0
0,-0.08840607074814377,0
0,-0.06480181022095138,0
0,-0.0634332932858479,0
0,-0.06037131441116239,0
1,-0.05204002945351277,0
0,-0.041529514409248514,0
0,-0.06456940626560376,0
0,0.09373893816060619,1
1,0.01751910108047583,1
0,-0.07787658284702376,0
0,-0.012833019677216007,0
0,0.024298281044153325,1
0,-0.06213056433755143,0
0,0.05888259431538223,1
0,-0.07702255596790575,0
0,0.1801813140057853,1
1,0.028235936958997954,1
0,-0.050232550688354805,0
0,-0.0488472332696917,0
0,-0.05250070326026052,0
0,-0.05876018119825266,0
0,-0.056774419792769315,0
0,-0.06120569836345441,0
0,-0.08240996737106387,0
0,-0.05800577786400424,0
0,0.02528935442551772,1
0,-0.06450726144880498,0
0,-0.048777799354354334,0
0,-0.02552279028871335,0
0,-0.07239355880163728,0
0,-0.06916883626467124,0
0,0.06160648306646044,1
0,-0.020823203828534698,0
0,-0.05813982877775559,0
0,0.021953567663633766,1
0,-0.0519356594784508,0
0,-0.08291793211815845,0
1,0.020788539663415317,1
0,-0.02090031213586413,0
1,-0.02469027307411059,0
0,0.017818045304066832,1
0,-0.05224220134028801,0
0,-0.01523562082610308,0
0,-0.06693040681301582,0
0,-0.08068162811297114,0
0,-0.02134640492831108,0
0,-0.08255700706838248,0
1,0.03539157911589197,1
0,-0.010195529667836045,0
0,-0.05706916093716319,0
0,-0.07022593066105576,0
1,-0.03502678438526008,0
0,-0.07311519998443478,0
0,0.007448227825226361,1
0,-0.028986305870952078,0
1,-0.025197201721000817,0
0,0.055990436412985845,1
0,-0.0569485336871442,0
0,-0.0504632478594364,0
0,0.06918529059506173,1
0,-0.045479599725747444,0
0,-0.05416203591742713,0
0,-0.08070404631647027,0
0,-0.06858229269404348,0
1,0.025605198364720194,1
0,-0.03552439012623593,0
1,-0.031154028924512966,0
1,0.022607459467776425,1
0,-0.08214883937911205,0
0,-0.04104879958855828,0
0,0.012565054137165133,1
0,-0.07209196697360098,0
1,-0.016115900086212,0
0,-0.03764202569102543,0
0,-0.06569911323493577,0
0,-0.06098649823174762,0
1,-0.0322605695030353,0
1,0.016727081269584887,1
0,-0.08229518055694074,0
0,-0.04729129093385187,0
0,-0.060233769152487626,0
0,0.1801813140057853,1
0,-0.053115335796881324,0
0,-0.055947485248729056,0
0,-0.029432927994047287,0
0,-0.06637592276499071,0
0,-0.03644958340847532,0
0,0.1801813140057853,1
1,-0.006066158439892277,0
0,-0.021914001834049623,0
0,-0.02276812259260197,0
0,0.017644543973337035,1
0,-0.08652026744295777,0
0,-0.08600418448739738,0
0,-0.035838541680255964,0
0,-0.0765865928432714,0
0,-0.07751974353212765,0
0,-0.08675060696347514,0
1,0.018704360797310082,1
0,0.01506640985064911,1
0,-0.07147478195214951,0
0,0.005314988969331247,1
0,-0.05718286719504473,0
1,0.029619340097468694,1
1,-0.02268722585879912,0
0,-0.07767567270491887,0
1,0.007806914768640039,1
0,-0.07007404491804503,0
0,-0.049632443368975876,0
0,-0.039029268267160744,0
1,0.02306593421792602,1
0,-0.07323421235428812,0
0,-0.08895688815584368,0
0,-0.05755484933258398,0
0,0.02568079182536931,1
0,-0.0477024312103716,0
0,-0.05416203591742713,0
1,0.016727081269584887,1
0,-0.09165404006589756,0
0,-0.05574343072336019,0
0,-0.033327439405591464,0
1,-0.07414851622145607,0
1,0.022108963122197567,1
0,-0.04956605342372189,0
0,-0.04525527839103871,0
1,0.02371505908625493,1
0,-0.07269420670513876,0
1,-0.005814818821237244,0
1,0.018704360797310082,1
0,-0.05946852821459203,0
0,-0.0694997302038669,0
1,-0.046372421170856326,0
0,0.03811334194818117,1
0,-0.022120761125574262,0
0,-0.05790608420852028,0
0,-0.056452989402856035,0
0,-0.02983016835053537,0
0,-0.0011576490676356577,0
0,-0.059190961507477935,0
0,-0.051430026443268884,0
0,-0.022489570252018976,0
0,0.02507030772392571,1
1,0.022108963122197567,1
0,0.056565019648117554,1
0,-0.08133440334752429,0
0,-0.0852645015553295,0
0,-0.03851023986280139,0
0,-0.048067250136459794,0
0,-0.05303530084988478,0
1,-0.031154028924512966,0
0,-0.0675825331191569,0
0,-0.05790608420852028,0
1,0.022696425743937598,1
0,-0.08252287637690792,0
0,-0.056452989402856035,0
0,-0.05552423853429572,0
0,-0.08253551765855693,0
0,-0.06507798526952552,0
0,-0.0781476292517227,0
1,0.02371505908625493,1
0,0.007162112030358547,1
0,-0.059190961507477935,0
0,-0.0953707393268497,0
0,-0.06916883626467124,0
0,-0.07961478197787197,0
0,-0.029978258541397962,0
1,-0.07786263909528185,0
0,-0.08611165606163013,0
0,-0.056452989402856035,0
0,-0.07589850400570985,0
0,0.09373893816060619,1
1,0.02371505908625493,1
0,-0.053533005551338275,0
0,0.013766634396466748,1
0,-0.018845364909023554,0
0,-0.07632673673080437,0
0,0.23565040100147439,1
0,-0.05608829435100238,0
0,-0.06656311493100697,0
0,-0.0727292149127487,0
0,0.02528935442551772,1
0,-0.06440799500010996,0
0,0.05739318836849949,1
0,-0.055384585696606814,0
0,-0.0776866329253394,0
1,-0.05263779242993483,0
0,-0.08164059971217247,0
0,-0.08568916947066207,0
0,-0.02094935167709383,0
0,-0.06565712543889224,0
1,0.025584671548748772,1
1,0.029619340097468694,1
0,-0.08142410464124722,0
0,-0.047659486918659344,0
0,0.03811334194818117,1
1,-0.02173914852325054,0
0,-0.033765063621796654,0
0,-0.0007532594484397359,0
0,-0.06553127983876678,0
0,-0.01331023008067933,0
0,-0.052926818573662104,0
0,-0.05796818642874019,0
0,-0.032681824569999185,0
0,-0.0744787646507371,0
0,-0.04145765934303197,0
0,-0.06847792797844088,0
1,0.022696425743937598,1
1,0.003990343532857432,1
1,0.016727081269584887,1
0,-0.06646523123368997,0
0,-0.057478136443982475,0
0,0.002680745479857416,1
0,0.05739318836849949,1
1,-0.046627688026979086,0
1,0.022108963122197567,1
1,-0.0322605695030353,0
0,-0.08250818805385907,0
0,-0.07318455697550308,0
1,-0.0322605695030353,0
0,-0.05496012003688383,0
0,0.100361652963736,1
0,-0.026488292305375305,0
0,-0.09685429782370963,0
0,-0.023715099041670074,0
0,-0.0650321747649773,0
0,-0.08011432849399658,0
1,-0.03164230826171727,0
0,-0.08845703995091209,0
0,-0.06684280723338298,0
0,-0.0577214264915345,0
0,0.11226941501094456,1
0,-0.07379900436263925,0
0,-0.059421166498794864,0
0,-0.06861169225398223,0
0,-0.033375711144174924,0
0,-0.05687794560532289,0
0,-0.08295986171298536,0
0,-0.0029324682680855196,0
0,0.08339975410058853,1
0,-0.03659877971480918,0
0,-0.03451239679209239,0
0,-0.031404297464612096,0
0,-0.04110448219616203,0
0,-0.05658928939212976,0
0,-0.07638776273680992,0
0,-0.03064934400663627,0
0,0.05739318836849949,1
0,-0.04811523974825194,0
1,0.02371505908625493,1
0,-0.08575452656756427,0
0,-0.05793022422741073,0
0,-0.04145207491177766,0
0,0.01752781339870868,1
0,-0.05813922092297619,0
0,-0.06031295561390715,0
0,-0.06381339678305264,0
0,-0.053026930121906346,0
1,0.02371505908625493,1
0,-0.018959003181408918,0
0,0.03811334194818117,1
0,-0.051840220327523834,0
0,-0.07763511953253588,0
0,-0.0818634338192063,0
0,-0.04083564562577585,0
0,-0.08707509354127901,0
0,-0.01564967084487573,0
0,-0.07123978827855576,0
0,-0.05066947467562938,0
0,-0.02339681833705559,0
1,-0.031154028924512966,0
0,-0.08153042659414095,0
0,-0.06361887307601743,0
0,-0.06316027220412129,0
1,0.02371505908625493,1
0,0.002147441587028398,1
0,-0.06229612924061573,0
0,-0.07306529191163952,0
0,-0.05213021745254315,0
0,-0.0365898182202361,0
1,0.02371505908625493,1
1,0.058119219030333014,1
0,-0.08662127601032776,0
1,-0.05563997650314734,0
0,0.017741737261288915,1
1,0.02306593421792602,1
0,-0.08879976804807266,0
0,-0.04980965798027842,0
0,-0.054514329121969685,0
0,-0.06805703084160075,0
1,-0.030647237968585928,0
0,-0.03686207036158179,0
0,-0.08985593140715864,0
1,-0.043421439795354844,0
0,-0.08612514878265082,0
0,0.05102494775031219,1
0,-0.023019121694192735,0
0,-0.007680606098841358,0
0,-0.08125964242366035,0
0,0.030727024341922093,1
0,-0.05043945901051866,0
0,-0.07868426110648385,0
0,-0.08429596299201786,0
0,0.05268715236031718,1
1,-0.07919587808844869,0
0,-0.022721358893568466,0
0,-0.05353661811400856,0
1,0.02306593421792602,1
0,-0.03529268382714973,0
0,-0.036069713687259475,0
0,-0.057001803372109305,0
0,-0.0763364804576126,0
0,-0.04134864749898093,0
0,-0.08634764321530797,0
1,-0.006301704835973754,0
0,0.005230566414240911,1
1,0.02045611042720885,1
0,0.05078235531044728,1
1,0.018642208242853675,1
0,-0.02219230160780067,0
1,0.018824571193721273,1
0,-0.06848804036185913,0
0,0.08678045954000735,1
0,-0.023799705796873516,0
1,0.02371505908625493,1
0,-0.06176108706689731,0
0,-0.07179147697873767,0
0,-0.09585512893332254,0
0,-0.055608257047517096,0
0,-0.05552423853429572,0
0,-0.055950485705207886,0
0,-0.06523765341517629,0
0,-0.0036420739148810277,0
0,-0.05700082253143862,0
0,-0.019238846806960253,0
0,-0.0028520324643215855,0
0,-0.0499051214543903,0
0,-0.06523488291551999,0
1,0.022696425743937598,1
0,-0.012743609547816614,0
0,-0.06980120189098715,0
0,0.06918529059506173,1
1,-0.019787115325808735,0
0,-0.05005785708611804,0
0,0.007309882777412957,1
0,-0.0582962326043337,0
1,0.020882390501738124,1
0,0.05739318836849949,1
0,-0.07946894652481912,0
0,-0.012864864456924752,0
1,0.025584671548748772,1
0,-0.06487998758081748,0
0,-0.04593032170263417,0
0,-0.049396023951065404,0
0,-0.08686467276184129,0
0,-0.050986149910811795,0
0,-0.0175413198437524,0
1,-0.06400907433169772,0
0,-0.055600752392607755,0
0,0.01419316898508971,1
1,-0.0322605695030353,0
1,-0.014762021121020874,0
0,-0.02182638800895509,0
0,-0.05262844554233431,0
0,0.100361652963736,1
0,-0.07533264475652007,0
0,-0.06559020644248087,0
1,-0.01639205456983639,0
0,-0.09142173623081168,0
0,0.05102494775031219,1
1,0.022696425743937598,1
0,-0.06103738958886212,0
0,0.05739318836849949,1
0,0.056796867925395955,1
0,-0.06547226018575908,0
1,-0.030647237968585928,0
0,-0.041202280125253954,0
0,-0.0832644906460242,0
0,-0.04980360066178824,0
0,-0.053149038381439195,0
1,-0.03237981227916531,0
0,-0.08240692745602446,0
0,0.03811334194818117,1
0,0.012652803134715396,1
0,-0.033771105092714915,0
0,-0.004542466119763333,0
0,-0.08884871030539887,0
0,-0.0416882587758422,0
0,-0.04790519771374152,0
0,0.05739318836849949,1
1,0.020788539663415317,1
0,-0.05736198672431564,0
0,-0.06526826207836428,0
0,-0.007861450126871339,0
1,-0.0508474055253898,0
1,0.022607459467776425,1
0,-0.09454876513870142,0
0,-0.07207236279384888,0
0,-0.08884517616939586,0
1,-0.03164230826171727,0
1,0.014074400211115501,1
1,-0.0322605695030353,0
0,-0.08069750464983572,0
0,-0.0564137310525098,0
0,-0.0837850593513999,0
1,-0.0322605695030353,0
0,-0.08511835660440498,0
0,-0.033404968515080236,0
0,-0.06085995693541363,0
0,-0.07054273664229554,0
0,-0.06785351650654803,0
0,0.002983985087245844,1
0,-0.07216621933722839,0
0,0.10953307899996445,1
0,-0.09234975017666813,0
0,0.029575304059582086,1
0,0.06669443791425067,1
0,-0.07301115389831919,0
0,0.23029719942048554,1
0,-0.08859018656129031,0
0,-0.06519350086417369,0
0,0.055912992866278266,1
0,-0.08875240577417748,0
0,-0.08926897206480805,0
1,0.02371505908625493,1
0,-0.09112313200059724,0
0,0.02528935442551772,1
0,-0.07317908120049732,0
0,0.0023437073151731935,1
0,0.06918529059506173,1
0,-0.09728270809050771,0
0,-0.07013582014549652,0
0,-0.08402796196262186,0
0,-0.06546262699076194,0
0,-0.06612217184491898,0
0,-0.09131419399341939,0
1,0.025584671548748772,1
1,0.02371505908625493,1
1,0.018704360797310082,1
1,0.022108963122197567,1
0,-0.058113560227532224,0
0,-0.011447025849351533,0
0,0.03811334194818117,1
0,-0.03423152213699204,0
0,0.01838367078715264,1
0,0.05739318836849949,1
0,0.01921560823349866,1
0,-0.08172347769712279,0
1,-0.031154028924512966,0
0,-0.040619093454730304,0
1,0.015769469932073177,1
0,-0.03625707992128474,0
0,-0.04020735341550652,0
0,-0.08678702704255742,0
0,-0.05796341252399961,0
0,0.02327143122149078,1
0,0.0030444957965078956,1
0,-0.025187424616606058,0
0,-0.0424797589984503,0
0,-0.053026930121906346,0
0,-0.025339946446844952,0
1,0.022108963122197567,1
0,-0.0441639713552211,0
1,0.0036034870612897674,1
0,-0.027555794151031987,0
1,0.02251581758792809,1
0,-0.08526811089813474,0
0,-0.07638487157694712,0
0,-0.038503018509157494,0
0,-0.0823712526064242,0
1,-0.08168233189305618,0
0,-0.054166295469109726,0
0,-0.05441361537263156,0
0,-0.026279295914864054,0
0,-0.06924030507963225,0
0,-0.06050290458256158,0
0,0.05339247443760131,1
1,-0.05357858967350326,0
0,-0.08157517463049285,0
0,0.18048818412117196,1
0,-0.07583764423008943,0
0,0.08678045954000735,1
0,-0.03684581470996379,0
0,0.006446983366104275,1
0,0.03811334194818117,1
0,0.05739318836849949,1
0,-0.09689630266436428,0
0,0.1277019482508981,1
0,0.08678045954000735,1
0,-0.07942084975910652,0
0,-0.026742079552635023,0
0,-0.04405388532188281,0
0,-0.07832955393844399,0
0,-0.06086693782463848,0
0,-0.06526822436257262,0
0,0.1277019482508981,1
0,-0.05411558830642643,0
0,-0.061190026184073376,0
0,-0.07655937604705088,0
0,-0.024658924681493777,0
0,-0.050207312055989106,0
0,0.015668721423474308,1
0,0.005314988969331247,1
0,-0.04815177044015323,0
0,-0.05727751244113649,0
1,0.027112380748165688,1
0,-0.028304825274454715,0
0,-0.0793478506224865,0
0,-0.09528192123691515,0
0,-0.06994942365745754,0
0,-0.05110409122720594,0
0,-0.03719557368566484,0
0,0.0207208003919781,1
0,0.08678045954000735,1
0,-0.07661105673062307,0
0,0.0018312819851223905,1
0,-0.049796789671198494,0
0,-0.05666164357846187,0
0,-0.051946044184843665,0
1,0.018704360797310082,1
0,-0.02357178128359866,0
0,0.049969513924876474,1
0,-0.05449891261804862,0
0,0.045555028325254154,1
0,-0.002685400012369943,0
0,-0.07508303981778569,0
0,0.06918529059506173,1
0,-0.060355340459928575,0
0,-0.059904566918925595,0
0,-0.06519746324213288,0
0,-0.08410994480697187,0
1,0.022696425743937598,1
0,-0.03661072782642755,0
0,0.02528935442551772,1
0,0.07095068228760393,1
0,0.02528935442551772,1
1,-0.032950516717203004,0
1,-0.03164230826171727,0
0,-0.084060197429629,0
0,-0.06546262699076194,0
0,-0.08449144531405439,0
0,-0.020783633194957074,0
0,-0.08577837344851613,0
1,-0.019985094348717314,0
0,0.10554632086192439,1
0,0.06918529059506173,1
0,-0.06227731560287736,0
1,0.009894095898822175,1
1,0.02371505908625493,1
0,0.13060475800385873,1
0,-0.08700389128645603,0
0,-0.04832412168144795,0
0,-0.00406679216504735,0
0,0.008034976898183888,1
0,-0.06325003141844948,0
0,-0.0656292539871528,0
0,-0.053026930121906346,0
0,0.22948612684794378,1
0,0.013163811825586125,1
0,0.06669443791425067,1
0,-0.05585032846993454,0
0,-0.052469823047355646,0
0,0.002729992052157737,1
0,0.02528935442551772,1
0,0.095379893261748,1
0,-0.05359113740754634,0
0,-0.07947572835599576,0
0,-0.08310736988556877,0
0,-0.09398484990845896,0
0,-0.00622754080358584,0
1,-0.0322605695030353,0
1,0.02371505908625493,1
0,-0.06112012202691958,0
0,-0.06555909677862898,0
0,-0.052741553692531085,0
0,-0.08770569184041799,0
0,-0.05559399373952667,0
0,-0.036540314420922926,0
1,0.02371505908625493,1
0,-0.06541640365551199,0
0,-0.0652938712320753,0
1,0.029619340097468694,1
0,0.05447245940136536,1
0,0.06918529059506173,1
0,-0.022611679340143243,0
1,-0.01682066596099946,0
1,0.016727081269584887,1
0,-0.06088718523871223,0
0,-0.05737832377675739,0
0,0.11226941501094456,1
0,-0.06848799176416581,0
0,-0.08834528119697904,0
0,-0.06400583725333236,0
0,-0.06059382580532563,0
1,0.022607459467776425,1
0,0.061861137093455754,1
1,0.018704360797310082,1
0,-0.05784016280878024,0
0,0.06918529059506173,1
0,-0.08292863959110863,0
0,-0.0812779030872608,0
0,-0.05221260852234588,0
0,0.03811334194818117,1
0,-0.08313747104128838,0
0,0.05102494775031219,1
0,0.04305414722068934,1
0,-0.04486624418585633,0
0,-0.007840804384345146,0
0,-0.052928677037508975,0
0,-0.06237726818871542,0
1,-0.04093971515538897,0
0,0.0013512113232284628,1
0,-0.035399228542492944,0
0,-0.08510088491190676,0
0,0.02520288100255952,1
0,-0.07963918103302481,0
0,-0.022380264162798813,0
0,-0.05237220128173797,0
0,-0.016262157473519723,0
0,-0.07869212678897608,0
0,-0.057700065412928325,0
0,-0.030058789951852072,0
1,-0.03176982550220808,0
0,-0.06214197352052303,0
0,-0.08239022086648673,0
0,0.02528935442551772,1
0,-0.058584632747820664,0
0,-0.05246196196573444,0
0,-0.048694984256438756,0
0,-0.014562130183212452,0
0,0.1277019482508981,1
0,-0.06429427191845705,0
0,0.08339975410058853,1
0,-0.06914384233258847,0
0,-0.0814255503338327,0
0,-0.07316354626698413,0
1,0.0008362438250255622,1
0,-0.0673233838580578,0
1,0.02306593421792602,1
1,0.022607459467776425,1
0,-0.051948871637199356,0
1,-0.02528759673051517,0
0,-0.03881139727280691,0
1,0.029619340097468694,1
0,0.02464398909405008,1
1,0.020882390501738124,1
0,0.06918529059506173,1
0,0.02528935442551772,1
0,-0.08112599484495964,0
0,0.02528935442551772,1
0,-0.03364258998780695,0
0,0.11226941501094456,1
0,-0.08454570033120523,0
0,-0.0724483261620748,0
0,-0.07482859105001849,0
0,-0.008746441407918859,0
0,0.05739318836849949,1
0,-0.048924196895506145,0
1,-0.028852058310283535,0
1,-0.030647237968585928,0
0,-0.06445110251568864,0
0,-0.06292184310277776,0
0,-0.06228173329523201,0
0,0.08339975410058853,1
0,-0.03992844620572222,0
0,-0.07639270900871986,0
0,-0.06884544563856809,0
0,-0.05891274575087091,0
0,-0.035329838596149354,0
0,-0.07976703021997189,0
0,-0.06907331616355966,0
0,-0.06550485091730696,0
0,-0.06871401481975076,0
1,0.020882390501738124,1
0,-0.05834004400605064,0
0,-0.07104258733975888,0
0,-0.05043945901051866,0
0,-0.06893271413692498,0
0,-0.08104540131007609,0
0,-0.07223979146050563,0
0,-0.05819317817567532,0
1,-0.029215965702827418,0
0,0.095379893261748,1
0,-0.05775219674122073,0
1,0.02371505908625493,1
0,-0.09194311897926294,0
1,-0.031154028924512966,0
1,-0.0322605695030353,0
1,-0.034165707899092845,0
0,-0.020698265560813223,0
0,-0.063812614735487,0
1,0.02251581758792809,1
1,-0.02258476415919558,0
0,-0.00823128877870205,0
0,-0.02199336131785684,0
0,-0.06515482430822267,0
1,0.022607459467776425,1
0,-0.07879067525766875,0
0,-0.04913938689504527,0
1,0.030739594785688218,1
0,-0.08257290261114925,0
1,0.02371505908625493,1
0,-0.03178445287900539,0
0,-0.04044351133216734,0
0,-0.09142345835382992,0
0,-0.08057299766098253,0
0,-0.08772056300952574,0
0,-0.07586870559609638,0
0,-0.06307258896733747,0
0,-0.07733798116568297,0
0,-0.028787306369246257,0
0,0.037605127323751986,1
0,-0.0410987963701927,0
0,-0.04986493214277471,0
0,-0.06259731717814437,0
0,-0.036399876683981036,0
0,-0.05206375003183411,0
0,-0.07249331342185839,0
0,-0.06536330564666437,0
0,-0.07969120803363883,0
0,0.05856270828612553,1
0,-0.015332379232000759,0
0,-0.07866144246864992,0
0,0.08339975410058853,1
0,-0.004451507415495548,0
0,-0.05187094861279551,0
0,-0.08295615307305504,0
0,0.03811334194818117,1
0,-0.0562184634259521,0
0,-0.0693084269811346,0
0,-0.07976788527280576,0
1,-0.03176982550220808,0
0,0.03811334194818117,1
0,-0.09003031903825187,0
0,0.0019699333095275495,1
0,0.09373893816060619,1
0,-0.04365314239994095,0
0,-0.017084178855264087,0
0,-0.05109415135135814,0
0,-0.07176851718618948,0
1,0.02251581758792809,1
0,-0.06415101490818048,0
0,0.08678045954000735,1
0,0.06160648306646044,1
0,-0.08527919799645933,0
1,-0.07231035730366792,0
0,-0.07530842203179805,0
1,-0.018272533837780658,0
0,-0.05781948120795838,0
0,0.08678045954000735,1
0,-0.08750995813107865,0
0,-0.05884294602561507,0
0,-0.045056483999798336,0
0,-0.08055911263229448,0
0,0.0446489462466888,1
0,-0.0765443603191504,0
0,-0.05454606863654099,0
1,0.020788539663415317,1
1,0.028235936958997954,1
0,-0.06585354713669023,0
0,-0.08783233413121283,0
1,0.02371505908625493,1
0,-0.05302531880487166,0
0,-0.052790213548806086,0
0,-0.07410763166345402,0
0,0.0055736153262411214,1
0,-0.06626636038713501,0
1,0.02371505908625493,1
0,-0.06107837258076543,0
0,-0.06321551085900545,0
0,-0.0650954284298384,0
1,0.022108963122197567,1
0,-0.05163908820571361,0
0,-0.005756350262682952,0
0,-0.03594321164032954,0
0,-0.043287320053974065,0
0,-0.06553127983876678,0
0,-0.026686436443772388,0
0,0.01398519268724474,1
0,-0.05585032846993454,0
0,-0.0844118199099948,0
0,-0.050770318703573014,0
0,-0.05585032846993454,0
1,0.02306593421792602,1
0,0.031102385711158087,1
0,-0.03403367020365039,0
0,-0.04868110534777487,0
1,0.02371505908625493,1
0,-0.07184844647953903,0
1,0.037449308618301425,1
1,0.021909177678310465,1
1,0.016418339546547034,1
0,0.06918529059506173,1
0,-0.06166990420430074,0
1,0.022607459467776425,1
0,-0.039004831321296785,0
0,0.11226941501094456,1
0,0.06918529059506173,1
0,-0.06531649483737423,0
0,0.10953307899996445,1
0,-0.04767968849214338,0
0,-0.04333470948316004,0
0,-0.06106496744014739,0
0,0.07316454126893523,1
1,-0.03283112536035915,0
1,0.02371505908625493,1
0,0.002504114060451701,1
0,-0.06275949904985656,0
0,0.03811334194818117,1
0,-0.0806424106561226,0
1,0.01751910108047583,1
0,-0.057690447177373094,0
0,-0.0355904284196753,0
0,0.03811334194818117,1
0,0.14666219215207066,1
0,-0.004923903397307694,0
0,-0.05730356127567238,0
1,0.02371505908625493,1
0,-0.06504144624050445,0
0,-0.0768867340635464,0
0,-0.054216136731404074,0
0,0.020586855939040416,1
0,0.05739318836849949,1
0,-0.07784171447289401,0
0,-0.04950363937497054,0
0,-0.053404677385220534,0
1,-0.04918534076355202,0
0,0.12104859618861064,1
0,-0.05355926636494357,0
0,-0.0678923197499457,0
1,-0.05530024800993949,0
0,-0.06216376275869756,0
0,-0.06565712543889224,0
0,0.01922216950829847,1
1,0.021760929749572777,1
0,-0.05665300951414881,0
0,-0.0659168741985533,0
0,-0.05559399373952667,0
1,0.025605198364720194,1
0,0.095379893261748,1
0,-0.06470364943914436,0
0,-0.04669215744476479,0
0,-0.031432095461748466,0
0,0.0761202570558932,1
0,-0.07503723573229404,0
0,-0.05790079008143845,0
0,0.10953307899996445,1
0,-0.08376541930597714,0
0,-0.05249047030048287,0
1,-0.031154028924512966,0
0,0.05481556739443716,1
0,-0.057282723938382185,0
0,-0.05118218078512604,0
0,-0.08625772560445372,0
0,-0.025966803316233522,0
0,0.08678045954000735,1
1,-0.07338399301443699,0
0,-0.01808670995726608,0
0,-0.03345263184434022,0
1,0.05359509009251473,1
0,0.02234100496403757,1
0,-0.06238143620577419,0
0,0.08678045954000735,1
0,-0.07239629446916518,0
1,-0.030647237968585928,0
0,-0.0577214264915345,0
0,-0.08541962315764223,0
0,-0.08339633564900018,0
0,-0.04564470175640123,0
1,-0.022391749073065015,0
0,-0.025988139541332167,0
0,-0.06096901081174566,0
0,-0.03716666163874871,0
1,0.03212775876494178,1
0,0.056500751691475504,1
0,-0.0515311804714218,0
1,0.02371505908625493,1
0,-0.029188494119788244,0
0,0.004281597190821551,1
1,0.018704360797310082,1
0,-0.049796789671198494,0
0,-0.09691015692179356,0
0,-0.08299598189643992,0
0,-0.09209368923208261,0
0,-0.04989068199636093,0
0,-0.04272714543222084,0
0,0.06669443791425067,1
0,-0.07556549357368647,0
0,-0.05228289466447933,0
0,-0.02342589584960425,0
0,-0.07588915970029053,0
0,-0.07933396714229185,0
0,-0.029099176180877873,0
0,0.10953307899996445,1
0,0.02528935442551772,1
0,-0.07932063235768633,0
1,0.02306593421792602,1
1,0.02251581758792809,1
1,-0.06363599193153446,0
0,-0.0732929567966914,0
0,0.054226952643316895,1
0,-0.07905568474818714,0
0,0.05692317575928285,1
0,-0.04416174321730426,0
0,0.01713350313869333,1
0,-0.07435335679897809,0
0,-0.07630172276250069,0
0,0.08339975410058853,1
0,-0.019731255181987095,0
1,-0.01682066596099946,0
0,-0.07227537325148908,0
0,-0.08981630672611896,0
0,-0.05600479542704012,0
0,-0.06171831927763194,0
0,0.05739318836849949,1
1,0.025584671548748772,1
0,-0.041245196757696334,0
1,0.022607459467776425,1
1,0.02251581758792809,1
0,-0.07196693566022205,0
0,0.08339975410058853,1
0,-0.08825076182792091,0
0,-0.05363113330806912,0
0,-0.08068520032198628,0
1,0.020788539663415317,1
0,-0.06916883626467124,0
0,-0.06125355610976724,0
0,-0.04732563480956353,0
0,-0.04919079733542958,0
0,-0.05118794874001348,0
0,0.06669443791425067,1
0,-0.042644041569000646,0
0,-0.08453760728829846,0
0,-0.07375478540414793,0
0,-0.0943858631081676,0
0,-0.00990837913848136,0
1,-0.04063720576500718,0
0,-0.08973269090426583,0
0,-0.05839227369066258,0
1,0.02371505908625493,1
0,0.04296667164365253,1
0,-0.08664886914788245,0
0,0.0026601122253651077,1
0,-0.045881035537457204,0
1,0.02371505908625493,1
0,-0.03838555448133407,0
0,-0.06805035316993113,0
0,-0.07594426297874723,0
0,-0.06327665024156326,0
0,-0.02006858068152556,0
0,-0.0771522078236318,0
0,-0.06108549724357454,0
0,-0.0220097995833467,0
0,-0.016898016656162862,0
0,0.1277019482508981,1
0,-0.05617255060618914,0
1,-0.05130453842968202,0
0,-0.044924740523133944,0
0,-0.0933242315139251,0
0,0.10953307899996445,1
1,0.02371505908625493,1
0,-0.0499051214543903,0
1,0.02251581758792809,1
0,-0.07178907693675401,0
0,0.02528935442551772,1
0,-0.06228455212437306,0
1,0.022108963122197567,1
0,-0.03657374697097465,0
0,0.08339975410058853,1
0,-0.05239066958116523,0
1,-0.04737811675900533,0
0,0.02528935442551772,1
0,-0.004465029212660954,0
1,0.02251581758792809,1
0,-0.07841142486947089,0
0,-0.00835366810566146,0
0,-0.006002945368286827,0
0,0.05739318836849949,1
1,-0.0322605695030353,0
0,-0.04778112218006231,0
1,0.02306593421792602,1
0,-0.07423658835105584,0
0,-0.08970208179092642,0
0,-0.0416882587758422,0
1,-0.04382279813142159,0
0,-0.04125344158029837,0
0,0.05739318836849949,1
0,-0.05340335951523273,0
1,0.03847460277892667,1
0,-0.08785537615448746,0
0,0.08339975410058853,1
0,-0.07646062385669727,0
1,0.05821149296819994,1
0,-0.07369844749498827,0
0,-0.040446354124383244,0
0,-0.054932591101856,0
0,-0.07983581218055963,0
1,-0.0157412560814833,0
0,-0.0654129571519943,0
0,-0.07023163335963245,0
0,-0.07643244359211138,0
0,-0.04967804543163762,0
0,-0.05359113740754634,0
0,0.1277019482508981,1
0,-0.07295613576892218,0
0,0.1801813140057853,1
0,-0.07627953897587625,0
0,-0.06541222494836957,0
0,-0.08052219516413273,0
0,-0.06450726144880498,0
1,0.016812575021424414,1
0,-0.027802176825584446,0
0,-0.08391308071064624,0
0,-0.05737832377675739,0
0,-0.018699888087665484,0
0,-0.05730356127567238,0
0,-0.07239948770502863,0
0,-0.06026338475093418,0
1,0.02371505908625493,1
0,-0.03252312072113739,0
0,-0.05940561393254146,0
0,-0.0016962601999660487,0
0,-0.07383617409595084,0
0,-0.049632443368975876,0
1,0.05821149296819994,1
0,-0.05706916093716319,0
0,-0.08616003830757502,0
0,-0.07915078661345265,0
1,-0.030647237968585928,0
0,-0.07408614128372992,0
0,-0.04289466054719848,0
0,-0.0632784651504616,0
0,-0.06553127983876678,0
0,-0.09312252090571871,0
0,-0.04038542394690159,0
0,-0.058412233231334376,0
0,-0.05309098702327952,0
0,0.07020919660386049,1
1,0.02371505908625493,1
0,0.02518142777673449,1
1,-0.05126072986668395,0
0,-0.046249722587402065,0
0,-0.0748660308295056,0
1,-0.05514301930538246,0
0,-0.0672731503341657,0
0,0.12521563920730783,1
0,-0.05210606950632757,0
0,-0.08397585955938175,0
0,0.0474597299369901,1
0,-0.07331268165044419,0
0,-0.06538306262028443,0
0,0.06541043766734422,1
0,-0.06812266056297339,0
1,-0.05555718983285146,0
0,-0.0844270617016129,0
0,-0.035959231501710875,0
0,-0.059510611977757755,0
0,-0.06560806699209204,0
0,-0.07827776453805779,0
0,0.01842692594727824,1
0,-0.09158568110108029,0
1,-0.03176982550220808,0
0,-0.05605062035468994,0
1,0.02371505908625493,1
0,-0.05605062035468994,0
0,-0.044131350838404027,0
0,-0.05392534019717765,0
0,-0.04758174947893856,0
0,0.027467048261342275,1
1,0.018704360797310082,1
0,-0.05356584181178381,0
0,-0.0879512764234352,0
0,0.06918529059506173,1
1,0.025324919651105948,1
0,-0.05956791875952189,0
0,-0.0725307913351157,0
1,0.022607459467776425,1
0,-0.06137627940328372,0
1,0.022108963122197567,1
0,-0.09145979925396552,0
0,-0.07408626298050813,0
0,-0.0827483764864469,0
0,-0.05945080746974807,0
0,-0.06555930759888012,0
0,-0.06943775940025937,0
0,-0.06148681859311128,0
0,-0.08551636237982146,0
1,0.01751910108047583,1
0,-0.08033853290066967,0
0,-0.05702178843627986,0
0,0.02319733160307169,1
1,-0.0322605695030353,0
0,-0.07842695348760775,0
0,-0.05687794560532289,0
0,0.03811334194818117,1
0,0.0027941272358815716,1
0,-0.04736416054866577,0
0,-0.00693558392879251,0
0,0.03811334194818117,1
0,-0.06886513343866535,0
0,0.06160648306646044,1
1,0.02371505908625493,1
0,-0.02029657724471734,0
0,-0.054932591101856,0
0,-0.09344991327119034,0
0,-0.06086693782463848,0
0,-0.030343597485878615,0
0,0.0613534322099869,1
1,0.022607459467776425,1
0,-0.048342336214529325,0
0,-0.023306378656816507,0
0,-0.03954385114022724,0
0,-0.05164129703185677,0
0,-0.07333056589299591,0
0,-0.06526826207836428,0
1,0.05821149296819994,1
0,-0.06501838970154111,0
0,-0.08872100881932005,0
1,0.022108963122197567,1
0,0.03811334194818117,1
0,-0.06592410716087233,0
0,-0.06245295649885524,0
0,-0.07958873370562264,0
0,-0.08237509631960621,0
0,-0.0726180759064512,0
0,-0.0734220592336256,0
0,-0.05078731597533215,0
0,-0.04680156512669298,0
0,-0.08647691076987785,0
0,-0.0816116380113816,0
0,0.0024540586659382857,1
0,-0.05180801062941681,0
0,0.06160648306646044,1
1,-0.07625246529613117,0
0,-0.08317837061518046,0
0,-0.039322876593494926,0
0,-0.05476729023210275,0
0,-0.06214248900869085,0
0,0.0272805989740893,1
0,-0.0687481969157338,0
0,-0.08263225259172446,0
0,-0.041289969089615186,0
1,0.02371505908625493,1
0,-0.0767651815396892,0
1,0.05292379404377967,1
0,-0.0642067098649523,0
0,-0.08819768175225162,0
0,-0.08501747731719633,0
0,-0.027495680284610358,0
1,0.02371505908625493,1
1,-0.008836970733123006,0
0,-0.06922044437194397,0
0,-0.08622605456151555,0
0,-0.0563880322180092,0
1,0.01192892502044185,1
0,-0.06583861981190686,0
0,0.02399752829788715,1
0,-0.07523409438842404,0
0,-0.04613043437506953,0
0,-0.07562031555347709,0
1,0.022108963122197567,1
0,-0.0577214264915345,0
1,0.022108963122197567,1
0,-0.007389176068281933,0
0,-0.08176857606296994,0
0,-0.057400967426766925,0
0,-0.05323019326340517,0
0,-0.08067170027576848,0
0,-0.081857218037722,0
0,-0.060103030521207135,0
0,-0.0705488232217103,0
1,-0.030647237968585928,0
0,-0.04367484122835463,0
0,0.04284848547847442,1
0,-0.06130464794491913,0
0,-0.08363520305692701,0
0,0.014434798895226031,1
1,-0.04719365403454229,0
0,-0.016458926546260078,0
0,0.08339975410058853,1
0,-0.03499605024932584,0
1,-0.07656084494992887,0
0,-0.08928453170403522,0
0,0.03811334194818117,1
0,-0.06560621033410852,0
0,-0.06824588018688155,0
0,0.009237390957245295,1
0,-0.08539773104119047,0
0,-0.04145207491177766,0
0,-0.05552423853429572,0
0,-0.0660401865355954,0
0,-0.06775747430760942,0
1,0.029619340097468694,1
1,0.022108963122197567,1
0,-0.07531115722564746,0
0,-0.0444454037297663,0
0,-0.02254326325703704,0
0,-0.04302991872980838,0
1,0.01751910108047583,1
0,-0.06305932083519444,0
0,-0.06083602202935512,0
0,-0.08511871514511082,0
0,-0.03309893362982641,0
0,-0.061368877686830414,0
0,0.05102494775031219,1
1,0.02306593421792602,1
0,-0.07447824906448003,0
1,0.020882390501738124,1
0,-0.05297302206446969,0
0,0.06918529059506173,1
0,-0.07273113776267387,0
1,0.02306593421792602,1
0,-0.0700570783105336,0
0,-0.06140357521292261,0
0,-0.06884544563856809,0
1,0.017717825319431224,1
0,-0.03085446097414063,0
1,-0.031154028924512966,0
0,0.03811334194818117,1
0,0.05739318836849949,1
0,0.0292925855441577,1
1,-0.0016210099182901172,0
0,-0.023178330178336537,0
0,-0.039553094513264,0
0,-0.07013767629443535,0
0,-0.05897824777328159,0
0,-0.042891868983352344,0
0,0.04407976674390457,1
1,0.018642208242853675,1
0,-0.08243376527781848,0
0,-0.08668141690043907,0
0,-0.0654129571519943,0
1,-0.05858620953816951,0
0,-0.048186770081364294,0
0,-0.06021460961453434,0
0,-0.033715850718576246,0
0,0.01932069469080422,1
0,-0.07126108599965097,0
1,0.022696425743937598,1
0,-0.020053272034839587,0
0,0.11226941501094456,1
0,-0.08534941735564916,0
0,-0.024848157210885735,0
0,0.02516146396924912,1
0,0.1801813140057853,1
0,-0.08739296465727275,0
0,-0.09251686639697493,0
1,0.022108963122197567,1
0,-0.06604204151988308,0
0,-0.054216136731404074,0
1,-0.06688751463780529,0
0,-0.06912231397213014,0
0,-0.04946057561771061,0
0,0.03811334194818117,1
0,-0.02456589855422736,0
1,-0.05563768318787443,0
0,-0.058963416053804674,0
0,0.08678045954000735,1
0,-0.06934262304463984,0
0,-0.07471596801730734,0
0,-0.08809752182035074,0
0,-0.04144951332856506,0
0,-0.013846941550250458,0
0,-0.08660246674343508,0
0,-0.04151389099529429,0
0,0.05739318836849949,1
0,1.1856260362375082e-06,1
0,0.014666890931342436,1
0,0.05104297436658467,1
0,-0.04367525369912828,0
0,-0.04746580619065749,0
0,-0.08559184456941549,0
0,0.0012841664954492682,1
0,0.052517661572228924,1
0,-0.07028037784096247,0
0,-0.035536813010141444,0
1,0.03520499891997786,1
0,0.0030444957965078956,1
1,-0.07381109085961729,0
1,0.018704360797310082,1
0,-0.08557720261215218,0
0,-0.06484023336626721,0
0,-0.005410930891219801,0
0,-0.063142804070845,0
0,-0.0644628278020743,0
0,-0.06555930759888012,0
0,-0.06572720604204096,0
0,0.100361652963736,1
0,-0.021779644332280523,0
0,0.03811334194818117,1
1,0.01751910108047583,1
0,-0.0024199719667624686,0
1,0.02371505908625493,1
0,-0.024459986110757947,0
0,-0.09612487772836181,0
0,-0.07197460667460981,0
0,-0.012669995278378199,0
1,0.02371505908625493,1
1,-0.06142252895677319,0
0,0.08339975410058853,1
0,-0.08079244495206034,0
0,-0.0308551290299503,0
0,0.03811334194818117,1
1,0.018704360797310082,1
0,-0.04399666306942207,0
1,0.02371505908625493,1
1,0.03332137352180853,1
0,-0.08872598983117563,0
1,-0.05368778125517959,0
0,0.010637356160376643,1
0,0.05739318836849949,1
1,0.02251581758792809,1
1,-0.07233257303374213,0
0,-0.032202805066121776,0
0,-0.05671600385197201,0
0,-0.055950485705207886,0
0,-0.054600496000306864,0
0,-0.004880895910970906,0
0,-0.05397111443508695,0
0,-0.08162554429174035,0
0,-0.027541423062438508,0
0,-0.06497103641803575,0
0,-0.05665300951414881,0
0,-0.07856525345883886,0
0,-0.08181383917188745,0
1,0.02306593421792602,1
0,-0.06133839640307648,0
1,0.022607459467776425,1
0,0.06918529059506173,1
0,-0.013064265019665233,0
0,-0.049348531733037104,0
0,0.1277019482508981,1
0,0.10953307899996445,1
0,-0.06829288581773046,0
0,-0.09188559432890625,0
1,-0.030647237968585928,0
0,-0.0830918403026627,0
1,0.016812575021424414,1
0,0.05739318836849949,1
1,-0.08586492380432853,0
0,-0.041064950042885184,0
0,-0.06862563540615191,0
1,0.02425194592409563,1
0,-0.07861822653272849,0
1,0.015769469932073177,1
0,-0.07339332696500267,0
0,0.12521563920730783,1
0,-0.04868110534777487,0
0,0.06669443791425067,1
0,-0.06072570698971602,0
0,-0.054073119116657964,0
0,-0.03272011397190039,0
0,0.06072638104346062,1
0,-0.025993461247067084,0
0,0.06160648306646044,1
0,-0.0801575600655931,0
1,0.028235936958997954,1
1,0.02251581758792809,1
1,0.029454135526573055,1
0,-0.07364894434638031,0
0,-0.09747830123115087,0
0,-0.05323019326340517,0
0,-0.07584431615172277,0
0,-0.05820907303253625,0
0,-0.07815666882334316,0
0,-0.05560680809433943,0
0,-0.07276146145433138,0
0,-0.07618028194096282,0
0,0.04859102221592049,1
0,-0.025296287945001494,0
0,0.013378154648562512,1
0,-0.05974609815110615,0
0,-0.08411815885092377,0
0,-0.04750596532412421,0
0,0.10953307899996445,1
0,-0.005447227386195075,0
0,-0.07166569931342193,0
0,-0.05585032846993454,0
0,0.03811334194818117,1
0,-0.07523160939520618,0
0,-0.05710014364458882,0
0,-0.06048127012014215,0
0,-0.06076788951581552,0
0,-0.03974840184434031,0
1,-0.05375958848071272,0
1,-0.032950516717203004,0
0,-0.06442158969163209,0
0,-0.07383212306758813,0
0,-0.012382371956977833,0
0,-0.05665300951414881,0
0,-0.025453571459051416,0
0,-0.06684903643735951,0
1,-0.04410757881844518,0
0,-0.08287332751872062,0
0,-0.05605062035468994,0
0,-0.008254538337152617,0
0,-0.05883720887602084,0
0,-0.0654332835918996,0
0,-0.03741652431633408,0
1,-0.04578955014458502,0
0,0.12586752187368955,1
0,-0.033715850718576246,0
0,-0.0595531834785204,0
0,-0.06147706315422807,0
0,-0.09759337833596193,0
0,-0.07805352193223974,0
0,-0.05003372068026063,0
0,-0.02179965924520383,0
0,-0.03438129596862871,0
0,-0.06106496744014739,0
0,-0.0473654140419017,0
0,-0.07228449983706098,0
0,0.02528935442551772,1
0,-0.06542337058612202,0
0,-0.0363616554995862,0
1,-0.0322605695030353,0
0,-0.052131485222544294,0
0,-0.07227828876342512,0
0,0.0031902820130673692,1
0,-0.07292028090266062,0
0,-0.07490918257188811,0
0,0.03811334194818117,1
0,0.05739318836849949,1
1,0.029619340097468694,1
0,0.05739318836849949,1
0,-0.05939362693193939,0
0,-0.01788711894388645,0
0,-0.0957242466593225,0
0,0.11226941501094456,1
1,0.018704360797310082,1
1,-0.032950516717203004,0
0,-0.015293732477564825,0
0,-0.024480585983214842,0
0,-0.056344548779362014,0
0,-0.05675298574216414,0
0,-0.04118002316695435,0
0,-0.053499260599967735,0
0,-0.07457091187429798,0
1,0.016727081269584887,1
0,0.06918529059506173,1
0,-0.09004521709390406,0
0,-0.08630644111539798,0
1,0.02371505908625493,1
0,-0.0763743685937438,0
0,-0.07310494557308944,0
0,-0.06285207477402421,0
0,-0.05767203545909044,0
0,-0.05320011655824075,0
0,-0.04148148717830413,0
0,-0.09280742878162768,0
0,-0.061393267076644054,0
0,-0.06401583971419011,0
0,-0.08587211397718575,0
0,-0.04275031530339246,0
1,0.03446688575990553,1
0,-0.04935336827483067,0
0,-0.050213131191926774,0
0,-0.004480373416850314,0
0,-0.057932502593637414,0
0,0.08339975410058853,1
0,-0.07802570056657121,0
0,-0.02287631518296862,0
0,-0.06589431605397289,0
0,0.006989775984026503,1
0,-0.09046693665775224,0
0,-0.08848072744518909,0
0,-0.08726852951476743,0
1,-0.030647237968585928,0
0,-0.07758950044569796,0
0,-0.05646534047311724,0
0,-0.07956488107132093,0
1,0.02251581758792809,1
0,-0.0644275572251159,0
1,0.02371505908625493,1
0,-0.064941500696716,0
0,-0.06812266056297339,0
0,-0.023417941321207947,0
0,-0.06413552537772527,0
0,-0.06844007211489123,0
0,-0.050097797560372026,0
0,-0.06366963495804917,0
0,0.06982021646926129,1
0,-0.06831891781661409,0
1,-0.0322605695030353,0
0,-0.06086693782463848,0
0,-0.07718960662175262,0
0,-0.07039652653409223,0
0,-0.038876860521624645,0
0,-0.0037515345021226776,0
0,-0.03687749214958047,0
0,-0.028526405603407856,0
0,0.08277114911561279,1
0,-0.057939254199956214,0
0,0.05931926731706516,1
1,0.026194684693887305,1
0,-0.08125591078590044,0
0,-0.08803553519401319,0
0,-0.05809701035838699,0
0,-0.05242118591756084,0
0,-0.06560621033410852,0
0,-0.08235525900402413,0
0,-0.08859188038483967,0
0,0.10554632086192439,1
0,-0.02204756914677347,0
0,-0.08306216649883125,0
0,-0.03960152379130877,0
0,-0.06497103641803575,0
0,-0.06086693782463848,0
0,-0.05189458829055682,0
0,-0.06665242912124869,0
0,-0.0528898773220447,0
0,-0.05710014364458882,0
0,-0.0564137310525098,0
0,-0.06546262699076194,0
0,-0.0597884089385452,0
0,-0.029325414878846434,0
0,-0.025926934979140392,0
0,-0.05585032846993454,0
0,-0.018983857278989436,0
0,0.019774012461904245,1
0,0.11226941501094456,1
0,-0.012391843877502584,0
0,-0.03075182333714921,0
0,-0.07934001733311541,0
0,-0.061741186538515846,0
0,-0.0830999291375844,0
0,-0.053026930121906346,0
0,-0.08014414429272848,0
0,-0.035289465556370414,0
0,-0.04624405196080866,0
0,-0.0807012672699573,0
0,-0.05411558830642643,0
0,0.06918529059506173,1
0,-0.010937750645226008,0
0,-0.02029657724471734,0
0,-0.0361666705155792,0
0,-0.07141328060418944,0
0,-0.06551440370886119,0
0,-0.07771098711994873,0
0,-0.057773754008869416,0
0,-0.0689690208580408,0
0,-0.05359113740754634,0
0,0.0015270779214554553,1
0,-0.0911904155154179,0
0,-0.04008182546417005,0
0,-0.07522702445936452,0
1,0.02251581758792809,1
0,-0.0859971225308499,0
0,-0.046437969984609695,0
0,-0.07131565933357586,0
0,-0.05652128206146401,0
0,-0.0339158742395147,0
0,-0.02024121067759027,0
0,-0.08254345334658347,0
0,0.010623757760074404,1
0,-0.07995028924207909,0
0,-0.055655115618093,0
0,-0.05154545023446466,0
0,-0.08289627555844309,0
0,0.10554632086192439,1
0,-0.053026930121906346,0
0,-0.06445110251568864,0
0,0.061558247857013804,1
1,0.049572038282872266,1
0,-0.05563331579783526,0
0,-0.05860774139365699,0
0,-0.06410476281761351,0
0,-0.019743364141139808,0
0,-0.04760942755898212,0
0,-0.02189917879215303,0
0,-0.06501838970154111,0
0,0.100361652963736,1
0,-0.044049148754595535,0
0,-0.05242775649965897,0
0,-0.041754131291001806,0
0,0.01701688780548105,1
0,-0.0693084269811346,0
0,-0.0656292539871528,0
0,-0.050463107317577804,0
0,-0.041202280125253954,0
1,0.022696425743937598,1
0,-0.04145207491177766,0
0,-0.0563559931550357,0
0,-0.08354117285487722,0
0,-0.03973683534876504,0
1,0.05789694439859927,1
1,0.02371505908625493,1
0,-0.063374571990027,0
0,-0.04867906204515321,0
0,-0.05748197314168502,0
1,0.022108963122197567,1
0,0.08678045954000735,1
0,-0.05163951545674089,0
0,-0.060319273778446814,0
1,0.018924187616074173,1
0,0.23565040100147439,1
0,-0.07921554743528209,0
0,-0.06523305745275365,0
0,-0.05962867336497024,0
0,-0.034868261105058695,0
0,0.02552441220915369,1
0,-0.054640957054085226,0
0,-0.05766377283094276,0
0,0.002147441587028398,1
0,-0.062347859761186564,0
0,-0.05706916093716319,0
0,0.003855758454008096,1
1,-0.011701011448489562,0
1,-0.004524612269987904,0
0,-0.06376715085733187,0
0,-0.08332564676223492,0
0,-0.06489992733488781,0
0,-0.062394116293268964,0
1,0.01751910108047583,1
0,0.005314988969331247,1
0,-0.07886868062529084,0
0,0.026191773753654002,1
0,-0.07787407452029893,0
0,-0.056609553877116636,0
1,0.018704360797310082,1
0,-0.016859898846065202,0
0,-0.09185844341244875,0
0,0.10554632086192439,1
0,-0.07857185952455797,0
0,-0.08396361571019156,0
0,-0.054216136731404074,0
1,0.028235936958997954,1
0,-0.06434993458887717,0
0,-0.08878530075028351,0
1,-0.05748607774999731,0
0,-0.05562640358299076,0
0,-0.054166295469109726,0
0,-0.026719769869748777,0
0,0.0782476317244245,1
0,-0.04451774508760192,0
0,-0.08425849489462722,0
0,0.05739318836849949,1
1,0.02371505908625493,1
0,-0.03594321164032954,0
0,-0.06583535028433102,0
0,-0.07363036173556525,0
0,-0.08241145022532353,0
0,-0.054496439942356756,0
0,0.02528935442551772,1
0,0.03811334194818117,1
1,0.018704360797310082,1
0,-0.08379563500579007,0
0,-0.0690081727297584,0
0,-0.08045320770130165,0
0,-0.07876233866755278,0
0,-0.027115784720658453,0
0,0.06669443791425067,1
0,-0.08023186437915941,0
0,-0.06803754395053024,0
1,-0.020811959396631607,0
0,0.08678045954000735,1
0,-0.07902489811453378,0
0,-0.03902987071845593,0
0,-0.041511178349258215,0
0,-0.09198288349702127,0
0,0.08339975410058853,1
0,-0.012800020429771797,0
1,-0.029996330057608656,0
0,-0.03778929771375583,0
0,-0.08436606882904968,0
0,0.06160648306646044,1
0,-0.053026930121906346,0
0,-0.051224207344769956,0
0,-0.056452989402856035,0
1,0.05373061680603153,1
1,0.02371505908625493,1
0,-0.06120569836345441,0
0,-0.06347801473174852,0
1,0.02306593421792602,1
1,0.018704360797310082,1
1,0.025584671548748772,1
0,-0.0719924328196978,0
1,0.025584671548748772,1
0,-0.008107249333316358,0
0,-0.05279369230087527,0
0,-0.05163951545674089,0
0,-0.05143076091392207,0
0,-0.03272577189226805,0
0,-0.0542467945962003,0
0,-0.029147265443006942,0
0,-0.09501511732078988,0
0,-0.05676769401256598,0
0,-0.05676769401256598,0
0,-0.0628038462644524,0
0,-0.04140711019977045,0
0,-0.06916883626467124,0
0,0.08339975410058853,1
0,-0.07708453089926365,0
0,-0.05391882256880659,0
0,-0.0394367277353716,0
0,-0.060468290354800336,0
0,-0.09565685683483477,0
0,-0.024956743013111904,0
0,-0.056313678304172554,0
0,-0.05404597740605099,0
0,0.06669443791425067,1
1,0.020882390501738124,1
0,-0.07703333098756066,0
1,0.04231974043684816,1
0,-0.02421006446936408,0
0,-0.05060008353906176,0
0,-0.0363616554995862,0
0,-0.0650954284298384,0
0,-0.022890985591310864,0
0,-0.06899446925090519,0
0,-0.029358985169301743,0
1,-0.018272533837780658,0
0,-0.05437472509904073,0
0,-0.06553127983876678,0
0,-0.042231806367378555,0
0,-0.05598330018955866,0
0,-0.05736198672431564,0
0,-0.08556224704511534,0
0,-0.0814256330165129,0
0,-0.0761787858721123,0
1,-0.0322605695030353,0
0,-0.01664653983654657,0
0,-0.05017474731704341,0
1,-0.030647237968585928,0
0,-0.033715850718576246,0
0,-0.03724177653424238,0
0,-0.07731031726314191,0
0,-0.05379877836525876,0
1,-0.08389323420069073,0
0,-0.059314819436360244,0
0,-0.05585292592620472,0
0,0.012808092873446753,1
0,-0.06400583725333236,0
1,-0.03164230826171727,0
0,-0.07918592155967341,0
0,-0.07647733975922644,0
0,-0.07559388769746878,0
0,-0.05180801062941681,0
0,-0.06400583725333236,0
1,0.028235936958997954,1
0,-0.06148681859311128,0
0,-0.01497979469541294,0
0,-0.042608740984658,0
0,-0.06226400320722775,0
0,0.02336011618514766,1
0,-0.07693323340265179,0
0,0.09373893816060619,1
0,-0.07615069907366595,0
0,-0.058828689011861446,0
0,-0.022157938136540767,0
0,-0.07364943260898277,0
0,-0.018037731789521838,0
0,-0.07672381101487491,0
0,-0.029989092859126043,0
0,-0.04658060952124499,0
1,0.02251581758792809,1
1,0.04840111717764595,1
1,-0.031154028924512966,0
0,-0.06916883626467124,0
0,-0.07836153338477386,0
0,-0.07862245788132449,0
0,-0.057156079061053966,0
0,-0.05605062035468994,0
0,0.012901059156217087,1
0,-0.06523305745275365,0
0,-0.057046244034662186,0
0,-0.08342946611405638,0
0,-0.05358824787474559,0
0,-0.07536996055718181,0
0,-0.07638971596634836,0
0,0.11812623481954043,1
0,0.054273743196969204,1
0,0.03768844567617158,1
0,-0.08838714224906619,0
0,-0.08047870332893442,0
0,-0.06236847052753697,0
0,-0.049796789671198494,0
0,-0.0620702116089229,0
0,-0.06400583725333236,0
0,-0.05180801062941681,0
0,-0.08346528171962814,0
0,-0.06594015087073885,0
0,-0.07148802344420557,0
0,-0.06802346761090039,0
0,-0.05180801062941681,0
1,0.03865110778602421,1
0,0.10953307899996445,1
1,-0.007534762920661797,0
0,-0.07930796138026641,0
0,-0.05819317817567532,0
0,-0.07341578628349366,0
0,0.012884091206898263,1
1,0.02371505908625493,1
1,-0.04258831897999765,0
0,0.17690351216948774,1
1,0.02371505908625493,1
0,-0.08824928402672322,0
0,-0.06044574961473653,0
0,0.10554632086192439,1
0,-0.009360203160050429,0
0,-0.07018351554794178,0
0,-0.049796789671198494,0
0,-0.05741687033209708,0
0,-0.06805254890984347,0
0,-0.09749345797855696,0
0,-0.08730091338539797,0
0,0.07258919439274591,1
0,-0.06271291792564626,0
0,-0.06566128870414323,0
0,0.012470602089559746,1
0,-0.032426297731545484,0
0,-0.046522759921934886,0
0,-0.06523827632739826,0
0,0.18002793084631852,1
1,0.029619340097468694,1
0,-0.08278903088073453,0
0,0.008302233859101005,1
0,-0.04766787158217822,0
1,0.025584671548748772,1
0,-0.04681040650448126,0
0,-0.024427926409871847,0
0,-0.0792547812210252,0
0,-0.008931974651760322,0
0,-0.06215961085269106,0
0,-0.04261956409171341,0
0,-0.05487463172205648,0
0,-0.06583861981190686,0
0,-0.05706916093716319,0
0,-0.07076657865152008,0
0,-0.08070013746052912,0
0,-0.06827525515706567,0
0,0.03995709248607038,1
0,-0.06634234968922353,0
0,-0.042406792951977246,0
0,-0.07814571511153884,0
0,0.10953307899996445,1
0,0.100361652963736,1
1,0.02371505908625493,1
0,0.14666219215207066,1
0,-0.022248638677668964,0
0,-0.08428389932447128,0
0,-0.06400583725333236,0
1,-0.03164230826171727,0
0,-0.05598816819904873,0
0,-0.05098188312038676,0
0,0.08339975410058853,1
0,0.06160648306646044,1
0,-0.06502029964625439,0
0,-0.038872277834394175,0
0,-0.02165754966936506,0
0,-0.08235189768741469,0
1,0.022607459467776425,1
0,-0.06148681859311128,0
1,-0.025148080717395216,0
1,0.018704360797310082,1
0,-0.06682068937066138,0
0,-0.05273937567093945,0
1,-0.035003084165887266,0
0,-0.07332360353620976,0
1,0.022108963122197567,1
0,0.05739318836849949,1
0,0.01740383036535542,1
1,-0.031154028924512966,0
0,-0.021732805813160894,0
0,-0.045701123166883184,0
1,-0.03867252354394696,0
0,-0.08393875548162016,0
0,-0.03786467324428083,0
0,-0.06059382580532563,0
0,-0.07401293143708892,0
0,-0.08466045440340136,0
0,-0.03339533838427855,0
1,-0.031154028924512966,0
0,-0.0842138832554522,0
0,-0.046903068530919634,0
0,-0.072677948411567,0
0,-0.07406709046964333,0
0,-0.04822323177018262,0
0,-0.06870738463587872,0
0,-0.05508128866163864,0
0,-0.04473054399384957,0
0,-0.02233237881002753,0
0,-0.038160524438028254,0
0,-0.0768739719145462,0
0,-0.04489638763118675,0
0,-0.006278773006435756,0
0,-0.04794597236207837,0
0,-0.05585032846993454,0
0,-0.07561327009007723,0
0,-0.006059090649032595,0
0,-0.05490379539726464,0
1,0.02371505908625493,1
0,-0.08134573181065968,0
0,-0.049632443368975876,0
0,-0.05882818648962074,0
1,0.020432203207398136,1
0,-0.073398977866591,0
0,-0.06182699395690311,0
0,-0.08611601973674737,0
0,0.1277019482508981,1
0,-0.07326993034177903,0
1,0.022108963122197567,1
0,-0.08093582598238336,0
0,0.1277019482508981,1
0,-0.06915137938988053,0
0,-0.06198923856844768,0
0,0.002886892002260888,1
1,-0.053888405887432156,0
1,0.02371505908625493,1
0,-0.05846665602619949,0
0,-0.05882818648962074,0
1,0.025584671548748772,1
1,-0.051266590210353014,0
0,-0.05288398019769114,0
0,-0.06515239294661385,0
1,-0.005551390073729734,0
0,-0.05662364949475812,0
0,-0.06546262699076194,0
0,0.05739318836849949,1
0,0.007162112030358547,1
0,-0.05839236050733748,0
0,-0.05306908176849884,0
0,0.006577215479494858,1
0,-0.07593487241097047,0
0,-0.08627795244530173,0
0,-0.05504152975796822,0
0,-0.038443242966883395,0
0,-0.059190961507477935,0
0,-0.007603220526230636,0
1,-0.0014661122777929747,0
0,-0.05563331579783526,0
1,-0.003402578733767536,0
0,-0.05563331579783526,0
1,-0.02206873713493901,0
1,0.018704360797310082,1
0,-0.08753952235687473,0
1,0.021406619527576054,1
0,-0.0564137310525098,0
0,-0.0577214264915345,0
1,0.018704360797310082,1
0,-0.035619471596088303,0
1,0.025605198364720194,1
0,-0.0708002897451862,0
0,-0.038480001126957875,0
0,-0.08372186570773293,0
0,-0.07198076965811456,0
0,-0.048777799354354334,0
0,-0.04846341146531913,0
0,-0.05618839792417424,0
0,-0.06796071183563268,0
0,-0.05788361939824782,0
1,-0.02709577261981072,0
0,-0.06796071183563268,0
0,-0.07839744484687755,0
0,0.09373893816060619,1
0,0.026492718535975346,1
0,-0.04882874434268247,0
0,-0.06491845098643728,0
0,-0.06843456613408466,0
1,0.02371505908625493,1
0,-0.06142948206338006,0
1,-0.03365474892339254,0
0,-0.07018962018973324,0
0,0.06918529059506173,1
0,-0.0543804990545978,0
0,-0.08634494691854322,0
0,0.09373893816060619,1
0,-0.029441968551581543,0
1,0.02371505908625493,1
0,-0.07331392694459948,0
0,-0.07048805366421806,0
1,0.020882390501738124,1
0,0.06918529059506173,1
0,-0.06009675352606142,0
0,-0.08820251350088842,0
1,0.02371505908625493,1
0,-0.059904566918925595,0
0,-0.041777124174664226,0
0,-0.08372926464716285,0
0,-0.023883766941812046,0
0,-0.011051110594507196,0
0,0.018092152765261327,1
0,-0.05358982008778834,0
0,-0.06585299489135904,0
0,0.08678045954000735,1
0,-0.0658255519486366,0
0,-0.05585032846993454,0
0,0.08339975410058853,1
0,-0.05044208066208544,0
1,0.020788539663415317,1
1,-0.026256159097978626,0
0,-0.05321111765529962,0
0,-0.07996113001415844,0
0,-0.08028208598630171,0
0,-0.08818645854112916,0
0,-0.03765194819356649,0
0,0.10953307899996445,1
0,-0.0639786944527842,0
0,-0.02107642586401054,0
0,0.03455035064968759,1
0,-0.06603143175395815,0
1,-0.027226172951882843,0
0,-0.08452122332756362,0
0,-0.0258868526233621,0
0,-0.06880001710376465,0
0,-0.06960183403510811,0
0,-0.0361666705155792,0
1,0.025584671548748772,1
0,-0.06544462799181788,0
0,-0.02294698411490248,0
0,-0.06386959768889572,0
0,0.10953307899996445,1
1,-0.030647237968585928,0
0,-0.08398542019945504,0
0,-0.07343241146747975,0
0,-0.07222536520145201,0
1,-0.030647237968585928,0
0,-0.057203709232283906,0
0,-0.05650967816356062,0
0,-0.028610417821841094,0
1,-0.056787360018763444,0
0,-0.058116155849783024,0
0,-0.06120569836345441,0
0,-0.06424562345495582,0
1,0.010698280421696404,1
0,-0.05182402171139283,0
1,-0.004649883901975849,0
0,-0.0538283150737634,0
1,0.022108963122197567,1
1,0.018704360797310082,1
0,-0.0654129571519943,0
0,-0.05214809672936804,0
1,-0.04510676505442679,0
0,0.014326599514441818,1
0,-0.06792781509124851,0
0,-0.060154342494131596,0
0,-0.06105727543049805,0
0,-0.05213021745254315,0
0,-0.07533326801651535,0
0,-0.08243765577152834,0
0,-0.05946725478392906,0
0,-0.05664743894539065,0
0,0.11729036897954181,1
1,-0.0322605695030353,0
0,-0.04983043845744195,0
0,-0.05802007298097961,0
0,-0.05228289466447933,0
0,-0.05366651420643326,0
0,-0.05790608420852028,0
0,0.047345074415478305,1
0,-0.08050683492092925,0
0,-0.04280095807766454,0
1,0.02045611042720885,1
0,-0.056452989402856035,0
1,0.0017345866820241973,1
0,-0.08105578995942653,0
0,-0.07377175427701144,0
0,-0.06911411647893922,0
0,-0.07149166763149167,0
0,-0.06272338103199249,0
0,-0.06426633116281721,0
0,-0.07739853368791072,0
0,-0.023473042554562562,0
1,-0.031154028924512966,0
1,-0.0322605695030353,0
0,-0.0652938712320753,0
1,-0.04576765985623643,0
0,0.03811334194818117,1
0,-0.06086693782463848,0
0,-0.0528898773220447,0
1,0.02371505908625493,1
0,-0.0470814530658491,0
0,-0.024046355969541522,0
0,0.016990415035742723,1
0,-0.04158321118337782,0
0,-0.0420453322177739,0
0,0.031189130876694282,1
0,-0.05633956344234947,0
0,0.1099949207189791,1
0,-0.04868110534777487,0
0,-0.06087981179086399,0
1,0.022108963122197567,1
0,-0.06400583725333236,0
0,-0.0890575069706831,0
0,-0.06342123063863125,0
0,-0.06231293571029678,0
0,-0.04075433580175408,0
0,-0.038377696585300325,0
1,-0.08167097690884162,0
0,-0.06456316024334952,0
0,-0.056677107343358735,0
0,-0.07677038703794103,0
0,-0.06820506738530596,0
0,-0.08080126659900522,0
0,-0.057046244034662186,0
0,-0.01904256362263823,0
0,-0.058113560227532224,0
0,-0.08243499179404684,0
0,0.002147441587028398,1
0,-0.041064950042885184,0
0,-0.06341436260195793,0
0,0.02528935442551772,1
1,-0.031154028924512966,0
0,-0.08026648344253101,0
1,-0.019787115325808735,0
0,-0.03625707992128474,0
1,-0.031154028924512966,0
0,-0.0529906905911427,0
0,-0.06491845098643728,0
0,-0.06497103641803575,0
0,-0.00809337543013161,0
1,0.022607459467776425,1
0,-0.0741116952461211,0
1,0.022696425743937598,1
0,-0.06915415513237855,0
0,-0.02017296109003175,0
0,-0.05210606950632757,0
0,0.08678045954000735,1
0,-0.07145311518067282,0
0,-0.0863448793907996,0
0,-0.06141965583633774,0
0,-0.04044773986848105,0
0,-0.053435916420749185,0
0,-0.06583861981190686,0
0,-0.07791139915735174,0
0,0.08678045954000735,1
0,-0.053026930121906346,0
0,-0.01859236574620393,0
1,0.02306593421792602,1
1,-0.031154028924512966,0
0,0.030760913341195906,1
0,-0.05323019326340517,0
0,-0.07827419773622846,0
0,0.10953307899996445,1
1,-0.030647237968585928,0
0,-0.05730356127567238,0
0,0.07258919439274591,1
0,-0.05450967587522115,0
1,0.015769469932073177,1
0,-0.08325038165451165,0
0,-0.06182211855480396,0
0,0.006072609783425054,1
0,-0.0712327214695766,0
0,-0.046230589004987444,0
0,0.001097390317743363,1
0,-0.0741505545411793,0
0,-0.06957723900767954,0
0,-0.052114260466917806,0
0,0.08339975410058853,1
1,0.02371505908625493,1
0,-0.0628286839024631,0
1,-0.008151824957893627,0
1,0.02306593421792602,1
1,0.022607459467776425,1
0,-0.09388352538102746,0
0,-0.08228354924812875,0
0,0.05739318836849949,1
0,-0.04436815450813786,0
0,-0.0836030736453931,0
0,-0.05943507806874038,0
0,-0.03385596475109853,0
0,-0.0784808548437454,0
0,0.05700776059725432,1
0,-0.05548849596124772,0
0,-0.07046326413312126,0
0,-0.037093508959115784,0
0,-0.059904566918925595,0
0,-0.08109152925746599,0
1,0.02306593421792602,1
0,-0.003378819828501023,0
0,-0.03899194243860188,0
1,-0.011221054877928405,0
0,-0.05419701200994731,0
0,-0.05718286719504473,0
1,0.022607459467776425,1
0,-0.06720187339425204,0
1,0.02371505908625493,1
0,-0.08959667335702587,0
0,-0.06497103641803575,0
1,-0.008848953434330675,0
0,0.02528935442551772,1
0,0.00470714685190099,1
0,-0.030948011675040854,0
0,-0.03373622683619437,0
0,0.04395013650508839,1
0,-0.07614299425114873,0
0,-0.06086693782463848,0
0,0.06669443791425067,1
0,-0.06430865383624979,0
0,-0.035939990753121265,0
0,-0.06565232202888666,0
0,-0.06501838970154111,0
0,-0.06701308853630505,0
0,0.095379893261748,1
0,0.03811334194818117,1
0,-0.07938413027802016,0
0,0.05589699002477844,1
0,-0.08222658310814168,0
1,0.016727081269584887,1
0,-0.05366651420643326,0
0,-0.059567323410723405,0
0,-0.06317373548967248,0
0,-0.06884544563856809,0
0,0.06160648306646044,1
0,-0.085765555595811,0
0,-0.03177506652021156,0
0,-0.05571841176078879,0
0,-0.050229471936075576,0
0,0.015196053231125384,1
0,-0.07915855867837274,0
1,-0.07429236616984009,0
0,-0.0693084269811346,0
1,0.018704360797310082,1
0,-0.06555930759888012,0
1,-0.030647237968585928,0
0,-0.03421739387542955,0
0,-0.05730356127567238,0
0,0.06878100873915893,1
0,-0.015069718683779876,0
1,-0.040365862608627956,0
0,-0.02668192261918917,0
0,-0.03810505570236439,0
0,-0.03455794290866265,0
0,0.03811334194818117,1
0,-0.09188524927765551,0
0,0.11226941501094456,1
0,-0.050540927068543684,0
0,-0.06521456871233033,0
0,-0.06491845098643728,0
0,-0.057051422758950976,0
0,-0.015644881577272507,0
0,-0.020427401648035082,0
0,-0.06375698065480973,0
0,-0.037668339261896,0
0,-0.03864339921162979,0
1,-0.03164230826171727,0
0,0.1277019482508981,1
0,-0.07428894765700772,0
1,-0.01125435753546361,0
0,-0.06452578026663991,0
0,-0.05870860085159735,0
0,-0.06077728425395129,0
0,-0.052167151260415434,0
1,-0.030647237968585928,0
0,0.100361652963736,1
0,-0.09145535570128588,0
0,0.07258919439274591,1
1,0.018897139970457832,1
0,-0.059041888372030116,0
0,-0.017249369952981042,0
0,-0.07551308549858743,0
0,-0.07601511726961974,0
1,0.029619340097468694,1
0,-0.051488789122879464,0
0,-0.08103778911700715,0
0,-0.04148148717830413,0
0,-0.010242268857483805,0
0,-0.058855581975572,0
0,0.01275270373478532,1
0,-0.0660401865355954,0
0,-0.02565284192839201,0
0,0.06160648306646044,1
0,-0.05702178843627986,0
0,-0.04117743058179574,0
0,-0.08992952817718514,0
0,-0.08278722715264442,0
0,-0.04649833735157538,0
0,0.017425329957647007,1
0,-0.07836153338477386,0
0,-0.08448269679836634,0
1,0.02371505908625493,1
1,0.020788539663415317,1
0,0.1248360938816172,1
0,-0.0755876695071735,0
1,0.022108963122197567,1
0,-0.038465365379807326,0
0,-0.06553127983876678,0
0,-0.0225055503524747,0
0,0.08339975410058853,1
0,0.02528935442551772,1
0,0.06918529059506173,1
0,-0.07565283690599023,0
0,-0.05287392585439371,0
0,-0.06450726144880498,0
0,-0.06433915600426876,0
0,-0.06720061683569906,0
0,-0.03145947638594171,0
0,0.056016978452102184,1
0,-0.08009437386648977,0
0,-0.01536222832889167,0
0,-0.049632443368975876,0
0,0.10953307899996445,1
0,-0.056061760079151035,0
1,0.02371505908625493,1
0,-0.05185322083847488,0
1,-0.021045901552971535,0
0,-0.008425324918327703,0
0,-0.08125376722132521,0
0,-0.07696124704844987,0
1,-0.03686079854020147,0
0,-0.06856360514285625,0
1,0.022108963122197567,1
0,-0.050770318703573014,0
0,-0.09460709246368387,0
0,0.06918529059506173,1
0,0.02528935442551772,1
0,-0.06685881749721889,0
0,-0.07265230938345552,0
0,-0.01828401309490757,0
0,-0.06839066241610697,0
0,-0.07317845760066993,0
0,-0.07624653634302248,0
0,-0.06430865383624979,0
0,-0.022362536232505614,0
0,-0.0710150902321054,0
0,-0.037264327414645526,0
1,0.02371505908625493,1
1,-0.030647237968585928,0
0,-0.017531661671417453,0
0,-0.06585477050301297,0
0,-0.08465228023828769,0
0,0.08678045954000735,1
0,-0.07024658790722638,0
0,-0.06796133198741972,0
0,-0.046631596433864886,0
0,-0.06911411647893922,0
0,-0.07218197687685401,0
1,-0.00880823023596744,0
0,0.06160648306646044,1
0,-0.06120569836345441,0
0,0.03811334194818117,1
0,-0.09214801048877874,0
0,-0.09349551768631503,0
1,0.02306593421792602,1
0,-0.02131711935330932,0
0,-0.053451389452405185,0
0,-0.051700449128564696,0
0,-0.06839066241610697,0
0,-0.023305184308707094,0
0,-0.05287392585439371,0
0,-0.0026369680731389566,0
0,0.12366360574922641,1
0,-0.0863448793907996,0
1,-0.03237981227916531,0
0,-0.08628567991386016,0
0,0.10953307899996445,1
0,-0.0456142134455258,0
0,-0.06561238166287092,0
0,-0.0571569419333145,0
0,-0.01727332472652271,0
0,0.03634725686512563,1
0,-0.061083305374679264,0
0,-0.059314819436360244,0
0,-0.023605664501487322,0
0,-0.05820907303253625,0
0,-0.05870008392826892,0
1,0.022108963122197567,1
0,-0.037244819494323234,0
0,-0.06669276705415172,0
0,-0.023713093016246856,0
1,0.020882390501738124,1
0,-0.07454792358220286,0
1,0.02371505908625493,1
1,0.02371505908625493,1
0,-0.05563803866680317,0
0,-0.03605941076106023,0
0,0.0739432053430501,1
0,0.13334665290683934,1
0,0.04010657502090109,1
0,0.05382731863444068,1
0,0.1480114183996778,1
0,-0.03542799096844279,0
0,-0.051337841023670006,0
0,0.040013593370441636,1
1,-0.030647237968585928,0
0,-0.018124769346336556,0
0,-0.041736264348626706,0
0,-0.05302763507018737,0
0,-0.07351392566058601,0
0,0.07258919439274591,1
0,-0.05790608420852028,0
0,-0.05790608420852028,0
1,0.022108963122197567,1
1,0.019240787657066494,1
0,-0.03974840184434031,0
0,-0.03607607180828498,0
0,-0.08928272480004962,0
0,-0.06587729037768764,0
0,-0.032203966839650766,0
0,-0.0637155286566996,0
1,0.02251581758792809,1
0,-0.05694600199406252,0
0,-0.06288943814294784,0
0,-0.05563331579783526,0
0,-0.08019183106776667,0
0,-0.06279971681208663,0
0,-0.08337133172975486,0
0,-0.06916883626467124,0
0,-0.08897082802588002,0
1,0.02306593421792602,1
0,-0.06916883626467124,0
0,-0.006820080925606431,0
0,0.005690433460216027,1
1,-0.0322605695030353,0
0,0.057555773601687954,1
1,0.02306593421792602,1
1,0.02371505908625493,1
0,-0.06884544563856809,0
1,0.012989612641091886,1
0,0.04586167424396126,1
0,-0.026776426010867993,0
0,-0.08967459210714607,0
0,-0.08453375535190039,0
0,-0.07385556470348525,0
0,-0.06459901859842798,0
0,-0.0711205179385464,0
0,-0.05320929603569474,0
0,0.03919290582558288,1
0,0.040208974847922296,1
0,-0.07791728006570886,0
0,-0.04415991992957402,0
0,0.03811334194818117,1
0,-0.06157931058027305,0
0,-0.08493473331282014,0
1,0.022108963122197567,1
0,-0.08216688107750253,0
0,-0.07848888955227568,0
0,-0.039903209681411755,0
0,-0.04158353295448486,0
0,-0.058216975212010746,0
0,-0.05693983959669119,0
0,0.06160648306646044,1
0,-0.007753118023259176,0
0,-0.04911220723394766,0
1,0.0011873305742665652,1
1,-0.03820762637869274,0
1,-0.054734094581923964,0
0,-0.05638853735453753,0
0,-0.08324053862418657,0
1,0.02371505908625493,1
0,-0.019740108721590433,0
0,-0.038377334978322075,0
0,0.095379893261748,1
0,-0.011152001245770204,0
0,-0.08027800377427957,0
0,0.018092152765261327,1
0,-0.04577439777637565,0
0,-0.07374378458608677,0
0,-0.0519356594784508,0
1,0.01751910108047583,1
0,-0.07867788605380888,0
1,0.022607459467776425,1
0,-0.0643851353027931,0
0,-0.0692412960180172,0
0,-0.0869955855513187,0
0,-0.08257996936139966,0
0,-0.05199890070048768,0
0,-0.08757990353585449,0
0,-0.07260351327079789,0
0,0.039744966132205795,1
0,-0.06497103641803575,0
0,-0.06916883626467124,0
0,-0.09318214092916283,0
1,-0.02275207173443039,0
0,0.05757761991426902,1
0,-0.06955020546462393,0
0,-0.07126490447588801,0
1,-0.08135971883622045,0
0,0.014153140614234228,1
0,-0.0755942458532754,0
0,-0.053026930121906346,0
0,-0.06897796417754143,0
0,0.017439620687761392,1
0,-0.05439717168569652,0
0,-0.09388422914629524,0
0,-0.07694632720464806,0
0,-0.04913938689504527,0
0,-0.043895402490276514,0
1,-0.009649267043975007,0
1,0.0183916300991791,1
0,-0.05195486010903949,0
0,0.006771852382060128,1
0,-0.04926241135193288,0
0,-0.05667802697603613,0
0,-0.07905581696454661,0
0,-0.02604502928785901,0
1,-0.03164230826171727,0
0,-0.05790608420852028,0
0,-0.056053218825724005,0
1,0.025584671548748772,1
0,0.05601386776893125,1
1,0.01751910108047583,1
0,-0.06923143147088295,0
0,-0.07297079890132918,0
0,-0.05469389895434107,0
0,-0.058113560227532224,0
0,-0.047665869139167705,0
0,-0.0743992153231055,0
0,0.05568306837211756,1
0,-0.07639378381226253,0
0,0.0016922239962824381,1
0,-0.05584732733669018,0
0,-0.07932132978644851,0
1,0.01962331518296634,1
0,-0.06068269015954947,0
0,-0.0925145139557097,0
0,0.08339975410058853,1
1,0.017717825319431224,1
0,0.003792142394014819,1
1,-0.031154028924512966,0
0,-0.034443503047233315,0
0,-0.06480181022095138,0
0,-0.076788063047597,0
0,-0.06869981243187512,0
0,-0.06222589915958693,0
1,-0.0322605695030353,0
0,-0.010365271663958953,0
0,-0.08705772884136598,0
0,-0.07756307315521072,0
0,-0.03403272511026084,0
0,-0.06225378005880039,0
0,-0.06869468464691708,0
1,0.022607459467776425,1
0,-0.07573390851399542,0
0,0.06224613152935554,1
0,-0.02096092878820277,0
0,-0.06263760421384545,0
0,-0.06916883626467124,0
0,-0.06143552326096846,0
0,-0.05200365988404665,0
0,-0.06491801375861883,0
1,0.02371505908625493,1
0,-0.05638853735453753,0
0,-0.051700449128564696,0
0,-0.07740372289015379,0
0,-0.07469305436919904,0
0,-0.08003008099064118,0
0,-0.06543989239190878,0
0,0.03811334194818117,1
0,0.08678045954000735,1
0,0.08678045954000735,1
0,-0.08198114132854484,0
0,-0.06635972201102852,0
0,-0.04605051960985829,0
0,0.012816729641882962,1
0,-0.06248908601573,0
0,-0.052926113466377045,0
0,-0.054312127594650095,0
0,0.03811334194818117,1
0,-0.09263423702383983,0
0,-0.03403272511026084,0
0,-0.032428271348931614,0
0,-0.018630753531014954,0
0,-0.03004271948864712,0
1,-0.030647237968585928,0
0,-0.03237992093748382,0
0,-0.05790608420852028,0
1,-0.031154028924512966,0
0,-0.06559020644248087,0
0,-0.08476531056678732,0
0,0.06933633741330925,1
0,0.02013592551865817,1
0,0.009872794418510189,1
0,-0.08654827380344088,0
0,-0.02218781581942464,0
0,-0.0777352841664481,0
0,0.02528935442551772,1
0,0.1277019482508981,1
0,0.08339975410058853,1
1,0.025584671548748772,1
1,-0.06074716721425805,0
0,-0.07590918640440186,0
0,-0.04006557922885262,0
0,-0.02767712843147635,0
0,-0.05830605264860694,0
0,-0.061869879602084454,0
0,-0.053404677385220534,0
0,-0.030924583460743837,0
0,-0.004525643653038425,0
0,-0.06793764433473437,0
0,-0.08657048240394438,0
1,-0.030647237968585928,0
0,-0.06428362634484969,0
0,-0.018202930803526085,0
0,0.08339975410058853,1
0,-0.013950205046106168,0
0,-0.06316634197996229,0
0,-0.08599040209013098,0
0,-0.054021931046518756,0
0,-0.0747141285481216,0
0,0.05739318836849949,1
0,-0.07311247429562379,0
1,0.022108963122197567,1
0,-0.05416203591742713,0
0,0.12521563920730783,1
0,-0.0028843606807305577,0
0,-0.07846422938423059,0
0,0.025653019684618306,1
0,-0.0745281202545327,0
0,0.041508804783966124,1
0,-0.07728814388122401,0
0,-0.03594321164032954,0
0,-0.05657953423312617,0
0,-0.07750438540386267,0
0,-0.08866693140798887,0
0,-0.07384089478202172,0
1,-0.006290717046668226,0
1,0.0343705292661064,1
0,-0.0899547185471673,0
0,-0.05416203591742713,0
0,0.1801813140057853,1
0,-0.0871374018626826,0
0,-0.04487566261807674,0
0,-0.08937366405419467,0
0,-0.05071573330091139,0
0,-0.08755523213345606,0
0,-0.0629211542070876,0
1,-0.045803348100430574,0
0,-0.06098649823174762,0
0,-0.05721448115106015,0
0,-0.036950571824080736,0
0,-0.05573196744821107,0
1,0.018704360797310082,1
0,-0.059190961507477935,0
0,-0.08546509939270103,0
0,-0.05180801062941681,0
0,0.08339975410058853,1
0,-0.03911951194416963,0
0,0.07017747988201783,1
0,-0.013320151947318004,0
0,0.06918529059506173,1
0,-0.024062513862839974,0
0,-0.076900523294967,0
0,-0.03360899022227759,0
0,0.05715184551145802,1
0,-0.031316319059220776,0
0,-0.05487869605135859,0
0,-0.08083514687586141,0
0,0.10554632086192439,1
1,-0.0322605695030353,0
0,-0.03213167841545278,0
1,-0.030647237968585928,0
1,0.02306593421792602,1
0,-0.07422090925437552,0
0,-0.059190961507477935,0
0,-0.07473880374704694,0
0,0.01740383036535542,1
0,-0.08785615801108143,0
0,-0.07385533100658398,0
1,-0.0322605695030353,0
0,-0.07838169245757082,0
0,-0.07223052080575804,0
0,-0.07624748615462151,0
0,0.05573970928302652,1
0,0.024743018423574847,1
0,-0.08538693005190612,0
0,0.022894602326743008,1
0,-0.06232510632239513,0
1,-0.030396699657817883,0
1,-0.013074972154797249,0
1,-0.0322605695030353,0
0,-0.08226757398506657,0
1,-0.031154028924512966,0
0,-0.09153558406049261,0
0,0.08678045954000735,1
0,-0.028284329499514205,0
0,0.06160648306646044,1
0,-0.07494206830348765,0
0,-0.041327194523403,0
0,-0.06334029199993207,0
0,-0.032496521092259756,0
0,0.08678045954000735,1
0,-0.08242352582787954,0
0,0.050155971879865646,1
0,-0.04017729626745009,0
0,-0.08893193435155444,0
0,-0.03680869719989538,0
0,-0.05839236050733748,0
0,-0.06551440370886119,0
0,0.10554632086192439,1
0,-0.09263562889370114,0
0,-0.08436722791395657,0
0,-0.02135055193682861,0
0,0.001714938153566603,1
0,-0.06445110251568864,0
1,-0.042204455705722566,0
1,0.020788539663415317,1
0,-0.07438222986256132,0
0,-0.05825101951522266,0
0,0.08678045954000735,1
0,-0.0688148838766991,0
0,-0.05563645816606111,0
0,-0.03594321164032954,0
1,-0.03348031103118532,0
0,-0.09312079680964741,0
0,-0.06927892636787436,0
0,-0.07615603917235025,0
0,-0.04833206862112899,0
0,-0.0832570138401007,0
0,-0.04320931973561898,0
0,-0.05938449433566023,0
0,-0.06972199960731684,0
0,-0.041254460913979885,0
0,-0.014838898015544,0
0,-0.08297386503362714,0
0,-0.05756159691796492,0
0,-0.07358841572692543,0
0,0.01449020794227629,1
0,-0.07782666201111277,0
0,0.02528935442551772,1
0,-0.05650251928260386,0
0,-0.08090614661769674,0
0,-0.01198912763714921,0
0,-0.03621521362404018,0
0,-0.07370676390225861,0
1,-0.08152034402089609,0
1,0.020882390501738124,1
1,-0.05238055582615886,0
0,-0.0776857928258945,0
0,-0.009589870176838322,0
0,0.08339975410058853,1
0,0.02528935442551772,1
0,-0.025741259925099735,0
0,-0.06561238166287092,0
0,-0.041141722682661974,0
0,-0.053026930121906346,0
0,-0.05571878772366934,0
0,-0.00676019708869946,0
0,-0.055981963290814174,0
0,0.23565040100147439,1
0,0.001662149865892748,1
1,0.02371505908625493,1
0,-0.07517721034746855,0
0,-0.06484023336626721,0
0,0.034221168803922564,1
0,-0.08008242969448798,0
0,0.02528935442551772,1
0,-0.07473974136475531,0
0,-0.09351250860282873,0
0,0.12521563920730783,1
0,0.0011781839366377111,1
0,-0.09159478949762584,0
1,0.022696425743937598,1
0,0.095379893261748,1
0,-0.047427750994110285,0
0,-0.017403738342109343,0
0,-0.07426337208883044,0
1,0.02371505908625493,1
0,-0.09368938976185115,0
0,-0.09224905161567803,0
0,-0.06877435666135384,0
0,-0.02785672064370881,0
1,-0.04299207826295426,0
0,0.08339975410058853,1
1,0.016812575021424414,1
0,-0.038459148397423704,0
0,-0.05969810180492546,0
1,-0.01226218571623483,0
0,-0.06565712543889224,0
0,-0.06332419639363884,0
0,-0.07863582200615354,0
0,0.05739318836849949,1
0,-0.0718717231833309,0
1,-0.0683267366733677,0
0,-0.05891976556674117,0
0,0.027043643546428187,1
1,0.028235936958997954,1
0,-0.05382259567389536,0
0,-0.06722627551480531,0
0,0.01819167379036335,1
0,-0.07775077985349271,0
0,0.1277019482508981,1
0,-0.035655509966863674,0
0,0.05739318836849949,1
0,0.03811334194818117,1
0,-0.07271561427223605,0
0,-0.08372758238867467,0
0,0.06160648306646044,1
1,-0.0322605695030353,0
0,-0.08120642612234924,0
0,0.06918529059506173,1
0,-0.08149267221155115,0
0,-0.01266354087521776,0
0,0.05739318836849949,1
0,-0.08520003689555716,0
0,-0.05589023163987583,0
0,-0.08982746283617377,0
0,-0.08203544977882044,0
0,-0.08213823931380354,0
1,-0.003721301244858366,0
0,-0.05323019326340517,0
0,-0.05236998861875469,0
0,0.06669443791425067,1
0,-0.05687794560532289,0
0,-0.007626772099535051,0
0,-0.09378235079117175,0
0,-0.05164129703185677,0
0,-0.06678776048491275,0
0,-0.0660401865355954,0
0,-0.08173477606291607,0
0,-0.05387842087044914,0
0,-0.08444065197030892,0
0,0.0003637231509957539,1
0,-0.05304562802978696,0
0,-0.060386846738372024,0
0,-0.08167725425942651,0
0,-0.061861029978570126,0
0,-0.06928755130707293,0
0,-0.08673491967030811,0
0,-0.0710515497050338,0
0,-0.027522452767128114,0
0,-0.053077917585576506,0
0,0.06918529059506173,1
1,-0.045736922521746326,0
0,-0.08670283227314085,0
0,-0.06499806538280412,0
0,-0.04636400380062611,0
0,-0.05882818648962074,0
0,-0.07315929477497463,0
0,-0.05841468533255928,0
0,-0.0660401865355954,0
0,-0.0923270430033381,0
0,-0.059945566105861214,0
0,-0.04566765645425491,0
0,0.0030444957965078956,1
0,0.10953307899996445,1
1,0.022108963122197567,1
0,-0.08046253236963952,0
0,-0.07533829925297209,0
0,-0.03403272511026084,0
0,-0.07824226172480758,0
1,0.01751910108047583,1
0,-0.07274246274969193,0
1,-0.0322605695030353,0
0,-0.07741027796040834,0
0,-0.027385169985071844,0
0,-0.07456598603925424,0
0,0.02528935442551772,1
0,-0.03960152379130877,0
0,-0.06629450120283975,0
0,-0.0823429042298347,0
0,0.06959708325146985,1
0,-0.062261590820867296,0
0,0.02473272758419598,1
1,0.01751910108047583,1
0,0.100361652963736,1
0,-0.09496716103171993,0
0,-0.022953598299393918,0
0,-0.0874945873429635,0
0,-0.0772933320259408,0
0,0.002714004446100371,1
0,-0.05710014364458882,0
0,0.19182813859210623,1
0,-0.01678351359416752,0
0,-0.06213056433755143,0
1,0.01751910108047583,1
0,-0.020817034240521337,0
0,-0.06945144293885325,0
1,-0.07559823886561712,0
0,-0.04385664798739847,0
0,-0.06873007957900917,0
0,-0.053456197918100246,0
0,-0.05176057994628075,0
1,-0.0322605695030353,0
0,0.012768434130278172,1
0,-0.03836281705849076,0
0,-0.08017518575926258,0
0,0.0025673892917982277,1
0,0.23114399396525598,1
0,-0.07538211492006314,0
0,-0.0656292539871528,0
0,-0.05273937567093945,0
0,-0.03502378667490519,0
1,0.06639694809431773,1
0,-0.07443703124649231,0
1,0.028235936958997954,1
0,0.002504114060451701,1
0,-0.04422662261691385,0
0,-0.0970247923721092,0
1,0.020788539663415317,1
0,-0.05790608420852028,0
0,-0.03628088801570595,0
0,-0.04110448219616203,0
0,-0.04044010908840806,0
0,-0.062247346624565436,0
0,0.01597452154130563,1
1,0.016812575021424414,1
1,0.018704360797310082,1
0,-0.08787908477975526,0
0,-0.07195802795640943,0
1,-0.03164230826171727,0
0,-0.08308064841793855,0
0,-0.025275659955341367,0
1,0.018704360797310082,1
0,-0.05419244460942252,0
1,-0.03237981227916531,0
0,0.12521563920730783,1
0,-0.055947485248729056,0
1,-0.03647022207922779,0
0,-0.04227461815036632,0
0,-0.06453483822870326,0
0,-0.062071337286974504,0
0,-0.07537639101175475,0
0,-0.08606647653923821,0
0,0.02528935442551772,1
1,-0.05929358826958575,0
0,-0.03223211172296331,0
0,0.02528935442551772,1
0,-0.06916883626467124,0
0,-0.060103030521207135,0
0,-0.07904715364167275,0
0,0.02528935442551772,1
0,0.016125804244441433,1
1,0.017670094015134863,1
0,-0.055950485705207886,0
0,-0.051739900191763666,0
0,-0.07779800366994227,0
0,-0.08059785455340174,0
0,-0.06537350566703942,0
1,0.02306593421792602,1
1,-0.0322605695030353,0
0,0.18048818412117196,1
0,-0.08176976437973144,0
0,0.02528935442551772,1
0,0.036469032926103484,1
0,-0.07409313659696148,0
0,-0.01639107690865027,0
0,-0.0031689740035737435,0
1,0.019542738444750185,1
0,-0.0826952489706006,0
0,-0.028986305870952078,0
1,0.01751910108047583,1
0,-0.043223815959339995,0
0,-0.06120569836345441,0
0,-0.08487010789742333,0
0,-0.06963425485638752,0
0,-0.015938240360459377,0
0,-0.0692112826856891,0
0,-0.025752775293186148,0
0,-0.05710014364458882,0
0,-0.04554374434914071,0
0,-0.07526869515934953,0
0,0.02528935442551772,1
0,-0.06499806538280412,0
1,0.022108963122197567,1
0,-0.0528898773220447,0
0,-0.011432381337241782,0
0,0.1277019482508981,1
1,-0.030647237968585928,0
0,-0.0546391225153503,0
0,-0.048583599089124185,0
0,-0.004551923485268283,0
0,-0.0667505695493607,0
1,-0.04535135754759778,0
0,-0.07190001999033702,0
1,-0.030647237968585928,0
0,0.08339975410058853,1
0,-0.07078618247035462,0
0,-0.07407693889995748,0
1,-0.04268150328797782,0
0,0.23115440715665503,1
0,-0.08035563571366638,0
0,0.043188123708597814,1
1,0.025605198364720194,1
0,0.06160648306646044,1
0,0.0027941272358815716,1
0,-0.020836035762895055,0
1,0.016812575021424414,1
0,-0.06916883626467124,0
0,-0.060649651458969056,0
0,-0.03625707992128474,0
1,-0.03408874564008341,0
1,-0.031154028924512966,0
0,-0.05665300951414881,0
1,-0.04556193068461689,0
0,0.2295753148581593,1
0,0.11226941501094456,1
0,-0.07845519909925963,0
0,-0.05184469382728757,0
0,-0.05585032846993454,0
0,0.1277019482508981,1
0,-0.0779356245324942,0
0,-0.02472488499167097,0
1,0.02371505908625493,1
0,-0.028050197573374847,0
0,0.0051970087688792965,1
0,-0.053019035914850354,0
0,-0.020415189346488616,0
0,0.01264208129747868,1
1,-0.05217371467166948,0
0,-0.05702178843627986,0
0,0.11226941501094456,1
1,0.02306593421792602,1
0,0.08678045954000735,1
0,-0.05411558830642643,0
0,0.22899273344791649,1
0,-0.012963575783031922,0
1,-0.0692828384338754,0
0,-0.08063293506599034,0
0,-0.09175788601763801,0
0,-0.06757146227081878,0
0,-0.03994684903482515,0
0,-0.012310847967087979,0
0,0.05102494775031219,1
0,-0.04806328171869878,0
0,-0.07522549548521873,0
0,0.12521563920730783,1
0,-0.043700145143870606,0
0,-0.07888986160148165,0
0,0.02528935442551772,1
0,-0.06902187178654406,0
1,0.020788539663415317,1
0,-0.09147901476571701,0
0,0.03811334194818117,1
0,-0.02463614954096044,0
0,-0.05356119861786812,0
0,-0.05581078289913105,0
0,0.08339975410058853,1
0,-0.059451780732535486,0
0,0.013163811825586125,1
0,-0.06551440370886119,0
1,0.058276107984227665,1
1,0.02371505908625493,1
0,-0.07334317102360666,0
0,0.12521563920730783,1
0,-0.08161228789492453,0
0,-0.06635128826156073,0
0,-0.0457886823809972,0
0,-0.0772474821209766,0
0,-0.03225292465430862,0
0,-0.04840542798491326,0
0,-0.07079670444515507,0
0,-0.02352137874881055,0
0,-0.04985470494676669,0
0,-0.06086693782463848,0
1,-0.030647237968585928,0
0,-0.05132958423571565,0
0,-0.06133506788139326,0
0,0.02528935442551772,1
0,0.10953307899996445,1
0,0.05102494775031219,1
0,-0.06035400558742843,0
0,-0.08400218162387407,0
1,0.07622649534142589,1
1,0.02045611042720885,1
0,-0.09005354287785267,0
0,-0.06765721279254483,0
0,-0.05127454518506358,0
0,0.020118445450783118,1
0,-0.03497302733589386,0
0,-0.08143758072679663,0
0,-0.09067055628606385,0
0,-0.05180801062941681,0
0,-0.09133117734580326,0
0,-0.05411558830642643,0
1,-0.05034661175603111,0
0,0.07507650130135701,1
0,-0.05710014364458882,0
0,-0.013596845038735317,0
0,-0.03418775710486449,0
0,0.095379893261748,1
0,-0.061079175556576104,0
0,-0.06217380019907681,0
0,0.11226941501094456,1
0,-0.08965509417861911,0
0,-0.023439762288744448,0
0,-0.017400987034221327,0
0,-0.0016245425481240527,0
0,0.10953307899996445,1
0,0.07258919439274591,1
1,-0.030647237968585928,0
1,-0.0322605695030353,0
1,-0.030647237968585928,0
0,-0.08538000433935139,0
0,0.18048818412117196,1
0,-0.02947519249109315,0
0,-0.05835764699833451,0
0,-0.06069072879503423,0
0,-0.08246493876954297,0
0,-0.049396023951065404,0
0,-0.06086693782463848,0
0,0.05781440562889917,1
0,-0.015312791134512449,0
0,-0.07716002801227928,0
0,-0.06398242122699987,0
0,-0.07291746006275696,0
0,-0.06077728425395129,0
0,0.02528935442551772,1
0,-0.0052155727619701,0
1,-0.0322605695030353,0
0,-0.06424089086885759,0
0,-0.055950485705207886,0
0,0.05739318836849949,1
0,-0.09338797912456154,0
0,-0.06613601046274725,0
1,0.022696425743937598,1
0,-0.042803332041679854,0
1,-0.022373461653673543,0
1,0.01751910108047583,1
0,-0.06335419039010437,0
0,0.04553509140630174,1
0,-0.07608696408011018,0
1,0.031392001680494386,1
0,-0.06041439371665258,0
0,-0.07878423106338495,0
0,-0.050829336009028,0
1,-0.04506963863213559,0
0,-0.07953165790415345,0
0,0.06918529059506173,1
0,-0.06509615977283195,0
0,-0.051125123805369155,0
0,-0.03302669852003376,0
0,-0.06491845098643728,0
0,-0.0887759018735238,0
1,-0.04658793899444019,0
0,-0.05016589447158559,0
0,-0.046173347663068465,0
1,-0.05027042172594087,0
0,-0.0654332835918996,0
0,0.11226941501094456,1
0,-0.058113560227532224,0
0,-0.07529492434872326,0
0,-0.0815024944186245,0
0,-0.0004184972409557175,0
0,-0.06127734597859552,0
0,-0.08586355238295462,0
0,-0.053527393657860245,0
0,-0.04821698854575779,0
1,-0.031154028924512966,0
1,0.02371505908625493,1
0,-0.09148229070503822,0
0,-0.07788781898280261,0
0,-0.061006740133166315,0
0,0.01244285245712895,1
0,-0.058964983902719204,0
0,-0.05214809672936804,0
1,-0.06146342660191595,0
0,0.05293523461140315,1
0,-0.06736439924091575,0
0,-0.06920821216076645,0
0,-0.02230042011136496,0
0,-0.08666080154307232,0
0,-0.07066342289690103,0
0,-0.03709297176604481,0
0,-0.052928677037508975,0
0,-0.08862834116536983,0
0,-0.056451928402880824,0
0,0.002504114060451701,1
0,-0.06717861402973963,0
0,-0.04110448219616203,0
0,-0.05769469320431564,0
1,-0.05816341664479052,0
0,-0.07587794075438004,0
0,-0.056173515032602095,0
0,-0.06936489554754194,0
0,0.06918529059506173,1
0,0.013416018931587614,1
0,0.02528935442551772,1
1,0.02371505908625493,1
0,-0.06839420199963697,0
0,-0.0887136561329756,0
0,-0.06753494070881105,0
0,-0.08810808790476299,0
0,-0.0876584349737568,0
0,-0.08289722474078087,0
0,0.1801813140057853,1
0,-0.05221260852234588,0
0,-0.07916110997321424,0
0,-0.0879929358659523,0
0,-0.06620966430160774,0
0,0.1277019482508981,1
0,0.08678045954000735,1
0,-0.047422365827330226,0
0,-0.003194189549352189,0
1,-0.028218878361474575,0
0,-0.05630270868455067,0
0,0.08678045954000735,1
0,-0.056344548779362014,0
0,0.07258919439274591,1
0,-0.048342336214529325,0
0,-0.054932591101856,0
0,-0.08755037229514628,0
0,-0.07594868607023236,0
0,-0.07202615983524313,0
0,-0.0579771558967348,0
0,-0.04889675495901297,0
0,0.03811334194818117,1
0,-0.004995277181692737,0
0,-0.07250495609064417,0
1,-0.024770361279797926,0
0,-0.02738528414068836,0
1,0.02371505908625493,1
1,-0.03164230826171727,0
1,0.02251581758792809,1
0,-0.01734722594317073,0
0,-0.05782306095853307,0
0,-0.08454341330420728,0
0,-0.0309856354379332,0
0,0.07974795368909382,1
1,0.02371505908625493,1
0,-0.07293910889942856,0
0,-0.06886598226340912,0
0,0.06918529059506173,1
1,0.031343763267343894,1
0,-0.053404677385220534,0
0,-0.0827061875821179,0
0,0.14666219215207066,1
0,-0.08088467639545321,0
0,-0.0705714381355243,0
0,-0.0191395563938227,0
0,-0.07948115812093626,0
0,0.007831597531996803,1
1,-0.05885520092732194,0
0,-0.08150153449982306,0
0,-0.09326238487519517,0
0,-0.09056338104764622,0
0,-0.08030090274870333,0
0,-0.05611807167300925,0
0,-0.02412606793339994,0
0,0.02528935442551772,1
0,-0.051747713125079364,0
0,-0.08598413162522073,0
0,-0.03174192522377345,0
0,-0.07766800413841068,0
0,-0.07731661725325534,0
0,-0.05378803503431978,0
0,-0.08297506488552059,0
0,-0.06475030515762092,0
0,0.06918529059506173,1
0,-0.05429666409391404,0
0,0.11966159626246475,1
0,0.02700591225691762,1
0,-0.03826545704561091,0
0,-0.015280120423999899,0
0,-0.08407341892710635,0
0,-0.05353661811400856,0
0,-0.07244381397550198,0
0,-0.07265441968689146,0
0,-0.041714938429728565,0
0,-0.07304793861827763,0
0,-0.06541883149115885,0
0,-0.0383875839897696,0
0,-0.03382099935255567,0
0,-0.061193859758602975,0
0,-0.025075804378329514,0
0,-0.05733131468461833,0
0,-0.05323019326340517,0
0,-0.05746180307560067,0
0,0.003464815753859596,1
0,-0.06086693782463848,0
0,-0.0654583922813059,0
0,0.08339975410058853,1
0,0.02528935442551772,1
0,-0.06229612924061573,0
0,0.023630395175044172,1
0,-0.06343550942776804,0
0,0.100361652963736,1
0,-0.0818283958805705,0
0,-0.080591769755609,0
0,-0.08150616278274614,0
0,0.100361652963736,1
0,0.14666219215207066,1
0,-0.06400281457571666,0
0,-0.09702246656424796,0
0,-0.06481640168198011,0
0,-0.07623326533590241,0
0,0.095379893261748,1
0,-0.06519350086417369,0
1,0.020788539663415317,1
0,-0.07980571503824796,0
0,0.011214783657929495,1
0,-0.026433626898480334,0
0,-0.0571569419333145,0
0,-0.0846538239437239,0
0,-0.05589023163987583,0
0,-0.057730928702136586,0
0,-0.05154727002245657,0
0,-0.05353661811400856,0
1,-0.07810862410207353,0
0,-0.05882818648962074,0
0,-0.06086693782463848,0
1,0.01751910108047583,1
0,-0.049043268048648614,0
0,-0.07385077935768697,0
0,-0.0035178621096891294,0
0,-0.031935687301204885,0
0,-0.037222639484512154,0
0,-0.07817753281453266,0
0,-0.07965166793253209,0
0,-0.05736198672431564,0
0,0.06160648306646044,1
0,-0.08486470209198299,0
0,-0.08142477452904401,0
0,-0.08580198978381187,0
0,-0.037189376889430636,0
0,-0.08117233150625619,0
1,0.016727081269584887,1
0,-0.08439349130941093,0
0,0.06918529059506173,1
0,-0.08123733670614336,0
1,-0.05400588659092248,0
1,0.018642208242853675,1
0,0.02528935442551772,1
0,-0.05007742663491421,0
0,-0.021322123552559413,0
0,0.04911085465646181,1
0,-0.06861169225398223,0
0,-0.0729344321126787,0
0,-0.0044973011008619945,0
1,0.029619340097468694,1
0,-0.06541310702139347,0
0,-0.06072877020655265,0
1,0.025584671548748772,1
0,0.013000100376782231,1
0,-0.07384438912931007,0
1,0.02371505908625493,1
0,-0.0650896753476623,0
0,-0.0654332835918996,0
1,0.02371505908625493,1
0,-0.05333519201379949,0
0,-0.07085779056003583,0
0,-0.040254419608250214,0
0,-0.06526826207836428,0
0,-0.07962001242272138,0
0,-0.07159597436416953,0
0,-0.07351166100532025,0
0,-0.055044958970767444,0
1,-0.03237981227916531,0
0,-0.06583268808304577,0
0,-0.07723046527673871,0
1,0.02306593421792602,1
0,-0.0361666705155792,0
1,-0.030647237968585928,0
0,-0.02324402212784582,0
0,-0.05325592720554573,0
0,-0.09807498820438837,0
0,-0.08373957976572943,0
0,0.10554632086192439,1
0,-0.06986388602072163,0
0,0.004196775715745615,1
0,-0.09473186693442281,0
0,-0.0316624288558221,0
0,0.100361652963736,1
0,-0.06559020644248087,0
0,-0.05333519201379949,0
0,0.02528935442551772,1
0,-0.06894065831434165,0
0,-0.0550166913544764,0
0,-0.06844676226937185,0
0,0.05276612542298709,1
0,-0.08887320417782418,0
0,0.05532321383488381,1
0,-0.0032618282251439257,0
0,0.012768434130278172,1
0,-0.0913221367075035,0
0,0.095379893261748,1
0,-0.01925018125485556,0
0,-0.051702924496978,0
0,0.08678045954000735,1
0,-0.056245366509350525,0
0,-0.07716002801227928,0
0,-0.015163445464738912,0
0,0.05739318836849949,1
0,-0.03414590834746395,0
1,-0.025148080717395216,0
0,-0.05673774555997374,0
0,0.12521563920730783,1
0,-0.019050453663776723,0
0,-0.0711624482938164,0
0,-0.0545309079226759,0
0,-0.08312495773305623,0
1,-0.0138897354810541,0
0,-0.04890270864826746,0
1,-0.03176982550220808,0
0,0.02528935442551772,1
1,-0.031154028924512966,0
0,-0.06742047373654159,0
0,-0.014545230275430143,0
0,-0.057436032174114415,0
0,-0.06553127983876678,0
0,0.08339975410058853,1
0,-0.025404639650892125,0
0,-0.05767762857515035,0
0,-0.07421154345220099,0
0,-0.04110448219616203,0
0,-0.058360169312965504,0
0,-0.07196633861247798,0
0,-0.08649534263108843,0
0,-0.08998556511751671,0
1,-0.030647237968585928,0
1,-0.031154028924512966,0
0,0.08339975410058853,1
0,0.0061133441817851075,1
0,-0.05144139672360415,0
0,0.05102494775031219,1
0,-0.0669691568041823,0
0,-0.022138992102669786,0
0,-0.06307258896733747,0
0,-0.05624678213226092,0
0,-0.08012640610139266,0
1,0.022607459467776425,1
1,0.02371505908625493,1
0,-0.08020840239401056,0
0,0.00018864807543983453,1
1,-0.05476977021210366,0
0,-0.06788014624617039,0
1,0.022696425743937598,1
0,-0.07500218406373865,0
1,-0.056123770795596994,0
1,-0.03164230826171727,0
0,-0.060091120721320335,0
1,-0.0322605695030353,0
0,-0.016791478631019097,0
0,-0.033715850718576246,0
0,-0.03954257769455549,0
0,-0.05601114702812565,0
1,-0.04948421799002811,0
0,-0.07845565202537741,0
0,-0.0160530711716097,0
0,-0.04378947198760674,0
0,0.02528935442551772,1
0,0.004383781041455093,1
0,-0.07632205113587137,0
0,-0.04766787158217822,0
1,-0.0294754642021271,0
0,-0.07800999008722243,0
1,0.022108963122197567,1
0,-0.04505565112524246,0
0,-0.06227362290716998,0
0,-0.016079052369106783,0
0,0.08678045954000735,1
0,-0.06098358807061932,0
0,-0.061285188420335035,0
0,-0.077617984964446,0
0,-0.08082058017348548,0
0,-0.04044351133216734,0
0,-0.06523305745275365,0
0,0.1801813140057853,1
0,-0.09345608811310674,0
0,-0.014984032908480216,0
0,-0.040979507144806804,0
0,-0.05813922092297619,0
0,-0.04863127385137406,0
0,-0.005592518901273935,0
0,-0.0846569235162471,0
0,0.04606073410300082,1
0,0.12521563920730783,1
0,-0.06421470265036439,0
0,-0.07953333085519787,0
0,0.10953307899996445,1
0,-0.05712521371852253,0
0,0.04011066679011055,1
0,-0.013107782521857736,0
0,-0.053351832886058215,0
1,0.022607459467776425,1
0,-0.053499260599967735,0
0,0.0014740078400895529,1
0,-0.05320929603569474,0
0,-0.06755398556742209,0
0,-0.08850873939940246,0
1,-0.031154028924512966,0
0,-0.08258286913860846,0
1,-0.04497087713013148,0
0,-0.07458128987166796,0
0,0.03811334194818117,1
0,-0.007283349288057961,0
1,0.02251581758792809,1
0,-0.08241945005571089,0
0,0.04381443758557024,1
0,0.055019722709372054,1
1,0.015769469932073177,1
0,-0.06491801375861883,0
0,-0.025436470839083736,0
1,0.020788539663415317,1
0,-0.04075093585912781,0
0,-0.058985865055626086,0
0,-0.08594653537689267,0
0,-0.057810053203464884,0
0,0.08339975410058853,1
0,0.08678045954000735,1
0,-0.07178108725245103,0
0,-0.07179279444117576,0
0,-0.05180801062941681,0
0,-0.0760462525146538,0
1,0.018704360797310082,1
0,-0.05472718993145187,0
0,0.06057606307591945,1
1,-0.03992235247573239,0
0,-0.08717775336895761,0
0,-0.06106496744014739,0
1,0.018704360797310082,1
0,-0.06899446925090519,0
1,0.102422948979905,1
0,-0.04818731063157583,0
1,0.022607459467776425,1
0,-0.08684242123092412,0
0,-0.05921157896162915,0
0,-0.045998893115167194,0
0,-0.08283821961830096,0
0,-0.08831583264853077,0
0,-0.06491801375861883,0
0,-0.05776111709623316,0
0,-0.06481640168198011,0
0,-0.017796412857210397,0
0,-0.045804348254255056,0
0,-0.03892529438013692,0
1,0.02371505908625493,1
0,-0.053026930121906346,0
0,-0.02345032048603174,0
0,-0.058777511087239886,0
0,-0.06914711078527991,0
0,0.10953307899996445,1
0,-0.05027166898003477,0
1,-0.051359123288922226,0
0,-0.06455484323665245,0
0,-0.07745515786406465,0
0,-0.01668528702349109,0
1,0.020788539663415317,1
0,-0.017800855115492897,0
0,-0.08943910674499289,0
0,-0.06367267915030989,0
0,-0.020355268833979978,0
0,-0.05090962070710181,0
0,0.02528935442551772,1
0,-0.06367807649658025,0
0,-0.02642927641379955,0
0,-0.04075433580175408,0
1,0.02371505908625493,1
0,0.02528935442551772,1
1,-0.038010035578330714,0
0,-0.05154016784095705,0
0,0.09373893816060619,1
0,-0.08232608447541917,0
0,-0.06402780318785078,0
0,-0.08805099216001394,0
0,-0.05433750791650921,0
1,-0.03176982550220808,0
0,-0.07775317152578187,0
0,0.06918529059506173,1
0,-0.03209853217120695,0
0,-0.08789630736085358,0
1,-0.031154028924512966,0
0,-0.0656292539871528,0
0,-0.06332020322425402,0
0,-0.08078227213152822,0
0,-0.0785572040458104,0
0,-0.0887587539695111,0
0,-0.021768503387398108,0
0,-0.08971272562758381,0
0,-0.07875121478102493,0
0,-0.08968025861057771,0
1,0.022607459467776425,1
0,-0.04766787158217822,0
0,0.013149767693315328,1
0,0.029861029483336132,1
0,0.06918529059506173,1
0,-0.06450726144880498,0
0,-0.06763924849430142,0
0,-0.0753117933818836,0
0,-0.05638091860884237,0
0,0.12521563920730783,1
0,-0.05209736584871383,0
0,-0.08420105554342427,0
1,0.022108963122197567,1
0,-0.07599241381441751,0
0,-0.051700449128564696,0
0,-0.05192777703389523,0
0,-0.06606907271683482,0
0,-0.013727835098398977,0
1,0.02371505908625493,1
0,-0.07360694327395323,0
0,-0.03217258253033117,0
0,-0.04012538450120906,0
0,-0.03188168405647718,0
0,-0.05416203591742713,0
0,-0.07634189144127485,0
1,-0.031154028924512966,0
0,-0.05274574550648575,0
0,-0.057259337283333545,0
0,0.095379893261748,1
0,-0.027580740018171457,0
0,-0.007510820492769188,0
0,0.1277019482508981,1
0,-0.07165623624998246,0
1,0.022108963122197567,1
0,-0.07304788628024178,0
0,-0.07740388208859389,0
0,-0.019757056800699502,0
0,0.021294170211350716,1
1,0.04541117716863885,1
0,-0.05496012003688383,0
0,-0.03339022947316195,0
0,-0.04858419379460066,0
0,-0.010845155929175954,0
0,0.05739318836849949,1
0,-0.04044010908840806,0
0,-0.05890017247661927,0
0,-0.08895688815584368,0
0,-0.08953779292289155,0
0,-0.05287392585439371,0
0,-0.0744678689006984,0
0,-0.04712655040088115,0
0,-0.057773754008869416,0
0,-0.06915882772503351,0
0,0.002535571339829734,1
1,0.016812575021424414,1
0,-0.0017214556632036415,0
0,-0.0394542963155487,0
0,-0.08950787301134494,0
1,-0.031154028924512966,0
0,-0.09884339778877177,0
1,-0.049450776866095336,0
0,-0.022016656598288165,0
0,-0.06450726144880498,0
0,-0.05647834514115396,0
0,-0.05843525076096706,0
0,-0.056774419792769315,0
0,0.1277019482508981,1
0,-0.05353661811400856,0
0,-0.05353661811400856,0
0,-0.02193248930107472,0
1,-0.031154028924512966,0
0,-0.07061900021856032,0
1,0.016812575021424414,1
0,-0.08056764345793899,0
0,-0.02203326651999915,0
1,-0.031154028924512966,0
1,-0.02532035130065341,0
0,-0.0032384275271847285,0
0,-0.0736731312787412,0
0,-0.0877859220645889,0
0,-0.033204221380671084,0
1,-0.02014252837000341,0
0,-0.07670590033189018,0
0,-0.03224722601926283,0
0,-0.052950523560754026,0
0,-0.04148148717830413,0
0,-0.0855234700111529,0
1,0.018704360797310082,1
1,-0.05600985229786615,0
0,-0.02693995112571579,0
1,0.02371505908625493,1
0,-0.055384585696606814,0
1,0.02306593421792602,1
1,-0.02258476415919558,0
0,-0.05042178285376597,0
0,-0.057442475006762916,0
0,-0.05774092301554956,0
1,0.018642208242853675,1
0,-0.03481140746862804,0
0,-0.08091719590706004,0
1,0.025584671548748772,1
0,-0.048579308473192584,0
0,-0.06693634448931324,0
0,0.018092152765261327,1
0,-0.06526826207836428,0
0,0.12521563920730783,1
0,0.03811334194818117,1
1,0.02371505908625493,1
0,0.07258919439274591,1
0,-0.036830524160088585,0
0,0.08678045954000735,1
0,-0.0892976164715733,0
1,0.018704360797310082,1
0,-0.058439756407825005,0
0,-0.03627126648150375,0
0,-0.09630264329407978,0
0,-0.026590065379959837,0
0,-0.0446040413463899,0
0,0.04379215317352181,1
0,0.005217940969054036,1
0,0.017741737261288915,1
0,0.005348405951887236,1
0,-0.08263575684799779,0
0,-0.06076788951581552,0
0,0.02528935442551772,1
0,-0.03714477417266021,0
0,-0.05528357473163409,0
0,-0.08093719205685057,0
0,0.002301000446462642,1
0,-0.06806288437407593,0
0,-0.05323019326340517,0
0,-0.016712863114326126,0
0,-0.023684482622886527,0
0,-0.07209758446866155,0
0,0.08339975410058853,1
1,0.02371505908625493,1
0,-0.03368204693816629,0
0,-0.08661716226066835,0
0,-0.0483728091257295,0
0,-0.07459844585892911,0
0,-0.06213056433755143,0
0,-0.0953386597722164,0
0,-0.09033677371035054,0
0,-0.07005925486284065,0
0,-0.01868787575975922,0
0,-0.04970205697074437,0
0,0.02528935442551772,1
0,-0.05275928334356034,0
0,-0.04075093585912781,0
1,-0.04453551196715566,0
0,-0.06273337990959577,0
0,-0.04340698350947886,0
0,-0.07602412692239241,0
0,0.06467988009776104,1
0,-0.07510641982613614,0
0,-0.03625707992128474,0
0,0.06303536315386615,1
0,-0.05710014364458882,0
0,-0.06394489130388237,0
0,0.002602525646795195,1
0,-0.06519350086417369,0
0,-0.0808050161469333,0
0,-0.05287392585439371,0
1,0.02371505908625493,1
0,-0.08179483646861024,0
0,-0.0692343064545497,0
0,-0.038503018509157494,0
0,-0.05196271612698511,0
0,-0.09415142935851817,0
0,-0.017796690482545896,0
0,0.06160648306646044,1
0,-0.07516189258798245,0
0,-0.08030135190891291,0
0,-0.06418274536366347,0
1,0.02371505908625493,1
0,-0.05194957545449702,0
0,0.03811334194818117,1
0,-0.05411558830642643,0
0,-0.09136304490424091,0
0,0.06918529059506173,1
0,-0.06553127983876678,0
0,-0.08418910662999168,0
0,-0.049485415112583364,0
0,-0.03648381298386366,0
0,-0.08633932262879795,0
0,-0.0579938529257748,0
0,-0.07115434766739959,0
0,-0.05685721899771745,0
0,-0.06509615977283195,0
0,-0.04782173834268183,0
0,-0.0383634390032086,0
1,-0.03176982550220808,0
0,-0.0653012742677529,0
0,-0.05218570723573901,0
0,-0.07997614702007377,0
0,-0.07842699494327782,0
1,-0.03164230826171727,0
0,-0.08292636294608852,0
0,-0.05809999809763522,0
0,-0.05359113740754634,0
0,-0.08804411532556655,0
0,-0.09324688623020738,0
0,0.024942201443786338,1
0,-0.04623171624556738,0
1,0.016812575021424414,1
0,-0.03594321164032954,0
0,-0.0842315679680628,0
0,-0.07650788688438825,0
0,-0.05353661811400856,0
0,-0.061950167598527506,0
1,0.02371505908625493,1
1,-0.08254089119391489,0
0,-0.08593421716212046,0
0,-0.0642067098649523,0
0,0.06160648306646044,1
0,-0.06420487981010159,0
0,-0.05060109939310836,0
0,0.05739318836849949,1
1,-0.07241947906823809,0
0,0.1801813140057853,1
0,-0.05105272225031793,0
1,-0.05266438533988593,0
0,-0.05437472509904073,0
0,0.05739318836849949,1
0,-0.09098912390429903,0
1,0.02371505908625493,1
0,-0.0643886598821003,0
1,0.018704360797310082,1
0,0.006348771529704256,1
0,-0.0769409214042368,0
0,-0.06568769004397673,0
0,-0.011114500182119402,0
0,-0.040650751010966935,0
0,-0.047012692735895145,0
0,-0.031698170694544114,0
0,-0.08560106781177196,0
0,-0.05720001904236338,0
0,0.02798494516117389,1
1,0.02057515205297411,1
0,0.038373405962295104,1
1,-0.04555251760455259,0
0,-0.06571361129309161,0
0,-0.08577791271816654,0
1,-0.02281130189638325,0
0,-0.06523305745275365,0
1,0.018704360797310082,1
1,-0.012505449066528673,0
0,0.05893048461651862,1
0,-0.0643886598821003,0
0,0.003776489924911086,1
1,-0.043485869448824266,0
1,0.02251581758792809,1
0,-0.0577214264915345,0
0,-0.0488914359475372,0
0,0.05739318836849949,1
0,0.08339975410058853,1
0,-0.07271813497442858,0
0,-0.019956909227875907,0
0,0.018092152765261327,1
0,-0.07419092027004237,0
0,-0.05366651420643326,0
0,0.1277019482508981,1
0,-0.05463338483825442,0
0,-0.06546262699076194,0
0,-0.05726890318230898,0
0,-0.05667185043357331,0
0,-0.07606106062271895,0
0,-0.07044064867917288,0
0,-0.034363358973878044,0
1,0.01751910108047583,1
0,-0.02754141945748706,0
0,0.1277019482508981,1
0,-0.036038289533810164,0
0,0.020035596650823106,1
1,0.022108963122197567,1
0,-0.05353661811400856,0
0,-0.05891107056266781,0
0,-0.05687794560532289,0
0,0.06918529059506173,1
0,-0.07614158276539612,0
0,-0.07269671633314623,0
0,0.06160648306646044,1
0,-0.07296105567337147,0
0,-0.07763622701677131,0
0,-0.06491845098643728,0
0,-0.08423972467473767,0
0,-0.0788157963261556,0
1,0.020788539663415317,1
0,-0.08404818280183113,0
0,-0.07037777432837072,0
0,-0.06040456953653778,0
1,0.02251581758792809,1
1,0.02306593421792602,1
0,-0.03361386778051634,0
0,-0.02776189419781039,0
0,-0.030320415237365617,0
0,-0.07861658137855815,0
0,-0.029911317703940787,0
0,-0.06761674458609068,0
0,-0.07919178676656974,0
1,0.022108963122197567,1
0,0.04984891434295857,1
0,-0.08135073149087318,0
0,-0.05761055510317581,0
0,-0.04642842422389026,0
1,-0.015399963877252676,0
0,-0.07959593152216582,0
0,0.041651268287095644,1
0,-0.05742345892601519,0
0,0.05831075350817505,1
0,-0.00508378860795039,0
0,-0.06956464419028752,0
1,-0.028462544490599706,0
0,-0.06120569836345441,0
0,-0.05321179984606256,0
0,-0.061285188420335035,0
0,0.048110415547779395,1
0,-0.0361666705155792,0
0,0.015259253269474637,1
0,0.058956845406111014,1
0,-0.02491074944352406,0
0,0.02528935442551772,1
0,-0.06583861981190686,0
0,-0.06916883626467124,0
0,-0.09166140842996862,0
0,-0.05151771379663783,0
0,-0.04540083619329427,0
0,-0.059904566918925595,0
0,-0.02317633363753613,0
1,0.03942650045998253,1
0,-0.06064642627701977,0
0,0.02656044975415295,1
0,-0.09090065401172859,0
0,0.03650989451528042,1
0,-0.03318720622600779,0
0,-0.06679942696234098,0
1,0.027112380748165688,1
0,-0.015313119506471795,0
0,-0.06108549724357454,0
1,0.022607459467776425,1
0,-0.03138488217577079,0
1,-0.07304271631864795,0
1,0.02371505908625493,1
0,-0.0534150288155415,0
0,-0.07576377208995022,0
0,-0.03753895793582379,0
0,-0.054652086193800575,0
0,-0.05378803503431978,0
0,-0.03284980645947139,0
0,0.06918529059506173,1
0,0.05720890312830884,1
0,-0.08683852690897254,0
0,-0.04302005281792792,0
0,-0.057518227768070695,0
0,-0.05259872550496986,0
0,-0.005389630543663537,0
0,-0.06413656088811054,0
0,-0.0654129571519943,0
0,-0.07820372665226699,0
0,-0.02169437965852883,0
0,-0.07981209323621252,0
0,-0.08230468179794176,0
0,-0.08168026726172833,0
1,0.018704360797310082,1
0,-0.05584732733669018,0
0,-0.07828613018530844,0
0,-0.06285207477402421,0
0,-0.006444030181072868,0
1,0.015769469932073177,1
0,-0.05761055510317581,0
0,-0.08479414585688005,0
0,-0.07060877268464388,0
0,-0.004551923485268283,0
0,-0.07748119439981138,0
0,0.11226941501094456,1
0,-0.05736198672431564,0
0,-0.0856372281059225,0
0,-0.0667409638000766,0
0,-0.059117104790070873,0
1,0.02371505908625493,1
0,-0.05234557055855277,0
1,-0.030647237968585928,0
1,0.02371505908625493,1
0,0.10554632086192439,1
0,0.028602012144637312,1
1,0.02371505908625493,1
0,-0.05076875471629788,0
1,-0.02184783204949997,0
0,-0.05563645816606111,0
0,-0.022472438995225996,0
0,0.05739318836849949,1
0,-0.040980625414144656,0
0,0.06669443791425067,1
0,-0.06374726803923592,0
0,0.05739318836849949,1
0,0.06669443791425067,1
0,0.11226941501094456,1
0,-0.057436032174114415,0
1,0.02371505908625493,1
0,0.06160648306646044,1
0,-0.08036925036368064,0
0,-0.0687215934958329,0
0,-0.07277076367288277,0
1,-0.07312801735331897,0
0,-0.07838145422840459,0
0,0.02528935442551772,1
0,-0.07128181694496272,0
0,-0.057046244034662186,0
0,-0.06501838970154111,0
0,-0.009343356542994896,0
1,-0.030647237968585928,0
0,0.0038725274797301035,1
0,-0.03969355959108961,0
1,-0.05065001989269868,0
0,-0.042094325197402416,0
0,0.023939652658128807,1
0,-0.09425005803894793,0
0,-0.06400281457571666,0
0,-0.041245196757696334,0
0,-0.03152278103829942,0
1,-0.02238236908914415,0
0,-0.053026930121906346,0
1,0.02820768473404811,1
0,-0.006796372641956816,0
0,-0.03548420938231922,0
0,0.03811334194818117,1
0,0.05739318836849949,1
0,-0.02294698411490248,0
0,0.095379893261748,1
0,-0.04966823431002931,0
0,-0.06553127983876678,0
0,0.06669443791425067,1
0,-0.06512443499020737,0
0,-0.057810053203464884,0
0,-0.07423370920536349,0
0,-0.07261219957923853,0
0,-0.052034741008536556,0
0,-0.040204607455008645,0
0,-0.07356170257914357,0
0,-0.061193859758602975,0
0,-0.07070623006369087,0
1,0.0030076991134420084,1
1,0.016727081269584887,1
0,-0.07795254794788004,0
1,0.0007817969804632119,1
0,0.1277019482508981,1
0,0.04055934754536328,1
0,-0.03961272025461343,0
0,-0.08326674849783883,0
1,0.022696425743937598,1
0,-0.05237979864741199,0
0,-0.024718579630934434,0
0,-0.05644093260882277,0
0,0.08678045954000735,1
0,-0.030608184097356994,0
0,-0.05790608420852028,0
0,-0.08602651183809712,0
1,0.029619340097468694,1
0,-0.08150248465820659,0
1,0.02057515205297411,1
0,0.12521563920730783,1
0,0.06160648306646044,1
1,-0.07830563799472845,0
0,-0.08052906168448437,0
0,-0.05605062035468994,0
0,-0.0273929543552362,0
0,-0.08763351841165007,0
1,-0.0832941750902702,0
1,0.02251581758792809,1
0,0.004173193499868,1
0,-0.046872579318172625,0
0,-0.07660648113898055,0
0,-0.08939526427822236,0
0,-0.026070100883422653,0
0,-0.07384745311600738,0
0,-0.09258984337922183,0
0,-0.06571033752252453,0
0,-0.023123970372826097,0
0,-0.026154485946682904,0
0,0.08678045954000735,1
0,-0.06894267243149033,0
0,-0.09483281879117011,0
0,0.03811334194818117,1
0,0.05555938817832462,1
0,-0.035672342849212724,0
0,0.00046155686367632676,1
0,-0.03225835042817354,0
0,-0.041141722682661974,0
0,-0.07722056329304039,0
0,-0.05653140263934314,0
0,-0.06588516199964023,0
0,-0.07946604995868006,0
0,-0.06343550942776804,0
0,-0.05639357629895575,0
0,0.03811334194818117,1
0,-0.08136153610945096,0
1,-0.031154028924512966,0
0,-0.06597535802621629,0
0,-0.053404677385220534,0
0,0.043122118920979946,1
0,-0.014406012272640378,0
0,0.057211958634137305,1
0,-0.04973415936390452,0
0,-0.08852046886249693,0
0,-0.000757593000981549,0
0,-0.042414793068213996,0
0,0.10554632086192439,1
1,0.022696425743937598,1
0,-0.07493846582927144,0
0,-0.06829331111500442,0
0,-0.06243524250781851,0
0,0.08339975410058853,1
0,-0.04742514143033988,0
0,-0.07796717782427143,0
0,-0.05391209550690812,0
0,-0.04841223550865731,0
0,-0.040258009425672814,0
0,-0.057773754008869416,0
0,-0.08279363886477736,0
0,-0.07028873832144011,0
0,-0.032749567542067815,0
0,-0.06509615977283195,0
1,0.01751910108047583,1
0,-0.0809825243606494,0
0,-0.07765620228224024,0
0,-0.08533395110328862,0
1,0.038817642846559086,1
0,0.08339975410058853,1
0,-0.0466659110558586,0
0,-0.09174475897083906,0
0,-0.03306557202177868,0
0,0.100361652963736,1
1,-0.0322605695030353,0
0,-0.06497565946161582,0
1,-0.02336393390999092,0
0,-0.08357107509515044,0
0,-0.004200625119110568,0
0,-0.020060289679051213,0
1,0.015769469932073177,1
0,-0.06229612924061573,0
0,-0.022653862538907665,0
0,-0.054932591101856,0
0,0.095379893261748,1
1,0.025584671548748772,1
0,-0.06393144720463856,0
1,0.025477383589574076,1
0,-0.03703938973204901,0
0,-0.053604754874909455,0
0,-0.08269222253236841,0
0,-0.07370262800167271,0
0,-0.07531545662189404,0
0,-0.08289763200012717,0
0,-0.05214392182505373,0
0,-0.07285761333240537,0
1,0.018704360797310082,1
0,0.11729036897954181,1
0,-0.04736416054866577,0
1,-0.06352934485784051,0
0,-0.03214966894002552,0
0,-0.060103030521207135,0
0,-0.03931129848977971,0
0,-0.02679437996388878,0
0,-0.053565841811783865,0
0,-0.05746180307560067,0
0,0.018092152765261327,1
0,0.0735447174963142,1
0,-0.04736416054866577,0
0,-0.0660401865355954,0
0,-0.026265945212679553,0
0,0.08339975410058853,1
0,-0.008545928889834853,0
0,-0.05706916093716319,0
0,0.06918529059506173,1
0,-0.03892529438013692,0
1,0.022108963122197567,1
0,-0.05542983110004068,0
0,-0.059314819436360244,0
0,-0.043605328598307236,0
1,0.02371505908625493,1
0,0.06669443791425067,1
0,-0.052926818573662104,0
1,-0.02281130189638325,0
0,0.024491475414853858,1
0,0.06160648306646044,1
0,-0.06990123563815936,0
0,-0.08885724103514858,0
0,-0.04712655040088115,0
0,-0.05847323619221195,0
0,-0.004382457221547453,0
0,-0.0654129571519943,0
0,-0.02347974664175695,0
0,-0.04829000545823081,0
0,-0.0829155068489319,0
0,-0.05009965281843737,0
0,0.06918529059506173,1
0,-0.03950235002987512,0
0,-0.048777799354354334,0
0,-0.0775579199101819,0
0,-0.03604785799697724,0
1,-0.02664443340714895,0
0,-0.08896966736423817,0
0,-0.039269308809468995,0
0,-0.08008885562948614,0
0,-0.01935548127088088,0
0,0.10554632086192439,1
0,-0.06052428876620769,0
0,0.095379893261748,1
0,-0.08218741221464682,0
0,-0.055873964267355525,0
0,-0.09389823083859317,0
1,0.02371505908625493,1
0,-0.07641595094080184,0
0,0.08678045954000735,1
1,-0.06200450079357839,0
0,-0.009774424865442,0
0,-0.07988941150647455,0
0,-0.06923143147088295,0
0,-0.03850678018942644,0
0,-0.052926818573662104,0
0,-0.07726646028229378,0
0,-0.0545309079226759,0
1,-0.030647237968585928,0
0,-0.03803754547056476,0
0,-0.016136525948058533,0
0,-0.0795020556963763,0
0,-0.08834585709169868,0
1,0.02371505908625493,1
0,-0.05321179984606256,0
0,-0.07589612163245751,0
0,-0.034183035799635386,0
0,-0.07750955373618568,0
0,-0.05844086848784402,0
0,-0.041488258147924895,0
0,-0.049271825153914595,0
0,0.03811334194818117,1
0,0.0018934702816824078,1
0,-0.0488597215668895,0
0,-0.08265208393995571,0
0,-0.02639825869353435,0
0,-0.014732145536678842,0
0,0.026713308632738464,1
0,0.07216351557330436,1
0,-0.08160038596367813,0
0,0.05739318836849949,1
0,-0.07665771109769237,0
0,-0.011359585670706163,0
1,0.022696425743937598,1
0,-0.08261562710599113,0
0,-0.08021587103870703,0
0,-0.03233844534870334,0
1,0.02371505908625493,1
1,-0.04851065114600772,0
0,-0.05827244803390691,0
0,0.00205768782755944,1
0,0.06669443791425067,1
0,-0.0652938712320753,0
1,0.018704360797310082,1
0,-0.03850678018942644,0
1,0.04201614311218416,1
0,-0.014305303779500234,0
0,-0.06004292947195494,0
0,-0.03854641582807905,0
1,0.02371505908625493,1
0,0.1277019482508981,1
1,0.02362955767125552,1
0,0.03811334194818117,1
0,-0.05585032846993454,0
0,-0.01701733735516009,0
0,-0.08147422066310489,0
0,-0.08385002601197966,0
0,-0.05180801062941681,0
0,0.05569667982847937,1
1,-0.041676608174003815,0
0,0.02528935442551772,1
1,0.02015090741479164,1
1,0.022108963122197567,1
0,-0.05751208044186373,0
0,-0.06796266434045989,0
0,-0.05476729023210275,0
0,-0.060975354299260764,0
0,0.100361652963736,1
0,-0.022002640987223543,0
0,-0.025993766722576472,0
0,-0.032020007928261485,0
0,-0.06916883626467124,0
0,-0.06341687320650818,0
0,-0.05585292592620472,0
1,-0.03426555483084126,0
1,-0.054224538648410925,0
0,-0.08232353894860772,0
0,0.023961599044763915,1
0,-0.0577214264915345,0
0,-0.025077890964537275,0
0,0.100361652963736,1
0,-0.06749631750075669,0
0,-0.015858597811916786,0
0,-0.06571112333615037,0
0,0.12521563920730783,1
1,0.022108963122197567,1
0,-0.08189958823799293,0
0,-0.08216736453452939,0
1,0.02371505908625493,1
0,-0.04584950132240151,0
0,-0.05087142209876999,0
0,-0.07161584053037867,0
0,-0.06830559772271261,0
1,0.03538781678959835,1
1,-0.031154028924512966,0
1,-0.030647237968585928,0
0,-0.04134803704043566,0
0,-0.0552016392491817,0
0,-0.025246660645781627,0
0,0.10554632086192439,1
0,-0.053724733213875775,0
0,-0.00217769039603416,0
0,-0.05772308514887864,0
0,-0.055390088175458596,0
0,-0.09314117506330699,0
0,-0.10029853044070813,0
0,-0.05901980527719408,0
0,-0.06499804385537333,0
0,0.044271939788389614,1
0,-0.0641263721981078,0
0,-0.07984856971191678,0
0,-0.011172569289676637,0
1,0.02792201697311658,1
0,-0.014456393878327534,0
0,-0.039979673721913356,0
1,-0.049042259633438834,0
0,0.041900141624727105,1
0,-0.05667802697603613,0
0,-0.08388963234401381,0
0,-0.08373266188923217,0
0,-0.05392534019717765,0
0,-0.06565712543889224,0
0,-0.09005444234775262,0
0,0.06918529059506173,1
0,-0.012830070266568239,0
0,0.03811334194818117,1
0,-0.07983051701687777,0
0,0.017644543973337035,1
0,-0.06773368658169293,0
0,-0.05353661811400856,0
0,-0.05359113740754634,0
0,-0.05163951545674089,0
0,-0.055950485705207886,0
0,0.002617455976516414,1
0,-0.0782769520932664,0
1,0.029619340097468694,1
0,-0.029188494119788244,0
0,-0.05702178843627986,0
0,-0.08049627209534505,0
0,-0.060202228757955445,0
0,-0.07239587833651834,0
0,-0.056775038787951426,0
0,-0.07328243547640562,0
0,-0.022460407033258856,0
0,0.095379893261748,1
0,-0.07394626277275984,0
0,-0.04813856666581173,0
0,-0.09310333700746554,0
0,-0.06887528815272342,0
0,-0.005526524834930047,0
0,0.02528935442551772,1
0,-0.060133083369798834,0
0,-0.053026930121906346,0
1,0.016727081269584887,1
0,0.02528935442551772,1
0,0.08678045954000735,1
1,0.05821149296819994,1
0,-0.059190961507477935,0
0,-0.07779337325415309,0
0,-0.08216651598393526,0
0,-0.07583593090502294,0
0,-0.0708706030724312,0
0,-0.06863386007768235,0
0,-0.05150896840466529,0
0,-0.0652938712320753,0
1,0.022607459467776425,1
0,-0.02248824181381015,0
0,0.018092152765261327,1
0,0.1801813140057853,1
0,-0.07108633859484981,0
1,0.022108963122197567,1
0,-0.06848799176416581,0
0,0.1277019482508981,1
0,-0.06964103770092628,0
0,-0.06359797806941375,0
0,-0.07125080914573384,0
0,-0.052117457892434604,0
1,-0.030647237968585928,0
1,0.018704360797310082,1
1,-0.03084319955182563,0
0,-0.030382019585563635,0
0,-0.06916883626467124,0
0,0.016862177521760002,1
0,-0.07780856921440477,0
0,-0.07341428678758238,0
0,-0.05598689649662025,0
0,0.05102494775031219,1
0,-0.06130464794491913,0
0,-0.07863705213841904,0
0,-0.033663962829118266,0
0,-0.06595682660578656,0
0,-0.05200365988404665,0
0,-0.03575135469770757,0
1,0.01751910108047583,1
0,0.08339975410058853,1
0,-0.06847392857757212,0
0,-0.055384585696606814,0
0,-0.07795515530589398,0
0,0.06669443791425067,1
0,-0.07129573682785034,0
0,-0.037240897702766396,0
0,-0.019497538789999436,0
0,0.10953307899996445,1
1,0.02371505908625493,1
0,-0.06240458312753344,0
0,-0.08963815213787746,0
0,0.03811334194818117,1
0,-0.09100090373571029,0
0,-0.06860794377545693,0
0,-0.07195235063815236,0
0,-0.054867691696118215,0
0,-0.09151725351863343,0
0,-0.06546262699076194,0
0,-0.05378803503431978,0
0,-0.08314239947263236,0
0,0.02161421567477828,1
0,-0.06229409617954518,0
0,0.06669443791425067,1
0,-0.04180449370006295,0
0,0.1277019482508981,1
0,0.005428964890051957,1
0,-0.049415365081528884,0
0,-0.06803160361824334,0
0,-0.0943734740310544,0
0,-0.07719078332624851,0
0,-0.08202763218925607,0
0,-0.06519350086417369,0
1,0.01751910108047583,1
0,-0.0767075478207414,0
1,-0.030647237968585928,0
1,-0.02484880678375495,0
0,0.036107204686892436,1
1,0.028235936958997954,1
0,-0.052928677037508975,0
0,-0.0693084269811346,0
1,0.03126370710737769,1
1,0.010382831916295632,1
0,0.02528935442551772,1
0,-0.059190961507477935,0
0,0.10953307899996445,1
0,0.01611656454936672,1
0,0.095379893261748,1
0,-0.05737832377675739,0
0,-0.058689142904716385,0
0,-0.018574445640911708,0
1,-0.030647237968585928,0
0,0.095379893261748,1
0,-0.01290704766580597,0
0,-0.04186832269752899,0
1,0.029619340097468694,1
1,0.018704360797310082,1
0,-0.033204221380671084,0
1,0.03226136007524194,1
0,-0.08934184780362853,0
1,-0.0412093161615919,0
0,-0.07235368687634153,0
0,0.1277019482508981,1
0,-0.05086845846633958,0
0,-0.03910655369195659,0
1,0.02371505908625493,1
0,-0.060851841877391344,0
0,-0.08419692196620548,0
0,-0.018844094811420242,0
0,-0.019281683904617042,0
0,-0.05320929603569474,0
0,-0.07025506249121893,0
0,-0.07328445016073465,0
0,-0.06785278496991376,0
0,-0.024320659128790334,0
0,-0.06294980556430096,0
0,-0.08002870462684047,0
0,-0.06369526767600708,0
0,0.0237178091764626,1
0,-0.04343643380844697,0
0,0.10953307899996445,1
0,-0.08667184980068526,0
0,-0.06542069802982864,0
0,-0.05583215137429037,0
1,-0.08199736851722467,0
0,-0.06890958834407401,0
0,-0.052353121103474454,0
0,-0.017904209757964862,0
0,-0.05867047940013115,0
0,-0.08314353440267486,0
0,-0.06648542133047458,0
0,-0.08946491105186288,0
0,-0.07297908869522185,0
0,-0.07896996389297029,0
0,-0.07408607088039093,0
0,-0.08453384477040649,0
0,-0.07851172563522235,0
0,0.05375663361566474,1
0,-0.07388932347510968,0
0,-0.07670968894579544,0
0,-0.06678776048491275,0
0,0.02528935442551772,1
0,-0.05864335152854888,0
0,-0.0364630826705567,0
0,-0.051624514731306026,0
0,-0.05232188549955452,0
0,0.0352015142629466,1
0,-0.06445110251568864,0
0,-0.026254203384985297,0
0,-0.06951465859912975,0
0,-0.0025106292610705405,0
1,-0.030647237968585928,0
0,-0.05945069980776935,0
0,0.039982521344786415,1
0,-0.07472118886346524,0
0,-0.08705524902772233,0
1,-0.0314504425449636,0
0,0.11226941501094456,1
0,-0.05411558830642643,0
0,-0.021291069700567822,0
0,-0.049632443368975876,0
0,-0.026003846984879564,0
1,-0.05359964708532278,0
0,-0.08646475317389701,0
0,-0.005408832568160438,0
0,-0.013620472348862378,0
0,-0.055143006918190296,0
0,-0.04385221382047083,0
0,-0.08707540065847463,0
0,-0.018388808275224877,0
0,-0.05210965087596703,0
0,-0.03951712978402283,0
0,-0.0824775538500257,0
0,-0.06916883626467124,0
1,-0.017391594985159187,0
0,-0.08025950762193934,0
1,-0.03237981227916531,0
0,-0.05929389980560257,0
0,-0.08950637661193867,0
0,0.05102494775031219,1
1,-0.002133034473680795,0
0,-0.049047169163886684,0
0,-0.041202280125253954,0
1,-0.0322605695030353,0
0,-0.0678914633726132,0
1,0.022607459467776425,1
0,-0.00028763891723398993,0
1,-0.04717774560717897,0
0,0.12521563920730783,1
0,-0.06434488720522047,0
0,-0.07316091538563008,0
0,-0.08087274891294433,0
1,0.02371505908625493,1
0,-0.0789805655195836,0
0,-0.026090548901740562,0
0,-0.06860794377545693,0
0,-0.025138135166775488,0
0,0.08678045954000735,1
0,0.06669443791425067,1
0,-0.0766443656157611,0
0,0.100361652963736,1
0,-0.060439910732761226,0
1,-0.02281130189638325,0
1,0.04430587756749482,1
0,-0.010282417958737577,0
0,0.10554632086192439,1
0,-0.05183499431237837,0
1,-0.0322605695030353,0
0,0.23046192102487228,1
0,0.100361652963736,1
0,-0.06077728425395129,0
0,-0.04549249440872921,0
0,-0.0571569419333145,0
0,-0.03487706518002576,0
1,0.02306593421792602,1
0,-0.0686870969176453,0
0,-0.03192694870432905,0
0,-0.048755992994908626,0
0,-0.07704692797592427,0
0,-0.0632784651504616,0
0,-0.06592454331095887,0
0,-0.08222189909683736,0
0,-0.07824586161094094,0
0,-0.07953599290571478,0
1,0.029619340097468694,1
0,-0.0714772549284241,0
1,0.02371505908625493,1
0,-0.04560234890266246,0
0,0.02528935442551772,1
0,0.06918529059506173,1
0,-0.029705602439422052,0
0,-0.06795967516160822,0
0,-0.08164869802097802,0
0,-0.07376789434644604,0
0,0.005957229537688846,1
0,-0.06380598237200036,0
0,-0.06136444540068331,0
0,-0.08083942664906074,0
0,0.11226941501094456,1
0,-0.06684050360174165,0
0,-0.038465365379807326,0
0,-0.07106800524118029,0
0,-0.06533319685036498,0
0,-0.06412933860605574,0
0,-0.08184580674159825,0
0,-0.053026930121906346,0
0,0.06160648306646044,1
0,-0.06306041480582203,0
0,-0.05734128275726763,0
0,0.02528935442551772,1
0,-0.07761003784550058,0
0,-0.005419930043834842,0
0,-0.06099601641212471,0
1,0.020788539663415317,1
0,0.06669443791425067,1
1,-0.06670958641359115,0
0,-0.0206645728807468,0
0,-0.06804813822782019,0
0,-0.07441058876861051,0
0,0.06138956308440702,1
0,0.01997410082214668,1
1,-0.03237981227916531,0
0,-0.08366491861019937,0
0,-0.06844717112963244,0
0,-0.07582077314517038,0
0,-0.0818823787104962,0
0,-0.02632578479719072,0
0,-0.02971436446759035,0
0,-0.07116497523839133,0
0,-0.06585299489135904,0
1,-0.0322605695030353,0
0,-0.06931162543392178,0
0,-0.048068182722964314,0
0,0.035818623513668935,1
0,-0.03182722292633683,0
0,0.08678045954000735,1
1,0.016727081269584887,1
0,-0.07111108824932633,0
0,-0.04779235006939908,0
0,0.14666219215207066,1
0,-0.07103830843376047,0
0,-0.09231927890118918,0
0,-0.04142610446325612,0
0,-0.05589023163987583,0
0,-0.05710014364458882,0
0,0.003855758454008096,1
0,-0.08335739944643239,0
0,-0.04044351133216734,0
0,-0.059385439695803954,0
0,0.011664468746547807,1
1,-0.031154028924512966,0
0,0.00205768782755944,1
0,-0.04075433580175408,0
0,-0.06739461846127037,0
0,0.015791438301534955,1
0,-0.07497457609210506,0
1,-0.030647237968585928,0
0,-0.06480181022095138,0
0,-0.08353112153532227,0
0,0.11966159626246475,1
0,-0.05366651420643326,0
0,-0.0335398025343836,0
0,-0.09600171021113602,0
0,-0.0841528688505761,0
1,-0.06895600184003936,0
0,0.032911033377065246,1
0,-0.07925496985488822,0
0,-0.06903708623144822,0
1,0.018704360797310082,1
1,0.022108963122197567,1
0,0.03811334194818117,1
0,-0.07596957775160085,0
0,-0.09067607934521527,0
0,-0.06357613735045115,0
1,-0.0649059241390792,0
0,-0.03783088043965849,0
0,-0.08769429021301539,0
0,-0.05358982008778834,0
0,-0.08860366645878548,0
0,-0.05922455131116444,0
0,-0.0822177311693863,0
0,-0.055950485705207886,0
0,-0.04811493110436432,0
1,-0.0322605695030353,0
0,0.05739318836849949,1
1,-0.030647237968585928,0
0,-0.04244406861979033,0
1,0.020788539663415317,1
0,-0.08227151145779243,0
0,0.06918529059506173,1
0,-0.058097647196906466,0
1,-0.044507467400694445,0
1,-0.05052407910285178,0
0,-0.0862911819035464,0
0,-0.0519356594784508,0
0,-0.08355438588017045,0
0,0.06160648306646044,1
0,-0.04206198484427576,0
0,0.024657947756326015,1
0,-0.087141793543911,0
0,-0.050257287581036425,0
0,-0.06914755622032914,0
0,-0.08623562640673876,0
0,-0.05942592750891512,0
0,-0.03535389899082281,0
0,-0.06115786478061075,0
1,0.016812575021424414,1
0,-0.08953191767005653,0
1,-0.02175885891122037,0
0,-0.047189967624912454,0
1,0.020788539663415317,1
0,0.002617455976516414,1
0,-0.06064222810786979,0
0,0.05739318836849949,1
1,0.02371505908625493,1
0,-0.07553406649584338,0
0,-0.05010881414911261,0
0,-0.030266362737357444,0
0,-0.05209736584871383,0
1,0.015769469932073177,1
0,-0.08522065869390016,0
0,-0.08737541121983367,0
0,-0.08586931863281627,0
0,-0.008707369134793697,0
0,-0.0657795437790139,0
1,0.01751910108047583,1
0,-0.020948383057891706,0
0,0.08678045954000735,1
0,-0.052928677037508975,0
0,-0.05176057994628075,0
1,0.020882390501738124,1
0,-0.06411317968781588,0
0,0.01713350313869333,1
0,-0.08630858687910326,0
1,-0.04898043272937452,0
0,-0.05790608420852028,0
1,0.02306593421792602,1
0,-0.06765470669003848,0
0,-0.050369329160126264,0
0,-0.0777079771844435,0
0,-0.08521047782492336,0
1,0.018704360797310082,1
0,-0.07372398335818064,0
0,-0.09521308758395708,0
0,-0.03956539048999169,0
0,0.003855758454008096,1
0,-0.05356584181178381,0
0,-0.038546187634612816,0
0,-0.07113400063838199,0
0,-0.053864710304775854,0
0,-0.003682369076315306,0
0,0.04059106485705799,1
0,0.11226941501094456,1
0,0.03527674305605133,1
0,0.03450410762918499,1
0,0.08373549937940739,1
0,-0.0785061471635613,0
0,-0.06800878656535503,0
0,-0.03568691171685778,0
0,-0.052926113466377045,0
1,0.022607459467776425,1
0,0.002504114060451701,1
0,-0.05253395010319689,0
0,-0.03125973156731199,0
0,0.14666219215207066,1
0,0.009655726130309294,1
0,-0.08245348526602037,0
0,0.095379893261748,1
1,-0.030647237968585928,0
0,0.08678045954000735,1
0,-0.08196298521416018,0
0,-0.0763283088174398,0
0,-0.021885554200347712,0
0,-0.08598477459322712,0
0,-0.00498004209378311,0
0,-0.06412667040146519,0
0,-0.027115308146113515,0
0,-0.06608267038960242,0
0,-0.055572182600532816,0
0,0.02528935442551772,1
0,-0.006731619001286937,0
1,0.02306593421792602,1
0,-0.08093095594280236,0
0,0.02528935442551772,1
0,0.030305900092630678,1
0,-0.0680783408588817,0
0,-0.06921595305011635,0
0,-0.06307258896733747,0
0,-0.004677844825915323,0
0,0.08339975410058853,1
0,0.058070775958386944,1
0,0.02528935442551772,1
0,-0.05049389686034311,0
1,-0.021045901552971535,0
0,-0.08238049433723182,0
1,0.02306593421792602,1
0,-0.05237979864741199,0
0,0.05739318836849949,1
1,0.028235936958997954,1
0,-0.05218570723573901,0
0,0.0584021312327051,1
0,-0.041327194523403,0
0,-0.059232868633831315,0
0,-0.05605062035468994,0
0,0.08339975410058853,1
1,0.01751910108047583,1
0,-0.09243124463645425,0
1,0.07485219246109487,1
1,-0.055612545260528334,0
0,-0.05730623522342049,0
0,-0.07021574457061208,0
0,-0.08170761992732589,0
0,-0.09346903242121368,0
1,-0.031154028924512966,0
0,-0.06128023931352883,0
0,-0.049796789671198494,0
1,0.02371505908625493,1
1,0.020788539663415317,1
0,-0.03797703467161323,0
0,0.015205014801360606,1
0,-0.05404027470204659,0
0,-0.05520386700966751,0
1,0.030238781439602458,1
0,-0.07588888237927527,0
1,-0.031154028924512966,0
0,0.08678045954000735,1
0,-0.009182536591325341,0
0,-0.060975354299260764,0
1,0.02371505908625493,1
0,0.03811334194818117,1
0,-0.026557293913381463,0
0,0.05739318836849949,1
0,-0.028103962464652632,0
0,0.06918529059506173,1
1,0.02362955767125552,1
0,-0.05605062035468994,0
0,-0.06887964348465347,0
0,-0.05845071741237301,0
1,0.01751910108047583,1
0,-0.05223751181743347,0
0,-0.06106496744014739,0
0,-0.08207091911350545,0
0,-0.01868787575975922,0
0,0.0045534202946710955,1
0,-0.061006740133166315,0
0,-0.05605062035468994,0
0,0.06160648306646044,1
0,-0.05669541884902923,0
0,0.035105241819469946,1
0,-0.07429466979543936,0
0,-0.041064950042885184,0
0,-0.08078200825041254,0
0,-0.024247853292789334,0
0,-0.05516610563642632,0
0,-0.08542036556557386,0
0,-0.011395017312559541,0
1,-0.030647237968585928,0
0,-0.08019845983934559,0
0,0.07258919439274591,1
0,-0.05173582047239084,0
0,-0.027068787486864643,0
0,-0.07542412800332832,0
1,0.02371505908625493,1
0,-0.017647102169787376,0
0,-0.06891305563037586,0
0,-0.05103738234429195,0
0,-0.05574134573382766,0
0,0.03811334194818117,1
0,0.100361652963736,1
0,-0.055679343897666045,0
0,0.100361652963736,1
1,-0.02207767166662894,0
0,-0.06521776990147593,0
0,-0.06481640168198011,0
0,-0.018900822195074496,0
1,0.03231331237890489,1
0,-0.057029559180526934,0
0,-0.06269233299522464,0
0,-0.06030140462516981,0
1,0.022108963122197567,1
0,-0.07751537214893539,0
0,-0.05601114702812565,0
0,-0.06116394875690567,0
1,-0.023697151345514478,0
0,0.076875926088244,1
0,-0.04628840359932185,0
0,-0.02562200987187596,0
0,-0.055950485705207886,0
0,-0.06317568411592189,0
1,-0.025095433844811887,0
0,-0.05371877766094363,0
0,-0.05323019326340517,0
0,-0.0792244528489705,0
0,-0.06491779802050224,0
1,-0.011156680807977604,0
0,-0.06269590703803013,0
0,0.23115440715665503,1
1,0.020882390501738124,1
0,-0.04492583124160304,0
1,-0.0322605695030353,0
0,-0.07542911392924428,0
0,-0.08389665652486383,0
0,-0.019083354025120458,0
0,-0.06818831778007767,0
0,-0.07172411891503733,0
0,-0.04347104220463238,0
0,-0.03278549678304227,0
0,-0.05550015412249065,0
0,-0.06360410951065798,0
0,-0.053143460886991234,0
1,0.018704360797310082,1
0,-0.028600982733228975,0
0,0.05881492448954151,1
0,-0.09733890628577352,0
0,0.0245039036154322,1
1,-0.0322605695030353,0
0,-0.05584732733669018,0
0,-0.08467905728274588,0
0,-0.02457078994074957,0
0,-0.07844662828552429,0
1,-0.026231503765886732,0
0,-0.020569664941914756,0
0,0.05511971982307873,1
0,-0.019815027541510544,0
0,0.025621929652910325,1
0,-0.05355752394930857,0
0,-0.053960891980267156,0
0,-0.03653157602286383,0
0,-0.0637790307818048,0
0,-0.06301845148112806,0
0,-0.0757029231259207,0
0,-0.0829685879424008,0
0,0.05749103172228209,1
0,-0.005712821744883856,0
0,-0.025008811859744295,0
0,-0.06316597880279567,0
0,-0.0667834662844578,0
0,-0.04868110534777487,0
0,-0.0341949979303241,0
0,-0.058447579254766124,0
0,-0.07897699181627499,0
0,-0.05374194842743191,0
0,-0.09569989086536107,0
1,-0.06452024209018664,0
0,-0.0652714244222729,0
0,-0.06998837233164118,0
0,0.03811334194818117,1
0,-0.044936872189468235,0
1,-0.0322605695030353,0
0,-0.08676734865323676,0
0,-0.06570787546006712,0
0,-0.07533533592728436,0
0,-0.05569100412832079,0
0,-0.03702167424484859,0
0,-0.05308374208690525,0
0,-0.015216281577678015,0
0,-0.04319832046375621,0
0,-0.07986371060004738,0
0,-0.010863529430960972,0
0,-0.06096596379773689,0
0,-0.05682098364736454,0
0,-0.020098517979653507,0
0,-0.05180801062941681,0
0,-0.05584348333798539,0
0,-0.09263950671033633,0
0,0.029368924929706997,1
0,-0.05790608420852028,0
0,0.002504114060451701,1
1,-0.03237981227916531,0
0,-0.055065647769908854,0
0,-0.028483748228642025,0
0,-0.07978985498155522,0
0,-0.052117457892434604,0
1,0.0009832855389868556,1
1,0.02251581758792809,1
0,0.003855758454008096,1
0,-0.04373486617766226,0
1,0.022607459467776425,1
0,-0.051134924516968994,0
0,-0.08936950177947456,0
0,-0.06900619671711883,0
0,0.08339975410058853,1
0,-0.03351725043722764,0
1,-0.06820942442821382,0
0,-0.03380835618169875,0
0,0.02528935442551772,1
0,-0.05893957195256283,0
1,0.02371505908625493,1
0,-0.08356515524754865,0
0,0.03811334194818117,1
1,-0.07840971730077839,0
0,-0.08512016891192259,0
0,-0.08768761651295875,0
0,-0.05147014720825349,0
0,-0.03924556752190905,0
0,-0.04866703452337984,0
0,0.03811334194818117,1
0,0.12521563920730783,1
0,0.06918529059506173,1
1,-0.03679465266660348,0
0,-0.08632120453243808,0
0,-0.05884326755396879,0
0,-0.05321578709864305,0
0,-0.06615321373969568,0
0,-0.029996076424164575,0
1,-0.07648699936897968,0
0,0.06669443791425067,1
0,-0.0035375102486651655,0
0,-0.0655474364278586,0
1,0.022696425743937598,1
0,0.100361652963736,1
0,-0.06342123063863125,0
1,0.018704360797310082,1
0,-0.06932888467274179,0
0,-0.05301738839145392,0
1,0.015769469932073177,1
0,-0.07191319091345705,0
0,-0.07131120591558493,0
0,-0.0754141689971718,0
1,-0.03237981227916531,0
0,-0.07067963093799667,0
1,0.022696425743937598,1
0,0.08678045954000735,1
1,0.0015420823978147258,1
0,0.06061345012245578,1
0,0.0560843839194578,1
0,-0.01200253078945207,0
0,-0.056313678304172554,0
0,-0.05435165555650551,0
1,-0.054050911529327395,0
1,0.022108963122197567,1
0,-0.05021559834973349,0
0,-0.03155664347493159,0
0,-0.027088230547802683,0
0,-0.031004174379969995,0
0,-0.054807432837570336,0
0,-0.08433732111443798,0
0,-0.0732134223942309,0
0,-0.032428271348931614,0
0,-0.035910188043189184,0
0,-0.06381339678305264,0
0,-0.040013384962800824,0
1,0.0308978935430273,1
0,-0.05380491951151889,0
0,-0.050229471936075576,0
0,-0.056452989402856035,0
0,-0.056077798111942745,0
1,-0.03164230826171727,0
0,-0.05323134079881309,0
0,-0.05584732733669018,0
1,0.022607459467776425,1
0,-0.052789029753679995,0
0,0.05739318836849949,1
0,-0.0570002457194983,0
0,-0.05784016280878024,0
1,-0.07543705361682673,0
0,-0.06517296549944052,0
0,-0.059041888372030116,0
1,0.02015090741479164,1
0,-0.05200365988404665,0
0,0.08339975410058853,1
0,-0.06889742248190034,0
0,-0.06578610607245938,0
0,0.12521563920730783,1
0,-0.05746180307560067,0
0,0.03966350617541603,1
1,0.03723124799293631,1
0,0.08678045954000735,1
0,-0.011021444589360718,0
0,-0.0395672618493918,0
0,-0.09497176750999448,0
0,-0.08688610920139428,0
0,-0.05429007204445602,0
0,-0.08109930086566419,0
0,-0.057752312955928975,0
0,-0.06266212728244963,0
0,-0.05619053210749775,0
0,-0.0781168810289759,0
0,-0.0965765169071191,0
0,-0.06546262699076194,0
1,0.01751910108047583,1
1,-0.06780348094504535,0
0,-0.08027771437326747,0
0,-0.08407651230068319,0
0,-0.05182290288732844,0
0,-0.04737625541256252,0
0,-0.06351595011413352,0
0,-0.021708363222200266,0
0,-0.08724483658827625,0
0,0.08339975410058853,1
1,-0.055483082833606034,0
1,0.04263879468610343,1
0,0.11729036897954181,1
0,0.100361652963736,1
0,-0.04805376121150978,0
0,-0.06107435582408183,0
0,-0.056215627454648254,0
1,-0.030647237968585928,0
1,-0.0322605695030353,0
0,-0.06090794383406656,0
1,0.02371505908625493,1
1,-0.060333128379992274,0
0,-0.08896235747282039,0
0,-0.06025325009613419,0
0,0.10953307899996445,1
0,0.0016510821811350773,1
0,-0.06096596379773689,0
0,-0.07084994472297773,0
0,-0.04134864749898093,0
0,0.002414296549397621,1
0,-0.06032811059976134,0
0,-0.041141722682661974,0
0,-0.0691217811806189,0
0,-0.08136010597118076,0
0,-0.07021552990887725,0
0,-0.08448188770477655,0
0,-0.03721320776243536,0
1,0.02306593421792602,1
0,-0.05254269045371357,0
0,-0.08445303581900637,0
0,-0.05078101153204656,0
0,-0.06110832901355995,0
0,-0.029652277282651796,0
0,-0.05652128206146401,0
0,-0.032565184622870336,0
0,-0.07118278805217376,0
0,-0.05333519201379949,0
1,-0.019787115325808735,0
0,0.02528935442551772,1
0,-0.0865197096289449,0
1,0.04062594327209834,1
0,-0.05250066324867059,0
0,-0.0886419285849297,0
0,-0.05813922092297619,0
0,-0.058845485365318806,0
0,-0.0792590914500329,0
1,-0.01167673870650765,0
0,-0.053277266882949426,0
0,-0.0519356594784508,0
0,-0.06480181022095138,0
0,0.004327429257548587,1
1,0.02371505908625493,1
1,0.02371505908625493,1
0,-0.0468529881989328,0
0,-0.0562184634259521,0
0,-0.06812266056297339,0
1,0.04541117716863885,1
0,-0.089800014213685,0
1,-0.0772377053172617,0
1,-0.05964771115052636,0
0,-0.05730514238559864,0
0,0.05739318836849949,1
0,0.05739318836849949,1
0,-0.020685914210452905,0
1,0.028235936958997954,1
0,0.05739318836849949,1
0,-0.024659923901966474,0
0,-0.0638129798842943,0
0,-0.07930762740390157,0
0,-0.03576476740142509,0
0,0.015634490575274107,1
1,-0.006378713837203953,0
0,-0.04558376072764159,0
0,0.08339975410058853,1
0,-0.04824020398429396,0
0,-0.023030371144444062,0
1,0.03210502270516524,1
0,-0.0664179424103376,0
0,-0.078265512270144,0
0,0.05739318836849949,1
0,-0.08053630358505037,0
1,0.020788539663415317,1
0,-0.056370515022856116,0
0,-0.013907049211484113,0
0,-0.060202228757955445,0
0,-0.05234037198519209,0
0,0.03811334194818117,1
0,-0.0712784611890605,0
0,-0.029762418219856035,0
0,-0.02382966103950407,0
0,-0.06116276878279647,0
1,-0.03525652580397437,0
0,-0.07709762914297735,0
1,-0.023129922480717435,0
0,-0.06433915600426876,0
0,0.08678045954000735,1
1,0.01751910108047583,1
0,0.11226941501094456,1
0,-0.04134864749898093,0
0,0.013139810204842228,1
0,0.02351075696882421,1
0,-0.06687456875163156,0
0,-0.071745732938918,0
1,0.025584671548748772,1
0,-0.054366158255811425,0
0,0.05739318836849949,1
0,-0.06178597352452703,0
0,0.08339975410058853,1
0,-0.006259593689769749,0
0,-0.04623171624556738,0
0,-0.049734243673210665,0
0,-0.050066548874100114,0
0,-0.06462531248429404,0
0,-0.046442170645608516,0
0,-0.062096562030161284,0
0,-0.060703472180806184,0
0,-0.057282723938382185,0
0,-0.01702785686182745,0
0,-0.05710240128757427,0
0,0.08678045954000735,1
0,-0.08427617428742384,0
0,0.095379893261748,1
0,-0.07729698747603986,0
0,-0.06469748144837212,0
0,-0.02323655720079071,0
1,-0.03176982550220808,0
0,0.08678045954000735,1
0,0.08678045954000735,1
0,-0.050097797560372026,0
0,0.08339975410058853,1
0,-0.03881362720156156,0
1,0.02371505908625493,1
1,-0.03176982550220808,0
0,-0.0394367277353716,0
0,-0.013106124825175869,0
0,-0.09200694597255132,0
0,0.14666219215207066,1
0,-0.08195118326725981,0
0,-0.07730675669872666,0
0,-0.04060070541528321,0
0,-0.07318033833012594,0
0,-0.08040476259610002,0
0,-0.07792598658103395,0
0,0.03791454232845126,1
1,0.02251581758792809,1
0,-0.025274594070948675,0
0,-0.06575766144474643,0
0,-0.07986156831526292,0
0,-0.04824834575386727,0
0,-0.033273728947521286,0
0,-0.08699723658656083,0
0,0.004385139772981161,1
0,-0.07502298880797836,0
0,-0.07526536297509057,0
0,-0.08570699194892512,0
0,-0.051343940634272334,0
0,-0.06687503866364553,0
0,0.06918529059506173,1
0,-0.04194503309124803,0
1,0.02371505908625493,1
0,-0.0654129571519943,0
0,-0.07996472797867094,0
0,-0.06858529916413131,0
0,-0.026980618448280813,0
0,-0.09059443835576086,0
0,-0.02993717014128533,0
0,-0.06583268808304577,0
0,0.06909146769665031,1
0,-0.08770949415158902,0
0,-0.08416292656798202,0
1,-0.0322605695030353,0
0,-0.05685721899771745,0
0,-0.07181557549432427,0
0,-0.023121287114742484,0
0,0.095379893261748,1
1,0.02371505908625493,1
0,-0.04420316704256172,0
1,0.02306593421792602,1
0,-0.0070168399127095715,0
0,-0.05740999113433859,0
0,-0.07427317230849512,0
0,-0.0724222178805366,0
0,-0.026345362673159345,0
0,-0.07734808912638397,0
0,-0.04749649417839891,0
0,-0.08245392423247444,0
0,-0.08250392831431358,0
0,-0.07233088760550604,0
1,0.02371505908625493,1
1,0.022108963122197567,1
0,-0.08050239128238651,0
0,-0.07510116490743585,0
0,-0.049821660988164596,0
1,0.016418339546547034,1
0,-0.017824037180547925,0
0,-0.06829633256445539,0
0,-0.08029152769701159,0
0,-0.019456773956015805,0
0,-0.07035709102748627,0
0,0.14666219215207066,1
0,-0.08532043728181227,0
0,-0.04148148717830413,0
0,-0.0680783408588817,0
0,-0.04456915264146821,0
1,0.020788539663415317,1
0,0.05739318836849949,1
0,-0.04777518919392315,0
1,0.025605198364720194,1
0,0.016751131985886958,1
0,-0.06140357521292261,0
0,-0.0499051214543903,0
0,-0.07973695169110478,0
0,0.06669443791425067,1
0,0.025064044945377728,1
0,-0.05287392585439371,0
1,0.0478367587850963,1
0,-0.08302178309514496,0
0,0.006109830927338855,1
0,-0.049716030276317213,0
0,0.051146038845233166,1
0,0.06918529059506173,1
1,0.04276422256276202,1
0,-0.05269435978133219,0
0,0.23114399396525598,1
0,-0.0608994555507385,0
0,0.06160648306646044,1
0,-0.03594321164032954,0
0,-0.053026930121906346,0
0,-0.06547618498234437,0
0,-0.0543388138364812,0
0,-0.059314819436360244,0
0,-0.08850051403943421,0
0,0.002886892002260888,1
0,0.08678045954000735,1
1,0.016812575021424414,1
0,-0.08228942369895337,0
0,-0.0714630729862456,0
0,-0.06407310838632091,0
0,-0.07937348959813156,0
0,-0.06608376298394836,0
0,0.02528935442551772,1
0,-0.09411331175290188,0
0,-0.047475708604112654,0
0,-0.034497232010006706,0
1,0.018824571193721273,1
0,0.002504114060451701,1
0,-0.03402201248798098,0
0,-0.03594321164032954,0
0,0.08678045954000735,1
0,0.020623107092066273,1
0,0.095379893261748,1
0,-0.05678302740451807,0
0,-0.07989953653959131,0
0,-0.01699177971603877,0
1,-0.01859552340320808,0
0,-0.059032360779077975,0
0,-0.06212850396976494,0
1,-0.0322605695030353,0
0,-0.05759911702590709,0
0,-0.06424562345495582,0
0,-0.07246984391064126,0
0,-0.05127454518506358,0
1,0.022108963122197567,1
0,-0.05829050744490677,0
0,-0.06665592451344826,0
1,0.020788539663415317,1
0,-0.05895089647618201,0
0,-0.06376718249153068,0
1,-0.06826550555471761,0
0,0.05102494775031219,1
0,-0.023855799602990946,0
0,-0.037560747107647896,0
0,-0.025253621223645273,0
0,0.095379893261748,1
0,-0.08130052130394444,0
0,-0.07878049901395512,0
0,0.06669443791425067,1
0,-0.059904566918925595,0
0,0.014346306957098376,1
0,0.14936903237134935,1
0,-0.0045087568628537356,0
0,-0.08972377141884863,0
1,0.02306593421792602,1
0,-0.05366651420643326,0
0,-0.0652938712320753,0
1,0.02371505908625493,1
0,-0.059059657113256114,0
0,-0.03354155081945004,0
0,0.024922812082457946,1
0,0.100361652963736,1
1,-0.030647237968585928,0
0,-0.07092090865529393,0
0,-0.06491801375861883,0
1,0.022108963122197567,1
0,-0.05813922092297619,0
0,-0.06086693782463848,0
0,-0.08628974755742791,0
1,-0.020879647419005165,0
0,0.08678045954000735,1
0,-0.06595682660578656,0
0,0.02528935442551772,1
0,-0.08098897801941285,0
0,-0.05638853735453753,0
0,0.17339980947790457,1
0,-0.08194199976304012,0
0,0.0379924016243115,1
0,-0.08964751169023971,0
0,0.012768434130278172,1
0,-0.07151851049624447,0
0,-0.06551440370886119,0
0,-0.05921157896162915,0
0,-0.052066140678148354,0
0,-0.059355775819298684,0
0,-0.08812995390165096,0
1,-0.03921714202516824,0
1,-0.031154028924512966,0
1,0.002469622984042963,1
0,0.0069334043180571125,1
0,0.08339975410058853,1
0,-0.0639158921156407,0
0,-0.04372800519054265,0
0,-0.0577214264915345,0
0,0.19182813859210623,1
0,-0.0713072491840282,0
1,0.028235936958997954,1
0,0.012792418380263681,1
1,0.018704360797310082,1
0,-0.0715955067821974,0
0,0.051842585968307264,1
0,-0.05563645816606111,0
0,-0.08076291409522368,0
0,-0.06400281457571666,0
0,-0.05901792289550156,0
0,-0.03965682110685953,0
0,0.08339975410058853,1
0,-0.07123025285214551,0
0,0.05229233215898721,1
0,-0.08817171996920431,0
0,0.03811334194818117,1
0,-0.08600500879727385,0
0,-0.026319269930774603,0
0,-0.03648127193588113,0
0,-0.05727751244113649,0
0,0.035039029097867935,1
1,0.020882390501738124,1
0,-0.028032791973260918,0
0,-0.08366795846882602,0
0,-0.06489992733488781,0
0,-0.030264052844328093,0
0,-0.08393782319812398,0
0,-0.039880201181625996,0
0,-0.05201643610161938,0
0,-0.019743364141139808,0
0,-0.08284514516622649,0
0,-0.05323019326340517,0
1,0.01005265032214786,1
0,-0.06884544563856809,0
0,0.0546268983134548,1
0,-0.06574069288686307,0
0,-0.0577214264915345,0
1,-0.04576765985623643,0
1,0.026930789668465294,1
1,-0.0136268844388156,0
0,-0.018115828684523105,0
0,-0.07316562177403146,0
0,-0.08729422819731897,0
0,-0.08276779335041112,0
0,-0.03625707992128474,0
1,0.02371505908625493,1
0,0.061714305160339156,1
0,-0.08138140811601446,0
0,-0.08611110547654177,0
0,0.002147441587028398,1
0,-0.022269555026444676,0
0,-0.05130747398108487,0
1,0.0012565498546761589,1
0,-0.06408704885719141,0
0,-0.06566128870414323,0
0,-0.015724707815681305,0
0,-0.052391967193614275,0
0,-0.06367415931188702,0
1,-0.0322605695030353,0
0,0.06669443791425067,1
0,-0.03960152379130877,0
0,-0.023549718265414354,0
0,-0.06445110251568864,0
0,0.08678045954000735,1
1,-0.08011293663188673,0
0,-0.023523694967850117,0
0,-0.08903853070127271,0
0,-0.06494442008456591,0
0,0.1277019482508981,1
0,-0.056640529240154336,0
0,-0.049208938687250126,0
0,-0.06731501418617714,0
0,-0.05911727516816534,0
0,-0.0828944356542689,0
1,0.020788539663415317,1
0,0.23098952939433126,1
1,0.018704360797310082,1
0,-0.07537389214392742,0
0,-0.08825937867627842,0
0,-0.08385058677618801,0
0,-0.06470364943914436,0
1,0.02371505908625493,1
0,-0.05746180307560067,0
0,-0.06093983651730611,0
0,0.03516806211782009,1
0,0.06160648306646044,1
0,-0.06586103136563365,0
0,-0.059733264270690256,0
0,-0.06052798405849252,0
0,-0.002617601624839483,0
0,-0.09198288349702127,0
1,-0.08239489680226214,0
0,-0.022696903155102532,0
0,-0.05605062035468994,0
0,-0.09771401273506641,0
0,-0.024174350025926994,0
0,-0.055950485705207886,0
0,0.02528935442551772,1
0,-0.07104482971970272,0
1,0.02371505908625493,1
0,0.00772201736375866,1
1,0.014199922215499039,1
0,-0.00711740855415155,0
0,0.03811334194818117,1
0,-0.09394420723491193,0
1,0.022108963122197567,1
0,-0.0012637146854110326,0
0,-0.08229601501621225,0
0,-0.08174845845276352,0
1,0.02371505908625493,1
1,0.016727081269584887,1
0,0.05739318836849949,1
0,-0.059190961507477935,0
0,0.056351350031346614,1
0,-0.06165604706548933,0
0,-0.01004351910999235,0
0,-0.03350772914740818,0
0,-0.018661431558842423,0
0,-0.06585299489135904,0
0,-0.09205676641556881,0
0,-0.07767594835062575,0
0,0.029130202925613635,1
0,-0.07199785250580626,0
0,-0.01045589373105299,0
0,-0.057182679828861493,0
0,-0.09194497598521628,0
0,-0.061185330108729785,0
0,-0.06827136778340798,0
0,0.006770725222832952,1
0,-0.03625707992128474,0
0,-0.07633086208553275,0
0,-0.07837888678549176,0
0,-0.05672291006417124,0
0,-0.0659085117309155,0
1,0.02371505908625493,1
0,-0.059237141614849165,0
0,0.053723787822506974,1
0,-0.06583861981190686,0
0,0.1801813140057853,1
0,0.0453109794977925,1
0,-0.06995058968127188,0
0,-0.07585785799009681,0
0,-0.053435916420749185,0
0,0.006227500174881273,1
1,-0.0802263349587175,0
0,-0.08006841041219187,0
0,-0.043606021460272426,0
0,-0.08202771125296965,0
0,-0.06770811095018703,0
0,0.14666219215207066,1
0,0.06176667871957653,1
1,0.018704360797310082,1
1,0.03949965042083736,1
1,-0.0322605695030353,0
0,-0.046287349434320224,0
0,-0.07629835442159227,0
0,-0.015459622147753593,0
0,-0.0915650692245375,0
1,-0.030647237968585928,0
0,-0.056176785395773365,0
0,0.02528935442551772,1
0,-0.051902612425612116,0
0,-0.08494278033496833,0
0,0.018032089020244113,1
0,-0.02204935491758664,0
0,-0.03117639770428221,0
0,-0.09548445966684932,0
0,-0.07414068088463083,0
0,-0.08417667533661471,0
0,-0.05016589447158559,0
0,-0.0893501433116543,0
0,0.02528935442551772,1
0,-0.026709116863803173,0
0,-0.08864939208480976,0
0,-0.022025714100479876,0
0,-0.0073561257625885945,0
1,0.03073364623859709,1
0,-0.0693084269811346,0
0,0.025829978929917896,1
0,-0.0631487486170269,0
0,0.10953307899996445,1
1,0.02371505908625493,1
0,-0.06296177787150825,0
0,-0.031040488165754,0
0,0.0009745776691993946,1
0,0.11729036897954181,1
0,-0.06861214268143645,0
1,-0.046372421170856326,0
0,0.044406077825432155,1
0,-0.053636581396206806,0
0,-0.033715850718576246,0
0,0.013153862667802274,1
0,-0.07250904652754125,0
0,-0.020577158850722033,0
0,-0.018659145458806148,0
0,-0.06916883626467124,0
0,-0.09170369741435547,0
0,-0.08475435174964852,0
1,0.028235936958997954,1
0,-0.04000756416988105,0
0,-0.05882933846310989,0
0,-0.02703335179840266,0
0,-0.07318112519178471,0
0,-0.08505025776101788,0
0,-0.04900556011428453,0
0,-0.0534150288155415,0
0,-0.07780912016626157,0
0,-0.0500373589924471,0
0,-0.06972929326303973,0
0,-0.04736416054866577,0
0,-0.060103030521207135,0
0,0.022104461530269792,1
0,-0.07001411246218836,0
0,0.05018291389415186,1
0,-0.017475797370374413,0
0,-0.0693084269811346,0
0,-0.08287397644538158,0
0,-0.05468505445927002,0
0,-0.06457613291739273,0
1,-0.030647237968585928,0
0,-0.0830859662653396,0
0,-0.02020697353990253,0
1,0.018704360797310082,1
0,-0.0829366763770642,0
0,3.752869915596424e-05,1
0,-0.05726953944177299,0
1,0.028235936958997954,1
1,0.018704360797310082,1
0,-0.053264871058911145,0
0,-0.06523305745275365,0
0,-0.024357965263172687,0
0,-0.08879161230779153,0
0,-0.04403356258040009,0
0,0.23876543113886417,1
0,0.06918529059506173,1
1,0.02371505908625493,1
0,0.03662477362951455,1
1,0.022108963122197567,1
0,-0.07551782606692153,0
0,-0.053404677385220534,0
1,0.02306593421792602,1
1,-0.0648710411269946,0
0,-0.0699973283564525,0
0,-0.05333519201379949,0
0,-0.08654451582427469,0
0,-0.02658616069974723,0
1,-0.06397919115178541,0
0,-0.03436771064968086,0
0,0.06160648306646044,1
0,-0.05353661811400856,0
0,0.23114399396525598,1
0,-0.02213703043725046,0
1,-0.07263539430897276,0
1,0.02371505908625493,1
1,0.020788539663415317,1
0,-0.059722298115478634,0
1,0.036561721128182345,1
1,-0.053364535281653025,0
0,-0.05585032846993454,0
1,-0.032950516717203004,0
1,-0.02944044479050989,0
0,-0.07606223058542488,0
0,0.044342856631390704,1
0,0.1277019482508981,1
0,-0.04989157482588963,0
0,0.1277019482508981,1
0,-0.06555930759888012,0
0,-0.0410987963701927,0
0,0.06918529059506173,1
0,0.041637128024280434,1
0,-0.07336322724051919,0
0,-0.09001457535178459,0
1,0.02251581758792809,1
0,0.100361652963736,1
0,-0.04085449805789687,0
0,-0.04434646848057899,0
0,-0.068440879728068,0
0,-0.04666845872455744,0
1,-0.0322605695030353,0
0,-0.053435916420749185,0
0,-0.08787670345237714,0
0,-0.08540822289346223,0
0,-0.06081092695877116,0
0,-0.05376662014380973,0
0,-0.07359323068188511,0
0,0.00545260584342766,1
0,-0.036504987670355205,0
0,-0.0627138143024612,0
0,-0.07036010226510464,0
0,-0.06442158969163209,0
0,-0.0829827303301669,0
0,-0.049796789671198494,0
0,-0.05366651420643326,0
1,-0.05847018509656754,0
0,-0.0825915635507003,0
0,-0.05108404555219548,0
0,-0.0008768378421427636,0
0,-0.06546262699076194,0
0,-0.08791222978058516,0
0,-0.07592097247378893,0
0,-0.0719674328409377,0
0,0.002397488127674152,1
0,-0.041064950042885184,0
0,-0.049632443368975876,0
0,-0.0016233056117151978,0
0,-0.08287446950909938,0
0,-0.06839005513960783,0
1,0.025584671548748772,1
0,-0.05997251621724825,0
0,-0.04406978351796881,0
0,0.0025673892917982277,1
0,0.10554632086192439,1
0,-0.04767119430301725,0
0,-0.06693399401164479,0
0,-0.0839311664838982,0
0,-0.0246022588834251,0
0,-0.06664202967803806,0
0,0.11729036897954181,1
0,-0.05426223179620654,0
0,-0.06882566895319747,0
0,-0.050097797560372026,0
0,0.1801813140057853,1
1,0.02371505908625493,1
0,-0.07208754848146748,0
0,-0.08365101508901174,0
0,0.10953307899996445,1
0,-0.0814641917999997,0
0,-0.078923561250274,0
0,-0.08779453828620987,0
0,-0.059781843976970284,0
0,0.08678045954000735,1
0,-0.07959733985008999,0
0,0.025890172925206345,1
0,0.017109440306081303,1
0,-0.08102823415723737,0
0,-0.056363371195842615,0
0,-0.024543999358609292,0
0,-0.06679478742776557,0
1,0.022696425743937598,1
0,-0.0655281207206474,0
0,0.08339975410058853,1
0,-0.06606907271683482,0
0,-0.055575926837996004,0
1,-0.03176982550220808,0
1,0.02371505908625493,1
1,0.02371505908625493,1
0,0.06669443791425067,1
0,0.05319613620145147,1
1,0.018704360797310082,1
0,0.0022363953531107095,1
1,-0.02207767166662894,0
0,-0.05761055510317581,0
0,-0.004571558689525357,0
0,0.10953307899996445,1
0,-0.0549497150773991,0
0,-0.08774362762864474,0
0,-0.06906539082590474,0
0,-0.059712647112699024,0
0,-0.0869304281126343,0
0,-0.0577214264915345,0
0,-0.04044010908840806,0
1,-0.03132905738308994,0
0,-0.06179751544659412,0
0,0.07258919439274591,1
0,-0.026140299028655445,0
0,-0.05853073063620379,0
0,-0.07277526802178363,0
0,-0.0528898773220447,0
0,-0.08899138698751291,0
0,-0.09754062764450583,0
0,-0.06923130731160704,0
0,-0.08542361360875561,0
0,-0.061006740133166315,0
0,-0.06088718523871223,0
1,0.02371505908625493,1
0,-0.055950485705207886,0
0,-0.0918269396574547,0
0,-0.07022781821962631,0
0,-0.07070685694750029,0
0,-0.048204989662546216,0
0,-0.04990028450428513,0
1,-0.06150162154259081,0
0,-0.05082309514628797,0
1,0.028235936958997954,1
0,-0.08286869584221457,0
0,-0.06422144996869039,0
0,0.01244285245712895,1
1,0.020788539663415317,1
0,-0.051462885351640564,0
0,-0.03249426750188067,0
0,-0.07758058797475259,0
0,-0.0530550528134246,0
0,-0.07049731264743586,0
0,-0.08317989300680861,0
0,-0.05334534490300136,0
0,-0.06381931297622306,0
0,-0.0660401865355954,0
1,0.010628626689829335,1
0,-0.023444342127402762,0
0,-0.0361666705155792,0
1,0.018704360797310082,1
0,0.005986634501482513,1
0,-0.05210606950632757,0
0,-0.029383848715728245,0
1,0.018704360797310082,1
0,0.025310001660451165,1
0,-0.013369345178570802,0
0,-0.06579968147694942,0
0,-0.05727751244113649,0
0,-0.07002073701919503,0
0,-0.053803342624802464,0
0,-0.0800809054654148,0
0,-0.0823573187210388,0
0,0.1277019482508981,1
0,-0.028537666516594007,0
0,-0.05990676184052057,0
0,-0.03586577406666441,0
0,-0.062395983499336616,0
0,0.12521563920730783,1
0,-0.07461661318701795,0
0,-0.015264973406767746,0
0,-0.08325038165451165,0
0,0.02528935442551772,1
0,0.06160648306646044,1
0,0.012674045808114265,1
0,-0.08659912008494569,0
0,-0.053713232368024166,0
0,-0.017677065905971456,0
0,-0.05583215137429037,0
0,-0.026467430190945662,0
0,-0.04949377241914893,0
0,-0.041509363376142694,0
0,-0.06541883149115885,0
0,-0.04145207491177766,0
0,-0.06130464794491913,0
0,-0.05944797201819185,0
0,-0.06307258896733747,0
0,-0.07886301731536421,0
0,0.006462980624428849,1
1,0.02166104579188255,1
0,-0.08245209386881097,0
0,-0.0528898773220447,0
0,-0.036611324291115466,0
0,-0.03138997458833648,0
0,-0.008976006300904393,0
0,-0.05353699749609542,0
0,0.06160648306646044,1
0,-0.03875271164055338,0
0,-0.08613068350417641,0
0,-0.04764666572159465,0
1,0.02371505908625493,1
0,-0.06839066241610697,0
0,-0.029530965700198142,0
0,-0.09259326282323904,0
0,-0.07824443626300714,0
0,-0.07093997990637607,0
0,0.0155807161727608,1
0,-0.08356467637695097,0
0,0.06170770661161884,1
0,0.06918529059506173,1
0,-0.06742887591980268,0
0,-0.050914585525861644,0
0,-0.0553305224366859,0
0,-0.07826882839760352,0
0,-0.07076282255203942,0
0,-0.051568477292895265,0
0,0.08678045954000735,1
1,0.02371505908625493,1
1,0.02371505908625493,1
0,0.013000100376782231,1
0,-0.05065563235102549,0
1,0.020788539663415317,1
0,-0.04868110534777487,0
0,-0.08234259772468411,0
0,0.0387291164553798,1
0,-0.07798950363351198,0
0,-0.059904566918925595,0
0,-0.026208052193619602,0
0,-0.08770485254824822,0
0,0.017644543973337035,1
0,-0.05127454518506358,0
0,-0.049396023951065404,0
0,0.0536504157298382,1
0,-0.01691934159709757,0
0,-0.08109609836810117,0
0,-0.07247482623550427,0
0,0.018348246976317983,1
0,0.10011097053834817,1
0,-0.056929591119650624,0
0,-0.030203697916583228,0
0,-0.06761652670266077,0
0,0.10953307899996445,1
0,-0.07565012312450992,0
0,-0.08294619108357681,0
0,-0.08020044711853669,0
1,-0.031154028924512966,0
1,-0.0055477572095603556,0
0,-0.07036040723533776,0
1,0.02371505908625493,1
0,-0.02285260889806673,0
0,-0.08153253182242126,0
0,-0.05322849523461343,0
0,0.02528935442551772,1
0,0.02528935442551772,1
0,0.02528935442551772,1
0,-0.055680527861390605,0
0,0.0039694052391497925,1
0,0.018659353235749188,1
0,-0.06577404179622587,0
0,-0.013569701737184803,0
0,-0.07718227979760411,0
1,-0.038088097366191453,0
0,0.019598411797969284,1
0,-0.05427421244433628,0
0,-0.026408486001423703,0
0,-0.07810159604248024,0
0,0.02528935442551772,1
0,-0.05122710420764026,0
0,-0.06645636630324442,0
0,-0.07901936479634952,0
0,-0.06541613480337716,0
0,0.06160648306646044,1
0,-0.08401641386801678,0
0,-0.05594536953376811,0
0,-0.06574069288686307,0
0,-0.06201164945885007,0
1,-0.06289017927452017,0
1,0.03921915649537744,1
1,0.0017743648876146212,1
1,0.016812575021424414,1
0,0.012344435518837127,1
1,0.022108963122197567,1
0,-0.08237090608543107,0
1,-0.03237981227916531,0
0,-0.07731788614633223,0
0,-0.037616712327869006,0
0,-0.0804665019421048,0
0,-0.006928716559181147,0
0,-0.06887417947600494,0
1,0.02371505908625493,1
0,-0.030123164085798793,0
0,-0.030928465753003453,0
0,-0.002557189781873248,0
0,-0.07062426091535662,0
0,-0.07279604329365008,0
0,-0.0834011265648667,0
0,-0.09458305530303707,0
0,0.007047745279165518,1
0,-0.07487450461686768,0
1,0.029619340097468694,1
1,0.028235936958997954,1
1,0.018642208242853675,1
0,-0.023561844026279866,0
0,-0.04735930859138027,0
0,0.02670928635413461,1
0,-0.05584732733669018,0
0,-0.0590591555793169,0
0,-0.004092793936021855,0
1,-0.02616305339140801,0
0,-0.06501838970154111,0
0,0.008748911670394044,1
1,0.02371505908625493,1
0,-0.024629516118602868,0
0,-0.0627138143024612,0
0,0.08339975410058853,1
0,-0.054574577053023154,0
0,-0.0380256610929855,0
0,-0.04634631563875058,0
1,-0.0322605695030353,0
0,-0.06077728425395129,0
0,0.05739318836849949,1
0,-0.004424702512167089,0
0,0.06160648306646044,1
0,0.06856656322977706,1
0,0.03811334194818117,1
0,-0.07587346776153603,0
0,-0.05387557865060999,0
0,0.027369147514117897,1
1,0.016418339546547034,1
1,-0.04237634791489042,0
0,-0.01314566171672693,0
0,0.047040837513990574,1
0,-0.04685877523956555,0
1,0.020882390501738124,1
0,-0.06935158809058622,0
0,0.041499189718787854,1
0,-0.06749124465452239,0
0,-0.07660151597270587,0
0,-0.05009803149425085,0
0,-0.06551819243999357,0
0,-0.051107440303102825,0
0,-0.051685117698558825,0
0,-0.05005785708611804,0
0,-0.08304355749930942,0
0,-0.06819934971903402,0
0,0.03811334194818117,1
1,0.020882390501738124,1
0,0.009604659359323975,1
0,-0.05178621420278118,0
1,-0.030647237968585928,0
0,-0.08011499867285132,0
0,-0.08319520774469591,0
0,0.01700080938336246,1
0,-0.07805643050008515,0
0,-0.04150439916579535,0
0,-0.08710897489778646,0
0,-0.08351140718894884,0
0,-0.053026930121906346,0
0,-0.02599126860552936,0
0,-0.028996994300924894,0
0,-0.02802390239132374,0
0,-0.042799185957843544,0
0,0.06160648306646044,1
0,-0.01812924698195273,0
0,-0.03132778947123688,0
0,0.03217685568628448,1
1,-0.030647237968585928,0
0,-0.06373218093148353,0
0,-0.03658982499634911,0
1,-0.030647237968585928,0
0,-0.07949085892355418,0
0,-0.06819957968333151,0
0,0.08678045954000735,1
1,-0.035309423664624084,0
0,0.1277019482508981,1
1,0.02371505908625493,1
0,-0.056884561414308754,0
0,-0.025522628941855863,0
0,0.04255157584372771,1
0,-0.08254884146464203,0
0,-0.013587794388855046,0
0,-0.07281296085415612,0
0,-0.03536615585907732,0
0,-0.06735419649511382,0
0,-0.053283452152650124,0
0,-0.05213021745254315,0
0,-0.04290770656333681,0
0,-0.03547404676128124,0
1,-0.002061449873821841,0
0,-0.06335277985637294,0
0,-0.05234037198519209,0
0,-0.06354345073193152,0
0,-0.030261391296862672,0
1,0.016812575021424414,1
0,-0.050097797560372026,0
0,0.01750825860528693,1
0,-0.07281399308277592,0
0,0.06874402345773822,1
0,-0.08310697109472182,0
0,0.06160648306646044,1
0,-0.06107435582408183,0
0,0.02528935442551772,1
0,-0.06303081670825228,0
0,-0.05727751244113649,0
0,-0.06575417174327092,0
0,-0.059059657113256114,0
0,-0.0410987963701927,0
0,-0.057676359818519374,0
1,0.016812575021424414,1
0,0.06160648306646044,1
1,0.02251581758792809,1
0,-0.018711144125597767,0
0,-0.050468125505719885,0
1,0.022108963122197567,1
0,-0.07798487379100955,0
0,0.10953307899996445,1
1,0.018704360797310082,1
0,-0.07404394681225679,0
0,0.061807169123613837,1
1,0.029619340097468694,1
0,-0.04075093585912781,0
1,0.019271864065836364,1
0,0.05739318836849949,1
0,-0.06395968145448716,0
0,-0.05753845360832005,0
0,-0.01965480520772922,0
0,0.11226941501094456,1
0,-0.013736455523309432,0
0,-0.08475320224032856,0
1,-0.09065378455546114,0
0,-0.0025599426957499394,0
0,-0.06571033752252453,0
0,0.0646034480410197,1
0,0.06918529059506173,1
0,-0.06978746833229482,0
1,-0.0322605695030353,0
0,-0.041064950042885184,0
0,-0.05110384288184633,0
0,-0.05889026101428557,0
0,0.0067024741245191866,1
1,-0.04768897742711342,0
0,-0.08252266703110422,0
0,-0.03938145555649625,0
0,-0.05843278915639705,0
0,-0.0753064576978335,0
0,-0.004980247158159756,0
0,0.013276362604892955,1
0,-0.06749321093858873,0
0,0.04391544194647312,1
0,-0.0577214264915345,0
0,0.12521563920730783,1
1,-0.030229972927765247,0
0,-0.04536828872599702,0
0,-0.05657169054960498,0
0,-0.01594836182723175,0
0,-0.08606787008350636,0
0,-0.024315448499843018,0
0,-0.03820780067394408,0
1,-0.011977871248359362,0
1,0.02306593421792602,1
1,-0.0062197722716522685,0
0,-0.015983429375942937,0
0,-0.08873450733971666,0
0,-0.0577214264915345,0
1,0.02371505908625493,1
0,-0.09023098437295363,0
0,0.04011718671206732,1
0,0.05553761829304282,1
1,-0.03176982550220808,0
0,-0.024806426760494715,0
0,-0.07796097901738613,0
0,-0.07273588022826483,0
0,-0.06963045357458991,0
0,-0.06669665465566926,0
0,-0.06491845098643728,0
0,-0.07517322254734843,0
0,-0.04613199747528046,0
1,-0.03176982550220808,0
0,-0.033204221380671084,0
0,-0.029019023982776004,0
0,-0.05143076091392207,0
1,0.028235936958997954,1
0,-0.06954887329141018,0
0,-0.020872407977142016,0
0,-0.053077917585576506,0
0,-0.07298906556993234,0
0,-0.05943969312620956,0
0,-0.054166295469109726,0
1,0.018642208242853675,1
0,-0.080580847388519,0
0,-0.05114664835853788,0
0,-0.07230671631121532,0
0,-0.0687481969157338,0
0,-0.03797703467161323,0
0,-0.044676203437403195,0
0,-0.06842166207946226,0
0,-0.05411558830642643,0
1,-0.053514994657277826,0
0,-0.04948968088811723,0
1,0.021265148008200563,1
1,-0.030647237968585928,0
1,0.02371505908625493,1
0,-0.012376443255887881,0
0,-0.022196060307041632,0
0,-0.02612164384485899,0
0,-0.08781795564333855,0
0,0.03811334194818117,1
0,-0.02585812208036875,0
0,-0.02277452002778868,0
0,-0.0695789821429299,0
0,0.08339975410058853,1
0,-0.08222685542207786,0
1,0.021545187039196834,1
1,0.014396236012775954,1
0,-0.05685721899771745,0
0,-0.06317111755873189,0
0,-0.02275357681294421,0
1,0.028235936958997954,1
0,0.09373893816060619,1
0,-0.05273937567093945,0
0,0.10953307899996445,1
0,-0.0665771488578028,0
0,-0.0590915351751487,0
0,-0.004341955989056956,0
0,-0.04577390861013131,0
0,-0.06322426407314263,0
1,0.020788539663415317,1
0,-0.08938803540628054,0
0,-0.05017883544603979,0
0,-0.07919057711313848,0
0,-0.06509615977283195,0
0,-0.06679357645938938,0
0,0.08678045954000735,1
0,-0.06792781509124851,0
0,-0.06553127983876678,0
0,-0.06518886334191087,0
0,-0.05730614041539467,0
0,-0.08197156430799091,0
0,0.0061133441817851075,1
0,-0.05790608420852028,0
0,-0.058314041341320566,0
0,-0.061285188420335035,0
0,-0.08486339388317243,0
0,-0.05605062035468994,0
0,-0.049632443368975876,0
1,0.02371505908625493,1
0,-0.0357803604970216,0
0,0.09373893816060619,1
0,-0.07983182514214265,0
0,-0.05813922092297619,0
0,-0.07171401243733666,0
0,0.06362866104938847,1
0,-0.06255414538180937,0
0,-0.07720053006428318,0
0,-0.054061475289783334,0
1,0.015769469932073177,1
0,0.08678045954000735,1
1,0.01751910108047583,1
1,-0.06469194058323963,0
1,-0.03164230826171727,0
0,0.04890254514224657,1
1,-0.030647237968585928,0
0,-0.0772152550451678,0
0,-0.06606907271683482,0
1,-0.01125435753546361,0
1,0.018704360797310082,1
0,-0.061211857666532365,0
0,-0.09100090373571029,0
0,-0.07809425406592041,0
0,-0.0611871929220037,0
1,0.02306593421792602,1
0,-0.06382024475229459,0
1,-0.030647237968585928,0
0,-0.06400583725333236,0
0,-0.024248320690205882,0
0,0.018542393818240632,1
0,-0.06086693782463848,0
0,0.030810856507918927,1
0,-0.06263986695618018,0
0,-0.054398533474902144,0
0,0.05388420866026544,1
1,0.02306593421792602,1
0,-0.07679434713831546,0
0,0.095379893261748,1
0,0.06918529059506173,1
0,-0.02710940490209196,0
1,0.02306593421792602,1
0,-0.06884544563856809,0
0,-0.05685721899771745,0
0,-0.034583053579535505,0
0,-0.09176956982982293,0
0,-0.06748074181031904,0
1,0.02371505908625493,1
0,0.23876543113886417,1
0,-0.07700690935880261,0
0,-0.03665758952171072,0
0,0.095379893261748,1
0,-0.08571457701604512,0
0,-0.025145495680493457,0
0,-0.07447295637372664,0
0,-0.007148981226361484,0
1,0.01751910108047583,1
0,-0.024574644647796295,0
0,-0.08061200560650927,0
0,-0.03234037661483241,0
0,-0.06872279579879875,0
0,-0.06013859180797326,0
0,-0.04764134661595759,0
0,-0.06480181022095138,0
0,-0.07085176321722136,0
0,-0.05369231236979782,0
1,-0.04233180634114436,0
0,0.08339975410058853,1
0,-0.0604798955751491,0
0,0.10953307899996445,1
0,-0.053527393657860245,0
1,0.01751910108047583,1
0,-0.07640016375293956,0
0,0.018465162603189866,1
0,-0.05063819545424203,0
1,-0.02207767166662894,0
0,-0.06916883626467124,0
0,-0.014984938801699932,0
0,-0.040429769977982366,0
1,-0.04717774560717897,0
0,-0.018687678950420283,0
0,-0.06584593074575978,0
1,-0.031154028924512966,0
0,-0.08957396998087236,0
1,0.02045611042720885,1
0,-0.018804982624082367,0
0,-0.08082696673946432,0
0,0.020725816032032496,1
0,-0.07824716107605073,0
0,-0.08814192687329897,0
0,-0.08644523332577209,0
0,-0.08833139075335378,0
0,0.06669443791425067,1
0,-0.09483281879117011,0
0,-0.048384753946220105,0
0,-0.05411558830642643,0
0,-0.0782665721518494,0
0,0.03811334194818117,1
0,-0.07631559436091157,0
1,0.02371505908625493,1
1,-0.06960790831936015,0
0,-0.012118811615144498,0
0,0.02528935442551772,1
0,-0.04829039515803202,0
0,-0.05567724390990064,0
0,-0.06310563005916897,0
0,-0.04476830638641027,0
0,-0.03466563969685538,0
1,0.022108963122197567,1
0,-0.048342336214529325,0
0,-0.02013887265995007,0
0,-0.07709826031087719,0
0,-0.0632784651504616,0
0,-0.05346236764720741,0
0,-0.08112570031840699,0
0,-0.021081156821190827,0
0,-0.08056153305666863,0
1,0.025584671548748772,1
0,-0.023197352725259746,0
0,-0.05131623287731124,0
0,-0.08279880349189311,0
0,-0.018290651290337356,0
0,-0.06278500482272853,0
0,-0.06639975935042863,0
0,-0.08370795690729699,0
0,-0.08440381155833471,0
0,-0.050670732218250525,0
0,-0.08487981802611239,0
0,-0.037904790117192555,0
0,-0.026684084074827086,0
0,0.043096669463442705,1
0,-0.06905596447079249,0
0,0.06669443791425067,1
0,-0.09573414818320458,0
0,0.03811334194818117,1
0,-0.07479439237620478,0
1,-0.031154028924512966,0
0,0.034962960697384915,1
0,-0.05846665602619949,0
1,0.046526379950663665,1
0,-0.04913918887720975,0
0,-0.0856155216019095,0
0,-0.006184966505809408,0
0,-0.0643886598821003,0
0,-0.06360410951065798,0
0,-0.025860281043736555,0
0,-0.09304950316406885,0
0,-0.051625632320404735,0
0,0.06669657032878151,1
1,0.025584671548748772,1
1,0.018642208242853675,1
0,-0.08287151254097125,0
0,-0.01759436353386712,0
1,0.02371505908625493,1
0,-0.07327131293555056,0
0,-0.019776132614610253,0
0,-0.0364747232349415,0
0,-0.07768910376479754,0
0,-0.07037054903230872,0
0,-0.05163951545674089,0
0,-0.06983499142562094,0
0,-0.06571033752252453,0
0,-0.06032135142353445,0
0,-0.07846038288170504,0
0,-0.03382099935255567,0
0,-0.0560674639078409,0
0,0.08339975410058853,1
0,0.08678045954000735,1
0,-0.06491845098643728,0
0,0.023678536342054746,1
0,-0.04021500044159604,0
1,0.018704360797310082,1
0,-0.07556031192469198,0
0,0.0035237992706810273,1
0,-0.07021125637496722,0
0,-0.014676782826552437,0
1,0.02045611042720885,1
1,0.02251581758792809,1
0,-0.05268795112967206,0
0,-0.024767367140445695,0
0,0.03811334194818117,1
0,-0.06595059690288219,0
1,-0.03536661121442253,0
0,0.06543360415330335,1
0,-0.03678654937972836,0
0,-0.0717377851008611,0
0,-0.04353633513002608,0
1,0.01962331518296634,1
1,0.02371505908625493,1
0,0.06160648306646044,1
0,-0.0610149833193942,0
0,0.0344795100384504,1
0,-0.02310631265231483,0
0,-0.05120129883723318,0
1,0.021406619527576054,1
0,-0.0905629903803144,0
1,-0.03176982550220808,0
0,0.06669443791425067,1
0,-0.03700909407183167,0
0,-0.05730356127567238,0
0,-0.014407292377711933,0
0,-0.05035192854905429,0
0,-0.06829331111500442,0
0,0.095379893261748,1
1,0.022696425743937598,1
0,-0.029614023643976806,0
1,0.034342556104034916,1
0,0.02528935442551772,1
0,0.03811334194818117,1
0,-0.049370073820547644,0
0,-0.08118180942829378,0
0,-0.06295136410496854,0
0,-0.06536330564666437,0
0,-0.06137627940328372,0
0,-0.03625707992128474,0
0,-0.034827860860962234,0
0,0.002617455976516414,1
0,-0.05333519201379949,0
0,0.10554632086192439,1
1,-0.0322605695030353,0
0,-0.07785831570777285,0
0,-0.06810817599037694,0
0,-0.08202433465071357,0
0,-0.09804659869190441,0
0,0.0683302251113641,1
0,-0.08249546021254789,0
1,-0.0322605695030353,0
0,-0.05355926636494357,0
0,-0.07926390615680567,0
0,-0.0181978178600532,0
0,-0.015898465620467594,0
0,-0.07965736863667067,0
1,0.02371505908625493,1
0,-0.08140022842802802,0
0,-0.07620559496424728,0
0,-0.07883255798547811,0
0,-0.0706703252454356,0
1,-0.02944044479050989,0
0,-0.08296087817297843,0
1,0.05181430304236312,1
0,-0.019692619638658426,0
1,-0.0380540604933674,0
1,0.029619340097468694,1
0,-0.05638853735453753,0
0,-0.0361043354076972,0
0,-0.07648504399096179,0
1,0.026864414786249013,1
0,-0.05267141255087837,0
0,-0.06933397561964033,0
1,-0.00758975978418952,0
1,-0.03164230826171727,0
0,-0.03931129848977971,0
0,-0.06499733387485307,0
1,-0.026231503765886732,0
0,-0.08130322892198616,0
1,0.022696425743937598,1
0,-0.039441844023395733,0
0,0.03811334194818117,1
0,-0.026141885255587027,0
1,0.02371505908625493,1
0,0.04561551473837522,1
0,-0.0843873927935157,0
0,-0.017347971159131115,0
0,-0.0651449558473216,0
0,-0.022451524850616245,0
0,-0.06871337708686798,0
0,-0.05108210279654973,0
1,0.022696425743937598,1
0,-0.051700449128564696,0
0,0.08339975410058853,1
0,-0.062124302972132006,0
0,-0.06077110286509524,0
0,-0.05573196744821107,0
0,0.12454613448789165,1
0,-0.07080478826746289,0
0,-0.061268854159847896,0
0,-0.06400281457571666,0
0,-0.010849971963942273,0
0,-0.08460132002065446,0
0,-0.04999307578002382,0
0,0.14619113052227173,1
0,-0.022723782045780905,0
1,-0.006042104429356876,0
1,0.016727081269584887,1
1,0.02306593421792602,1
0,0.095379893261748,1
1,0.016727081269584887,1
0,-0.07269569826996997,0
0,-0.05800577786400424,0
0,-0.021668003163114513,0
1,0.02306593421792602,1
0,-0.06984010664989754,0
0,0.05739318836849949,1
0,-0.07836654467590182,0
0,-0.08178796725573362,0
0,-0.06252117980454247,0
1,0.01751910108047583,1
0,0.054720768148691645,1
1,-0.04402467042159108,0
0,-0.06392556645001907,0
0,-0.07435369071601922,0
1,0.020788539663415317,1
0,-0.052078622305764266,0
0,0.02386533650012257,1
1,0.02251581758792809,1
0,-0.06229612924061573,0
0,-0.08003008099064118,0
0,-0.07702283777470781,0
0,0.002714004446100371,1
0,-0.07100104398361695,0
0,-0.053026930121906346,0
0,-0.06440522117343744,0
0,0.08678045954000735,1
0,-0.08013432020308958,0
0,-0.07645906230730976,0
0,-0.04468898673580862,0
0,-0.03169438369923322,0
0,-0.03327903062071891,0
0,-0.06106496744014739,0
1,0.01751910108047583,1
0,-0.055384585696606814,0
1,0.022108963122197567,1
0,0.08678045954000735,1
0,-0.03594321164032954,0
1,-0.032950516717203004,0
0,-0.06921797268272806,0
0,-0.06229612924061573,0
0,-0.07282481367670318,0
0,0.06669443791425067,1
0,-0.08491857218795701,0
0,-0.04318006638624894,0
0,-0.07364009751889206,0
1,0.02371505908625493,1
0,-0.08020590674056183,0
0,-0.05335981798347461,0
0,-0.0383634390032086,0
0,0.03811334194818117,1
0,-0.07149156480625168,0
0,-0.05727751244113649,0
0,-0.025977195575954293,0
0,-0.07304490434691274,0
1,0.02371505908625493,1
0,-0.035079825893540695,0
0,-0.02850611349376747,0
0,0.02528935442551772,1
0,-0.05127454518506358,0
0,0.023149644977816464,1
0,0.03811334194818117,1
0,-0.059904566918925595,0
1,0.016727081269584887,1
1,0.029814922584767145,1
0,-0.06346266116659782,0
0,-0.07510647874586207,0
0,-0.05333519201379949,0
0,-0.04191232960798519,0
1,-0.05236407204999888,0
0,-0.08931147352806273,0
1,-0.05050722444976202,0
0,-0.08010967537661023,0
0,-0.054846533001736364,0
0,-0.04104879958855828,0
0,-0.08927397120599251,0
0,-0.0641790336985329,0
0,-0.021706262632790185,0
0,-0.021175283944661227,0
0,-0.07810827798911579,0
0,-0.016489190063548098,0
0,-0.031844775930603086,0
0,-0.03718925475096435,0
0,-0.08016207163551109,0
0,-0.05323019326340517,0
1,0.02371505908625493,1
0,-0.08308231683030542,0
0,-0.07547698587116675,0
0,-0.08871095044709193,0
0,-0.0518405719650023,0
0,-0.03709297176604481,0
1,-0.0322605695030353,0
0,-0.0832490761870659,0
0,-0.029958984113066633,0
0,-0.07147243081792998,0
0,-0.05130747398108487,0
0,0.03811334194818117,1
0,0.09275210731681316,1
0,-0.08551799114132813,0
0,-0.00995684692727522,0
0,-0.06831894102539349,0
0,-0.058885705855897696,0
0,-0.0020401662292531264,0
0,0.1276116181822562,1
0,-0.035221297176793065,0
0,-0.05940668977735153,0
0,-0.0807395639260598,0
0,-0.08448495946751833,0
0,-0.07813647566869625,0
0,-0.053421509116210464,0
0,0.0040897289637081835,1
0,-0.03594321164032954,0
0,-0.0798966439677356,0
0,0.10099817474730188,1
0,-0.08965035499780699,0
0,-0.04766787158217822,0
1,0.01751910108047583,1
0,-0.06574069288686307,0
0,-0.04060070541528321,0
0,-0.06668427301370095,0
0,-0.031138606477669806,0
0,-0.05676769401256598,0
0,-0.08737778482881287,0
0,0.05705032877188976,1
1,0.02371505908625493,1
0,-0.09390289728031193,0
0,-0.015204466681669748,0
0,0.08678045954000735,1
0,-0.03892529438013692,0
0,-0.04210208107942387,0
0,-0.07678060811338605,0
0,-0.06077728425395129,0
0,-0.026647993667972103,0
0,-0.026628758447907686,0
0,-0.0225569606934386,0
0,-0.03771855033386573,0
0,0.07258919439274591,1
0,0.03811334194818117,1
0,0.10971426642433701,1
1,0.01751910108047583,1
1,0.02641340376688206,1
0,-0.06884544563856809,0
0,-0.06250873254247669,0
0,-0.07740343499555752,0
0,-0.05687794560532289,0
0,0.0020342056607792758,1
1,0.02306593421792602,1
0,-0.06317568411592189,0
0,0.010588471421497214,1
1,0.04840111717764595,1
0,0.06918529059506173,1
0,-0.05093093293133466,0
0,-0.051902612425612116,0
0,-0.05302763507018737,0
0,-0.0607953049187811,0
0,0.05739318836849949,1
0,-0.05405820829704744,0
0,0.01472767540844222,1
0,-0.0639818478128642,0
0,-0.07262009168242656,0
0,-0.05876600442502017,0
0,-0.04170435467057837,0
0,0.08443192425117041,1
0,0.22948612684794378,1
0,-0.0018638340271015519,0
0,0.025544195288557225,1
0,-0.08761358051076545,0
0,-0.05914856627413895,0
0,-0.0034046528632034057,0
0,-0.05182402171139283,0
0,-0.036135024423884665,0
0,0.095379893261748,1
0,-0.05414084011049375,0
0,-0.052020032953058515,0
0,-0.04585839621712895,0
0,-0.07181842377339898,0
0,-0.05013873452375511,0
0,-0.05734980429270814,0
0,-0.03689136905020457,0
0,-0.06362263108357874,0
0,-0.002253614381312774,0
0,-0.08990657634225613,0
0,-0.051430026443268884,0
0,-0.058413015313534766,0
0,-0.039615559589359195,0
0,-0.08452114671216232,0
0,-0.040258009425672814,0
0,-0.09295471778780207,0
0,-0.08920114525525213,0
0,-0.012697859824654434,0
0,-0.07612297576995614,0
0,0.05841344247904989,1
0,-0.08316037314609165,0
1,0.059432696563151644,1
0,-0.056247911933890615,0
0,-0.06040377416450993,0
0,-0.0772451402616362,0
1,0.022696425743937598,1
0,-0.05800577786400424,0
1,0.01751910108047583,1
0,-0.04169144578830858,0
0,-0.055384585696606814,0
0,-0.06016105014605261,0
0,-0.08726200801536743,0
0,-0.012060977085942337,0
0,-0.08841574469734842,0
0,-0.08977746274559606,0
0,0.1277019482508981,1
0,0.03518815526540553,1
0,0.06669443791425067,1
1,0.035524815767227436,1
0,0.08678045954000735,1
0,-0.05605062035468994,0
0,-0.07269354144135864,0
0,-0.06872604176898411,0
0,0.04218279096170552,1
0,-0.06378922636363443,0
0,-0.06400583725333236,0
0,-0.04983569581575137,0
1,0.022696425743937598,1
0,-0.06411108544829758,0
0,-0.06967219848630718,0
0,0.03340719077635679,1
0,-0.05221260852234588,0
0,0.06495616461932496,1
0,-0.026816671607526876,0
0,-0.06796071183563268,0
1,0.015769469932073177,1
1,0.018704360797310082,1
1,-0.030647237968585928,0
0,-0.05110616681672536,0
0,-0.04819928224521558,0
1,0.018704360797310082,1
0,-0.04359153351800327,0
0,-0.07280240737252575,0
1,0.015769469932073177,1
0,0.18002793084631852,1
0,-0.06179751544659412,0
0,0.02528935442551772,1
0,0.05739318836849949,1
0,-0.02516952971491937,0
1,-0.030647237968585928,0
0,-0.08873029383340342,0
0,-0.050386609125675996,0
0,-0.02284952036033222,0
0,0.024930216630921764,1
0,-0.056643182323960484,0
0,-0.07258291415006746,0
0,-0.07536998712815535,0
1,0.02306593421792602,1
0,-0.0566311070605644,0
0,-0.08713834829653694,0
0,-0.08567167368870598,0
0,-0.06289836748016975,0
0,-0.05005785708611804,0
0,-0.05608829435100238,0
1,0.02306593421792602,1
0,-0.024301225030802065,0
0,-0.08095414350413715,0
0,-0.023121287114742484,0
0,-0.08315665106935771,0
0,-0.0384205158604049,0
0,-0.06839066241610697,0
0,-0.08493458520399738,0
0,0.002627560128645068,1
0,-0.0636519124437731,0
0,-0.08265502900123062,0
0,-0.05367271329066087,0
1,-0.025737949183371578,0
0,-0.055571352740419244,0
0,-0.0693084269811346,0
0,0.017741737261288915,1
0,-0.08828889943834933,0
0,-0.0790913762809034,0
0,-0.0145372875990043,0
0,-0.07314981646182078,0
0,-0.06940554937021681,0
0,-0.0629452708447843,0
0,-0.09136228880890845,0
0,0.1277019482508981,1
0,0.02528935442551772,1
0,-0.08634868316996797,0
0,-0.09133686437880967,0
0,-0.061193859758602975,0
0,-0.08217306375856831,0
0,0.018074819836132794,1
0,0.23876543113886417,1
0,-0.0897733145421325,0
1,-0.030647237968585928,0
1,0.01751910108047583,1
1,-0.030647237968585928,0
0,-0.03398913907211981,0
1,-0.03164230826171727,0
0,-0.05573196744821107,0
0,-0.07040292343694027,0
0,0.02528935442551772,1
0,-0.047692029469388164,0
0,-0.09176398182493067,0
0,-0.06553127983876678,0
0,-0.03952354261784302,0
0,-0.029040442193205396,0
0,-0.06964562067260188,0
0,-0.05608829435100238,0
0,-0.07120752598711333,0
0,0.08339975410058853,1
0,-0.0772043653968858,0
0,0.10953307899996445,1
1,0.02371505908625493,1
0,0.1277019482508981,1
0,-0.08488656029513797,0
1,-0.06281779947660404,0
0,-0.061193859758602975,0
0,-0.041663002004533656,0
0,-0.06916883626467124,0
0,-0.08365602258377042,0
0,-0.05269640226244349,0
0,-0.08463425275973285,0
0,0.04269382050146253,1
1,-0.05227865862234726,0
0,-0.06758795547357233,0
0,-0.054338968588407865,0
0,0.058239826243091875,1
0,-0.06948612061465309,0
0,0.08678045954000735,1
0,-0.06215565923585159,0
0,-0.0851680782611915,0
1,-0.004832274637593115,0
0,-0.07488769132231043,0
0,-0.03510717052719564,0
0,0.08339975410058853,1
0,-0.029622867871800185,0
0,-0.03703850268660491,0
0,0.23221827262097117,1
1,-0.039483679856534615,0
0,-0.05968069226521355,0
0,-0.06916883626467124,0
0,-0.032622855083213775,0
0,-0.005974445409564211,0
0,-0.06491845098643728,0
0,-0.0714034814921512,0
0,-0.0013530969139098348,0
0,-0.06629417174209373,0
0,-0.08423610566775169,0
0,-0.02940678074628872,0
1,-0.03594878932107981,0
0,-0.0695420515068218,0
0,0.05700742293425931,1
0,-0.06801823104351906,0
0,0.08339975410058853,1
0,-0.08093620661669731,0
0,-0.0717312202631229,0
0,0.03811334194818117,1
0,-0.07102098201894114,0
0,0.00349142151519799,1
0,-0.0036048224953198482,0
0,-0.05706916093716319,0
0,-0.06349747950152679,0
0,-0.07825624708354612,0
1,0.01751910108047583,1
0,-0.025204304327396232,0
0,-0.05173032329820432,0
1,-0.0116840212652502,0
1,0.028235936958997954,1
0,-0.022569896538825684,0
0,-0.020346365336130212,0
1,0.022108963122197567,1
0,-0.08205711097235013,0
0,-0.03598396487736888,0
0,-0.0411909636644624,0
1,-0.05728341865649883,0
1,-0.04726305152748245,0
0,0.011734705032874215,1
1,0.02251581758792809,1
0,-0.05731937816528526,0
1,-0.09059470498096661,0
1,0.01751910108047583,1
0,-0.06526826207836428,0
0,-0.08289692262619502,0
0,-0.08003117734913467,0
1,-0.030647237968585928,0
0,0.02528935442551772,1
0,-0.0638382451349574,0
0,-0.027188602579436782,0
0,-0.037169513611902516,0
0,-0.026861744038086832,0
0,-0.08897554935165952,0
1,0.02306593421792602,1
0,-0.0800079572532425,0
0,-0.08150737787614387,0
0,-0.05470361889207892,0
0,-0.067924412202223,0
1,-0.03164230826171727,0
0,-0.017932796321459443,0
0,-0.06735296643426414,0
0,-0.05709052715952073,0
0,-0.08669070440086735,0
0,-0.0864648736369733,0
0,-0.0535323709525336,0
0,-0.06442158969163209,0
0,0.06160648306646044,1
0,-0.03031126857179489,0
0,-0.02303091273391139,0
0,-0.06796497870148899,0
0,-0.06571033752252453,0
0,-0.0564137310525098,0
0,-0.057810053203464884,0
0,-0.06829331111500442,0
0,-0.05889026101428557,0
0,-0.09188091851634517,0
1,-0.031154028924512966,0
0,-0.07001526893653959,0
0,-0.057046244034662186,0
0,-0.041165396135925625,0
0,-0.03192712239633466,0
0,-0.06302436209552426,0
0,-0.02185658123221146,0
0,0.05739318836849949,1
0,-0.005018933451612639,0
0,-0.05619095609249014,0
0,0.002886892002260888,1
0,-0.06558219750124794,0
1,-0.028218878361474575,0
0,-0.06624081018464723,0
0,-0.0742054725962823,0
0,-0.02328340873846796,0
0,-0.05902261266955611,0
0,-0.06351513240438184,0
0,0.004047484785024369,1
0,0.10953307899996445,1
0,-0.08564474564037872,0
0,-0.014162123566500928,0
0,0.100361652963736,1
0,-0.05130747398108487,0
0,-0.024302649678683452,0
1,0.022607459467776425,1
0,-0.05366651420643326,0
0,-0.05992741194887918,0
0,-0.049632443368975876,0
0,0.02528935442551772,1
0,0.07815409599613521,1
1,-0.0322605695030353,0
0,0.060774051556573006,1
0,0.23098952939433126,1
0,-0.05705945025564696,0
0,-0.06583861981190686,0
0,-0.06740840090167871,0
0,0.03811334194818117,1
1,0.02306593421792602,1
0,-0.051685117698558825,0
0,-0.05578429833471221,0
0,-0.051658749923189695,0
0,-0.052926818573662104,0
0,-0.02475628443074035,0
0,0.046691971215437,1
0,-0.039535442219090056,0
0,-0.06602090951430634,0
0,-0.053523852102682345,0
0,-0.03271995165870811,0
0,0.23876543113886417,1
1,0.022607459467776425,1
0,-0.0871096869983285,0
1,-0.04109852670273412,0
0,-0.05790608420852028,0
0,-0.013730734756769891,0
0,-0.026273015834000935,0
0,-0.05969727684583448,0
1,0.02045611042720885,1
0,-0.032760289859165515,0
0,-0.08827414550826546,0
0,-0.01681801028997637,0
0,-0.08717233942225355,0
0,-0.05655729320506636,0
1,-0.030647237968585928,0
1,-0.032950516717203004,0
0,-0.08550835201199491,0
0,-0.05665300951414881,0
0,0.08678045954000735,1
0,-0.04796962621378248,0
0,-0.0031689740035737435,0
0,-0.057478136443982475,0
0,-0.06820933420234682,0
1,0.02371505908625493,1
1,-0.06836749192704278,0
1,-0.024079841421537795,0
0,0.02528935442551772,1
0,-0.03873270859811534,0
0,-0.04318006638624894,0
0,0.06640940073782431,1
0,-0.049201545714750494,0
0,-0.07303355331753364,0
0,-0.0402905653562336,0
0,-0.06307258896733747,0
0,-0.08169176783431664,0
1,-0.0322605695030353,0
0,-0.024995955409856885,0
0,-0.07922976651765545,0
0,-0.0206650151318859,0
0,-0.0815553649296224,0
0,-0.09240050150237905,0
0,-0.059904566918925595,0
1,0.025584671548748772,1
0,-0.018493691740630813,0
0,-0.05944797201819185,0
0,-0.08216703843812045,0
0,-0.044565373023793486,0
0,0.0512173793337144,1
0,-0.08319286869612241,0
0,-0.08746727068141374,0
0,0.02528935442551772,1
0,-0.05573196744821107,0
0,-0.0023282120684165464,0
0,-0.018171546976763153,0
0,0.095379893261748,1
1,0.02371505908625493,1
0,-0.06798343585653505,0
0,-0.016204356504891604,0
0,-0.06373614171189407,0
0,-0.029931488601487755,0
0,-0.09120994897108897,0
0,-0.08777427759574641,0
0,-0.0901632736367951,0
0,0.05739318836849949,1
0,0.01881541455840019,1
0,-0.022918222657401732,0
0,-0.06546262699076194,0
0,-0.0874363222934168,0
0,-0.012738807885572467,0
0,-0.09793708667072515,0
0,0.02528935442551772,1
0,-0.06945875332031609,0
1,-0.007508288939380603,0
0,-0.03403272511026084,0
0,-0.03216330474394513,0
0,0.006341681916341768,1
0,-0.056318537645562494,0
0,0.027383603878529894,1
0,-0.057282723938382185,0
0,-0.06934475176249627,0
0,-0.0912738913343934,0
0,-0.028842262463983415,0
0,0.013163811825586125,1
0,-0.05974336868484764,0
0,-0.08706481275664452,0
0,-0.08680248922101619,0
0,-0.07894535715192014,0
0,-0.03851023986280139,0
0,-0.019105034293971368,0
0,-0.0564137310525098,0
0,0.23029719942048554,1
1,-0.0483342671739031,0
0,-0.09113124933735262,0
0,-0.07728014561887842,0
0,-0.037385029658051794,0
0,0.002504114060451701,1
0,-0.06603000596719871,0
0,-0.06632223524959713,0
0,-0.08321220260339712,0
0,0.05102494775031219,1
1,0.018704360797310082,1
1,0.022696425743937598,1
0,-0.0545309079226759,0
0,-0.08099997932335978,0
1,-0.03532524661430658,0
0,-0.0416882587758422,0
0,0.02310335784349582,1
0,-0.0875925574743654,0
0,0.08339975410058853,1
0,-0.022105833393022134,0
0,0.003628541761135362,1
0,0.002504114060451701,1
0,0.0032253863917995895,1
0,-0.012262344143601556,0
0,-0.02273749085969501,0
0,-0.033993173153471945,0
0,-0.09399282167937945,0
0,-0.06459224624359061,0
1,-0.03237981227916531,0
0,0.08339975410058853,1
0,-0.011080152452370762,0
0,-0.06883652244373256,0
0,-0.0781047088702439,0
0,-0.057221552044331214,0
1,0.0026089611571867843,1
0,-0.054487018385734776,0
0,-0.06517361249186993,0
0,-0.053565841811783865,0
0,-0.051407844826997284,0
0,0.004196775715745615,1
0,-0.041327194523403,0
0,0.13104551997386005,1
0,-0.06643860660153023,0
0,-0.08158218160578978,0
0,-0.0827540195687061,0
0,0.18048818412117196,1
0,-0.08213293045628461,0
0,-0.06668571333945328,0
0,-0.07194808294263777,0
1,0.025584671548748772,1
0,0.01740383036535542,1
0,-0.06049847923370577,0
0,-0.04986493214277471,0
0,-0.057795042261481855,0
0,-0.019880704006281225,0
0,-0.034608251795689826,0
1,0.018704360797310082,1
1,0.028235936958997954,1
1,0.018924187616074173,1
0,-0.08953775867414249,0
0,-0.08132987110218715,0
1,-0.030647237968585928,0
0,-0.017355638101242576,0
0,-0.008221470563046673,0
0,-0.05516610563642632,0
0,-0.05287392585439371,0
0,-0.04727803838467798,0
0,0.1277019482508981,1
0,0.11226941501094456,1
1,-0.0693318024055054,0
0,-0.02595919892955567,0
0,0.08678045954000735,1
0,-0.04702023397689159,0
0,-0.021502807199306917,0
0,-0.08127581577541104,0
0,-0.05323019326340517,0
0,0.08339975410058853,1
0,0.043851266617815354,1
0,-0.06398738648406643,0
0,-0.07075883245431946,0
0,-0.0769050498950446,0
0,-0.06407441109090833,0
0,-0.0655578828818576,0
0,-0.0726902653120961,0
0,-0.033848035328808146,0
0,-0.07592570519029423,0
0,0.05515917817879579,1
0,-0.032239880472216875,0
0,-0.06140357521292261,0
0,-0.05214809672936804,0
1,0.02251581758792809,1
0,-0.0577214264915345,0
0,0.02528935442551772,1
0,-0.04590515406882101,0
0,-0.0545309079226759,0
1,0.01751910108047583,1
0,-0.036115801533787795,0
0,-0.07956696532569019,0
0,0.05739318836849949,1
0,-0.0866928772241275,0
0,-0.0805457965720866,0
0,0.08678045954000735,1
0,-0.02245787683634637,0
0,-0.06440799500010996,0
1,0.02306593421792602,1
1,0.02371505908625493,1
0,-0.09810185576279329,0
0,-0.0673768797084145,0
1,0.022108963122197567,1
1,-0.03237981227916531,0
0,-0.06424562345495582,0
0,-0.08614162680205761,0
0,0.005763784523380333,1
1,0.022108963122197567,1
0,0.04713832123465311,1
0,-0.07496965034419911,0
0,0.08678045954000735,1
0,-0.048825576748446786,0
0,0.05739318836849949,1
0,-0.03592729632977126,0
1,-0.03845696766965595,0
0,0.041335030248794036,1
0,-0.07236995595495277,0
0,-0.03489840679398931,0
0,-0.06087345733727251,0
0,0.03936782181457288,1
1,0.018704360797310082,1
0,0.030608975546725814,1
1,0.02371505908625493,1
0,-0.05368169171694215,0
1,0.02306593421792602,1
0,-0.08230962214195686,0
0,-0.07978407062456999,0
0,-0.06911411647893922,0
1,0.022607459467776425,1
0,-0.0363616554995862,0
1,0.029619340097468694,1
1,0.018704360797310082,1
1,-0.04576765985623643,0
0,-0.01774312337979167,0
0,0.095379893261748,1
0,-0.08505454787319944,0
0,0.100361652963736,1
0,-0.027591484515440468,0
0,-0.07605077549099831,0
0,0.08678045954000735,1
1,0.020882390501738124,1
0,0.08678045954000735,1
0,0.06669443791425067,1
0,-0.0119251031844263,0
1,0.021022142460142113,1
0,-0.009123809214886203,0
0,-0.024045823914262243,0
0,0.100361652963736,1
0,-0.016579311373836225,0
0,-0.08500447485323381,0
1,0.02251581758792809,1
0,-0.04044087602846935,0
0,0.100361652963736,1
1,-0.035670317868535695,0
0,-0.05287392585439371,0
0,-0.05598816819904873,0
0,-0.08330405339545144,0
0,-0.03571496612937336,0
0,0.0616101037372041,1
1,0.02306593421792602,1
0,-0.055290834296194025,0
0,-0.06172376366504756,0
0,-0.06276792897637906,0
0,-0.06187707389926056,0
0,-0.0874663558104452,0
0,-0.08446025963887888,0
0,-0.05951813633764397,0
0,-0.059904566918925595,0
0,-0.07768335578574209,0
0,-0.09074962750975651,0
0,-0.04395808323205308,0
0,-0.08297059808384805,0
0,-0.0759258639661003,0
1,0.01751910108047583,1
0,0.012558436097433456,1
0,-0.056789248038147444,0
0,-0.0801987454607258,0
0,-0.02869816989467222,0
0,-0.05801666992724536,0
1,0.018642208242853675,1
0,-0.08064578730088667,0
0,-0.051700449128564696,0
0,-0.043757269891465,0
0,-0.04680398385741197,0
1,-0.04991006061921116,0
0,-0.0871763290287128,0
1,-0.03057508604888237,0
0,-0.06797621689743677,0
0,-0.04970205697074437,0
0,-0.07786919407075593,0
0,-0.015345222962508398,0
0,-0.022744774443850535,0
0,-0.08761469588362047,0
0,-0.05271019224809126,0
0,-0.07449027777892464,0
0,0.095379893261748,1
0,-0.02705036546658285,0
1,0.020788539663415317,1
1,-0.0388844878866888,0
0,-0.08285233500155353,0
0,-0.053533005551338275,0
0,-0.045592130794471,0
0,0.004196775715745615,1
0,-0.08650009934090519,0
0,-0.005910229366909214,0
0,0.02528935442551772,1
1,0.01746532033819559,1
0,-0.07154566264560586,0
0,-0.06413879079974832,0
0,-0.016878873487850554,0
0,-0.08657327142628435,0
1,0.018704360797310082,1
0,0.03315223868746231,1
0,-0.0910860964943837,0
0,-0.05665300951414881,0
0,-0.06376718249153068,0
0,0.1277019482508981,1
1,-0.03931530932769567,0
1,0.022607459467776425,1
0,-0.03875271164055338,0
0,-0.004210050591976655,0
0,-0.05568368754717756,0
0,-0.04667840271735435,0
0,0.1277019482508981,1
0,-0.0818306121513494,0
0,0.07170923222808978,1
0,-0.02651910067921398,0
0,-0.029422201018412364,0
0,-0.07440789624573935,0
0,-0.05652128206146401,0
0,0.08678045954000735,1
0,0.01720864807876743,1
1,0.007431855222313266,1
1,-0.03367990003241789,0
0,-0.050670732218250525,0
1,0.020788539663415317,1
0,-0.05934532188844566,0
1,0.022607459467776425,1
0,-0.04739963649213208,0
0,-0.04890383642183932,0
0,-0.04736416054866577,0
1,0.022108963122197567,1
0,-0.058368757711256714,0
0,-0.015016220384421353,0
0,-0.04498974671579453,0
1,0.022108963122197567,1
0,-0.06205625236597706,0
1,0.01302755068421313,1
0,-0.08408364859841855,0
1,0.01751910108047583,1
0,-0.06072855121654308,0
1,-0.044144730245562536,0
0,0.06918529059506173,1
0,-0.03147957022033232,0
1,-0.0322605695030353,0
0,0.09275210731681316,1
0,-0.07833805373800468,0
0,0.08339975410058853,1
0,0.014052705324902437,1
0,-0.03307995123407054,0
0,-0.0568449224196112,0
1,0.005635044994245941,1
0,0.055495579229470904,1
0,-0.059190961507477935,0
0,0.014550831827426336,1
1,0.014396236012775954,1
0,-0.020821525190719947,0
0,-0.03594321164032954,0
0,-0.01765267811058374,0
0,-0.03960152379130877,0
0,-0.05333519201379949,0
0,-0.07778157509583938,0
0,-0.06136444540068331,0
0,-0.042956995059916014,0
0,0.05739318836849949,1
0,-0.05150829934783974,0
0,-0.0314391067190522,0
0,-0.06686182183762113,0
1,-0.020248133490957554,0
0,-0.06227728663434112,0
0,-0.052517799421335,0
1,0.04283993415105303,1
0,-0.001892799105120857,0
0,-0.08883132862126653,0
0,-0.07520560321743353,0
0,0.013048091671031603,1
0,0.08678045954000735,1
0,-0.05852720549224766,0
0,-0.05195661627649911,0
0,0.06669443791425067,1
0,-0.03594321164032954,0
1,-0.03237981227916531,0
0,-0.06107435582408183,0
1,0.022108963122197567,1
0,0.038073330638804914,1
0,-0.05416203591742713,0
0,-0.06445110251568864,0
0,-0.05239066958116523,0
0,-0.05790608420852028,0
0,0.06918529059506173,1
0,-0.06355277404739762,0
0,-0.06733762153943451,0
0,-0.022531053982948246,0
0,-0.08864806554593879,0
0,-0.05997887104707772,0
0,0.012892309249984524,1
0,-0.0510591391079111,0
1,-0.04643843324766023,0
0,-0.09352398763944803,0
0,-0.0544380651130808,0
1,0.018704360797310082,1
1,0.02724896210905514,1
0,-0.0783412193650036,0
0,-0.07341575062010741,0
0,-0.05496012003688383,0
1,-0.03164230826171727,0
0,-0.024476559145483523,0
1,-0.048329675844394404,0
0,-0.058113560227532224,0
0,-0.07534187416643717,0
0,-0.05450967587522115,0
1,0.028235936958997954,1
0,-0.05243009099220142,0
0,-0.05395890488561522,0
0,0.028835920947624327,1
0,0.08339975410058853,1
1,-0.0013898185531217022,0
0,-0.053435916420749185,0
0,-0.08766417839050067,0
0,-0.03605941076106023,0
0,-0.06491801375861883,0
0,-0.06243471100252268,0
0,0.02528935442551772,1
0,0.08678045954000735,1
0,-0.05021559834973349,0
0,-0.025359868849600842,0
0,-0.09166604668499034,0
0,0.05739318836849949,1
0,-0.03151336266567789,0
1,0.022108963122197567,1
0,0.03811334194818117,1
0,-0.08480702437012139,0
0,0.02528935442551772,1
0,-0.07201151127460886,0
0,-0.04084586940821655,0
0,-0.055950485705207886,0
0,0.004383781041455093,1
0,-0.08552336693734025,0
0,-0.02579644509633705,0
0,-0.05542335433968332,0
1,-0.0322605695030353,0
0,-0.06180815536705059,0
0,-0.04299845369423805,0
0,0.004414419393645286,1
0,-0.08139505961249088,0
1,-0.02207767166662894,0
0,-0.05016589447158559,0
0,0.03811334194818117,1
0,-0.023402648232255185,0
0,-0.052117457892434604,0
1,-0.0055477572095603556,0
0,0.03863618978392447,1
0,-0.07386496912234247,0
0,-0.027609498145017064,0
0,0.06160648306646044,1
0,-0.05469265393190509,0
0,-0.06995097183539217,0
1,0.020788539663415317,1
1,0.016812575021424414,1
0,0.095379893261748,1
0,0.05102494775031219,1
0,-0.007472239402254388,0
0,-0.024052999803431452,0
0,0.08339975410058853,1
1,-0.007162378124886515,0
